solid OpenSCAD_Model
  facet normal 0.946927 0.321447 0
    outer loop
      vertex 83.3433 35.3294 8.005
      vertex 82.9649 36.4441 0
      vertex 82.9649 36.4441 8.005
    endloop
  endfacet
  facet normal 0.946927 0.321447 0
    outer loop
      vertex 82.9649 36.4441 0
      vertex 83.3433 35.3294 8.005
      vertex 83.3433 35.3294 0
    endloop
  endfacet
  facet normal -1 0 0
    outer loop
      vertex -83.65 -33 0
      vertex -83.65 33 8.005
      vertex -83.65 33 0
    endloop
  endfacet
  facet normal -1 -0 0
    outer loop
      vertex -83.65 33 8.005
      vertex -83.65 -33 0
      vertex -83.65 -33 8.005
    endloop
  endfacet
  facet normal -0 0 1
    outer loop
      vertex -3 42 13
      vertex 3 -42 13
      vertex 3 42 13
    endloop
  endfacet
  facet normal 0 0 1
    outer loop
      vertex 3 -42 13
      vertex -3 42 13
      vertex -3 -42 13
    endloop
  endfacet
  facet normal 0 -1 0
    outer loop
      vertex -74.65 -42 0
      vertex -3 -42 8.005
      vertex -74.65 -42 8.005
    endloop
  endfacet
  facet normal 0 -1 -0
    outer loop
      vertex -3 -42 8.005
      vertex -74.65 -42 0
      vertex 3 -42 8.005
    endloop
  endfacet
  facet normal 0 -1 0
    outer loop
      vertex 74.65 -42 0
      vertex 3 -42 8.005
      vertex -74.65 -42 0
    endloop
  endfacet
  facet normal 0 -1 0
    outer loop
      vertex 3 -42 8.005
      vertex 74.65 -42 0
      vertex 74.65 -42 8.005
    endloop
  endfacet
  facet normal 0 -1 0
    outer loop
      vertex -3 -42 8.005
      vertex 3 -42 13
      vertex -3 -42 13
    endloop
  endfacet
  facet normal 0 -1 -0
    outer loop
      vertex 3 -42 13
      vertex -3 -42 8.005
      vertex 3 -42 8.005
    endloop
  endfacet
  facet normal 0.555523 0.831501 -0
    outer loop
      vertex 80.1289 40.1402 0
      vertex 79.15 40.7942 8.005
      vertex 80.1289 40.1402 8.005
    endloop
  endfacet
  facet normal 0.555523 0.831501 0
    outer loop
      vertex 79.15 40.7942 8.005
      vertex 80.1289 40.1402 0
      vertex 79.15 40.7942 0
    endloop
  endfacet
  facet normal 0.896877 -0.44228 0
    outer loop
      vertex 82.4442 -37.5 8.005
      vertex 82.9649 -36.4441 0
      vertex 82.9649 -36.4441 8.005
    endloop
  endfacet
  facet normal 0.896877 -0.44228 0
    outer loop
      vertex 82.9649 -36.4441 0
      vertex 82.4442 -37.5 8.005
      vertex 82.4442 -37.5 0
    endloop
  endfacet
  facet normal -0.321447 0.946927 0
    outer loop
      vertex -76.9794 41.6933 0
      vertex -78.0941 41.3149 8.005
      vertex -76.9794 41.6933 8.005
    endloop
  endfacet
  facet normal -0.321447 0.946927 0
    outer loop
      vertex -78.0941 41.3149 8.005
      vertex -76.9794 41.6933 0
      vertex -78.0941 41.3149 0
    endloop
  endfacet
  facet normal -0.44228 -0.896877 0
    outer loop
      vertex -79.15 -40.7942 0
      vertex -78.0941 -41.3149 8.005
      vertex -79.15 -40.7942 8.005
    endloop
  endfacet
  facet normal -0.44228 -0.896877 -0
    outer loop
      vertex -78.0941 -41.3149 8.005
      vertex -79.15 -40.7942 0
      vertex -78.0941 -41.3149 0
    endloop
  endfacet
  facet normal -0.980783 -0.195103 0
    outer loop
      vertex -83.3433 -35.3294 0
      vertex -83.573 -34.1747 8.005
      vertex -83.573 -34.1747 0
    endloop
  endfacet
  facet normal -0.980783 -0.195103 0
    outer loop
      vertex -83.573 -34.1747 8.005
      vertex -83.3433 -35.3294 0
      vertex -83.3433 -35.3294 8.005
    endloop
  endfacet
  facet normal -0.555523 -0.831501 0
    outer loop
      vertex -80.1289 -40.1402 0
      vertex -79.15 -40.7942 8.005
      vertex -80.1289 -40.1402 8.005
    endloop
  endfacet
  facet normal -0.555523 -0.831501 -0
    outer loop
      vertex -79.15 -40.7942 8.005
      vertex -80.1289 -40.1402 0
      vertex -79.15 -40.7942 0
    endloop
  endfacet
  facet normal 0.896877 0.44228 0
    outer loop
      vertex 82.9649 36.4441 8.005
      vertex 82.4442 37.5 0
      vertex 82.4442 37.5 8.005
    endloop
  endfacet
  facet normal 0.896877 0.44228 0
    outer loop
      vertex 82.4442 37.5 0
      vertex 82.9649 36.4441 8.005
      vertex 82.9649 36.4441 0
    endloop
  endfacet
  facet normal 0.831501 -0.555523 0
    outer loop
      vertex 81.7902 -38.4789 8.005
      vertex 82.4442 -37.5 0
      vertex 82.4442 -37.5 8.005
    endloop
  endfacet
  facet normal 0.831501 -0.555523 0
    outer loop
      vertex 82.4442 -37.5 0
      vertex 81.7902 -38.4789 8.005
      vertex 81.7902 -38.4789 0
    endloop
  endfacet
  facet normal 0.0654083 -0.997859 0
    outer loop
      vertex 74.65 -42 0
      vertex 75.8247 -41.923 8.005
      vertex 74.65 -42 8.005
    endloop
  endfacet
  facet normal 0.0654083 -0.997859 0
    outer loop
      vertex 75.8247 -41.923 8.005
      vertex 74.65 -42 0
      vertex 75.8247 -41.923 0
    endloop
  endfacet
  facet normal -0.195103 -0.980783 0
    outer loop
      vertex -76.9794 -41.6933 0
      vertex -75.8247 -41.923 8.005
      vertex -76.9794 -41.6933 8.005
    endloop
  endfacet
  facet normal -0.195103 -0.980783 -0
    outer loop
      vertex -75.8247 -41.923 8.005
      vertex -76.9794 -41.6933 0
      vertex -75.8247 -41.923 0
    endloop
  endfacet
  facet normal -0.65934 -0.751845 0
    outer loop
      vertex -81.014 -39.364 0
      vertex -80.1289 -40.1402 8.005
      vertex -81.014 -39.364 8.005
    endloop
  endfacet
  facet normal -0.65934 -0.751845 -0
    outer loop
      vertex -80.1289 -40.1402 8.005
      vertex -81.014 -39.364 0
      vertex -80.1289 -40.1402 0
    endloop
  endfacet
  facet normal 0.44228 0.896877 -0
    outer loop
      vertex 79.15 40.7942 0
      vertex 78.0941 41.3149 8.005
      vertex 79.15 40.7942 8.005
    endloop
  endfacet
  facet normal 0.44228 0.896877 0
    outer loop
      vertex 78.0941 41.3149 8.005
      vertex 79.15 40.7942 0
      vertex 78.0941 41.3149 0
    endloop
  endfacet
  facet normal 0 1 -0
    outer loop
      vertex 74.65 42 0
      vertex 3 42 8.005
      vertex 74.65 42 8.005
    endloop
  endfacet
  facet normal 0 1 0
    outer loop
      vertex 3 42 8.005
      vertex 74.65 42 0
      vertex -3 42 8.005
    endloop
  endfacet
  facet normal 0 1 0
    outer loop
      vertex -74.65 42 0
      vertex -3 42 8.005
      vertex 74.65 42 0
    endloop
  endfacet
  facet normal 0 1 0
    outer loop
      vertex -3 42 8.005
      vertex -74.65 42 0
      vertex -74.65 42 8.005
    endloop
  endfacet
  facet normal 0 1 -0
    outer loop
      vertex 3 42 8.005
      vertex -3 42 13
      vertex 3 42 13
    endloop
  endfacet
  facet normal 0 1 0
    outer loop
      vertex -3 42 13
      vertex 3 42 8.005
      vertex -3 42 8.005
    endloop
  endfacet
  facet normal -0.195103 0.980783 0
    outer loop
      vertex -75.8247 41.923 0
      vertex -76.9794 41.6933 8.005
      vertex -75.8247 41.923 8.005
    endloop
  endfacet
  facet normal -0.195103 0.980783 0
    outer loop
      vertex -76.9794 41.6933 8.005
      vertex -75.8247 41.923 0
      vertex -76.9794 41.6933 0
    endloop
  endfacet
  facet normal 0.751845 0.65934 0
    outer loop
      vertex 81.7902 38.4789 8.005
      vertex 81.014 39.364 0
      vertex 81.014 39.364 8.005
    endloop
  endfacet
  facet normal 0.751845 0.65934 0
    outer loop
      vertex 81.014 39.364 0
      vertex 81.7902 38.4789 8.005
      vertex 81.7902 38.4789 0
    endloop
  endfacet
  facet normal 0.946927 -0.321447 0
    outer loop
      vertex 82.9649 -36.4441 8.005
      vertex 83.3433 -35.3294 0
      vertex 83.3433 -35.3294 8.005
    endloop
  endfacet
  facet normal 0.946927 -0.321447 0
    outer loop
      vertex 83.3433 -35.3294 0
      vertex 82.9649 -36.4441 8.005
      vertex 82.9649 -36.4441 0
    endloop
  endfacet
  facet normal -0.751845 -0.65934 0
    outer loop
      vertex -81.014 -39.364 0
      vertex -81.7902 -38.4789 8.005
      vertex -81.7902 -38.4789 0
    endloop
  endfacet
  facet normal -0.751845 -0.65934 0
    outer loop
      vertex -81.7902 -38.4789 8.005
      vertex -81.014 -39.364 0
      vertex -81.014 -39.364 8.005
    endloop
  endfacet
  facet normal -0.0654083 -0.997859 0
    outer loop
      vertex -75.8247 -41.923 0
      vertex -74.65 -42 8.005
      vertex -75.8247 -41.923 8.005
    endloop
  endfacet
  facet normal -0.0654083 -0.997859 -0
    outer loop
      vertex -74.65 -42 8.005
      vertex -75.8247 -41.923 0
      vertex -74.65 -42 0
    endloop
  endfacet
  facet normal -0.980783 0.195103 0
    outer loop
      vertex -83.573 34.1747 0
      vertex -83.3433 35.3294 8.005
      vertex -83.3433 35.3294 0
    endloop
  endfacet
  facet normal -0.980783 0.195103 0
    outer loop
      vertex -83.3433 35.3294 8.005
      vertex -83.573 34.1747 0
      vertex -83.573 34.1747 8.005
    endloop
  endfacet
  facet normal -0.831501 -0.555523 0
    outer loop
      vertex -81.7902 -38.4789 0
      vertex -82.4442 -37.5 8.005
      vertex -82.4442 -37.5 0
    endloop
  endfacet
  facet normal -0.831501 -0.555523 0
    outer loop
      vertex -82.4442 -37.5 8.005
      vertex -81.7902 -38.4789 0
      vertex -81.7902 -38.4789 8.005
    endloop
  endfacet
  facet normal 0.44228 -0.896877 0
    outer loop
      vertex 78.0941 -41.3149 0
      vertex 79.15 -40.7942 8.005
      vertex 78.0941 -41.3149 8.005
    endloop
  endfacet
  facet normal 0.44228 -0.896877 0
    outer loop
      vertex 79.15 -40.7942 8.005
      vertex 78.0941 -41.3149 0
      vertex 79.15 -40.7942 0
    endloop
  endfacet
  facet normal 0.65934 -0.751845 0
    outer loop
      vertex 80.1289 -40.1402 0
      vertex 81.014 -39.364 8.005
      vertex 80.1289 -40.1402 8.005
    endloop
  endfacet
  facet normal 0.65934 -0.751845 0
    outer loop
      vertex 81.014 -39.364 8.005
      vertex 80.1289 -40.1402 0
      vertex 81.014 -39.364 0
    endloop
  endfacet
  facet normal 1 -0 0
    outer loop
      vertex 83.65 -33 8.005
      vertex 83.65 33 0
      vertex 83.65 33 8.005
    endloop
  endfacet
  facet normal 1 0 0
    outer loop
      vertex 83.65 33 0
      vertex 83.65 -33 8.005
      vertex 83.65 -33 0
    endloop
  endfacet
  facet normal -0.896877 0.44228 0
    outer loop
      vertex -82.9649 36.4441 0
      vertex -82.4442 37.5 8.005
      vertex -82.4442 37.5 0
    endloop
  endfacet
  facet normal -0.896877 0.44228 0
    outer loop
      vertex -82.4442 37.5 8.005
      vertex -82.9649 36.4441 0
      vertex -82.9649 36.4441 8.005
    endloop
  endfacet
  facet normal -0.997859 -0.0654083 0
    outer loop
      vertex -83.573 -34.1747 0
      vertex -83.65 -33 8.005
      vertex -83.65 -33 0
    endloop
  endfacet
  facet normal -0.997859 -0.0654083 0
    outer loop
      vertex -83.65 -33 8.005
      vertex -83.573 -34.1747 0
      vertex -83.573 -34.1747 8.005
    endloop
  endfacet
  facet normal -0.946927 -0.321447 0
    outer loop
      vertex -82.9649 -36.4441 0
      vertex -83.3433 -35.3294 8.005
      vertex -83.3433 -35.3294 0
    endloop
  endfacet
  facet normal -0.946927 -0.321447 0
    outer loop
      vertex -83.3433 -35.3294 8.005
      vertex -82.9649 -36.4441 0
      vertex -82.9649 -36.4441 8.005
    endloop
  endfacet
  facet normal -0.65934 0.751845 0
    outer loop
      vertex -80.1289 40.1402 0
      vertex -81.014 39.364 8.005
      vertex -80.1289 40.1402 8.005
    endloop
  endfacet
  facet normal -0.65934 0.751845 0
    outer loop
      vertex -81.014 39.364 8.005
      vertex -80.1289 40.1402 0
      vertex -81.014 39.364 0
    endloop
  endfacet
  facet normal -0.946927 0.321447 0
    outer loop
      vertex -83.3433 35.3294 0
      vertex -82.9649 36.4441 8.005
      vertex -82.9649 36.4441 0
    endloop
  endfacet
  facet normal -0.946927 0.321447 0
    outer loop
      vertex -82.9649 36.4441 8.005
      vertex -83.3433 35.3294 0
      vertex -83.3433 35.3294 8.005
    endloop
  endfacet
  facet normal -0.997859 0.0654083 0
    outer loop
      vertex -83.65 33 0
      vertex -83.573 34.1747 8.005
      vertex -83.573 34.1747 0
    endloop
  endfacet
  facet normal -0.997859 0.0654083 0
    outer loop
      vertex -83.573 34.1747 8.005
      vertex -83.65 33 0
      vertex -83.65 33 8.005
    endloop
  endfacet
  facet normal -0.0654083 0.997859 0
    outer loop
      vertex -74.65 42 0
      vertex -75.8247 41.923 8.005
      vertex -74.65 42 8.005
    endloop
  endfacet
  facet normal -0.0654083 0.997859 0
    outer loop
      vertex -75.8247 41.923 8.005
      vertex -74.65 42 0
      vertex -75.8247 41.923 0
    endloop
  endfacet
  facet normal -0.555523 0.831501 0
    outer loop
      vertex -79.15 40.7942 0
      vertex -80.1289 40.1402 8.005
      vertex -79.15 40.7942 8.005
    endloop
  endfacet
  facet normal -0.555523 0.831501 0
    outer loop
      vertex -80.1289 40.1402 8.005
      vertex -79.15 40.7942 0
      vertex -80.1289 40.1402 0
    endloop
  endfacet
  facet normal -0.44228 0.896877 0
    outer loop
      vertex -78.0941 41.3149 0
      vertex -79.15 40.7942 8.005
      vertex -78.0941 41.3149 8.005
    endloop
  endfacet
  facet normal -0.44228 0.896877 0
    outer loop
      vertex -79.15 40.7942 8.005
      vertex -78.0941 41.3149 0
      vertex -79.15 40.7942 0
    endloop
  endfacet
  facet normal 0.0654083 0.997859 -0
    outer loop
      vertex 75.8247 41.923 0
      vertex 74.65 42 8.005
      vertex 75.8247 41.923 8.005
    endloop
  endfacet
  facet normal 0.0654083 0.997859 0
    outer loop
      vertex 74.65 42 8.005
      vertex 75.8247 41.923 0
      vertex 74.65 42 0
    endloop
  endfacet
  facet normal -0.321447 -0.946927 0
    outer loop
      vertex -78.0941 -41.3149 0
      vertex -76.9794 -41.6933 8.005
      vertex -78.0941 -41.3149 8.005
    endloop
  endfacet
  facet normal -0.321447 -0.946927 -0
    outer loop
      vertex -76.9794 -41.6933 8.005
      vertex -78.0941 -41.3149 0
      vertex -76.9794 -41.6933 0
    endloop
  endfacet
  facet normal 0.831501 0.555523 0
    outer loop
      vertex 82.4442 37.5 8.005
      vertex 81.7902 38.4789 0
      vertex 81.7902 38.4789 8.005
    endloop
  endfacet
  facet normal 0.831501 0.555523 0
    outer loop
      vertex 81.7902 38.4789 0
      vertex 82.4442 37.5 8.005
      vertex 82.4442 37.5 0
    endloop
  endfacet
  facet normal -0.896877 -0.44228 0
    outer loop
      vertex -82.4442 -37.5 0
      vertex -82.9649 -36.4441 8.005
      vertex -82.9649 -36.4441 0
    endloop
  endfacet
  facet normal -0.896877 -0.44228 0
    outer loop
      vertex -82.9649 -36.4441 8.005
      vertex -82.4442 -37.5 0
      vertex -82.4442 -37.5 8.005
    endloop
  endfacet
  facet normal 0.195103 0.980783 -0
    outer loop
      vertex 76.9794 41.6933 0
      vertex 75.8247 41.923 8.005
      vertex 76.9794 41.6933 8.005
    endloop
  endfacet
  facet normal 0.195103 0.980783 0
    outer loop
      vertex 75.8247 41.923 8.005
      vertex 76.9794 41.6933 0
      vertex 75.8247 41.923 0
    endloop
  endfacet
  facet normal -0.831501 0.555523 0
    outer loop
      vertex -82.4442 37.5 0
      vertex -81.7902 38.4789 8.005
      vertex -81.7902 38.4789 0
    endloop
  endfacet
  facet normal -0.831501 0.555523 0
    outer loop
      vertex -81.7902 38.4789 8.005
      vertex -82.4442 37.5 0
      vertex -82.4442 37.5 8.005
    endloop
  endfacet
  facet normal 0.997859 -0.0654083 0
    outer loop
      vertex 83.573 -34.1747 8.005
      vertex 83.65 -33 0
      vertex 83.65 -33 8.005
    endloop
  endfacet
  facet normal 0.997859 -0.0654083 0
    outer loop
      vertex 83.65 -33 0
      vertex 83.573 -34.1747 8.005
      vertex 83.573 -34.1747 0
    endloop
  endfacet
  facet normal 0.980783 -0.195103 0
    outer loop
      vertex 83.3433 -35.3294 8.005
      vertex 83.573 -34.1747 0
      vertex 83.573 -34.1747 8.005
    endloop
  endfacet
  facet normal 0.980783 -0.195103 0
    outer loop
      vertex 83.573 -34.1747 0
      vertex 83.3433 -35.3294 8.005
      vertex 83.3433 -35.3294 0
    endloop
  endfacet
  facet normal 0.321447 0.946927 -0
    outer loop
      vertex 78.0941 41.3149 0
      vertex 76.9794 41.6933 8.005
      vertex 78.0941 41.3149 8.005
    endloop
  endfacet
  facet normal 0.321447 0.946927 0
    outer loop
      vertex 76.9794 41.6933 8.005
      vertex 78.0941 41.3149 0
      vertex 76.9794 41.6933 0
    endloop
  endfacet
  facet normal -0.751845 0.65934 0
    outer loop
      vertex -81.7902 38.4789 0
      vertex -81.014 39.364 8.005
      vertex -81.014 39.364 0
    endloop
  endfacet
  facet normal -0.751845 0.65934 0
    outer loop
      vertex -81.014 39.364 8.005
      vertex -81.7902 38.4789 0
      vertex -81.7902 38.4789 8.005
    endloop
  endfacet
  facet normal 0.980783 0.195103 0
    outer loop
      vertex 83.573 34.1747 8.005
      vertex 83.3433 35.3294 0
      vertex 83.3433 35.3294 8.005
    endloop
  endfacet
  facet normal 0.980783 0.195103 0
    outer loop
      vertex 83.3433 35.3294 0
      vertex 83.573 34.1747 8.005
      vertex 83.573 34.1747 0
    endloop
  endfacet
  facet normal 0.555523 -0.831501 0
    outer loop
      vertex 79.15 -40.7942 0
      vertex 80.1289 -40.1402 8.005
      vertex 79.15 -40.7942 8.005
    endloop
  endfacet
  facet normal 0.555523 -0.831501 0
    outer loop
      vertex 80.1289 -40.1402 8.005
      vertex 79.15 -40.7942 0
      vertex 80.1289 -40.1402 0
    endloop
  endfacet
  facet normal 0.751845 -0.65934 0
    outer loop
      vertex 81.014 -39.364 8.005
      vertex 81.7902 -38.4789 0
      vertex 81.7902 -38.4789 8.005
    endloop
  endfacet
  facet normal 0.751845 -0.65934 0
    outer loop
      vertex 81.7902 -38.4789 0
      vertex 81.014 -39.364 8.005
      vertex 81.014 -39.364 0
    endloop
  endfacet
  facet normal 0.997859 0.0654083 0
    outer loop
      vertex 83.65 33 8.005
      vertex 83.573 34.1747 0
      vertex 83.573 34.1747 8.005
    endloop
  endfacet
  facet normal 0.997859 0.0654083 0
    outer loop
      vertex 83.573 34.1747 0
      vertex 83.65 33 8.005
      vertex 83.65 33 0
    endloop
  endfacet
  facet normal 0.321447 -0.946927 0
    outer loop
      vertex 76.9794 -41.6933 0
      vertex 78.0941 -41.3149 8.005
      vertex 76.9794 -41.6933 8.005
    endloop
  endfacet
  facet normal 0.321447 -0.946927 0
    outer loop
      vertex 78.0941 -41.3149 8.005
      vertex 76.9794 -41.6933 0
      vertex 78.0941 -41.3149 0
    endloop
  endfacet
  facet normal 0.195103 -0.980783 0
    outer loop
      vertex 75.8247 -41.923 0
      vertex 76.9794 -41.6933 8.005
      vertex 75.8247 -41.923 8.005
    endloop
  endfacet
  facet normal 0.195103 -0.980783 0
    outer loop
      vertex 76.9794 -41.6933 8.005
      vertex 75.8247 -41.923 0
      vertex 76.9794 -41.6933 0
    endloop
  endfacet
  facet normal 0.65934 0.751845 -0
    outer loop
      vertex 81.014 39.364 0
      vertex 80.1289 40.1402 8.005
      vertex 81.014 39.364 8.005
    endloop
  endfacet
  facet normal 0.65934 0.751845 0
    outer loop
      vertex 80.1289 40.1402 8.005
      vertex 81.014 39.364 0
      vertex 80.1289 40.1402 0
    endloop
  endfacet
  facet normal 0 0 -1
    outer loop
      vertex 74.65 -42 0
      vertex 83.65 -33 0
      vertex 83.573 -34.1747 0
    endloop
  endfacet
  facet normal -0 0 -1
    outer loop
      vertex 83.65 -33 0
      vertex 74.65 -42 0
      vertex 83.65 33 0
    endloop
  endfacet
  facet normal 0 0 -1
    outer loop
      vertex 74.65 -42 0
      vertex 83.573 -34.1747 0
      vertex 83.3433 -35.3294 0
    endloop
  endfacet
  facet normal 0 0 -1
    outer loop
      vertex 74.65 42 0
      vertex 83.65 33 0
      vertex 74.65 -42 0
    endloop
  endfacet
  facet normal 0 0 -1
    outer loop
      vertex 74.65 -42 0
      vertex 83.3433 -35.3294 0
      vertex 82.9649 -36.4441 0
    endloop
  endfacet
  facet normal 0 0 -1
    outer loop
      vertex 83.65 33 0
      vertex 74.65 42 0
      vertex 83.573 34.1747 0
    endloop
  endfacet
  facet normal 0 0 -1
    outer loop
      vertex 74.65 -42 0
      vertex 82.9649 -36.4441 0
      vertex 82.4442 -37.5 0
    endloop
  endfacet
  facet normal 0 0 -1
    outer loop
      vertex 83.573 34.1747 0
      vertex 74.65 42 0
      vertex 83.3433 35.3294 0
    endloop
  endfacet
  facet normal 0 0 -1
    outer loop
      vertex 74.65 -42 0
      vertex 82.4442 -37.5 0
      vertex 81.7902 -38.4789 0
    endloop
  endfacet
  facet normal 0 0 -1
    outer loop
      vertex 83.3433 35.3294 0
      vertex 74.65 42 0
      vertex 82.9649 36.4441 0
    endloop
  endfacet
  facet normal 0 0 -1
    outer loop
      vertex 74.65 -42 0
      vertex 81.7902 -38.4789 0
      vertex 81.014 -39.364 0
    endloop
  endfacet
  facet normal 0 0 -1
    outer loop
      vertex 82.9649 36.4441 0
      vertex 74.65 42 0
      vertex 82.4442 37.5 0
    endloop
  endfacet
  facet normal 0 0 -1
    outer loop
      vertex 74.65 -42 0
      vertex 81.014 -39.364 0
      vertex 80.1289 -40.1402 0
    endloop
  endfacet
  facet normal 0 0 -1
    outer loop
      vertex 82.4442 37.5 0
      vertex 74.65 42 0
      vertex 81.7902 38.4789 0
    endloop
  endfacet
  facet normal 0 0 -1
    outer loop
      vertex 74.65 -42 0
      vertex 80.1289 -40.1402 0
      vertex 79.15 -40.7942 0
    endloop
  endfacet
  facet normal 0 0 -1
    outer loop
      vertex 81.7902 38.4789 0
      vertex 74.65 42 0
      vertex 81.014 39.364 0
    endloop
  endfacet
  facet normal 0 0 -1
    outer loop
      vertex 74.65 -42 0
      vertex 79.15 -40.7942 0
      vertex 78.0941 -41.3149 0
    endloop
  endfacet
  facet normal 0 0 -1
    outer loop
      vertex 81.014 39.364 0
      vertex 74.65 42 0
      vertex 80.1289 40.1402 0
    endloop
  endfacet
  facet normal 0 0 -1
    outer loop
      vertex 74.65 -42 0
      vertex 78.0941 -41.3149 0
      vertex 76.9794 -41.6933 0
    endloop
  endfacet
  facet normal 0 0 -1
    outer loop
      vertex 80.1289 40.1402 0
      vertex 74.65 42 0
      vertex 79.15 40.7942 0
    endloop
  endfacet
  facet normal 0 0 -1
    outer loop
      vertex 74.65 -42 0
      vertex 76.9794 -41.6933 0
      vertex 75.8247 -41.923 0
    endloop
  endfacet
  facet normal 0 0 -1
    outer loop
      vertex 79.15 40.7942 0
      vertex 74.65 42 0
      vertex 78.0941 41.3149 0
    endloop
  endfacet
  facet normal 0 0 -1
    outer loop
      vertex 78.0941 41.3149 0
      vertex 74.65 42 0
      vertex 76.9794 41.6933 0
    endloop
  endfacet
  facet normal 0 0 -1
    outer loop
      vertex 76.9794 41.6933 0
      vertex 74.65 42 0
      vertex 75.8247 41.923 0
    endloop
  endfacet
  facet normal 0 0 -1
    outer loop
      vertex -74.65 -42 0
      vertex 74.65 42 0
      vertex 74.65 -42 0
    endloop
  endfacet
  facet normal 0 0 -1
    outer loop
      vertex -74.65 -42 0
      vertex -74.65 42 0
      vertex 74.65 42 0
    endloop
  endfacet
  facet normal 0 0 -1
    outer loop
      vertex -83.65 -33 0
      vertex -74.65 -42 0
      vertex -75.8247 -41.923 0
    endloop
  endfacet
  facet normal 0 0 -1
    outer loop
      vertex -74.65 -42 0
      vertex -83.65 -33 0
      vertex -74.65 42 0
    endloop
  endfacet
  facet normal 0 0 -1
    outer loop
      vertex -83.65 -33 0
      vertex -75.8247 -41.923 0
      vertex -76.9794 -41.6933 0
    endloop
  endfacet
  facet normal 0 0 -1
    outer loop
      vertex -83.65 33 0
      vertex -74.65 42 0
      vertex -83.65 -33 0
    endloop
  endfacet
  facet normal 0 0 -1
    outer loop
      vertex -83.65 -33 0
      vertex -76.9794 -41.6933 0
      vertex -78.0941 -41.3149 0
    endloop
  endfacet
  facet normal 0 0 -1
    outer loop
      vertex -74.65 42 0
      vertex -83.65 33 0
      vertex -75.8247 41.923 0
    endloop
  endfacet
  facet normal 0 0 -1
    outer loop
      vertex -83.65 -33 0
      vertex -78.0941 -41.3149 0
      vertex -79.15 -40.7942 0
    endloop
  endfacet
  facet normal 0 0 -1
    outer loop
      vertex -75.8247 41.923 0
      vertex -83.65 33 0
      vertex -76.9794 41.6933 0
    endloop
  endfacet
  facet normal 0 0 -1
    outer loop
      vertex -83.65 -33 0
      vertex -79.15 -40.7942 0
      vertex -80.1289 -40.1402 0
    endloop
  endfacet
  facet normal 0 0 -1
    outer loop
      vertex -76.9794 41.6933 0
      vertex -83.65 33 0
      vertex -78.0941 41.3149 0
    endloop
  endfacet
  facet normal 0 0 -1
    outer loop
      vertex -83.65 -33 0
      vertex -80.1289 -40.1402 0
      vertex -81.014 -39.364 0
    endloop
  endfacet
  facet normal 0 0 -1
    outer loop
      vertex -78.0941 41.3149 0
      vertex -83.65 33 0
      vertex -79.15 40.7942 0
    endloop
  endfacet
  facet normal 0 0 -1
    outer loop
      vertex -83.65 -33 0
      vertex -81.014 -39.364 0
      vertex -81.7902 -38.4789 0
    endloop
  endfacet
  facet normal 0 0 -1
    outer loop
      vertex -79.15 40.7942 0
      vertex -83.65 33 0
      vertex -80.1289 40.1402 0
    endloop
  endfacet
  facet normal 0 0 -1
    outer loop
      vertex -83.65 -33 0
      vertex -81.7902 -38.4789 0
      vertex -82.4442 -37.5 0
    endloop
  endfacet
  facet normal 0 0 -1
    outer loop
      vertex -80.1289 40.1402 0
      vertex -83.65 33 0
      vertex -81.014 39.364 0
    endloop
  endfacet
  facet normal 0 0 -1
    outer loop
      vertex -83.65 -33 0
      vertex -82.4442 -37.5 0
      vertex -82.9649 -36.4441 0
    endloop
  endfacet
  facet normal 0 0 -1
    outer loop
      vertex -81.014 39.364 0
      vertex -83.65 33 0
      vertex -81.7902 38.4789 0
    endloop
  endfacet
  facet normal 0 0 -1
    outer loop
      vertex -83.65 -33 0
      vertex -82.9649 -36.4441 0
      vertex -83.3433 -35.3294 0
    endloop
  endfacet
  facet normal 0 0 -1
    outer loop
      vertex -81.7902 38.4789 0
      vertex -83.65 33 0
      vertex -82.4442 37.5 0
    endloop
  endfacet
  facet normal 0 0 -1
    outer loop
      vertex -83.65 -33 0
      vertex -83.3433 -35.3294 0
      vertex -83.573 -34.1747 0
    endloop
  endfacet
  facet normal 0 0 -1
    outer loop
      vertex -82.4442 37.5 0
      vertex -83.65 33 0
      vertex -82.9649 36.4441 0
    endloop
  endfacet
  facet normal 0 0 -1
    outer loop
      vertex -82.9649 36.4441 0
      vertex -83.65 33 0
      vertex -83.3433 35.3294 0
    endloop
  endfacet
  facet normal 0 0 -1
    outer loop
      vertex -83.3433 35.3294 0
      vertex -83.65 33 0
      vertex -83.573 34.1747 0
    endloop
  endfacet
  facet normal 0.19494 -0.980815 0
    outer loop
      vertex -38.2584 -27.9743 14.995
      vertex -37.8735 -27.8978 16.6
      vertex -38.2584 -27.9743 16.6
    endloop
  endfacet
  facet normal 0.19494 -0.980815 0
    outer loop
      vertex -37.8735 -27.8978 16.6
      vertex -38.2584 -27.9743 14.995
      vertex -37.8735 -27.8978 14.995
    endloop
  endfacet
  facet normal -0.896961 -0.44211 0
    outer loop
      vertex -75.2481 -26.5 14.995
      vertex -75.4216 -26.148 16.6
      vertex -75.4216 -26.148 14.995
    endloop
  endfacet
  facet normal -0.896961 -0.44211 0
    outer loop
      vertex -75.4216 -26.148 16.6
      vertex -75.2481 -26.5 14.995
      vertex -75.2481 -26.5 16.6
    endloop
  endfacet
  facet normal -0.946858 -0.321651 0
    outer loop
      vertex -75.4216 -26.148 14.995
      vertex -75.5478 -25.7765 16.6
      vertex -75.5478 -25.7765 14.995
    endloop
  endfacet
  facet normal -0.946858 -0.321651 0
    outer loop
      vertex -75.5478 -25.7765 16.6
      vertex -75.4216 -26.148 14.995
      vertex -75.4216 -26.148 16.6
    endloop
  endfacet
  facet normal 0 -1 0
    outer loop
      vertex -72.0734 -28 16.1117
      vertex -70.4814 -28 16.6
      vertex -72.65 -28 16.6
    endloop
  endfacet
  facet normal 0 -1 -0
    outer loop
      vertex -70.4814 -28 16.6
      vertex -72.0734 -28 16.1117
      vertex -70.3884 -28 16.2296
    endloop
  endfacet
  facet normal 0 -1 0
    outer loop
      vertex -72.65 -28 14.995
      vertex -72.0734 -28 16.1117
      vertex -72.65 -28 16.6
    endloop
  endfacet
  facet normal 0 -1 -0
    outer loop
      vertex -72.0734 -28 16.1117
      vertex -72.65 -28 14.995
      vertex -71.9953 -28 14.995
    endloop
  endfacet
  facet normal 0 -1 0
    outer loop
      vertex -64.4633 -28 14.995
      vertex -44.0987 -28 16.6
      vertex -64.5755 -28 16.6
    endloop
  endfacet
  facet normal 0 -1 -0
    outer loop
      vertex -44.0987 -28 16.6
      vertex -64.4633 -28 14.995
      vertex -44.046 -28 15.8467
    endloop
  endfacet
  facet normal 0 -1 0
    outer loop
      vertex -38.65 -28 14.995
      vertex -41.0195 -28 16.6
      vertex -44.046 -28 15.8467
    endloop
  endfacet
  facet normal 0 -1 0
    outer loop
      vertex -41.0195 -28 16.6
      vertex -38.65 -28 14.995
      vertex -38.65 -28 16.6
    endloop
  endfacet
  facet normal 0 -1 0
    outer loop
      vertex -38.65 -28 14.995
      vertex -44.046 -28 15.8467
      vertex -64.4633 -28 14.995
    endloop
  endfacet
  facet normal -0 -1 0
    outer loop
      vertex -65.0908 -28 16.6
      vertex -66.3179 -28 16.6
      vertex -66.2968 -28 16.5157
    endloop
  endfacet
  facet normal 0.997853 0.0654873 0
    outer loop
      vertex -35.65 31 16.6
      vertex -35.6757 31.3916 14.995
      vertex -35.6757 31.3916 16.6
    endloop
  endfacet
  facet normal 0.997853 0.0654873 0
    outer loop
      vertex -35.6757 31.3916 14.995
      vertex -35.65 31 16.6
      vertex -35.65 31 14.995
    endloop
  endfacet
  facet normal -1 0 0
    outer loop
      vertex -75.65 -25 14.995
      vertex -75.65 31 16.6
      vertex -75.65 31 14.995
    endloop
  endfacet
  facet normal -1 -0 0
    outer loop
      vertex -75.65 31 16.6
      vertex -75.65 -25 14.995
      vertex -75.65 -25 16.6
    endloop
  endfacet
  facet normal -0.896961 0.44211 0
    outer loop
      vertex -75.4216 32.148 14.995
      vertex -75.2481 32.5 16.6
      vertex -75.2481 32.5 14.995
    endloop
  endfacet
  facet normal -0.896961 0.44211 0
    outer loop
      vertex -75.2481 32.5 16.6
      vertex -75.4216 32.148 14.995
      vertex -75.4216 32.148 16.6
    endloop
  endfacet
  facet normal 1 -0 0
    outer loop
      vertex -35.65 -25 16.6
      vertex -35.65 31 14.995
      vertex -35.65 31 16.6
    endloop
  endfacet
  facet normal 1 0 0
    outer loop
      vertex -35.65 31 14.995
      vertex -35.65 -25 16.6
      vertex -35.65 -25 14.995
    endloop
  endfacet
  facet normal 0.555523 -0.831501 0
    outer loop
      vertex -37.15 -27.5981 14.995
      vertex -36.8237 -27.3801 16.6
      vertex -37.15 -27.5981 16.6
    endloop
  endfacet
  facet normal 0.555523 -0.831501 0
    outer loop
      vertex -36.8237 -27.3801 16.6
      vertex -37.15 -27.5981 14.995
      vertex -36.8237 -27.3801 14.995
    endloop
  endfacet
  facet normal 0.980815 0.19494 0
    outer loop
      vertex -35.6757 31.3916 16.6
      vertex -35.7522 31.7765 14.995
      vertex -35.7522 31.7765 16.6
    endloop
  endfacet
  facet normal 0.980815 0.19494 0
    outer loop
      vertex -35.7522 31.7765 14.995
      vertex -35.6757 31.3916 16.6
      vertex -35.6757 31.3916 14.995
    endloop
  endfacet
  facet normal 0 1 -0
    outer loop
      vertex -38.65 34 14.995
      vertex -43.6835 34 16.6
      vertex -38.65 34 16.6
    endloop
  endfacet
  facet normal 0 1 0
    outer loop
      vertex -43.6835 34 16.6
      vertex -38.65 34 14.995
      vertex -50.1668 34 14.995
    endloop
  endfacet
  facet normal 0 1 0
    outer loop
      vertex -72.65 34 14.995
      vertex -68.9431 34 16.6
      vertex -68.8309 34 14.995
    endloop
  endfacet
  facet normal 0 1 0
    outer loop
      vertex -68.9431 34 16.6
      vertex -72.65 34 14.995
      vertex -72.65 34 16.6
    endloop
  endfacet
  facet normal 0 1 0
    outer loop
      vertex -52.6342 34 14.995
      vertex -52.2903 34 16.6
      vertex -51.8873 34 14.995
    endloop
  endfacet
  facet normal 0 1 0
    outer loop
      vertex -52.2903 34 16.6
      vertex -52.6342 34 14.995
      vertex -52.7464 34 16.6
    endloop
  endfacet
  facet normal -0.751724 0.659478 0
    outer loop
      vertex -75.0301 32.8263 14.995
      vertex -74.7713 33.1213 16.6
      vertex -74.7713 33.1213 14.995
    endloop
  endfacet
  facet normal -0.751724 0.659478 0
    outer loop
      vertex -74.7713 33.1213 16.6
      vertex -75.0301 32.8263 14.995
      vertex -75.0301 32.8263 16.6
    endloop
  endfacet
  facet normal 0.751724 0.659478 0
    outer loop
      vertex -36.2699 32.8263 16.6
      vertex -36.5287 33.1213 14.995
      vertex -36.5287 33.1213 16.6
    endloop
  endfacet
  facet normal 0.751724 0.659478 0
    outer loop
      vertex -36.5287 33.1213 14.995
      vertex -36.2699 32.8263 16.6
      vertex -36.2699 32.8263 14.995
    endloop
  endfacet
  facet normal 0.659478 -0.751724 0
    outer loop
      vertex -36.8237 -27.3801 14.995
      vertex -36.5287 -27.1213 16.6
      vertex -36.8237 -27.3801 16.6
    endloop
  endfacet
  facet normal 0.659478 -0.751724 0
    outer loop
      vertex -36.5287 -27.1213 16.6
      vertex -36.8237 -27.3801 14.995
      vertex -36.5287 -27.1213 14.995
    endloop
  endfacet
  facet normal 0.659478 0.751724 -0
    outer loop
      vertex -36.5287 33.1213 14.995
      vertex -36.8237 33.3801 16.6
      vertex -36.5287 33.1213 16.6
    endloop
  endfacet
  facet normal 0.659478 0.751724 0
    outer loop
      vertex -36.8237 33.3801 16.6
      vertex -36.5287 33.1213 14.995
      vertex -36.8237 33.3801 14.995
    endloop
  endfacet
  facet normal -0.555523 0.831501 0
    outer loop
      vertex -74.15 33.5981 14.995
      vertex -74.4763 33.3801 16.6
      vertex -74.15 33.5981 16.6
    endloop
  endfacet
  facet normal -0.555523 0.831501 0
    outer loop
      vertex -74.4763 33.3801 16.6
      vertex -74.15 33.5981 14.995
      vertex -74.4763 33.3801 14.995
    endloop
  endfacet
  facet normal 0.980815 -0.19494 0
    outer loop
      vertex -35.7522 -25.7765 16.6
      vertex -35.6757 -25.3916 14.995
      vertex -35.6757 -25.3916 16.6
    endloop
  endfacet
  facet normal 0.980815 -0.19494 0
    outer loop
      vertex -35.6757 -25.3916 14.995
      vertex -35.7522 -25.7765 16.6
      vertex -35.7522 -25.7765 14.995
    endloop
  endfacet
  facet normal -0.19494 -0.980815 0
    outer loop
      vertex -73.4265 -27.8978 14.995
      vertex -73.0416 -27.9743 16.6
      vertex -73.4265 -27.8978 16.6
    endloop
  endfacet
  facet normal -0.19494 -0.980815 -0
    outer loop
      vertex -73.0416 -27.9743 16.6
      vertex -73.4265 -27.8978 14.995
      vertex -73.0416 -27.9743 14.995
    endloop
  endfacet
  facet normal -0.659478 0.751724 0
    outer loop
      vertex -74.4763 33.3801 14.995
      vertex -74.7713 33.1213 16.6
      vertex -74.4763 33.3801 16.6
    endloop
  endfacet
  facet normal -0.659478 0.751724 0
    outer loop
      vertex -74.7713 33.1213 16.6
      vertex -74.4763 33.3801 14.995
      vertex -74.7713 33.1213 14.995
    endloop
  endfacet
  facet normal 0.896961 -0.44211 0
    outer loop
      vertex -36.0519 -26.5 16.6
      vertex -35.8784 -26.148 14.995
      vertex -35.8784 -26.148 16.6
    endloop
  endfacet
  facet normal 0.896961 -0.44211 0
    outer loop
      vertex -35.8784 -26.148 14.995
      vertex -36.0519 -26.5 16.6
      vertex -36.0519 -26.5 14.995
    endloop
  endfacet
  facet normal -0.997853 -0.0654873 0
    outer loop
      vertex -75.6243 -25.3916 14.995
      vertex -75.65 -25 16.6
      vertex -75.65 -25 14.995
    endloop
  endfacet
  facet normal -0.997853 -0.0654873 0
    outer loop
      vertex -75.65 -25 16.6
      vertex -75.6243 -25.3916 14.995
      vertex -75.6243 -25.3916 16.6
    endloop
  endfacet
  facet normal -0.980815 -0.19494 0
    outer loop
      vertex -75.5478 -25.7765 14.995
      vertex -75.6243 -25.3916 16.6
      vertex -75.6243 -25.3916 14.995
    endloop
  endfacet
  facet normal -0.980815 -0.19494 0
    outer loop
      vertex -75.6243 -25.3916 16.6
      vertex -75.5478 -25.7765 14.995
      vertex -75.5478 -25.7765 16.6
    endloop
  endfacet
  facet normal -0.44211 -0.896961 0
    outer loop
      vertex -74.15 -27.5981 14.995
      vertex -73.798 -27.7716 16.6
      vertex -74.15 -27.5981 16.6
    endloop
  endfacet
  facet normal -0.44211 -0.896961 -0
    outer loop
      vertex -73.798 -27.7716 16.6
      vertex -74.15 -27.5981 14.995
      vertex -73.798 -27.7716 14.995
    endloop
  endfacet
  facet normal 0.831501 0.555523 0
    outer loop
      vertex -36.0519 32.5 16.6
      vertex -36.2699 32.8263 14.995
      vertex -36.2699 32.8263 16.6
    endloop
  endfacet
  facet normal 0.831501 0.555523 0
    outer loop
      vertex -36.2699 32.8263 14.995
      vertex -36.0519 32.5 16.6
      vertex -36.0519 32.5 14.995
    endloop
  endfacet
  facet normal 0.0654873 -0.997853 0
    outer loop
      vertex -38.65 -28 14.995
      vertex -38.2584 -27.9743 16.6
      vertex -38.65 -28 16.6
    endloop
  endfacet
  facet normal 0.0654873 -0.997853 0
    outer loop
      vertex -38.2584 -27.9743 16.6
      vertex -38.65 -28 14.995
      vertex -38.2584 -27.9743 14.995
    endloop
  endfacet
  facet normal -0.997853 0.0654873 0
    outer loop
      vertex -75.65 31 14.995
      vertex -75.6243 31.3916 16.6
      vertex -75.6243 31.3916 14.995
    endloop
  endfacet
  facet normal -0.997853 0.0654873 0
    outer loop
      vertex -75.6243 31.3916 16.6
      vertex -75.65 31 14.995
      vertex -75.65 31 16.6
    endloop
  endfacet
  facet normal 0.321574 -0.946885 0
    outer loop
      vertex -37.8735 -27.8978 14.995
      vertex -37.5019 -27.7716 16.6
      vertex -37.8735 -27.8978 16.6
    endloop
  endfacet
  facet normal 0.321574 -0.946885 0
    outer loop
      vertex -37.5019 -27.7716 16.6
      vertex -37.8735 -27.8978 14.995
      vertex -37.5019 -27.7716 14.995
    endloop
  endfacet
  facet normal 0.442211 -0.896911 0
    outer loop
      vertex -37.5019 -27.7716 14.995
      vertex -37.15 -27.5981 16.6
      vertex -37.5019 -27.7716 16.6
    endloop
  endfacet
  facet normal 0.442211 -0.896911 0
    outer loop
      vertex -37.15 -27.5981 16.6
      vertex -37.5019 -27.7716 14.995
      vertex -37.15 -27.5981 14.995
    endloop
  endfacet
  facet normal 0.896961 0.44211 0
    outer loop
      vertex -35.8784 32.148 16.6
      vertex -36.0519 32.5 14.995
      vertex -36.0519 32.5 16.6
    endloop
  endfacet
  facet normal 0.896961 0.44211 0
    outer loop
      vertex -36.0519 32.5 14.995
      vertex -35.8784 32.148 16.6
      vertex -35.8784 32.148 14.995
    endloop
  endfacet
  facet normal 0.751724 -0.659478 0
    outer loop
      vertex -36.5287 -27.1213 16.6
      vertex -36.2699 -26.8263 14.995
      vertex -36.2699 -26.8263 16.6
    endloop
  endfacet
  facet normal 0.751724 -0.659478 0
    outer loop
      vertex -36.2699 -26.8263 14.995
      vertex -36.5287 -27.1213 16.6
      vertex -36.5287 -27.1213 14.995
    endloop
  endfacet
  facet normal 0.19494 0.980815 -0
    outer loop
      vertex -37.8735 33.8978 14.995
      vertex -38.2584 33.9743 16.6
      vertex -37.8735 33.8978 16.6
    endloop
  endfacet
  facet normal 0.19494 0.980815 0
    outer loop
      vertex -38.2584 33.9743 16.6
      vertex -37.8735 33.8978 14.995
      vertex -38.2584 33.9743 14.995
    endloop
  endfacet
  facet normal 0 0 1
    outer loop
      vertex -66.1379 27.2188 16.6
      vertex -67.4415 26.935 16.6
      vertex -66.1279 27.1192 16.6
    endloop
  endfacet
  facet normal 0 -0 1
    outer loop
      vertex -67.4415 26.935 16.6
      vertex -66.1379 27.2188 16.6
      vertex -67.9519 26.9645 16.6
    endloop
  endfacet
  facet normal 0 0 1
    outer loop
      vertex -49.0089 26.5851 16.6
      vertex -48.5574 10.5775 16.6
      vertex -47.8762 10.6251 16.6
    endloop
  endfacet
  facet normal 0 0 1
    outer loop
      vertex -48.5574 10.5775 16.6
      vertex -49.0089 26.5851 16.6
      vertex -49.6762 26.5386 16.6
    endloop
  endfacet
  facet normal 0 0 1
    outer loop
      vertex -46.2943 -25.842 16.6
      vertex -43.3075 -12.0161 16.6
      vertex -45.5928 -11.8567 16.6
    endloop
  endfacet
  facet normal 0 0 1
    outer loop
      vertex -43.3075 -12.0161 16.6
      vertex -46.2943 -25.842 16.6
      vertex -44.2987 -25.9812 16.6
    endloop
  endfacet
  facet normal -0 0 1
    outer loop
      vertex -45.1816 7 16.6
      vertex -42.466 -7 16.6
      vertex -42.466 7 16.6
    endloop
  endfacet
  facet normal 0 0 1
    outer loop
      vertex -42.466 -7 16.6
      vertex -45.1816 7 16.6
      vertex -45.1816 -7 16.6
    endloop
  endfacet
  facet normal 0 0 1
    outer loop
      vertex -43.3075 -12.0161 16.6
      vertex -40.1734 -11.1321 16.6
      vertex -43.2296 -10.9189 16.6
    endloop
  endfacet
  facet normal 0 0 1
    outer loop
      vertex -40.1734 -11.1321 16.6
      vertex -43.3075 -12.0161 16.6
      vertex -40.9851 -27.315 16.6
    endloop
  endfacet
  facet normal -0 0 1
    outer loop
      vertex -44.2987 -25.9812 16.6
      vertex -40.9851 -27.315 16.6
      vertex -43.3075 -12.0161 16.6
    endloop
  endfacet
  facet normal 0 0 1
    outer loop
      vertex -40.9851 -27.315 16.6
      vertex -44.2987 -25.9812 16.6
      vertex -44.3765 -27.0784 16.6
    endloop
  endfacet
  facet normal 0 0 1
    outer loop
      vertex -42.466 7 16.6
      vertex -39.4101 10.2132 16.6
      vertex -42.466 9 16.6
    endloop
  endfacet
  facet normal -0 0 1
    outer loop
      vertex -44.7743 9.83899 16.6
      vertex -42.466 9 16.6
      vertex -39.4101 10.2132 16.6
    endloop
  endfacet
  facet normal -0 0 1
    outer loop
      vertex -47.8762 10.6251 16.6
      vertex -44.7743 9.83899 16.6
      vertex -44.8244 10.8379 16.6
    endloop
  endfacet
  facet normal 0 0 1
    outer loop
      vertex -50.7552 9 16.6
      vertex -44.7743 9.83899 16.6
      vertex -47.8762 10.6251 16.6
    endloop
  endfacet
  facet normal 0 0 1
    outer loop
      vertex -50.7552 9 16.6
      vertex -47.8762 10.6251 16.6
      vertex -48.5574 10.5775 16.6
    endloop
  endfacet
  facet normal 0 0 1
    outer loop
      vertex -44.7743 9.83899 16.6
      vertex -50.7552 9 16.6
      vertex -42.466 9 16.6
    endloop
  endfacet
  facet normal 0 0 1
    outer loop
      vertex -50.7552 9 16.6
      vertex -60.8723 9 16.6
      vertex -50.7552 8 16.6
    endloop
  endfacet
  facet normal 0 0 1
    outer loop
      vertex -48.5574 10.5775 16.6
      vertex -60.8723 9 16.6
      vertex -50.7552 9 16.6
    endloop
  endfacet
  facet normal -0 0 1
    outer loop
      vertex -62.5001 9.60494 16.6
      vertex -60.8723 9 16.6
      vertex -48.5574 10.5775 16.6
    endloop
  endfacet
  facet normal 0 0 1
    outer loop
      vertex -62.2121 9 16.6
      vertex -62.4293 8.60744 16.6
      vertex -62.2121 8 16.6
    endloop
  endfacet
  facet normal 0 0 1
    outer loop
      vertex -62.2121 9 16.6
      vertex -62.5001 9.60494 16.6
      vertex -62.4293 8.60744 16.6
    endloop
  endfacet
  facet normal 0 0 1
    outer loop
      vertex -60.8723 9 16.6
      vertex -62.5001 9.60494 16.6
      vertex -62.2121 9 16.6
    endloop
  endfacet
  facet normal 0 0 1
    outer loop
      vertex -37.8868 30.1697 16.6
      vertex -35.65 31 16.6
      vertex -35.6757 31.3916 16.6
    endloop
  endfacet
  facet normal 0 0 1
    outer loop
      vertex -35.65 31 16.6
      vertex -39.4101 10.2132 16.6
      vertex -35.65 -25 16.6
    endloop
  endfacet
  facet normal 0 0 1
    outer loop
      vertex -38.0872 32.1613 16.6
      vertex -35.6757 31.3916 16.6
      vertex -35.7522 31.7765 16.6
    endloop
  endfacet
  facet normal -0 0 1
    outer loop
      vertex -40.1283 -10.233 16.6
      vertex -35.65 -25 16.6
      vertex -39.4101 10.2132 16.6
    endloop
  endfacet
  facet normal 0 0 1
    outer loop
      vertex -38.0872 32.1613 16.6
      vertex -35.7522 31.7765 16.6
      vertex -35.8784 32.148 16.6
    endloop
  endfacet
  facet normal -0 0 1
    outer loop
      vertex -40.1734 -11.1321 16.6
      vertex -35.65 -25 16.6
      vertex -40.1283 -10.233 16.6
    endloop
  endfacet
  facet normal -0 0 1
    outer loop
      vertex -38.0872 32.1613 16.6
      vertex -35.8784 32.148 16.6
      vertex -36.0519 32.5 16.6
    endloop
  endfacet
  facet normal 0 0 1
    outer loop
      vertex -40.9851 -27.315 16.6
      vertex -35.65 -25 16.6
      vertex -40.1734 -11.1321 16.6
    endloop
  endfacet
  facet normal 0 0 1
    outer loop
      vertex -38.0872 32.1613 16.6
      vertex -36.0519 32.5 16.6
      vertex -36.2699 32.8263 16.6
    endloop
  endfacet
  facet normal 0 -0 1
    outer loop
      vertex -38.65 -28 16.6
      vertex -35.65 -25 16.6
      vertex -40.9851 -27.315 16.6
    endloop
  endfacet
  facet normal 0 0 1
    outer loop
      vertex -38.0872 32.1613 16.6
      vertex -36.2699 32.8263 16.6
      vertex -36.5287 33.1213 16.6
    endloop
  endfacet
  facet normal 0 0 1
    outer loop
      vertex -35.65 -25 16.6
      vertex -38.65 -28 16.6
      vertex -35.6757 -25.3916 16.6
    endloop
  endfacet
  facet normal 0 0 1
    outer loop
      vertex -38.0872 32.1613 16.6
      vertex -36.5287 33.1213 16.6
      vertex -36.8237 33.3801 16.6
    endloop
  endfacet
  facet normal 0 0 1
    outer loop
      vertex -35.6757 -25.3916 16.6
      vertex -38.65 -28 16.6
      vertex -35.7522 -25.7765 16.6
    endloop
  endfacet
  facet normal 0 0 1
    outer loop
      vertex -38.0872 32.1613 16.6
      vertex -36.8237 33.3801 16.6
      vertex -37.15 33.5981 16.6
    endloop
  endfacet
  facet normal 0 0 1
    outer loop
      vertex -35.7522 -25.7765 16.6
      vertex -38.65 -28 16.6
      vertex -35.8784 -26.148 16.6
    endloop
  endfacet
  facet normal 0 0 1
    outer loop
      vertex -38.0872 32.1613 16.6
      vertex -37.15 33.5981 16.6
      vertex -37.5019 33.7716 16.6
    endloop
  endfacet
  facet normal 0 0 1
    outer loop
      vertex -35.65 31 16.6
      vertex -37.8868 30.1697 16.6
      vertex -40.2669 27.2952 16.6
    endloop
  endfacet
  facet normal 0 0 1
    outer loop
      vertex -38.0872 32.1613 16.6
      vertex -37.5019 33.7716 16.6
      vertex -37.8735 33.8978 16.6
    endloop
  endfacet
  facet normal 0 0 1
    outer loop
      vertex -35.8784 -26.148 16.6
      vertex -38.65 -28 16.6
      vertex -36.0519 -26.5 16.6
    endloop
  endfacet
  facet normal 0 0 1
    outer loop
      vertex -36.0519 -26.5 16.6
      vertex -38.65 -28 16.6
      vertex -36.2699 -26.8263 16.6
    endloop
  endfacet
  facet normal 0 0 1
    outer loop
      vertex -35.6757 31.3916 16.6
      vertex -38.0872 32.1613 16.6
      vertex -37.8868 30.1697 16.6
    endloop
  endfacet
  facet normal 0 0 1
    outer loop
      vertex -38.2584 33.9743 16.6
      vertex -38.0872 32.1613 16.6
      vertex -37.8735 33.8978 16.6
    endloop
  endfacet
  facet normal 0 0 1
    outer loop
      vertex -38.65 34 16.6
      vertex -38.0872 32.1613 16.6
      vertex -38.2584 33.9743 16.6
    endloop
  endfacet
  facet normal 0 0 1
    outer loop
      vertex -38.65 34 16.6
      vertex -41.0398 31.7473 16.6
      vertex -38.0872 32.1613 16.6
    endloop
  endfacet
  facet normal -0 0 1
    outer loop
      vertex -43.6835 34 16.6
      vertex -41.0398 31.7473 16.6
      vertex -38.65 34 16.6
    endloop
  endfacet
  facet normal 0 0 1
    outer loop
      vertex -41.0398 31.7473 16.6
      vertex -43.3231 30.4174 16.6
      vertex -43.3131 30.3178 16.6
    endloop
  endfacet
  facet normal 0 0 1
    outer loop
      vertex -41.0398 31.7473 16.6
      vertex -43.6835 34 16.6
      vertex -43.3231 30.4174 16.6
    endloop
  endfacet
  facet normal 0 0 1
    outer loop
      vertex -36.2699 -26.8263 16.6
      vertex -38.65 -28 16.6
      vertex -36.5287 -27.1213 16.6
    endloop
  endfacet
  facet normal 0 0 1
    outer loop
      vertex -36.5287 -27.1213 16.6
      vertex -38.65 -28 16.6
      vertex -36.8237 -27.3801 16.6
    endloop
  endfacet
  facet normal 0 0 1
    outer loop
      vertex -36.8237 -27.3801 16.6
      vertex -38.65 -28 16.6
      vertex -37.15 -27.5981 16.6
    endloop
  endfacet
  facet normal 0 0 1
    outer loop
      vertex -35.65 31 16.6
      vertex -39.4552 11.1122 16.6
      vertex -39.4101 10.2132 16.6
    endloop
  endfacet
  facet normal 0 0 1
    outer loop
      vertex -35.65 31 16.6
      vertex -40.2669 27.2952 16.6
      vertex -39.4552 11.1122 16.6
    endloop
  endfacet
  facet normal 0 0 1
    outer loop
      vertex -37.8868 30.1697 16.6
      vertex -40.312 28.1942 16.6
      vertex -40.2669 27.2952 16.6
    endloop
  endfacet
  facet normal -0 0 1
    outer loop
      vertex -43.2229 29.4216 16.6
      vertex -40.312 28.1942 16.6
      vertex -37.8868 30.1697 16.6
    endloop
  endfacet
  facet normal 0 0 1
    outer loop
      vertex -45.6762 27.82 16.6
      vertex -43.3131 30.3178 16.6
      vertex -43.3231 30.4174 16.6
    endloop
  endfacet
  facet normal 0 0 1
    outer loop
      vertex -43.2229 29.4216 16.6
      vertex -45.6762 27.82 16.6
      vertex -40.312 28.1942 16.6
    endloop
  endfacet
  facet normal 0 0 1
    outer loop
      vertex -43.3131 30.3178 16.6
      vertex -45.6762 27.82 16.6
      vertex -43.2229 29.4216 16.6
    endloop
  endfacet
  facet normal -0 0 1
    outer loop
      vertex -51.6134 29.2551 16.6
      vertex -45.6762 27.82 16.6
      vertex -43.3231 30.4174 16.6
    endloop
  endfacet
  facet normal 0 0 1
    outer loop
      vertex -45.6762 27.82 16.6
      vertex -51.6134 29.2551 16.6
      vertex -49.0089 26.5851 16.6
    endloop
  endfacet
  facet normal 0 0 1
    outer loop
      vertex -49.0089 26.5851 16.6
      vertex -51.6134 29.2551 16.6
      vertex -49.6762 26.5386 16.6
    endloop
  endfacet
  facet normal -0 0 1
    outer loop
      vertex -52.0689 29.1912 16.6
      vertex -49.6762 26.5386 16.6
      vertex -51.6134 29.2551 16.6
    endloop
  endfacet
  facet normal 0 0 1
    outer loop
      vertex -52.0689 29.1912 16.6
      vertex -63.6329 25.565 16.6
      vertex -49.6762 26.5386 16.6
    endloop
  endfacet
  facet normal 0 0 1
    outer loop
      vertex -52.0689 29.1912 16.6
      vertex -63.7037 26.5625 16.6
      vertex -63.6329 25.565 16.6
    endloop
  endfacet
  facet normal -0 0 1
    outer loop
      vertex -66.1291 27.22 16.6
      vertex -63.7037 26.5625 16.6
      vertex -52.0689 29.1912 16.6
    endloop
  endfacet
  facet normal 0 0 1
    outer loop
      vertex -65.0402 26.4693 16.6
      vertex -65.9878 26.23 16.6
      vertex -65.6762 25.4225 16.6
    endloop
  endfacet
  facet normal 0 0 1
    outer loop
      vertex -65.0402 26.4693 16.6
      vertex -66.1291 27.22 16.6
      vertex -65.9878 26.23 16.6
    endloop
  endfacet
  facet normal 0 0 1
    outer loop
      vertex -63.7037 26.5625 16.6
      vertex -66.1291 27.22 16.6
      vertex -65.0402 26.4693 16.6
    endloop
  endfacet
  facet normal 0 0 1
    outer loop
      vertex -37.15 -27.5981 16.6
      vertex -38.65 -28 16.6
      vertex -37.5019 -27.7716 16.6
    endloop
  endfacet
  facet normal 0 0 1
    outer loop
      vertex -37.5019 -27.7716 16.6
      vertex -38.65 -28 16.6
      vertex -37.8735 -27.8978 16.6
    endloop
  endfacet
  facet normal 0 0 1
    outer loop
      vertex -37.8735 -27.8978 16.6
      vertex -38.65 -28 16.6
      vertex -38.2584 -27.9743 16.6
    endloop
  endfacet
  facet normal 0 0 1
    outer loop
      vertex -38.65 -28 16.6
      vertex -40.9851 -27.315 16.6
      vertex -41.0195 -28 16.6
    endloop
  endfacet
  facet normal -0 0 1
    outer loop
      vertex -42.2926 12.017 16.6
      vertex -39.4552 11.1122 16.6
      vertex -40.2669 27.2952 16.6
    endloop
  endfacet
  facet normal 0 0 1
    outer loop
      vertex -39.4552 11.1122 16.6
      vertex -42.2926 12.017 16.6
      vertex -42.2147 10.9197 16.6
    endloop
  endfacet
  facet normal 0 0 1
    outer loop
      vertex -40.2669 27.2952 16.6
      vertex -43.2837 25.982 16.6
      vertex -42.2926 12.017 16.6
    endloop
  endfacet
  facet normal 0 -0 1
    outer loop
      vertex -43.2837 25.982 16.6
      vertex -40.2669 27.2952 16.6
      vertex -43.3616 27.0793 16.6
    endloop
  endfacet
  facet normal 0 0 1
    outer loop
      vertex -40.8844 30.6583 16.6
      vertex -41.0398 31.7473 16.6
      vertex -43.3131 30.3178 16.6
    endloop
  endfacet
  facet normal 0 0 1
    outer loop
      vertex -42.466 -7 16.6
      vertex -39.4101 10.2132 16.6
      vertex -42.466 7 16.6
    endloop
  endfacet
  facet normal 0 0 1
    outer loop
      vertex -39.4101 10.2132 16.6
      vertex -42.466 -7 16.6
      vertex -40.1283 -10.233 16.6
    endloop
  endfacet
  facet normal -0 0 1
    outer loop
      vertex -42.466 -9 16.6
      vertex -40.1283 -10.233 16.6
      vertex -42.466 -7 16.6
    endloop
  endfacet
  facet normal 0 0 1
    outer loop
      vertex -42.466 -9 16.6
      vertex -45.4926 -9.85881 16.6
      vertex -40.1283 -10.233 16.6
    endloop
  endfacet
  facet normal 0 0 1
    outer loop
      vertex -45.4926 -9.85881 16.6
      vertex -48.8911 -10.6242 16.6
      vertex -45.5427 -10.8578 16.6
    endloop
  endfacet
  facet normal -0 0 1
    outer loop
      vertex -50.7552 -9 16.6
      vertex -45.4926 -9.85881 16.6
      vertex -42.466 -9 16.6
    endloop
  endfacet
  facet normal 0 0 1
    outer loop
      vertex -45.4926 -9.85881 16.6
      vertex -50.7552 -9 16.6
      vertex -48.8911 -10.6242 16.6
    endloop
  endfacet
  facet normal 0 0 1
    outer loop
      vertex -48.8911 -10.6242 16.6
      vertex -50.7552 -9 16.6
      vertex -49.5598 -10.5775 16.6
    endloop
  endfacet
  facet normal 0 0 1
    outer loop
      vertex -60.8723 -9 16.6
      vertex -50.7552 -9 16.6
      vertex -60.8723 -8 16.6
    endloop
  endfacet
  facet normal 0 0 1
    outer loop
      vertex -50.7552 -9 16.6
      vertex -60.8723 -9 16.6
      vertex -49.5598 -10.5775 16.6
    endloop
  endfacet
  facet normal 0 0 1
    outer loop
      vertex -63.515 -9.60407 16.6
      vertex -60.8723 -9 16.6
      vertex -62.2121 -9 16.6
    endloop
  endfacet
  facet normal -0 0 1
    outer loop
      vertex -63.4442 -8.60657 16.6
      vertex -62.2121 -9 16.6
      vertex -63.1314 -8 16.6
    endloop
  endfacet
  facet normal 0 0 1
    outer loop
      vertex -60.8723 -9 16.6
      vertex -63.515 -9.60407 16.6
      vertex -49.5598 -10.5775 16.6
    endloop
  endfacet
  facet normal 0 0 1
    outer loop
      vertex -63.515 -9.60407 16.6
      vertex -62.2121 -9 16.6
      vertex -63.4442 -8.60657 16.6
    endloop
  endfacet
  facet normal -0 0 1
    outer loop
      vertex -45.576 25.8221 16.6
      vertex -42.2926 12.017 16.6
      vertex -43.2837 25.982 16.6
    endloop
  endfacet
  facet normal 0 0 1
    outer loop
      vertex -42.2926 12.017 16.6
      vertex -45.576 25.8221 16.6
      vertex -44.8745 11.8369 16.6
    endloop
  endfacet
  facet normal 0 0 1
    outer loop
      vertex -45.6261 26.8211 16.6
      vertex -45.6762 27.82 16.6
      vertex -49.0089 26.5851 16.6
    endloop
  endfacet
  facet normal 0 0 1
    outer loop
      vertex -49.5598 -10.5775 16.6
      vertex -50.0238 -26.5842 16.6
      vertex -48.8911 -10.6242 16.6
    endloop
  endfacet
  facet normal 0 -0 1
    outer loop
      vertex -50.0238 -26.5842 16.6
      vertex -49.5598 -10.5775 16.6
      vertex -50.6786 -26.5386 16.6
    endloop
  endfacet
  facet normal 0 0 1
    outer loop
      vertex -46.3444 -26.8409 16.6
      vertex -50.0238 -26.5842 16.6
      vertex -46.3945 -27.8399 16.6
    endloop
  endfacet
  facet normal 0 0 1
    outer loop
      vertex -50.6786 -26.5386 16.6
      vertex -46.3945 -27.8399 16.6
      vertex -50.0238 -26.5842 16.6
    endloop
  endfacet
  facet normal 0 0 1
    outer loop
      vertex -46.3945 -27.8399 16.6
      vertex -64.5755 -28 16.6
      vertex -44.0987 -28 16.6
    endloop
  endfacet
  facet normal 0 0 1
    outer loop
      vertex -50.6786 -26.5386 16.6
      vertex -64.5755 -28 16.6
      vertex -46.3945 -27.8399 16.6
    endloop
  endfacet
  facet normal 0 0 1
    outer loop
      vertex -64.6478 -25.5641 16.6
      vertex -64.5755 -28 16.6
      vertex -50.6786 -26.5386 16.6
    endloop
  endfacet
  facet normal -0 0 1
    outer loop
      vertex -64.7186 -26.5616 16.6
      vertex -64.5755 -28 16.6
      vertex -64.6478 -25.5641 16.6
    endloop
  endfacet
  facet normal 0 0 1
    outer loop
      vertex -64.7186 -26.5616 16.6
      vertex -65.0908 -27.9278 16.6
      vertex -64.5755 -28 16.6
    endloop
  endfacet
  facet normal 0 0 1
    outer loop
      vertex -66.0551 -26.4684 16.6
      vertex -65.0908 -27.9278 16.6
      vertex -64.7186 -26.5616 16.6
    endloop
  endfacet
  facet normal -0 0 1
    outer loop
      vertex -66.2838 -27.7605 16.6
      vertex -65.0908 -27.9278 16.6
      vertex -66.0551 -26.4684 16.6
    endloop
  endfacet
  facet normal 0 0 1
    outer loop
      vertex -65.0908 -27.9278 16.6
      vertex -66.2838 -27.7605 16.6
      vertex -65.0908 -28 16.6
    endloop
  endfacet
  facet normal 0 0 1
    outer loop
      vertex -65.0908 -28 16.6
      vertex -66.2838 -27.7605 16.6
      vertex -66.3179 -28 16.6
    endloop
  endfacet
  facet normal 0 0 1
    outer loop
      vertex -66.6786 -25.4225 16.6
      vertex -71.551 -26.0122 16.6
      vertex -70.2244 -26.1982 16.6
    endloop
  endfacet
  facet normal 0 0 1
    outer loop
      vertex -75.65 -25 16.6
      vertex -67.9519 26.9645 16.6
      vertex -75.65 31 16.6
    endloop
  endfacet
  facet normal 0 0 1
    outer loop
      vertex -67.9519 26.9645 16.6
      vertex -72.65 34 16.6
      vertex -75.65 31 16.6
    endloop
  endfacet
  facet normal 0 0 1
    outer loop
      vertex -66.6786 -25.4225 16.6
      vertex -66.0551 -26.4684 16.6
      vertex -65.9843 -25.4709 16.6
    endloop
  endfacet
  facet normal 0 0 1
    outer loop
      vertex -66.0551 -26.4684 16.6
      vertex -66.6786 -25.4225 16.6
      vertex -66.2838 -27.7605 16.6
    endloop
  endfacet
  facet normal 0 0 1
    outer loop
      vertex -67.9519 26.9645 16.6
      vertex -67.3144 26.044 16.6
      vertex -67.4415 26.935 16.6
    endloop
  endfacet
  facet normal 0 0 1
    outer loop
      vertex -71.551 -26.0122 16.6
      vertex -67.3144 26.044 16.6
      vertex -67.9519 26.9645 16.6
    endloop
  endfacet
  facet normal -0 0 1
    outer loop
      vertex -72.65 34 16.6
      vertex -67.9519 26.9645 16.6
      vertex -68.9431 34 16.6
    endloop
  endfacet
  facet normal 0 0 1
    outer loop
      vertex -65.5598 -9.46144 16.6
      vertex -71.551 -26.0122 16.6
      vertex -66.6786 -25.4225 16.6
    endloop
  endfacet
  facet normal -0 0 1
    outer loop
      vertex -70.2244 -26.1982 16.6
      vertex -66.2838 -27.7605 16.6
      vertex -66.6786 -25.4225 16.6
    endloop
  endfacet
  facet normal -0 0 1
    outer loop
      vertex -70.3515 -27.0892 16.6
      vertex -66.2838 -27.7605 16.6
      vertex -70.2244 -26.1982 16.6
    endloop
  endfacet
  facet normal 0 0 1
    outer loop
      vertex -70.3515 -27.0892 16.6
      vertex -70.3656 -27.1882 16.6
      vertex -66.2838 -27.7605 16.6
    endloop
  endfacet
  facet normal 0 0 1
    outer loop
      vertex -71.6781 -26.9032 16.6
      vertex -70.3656 -27.1882 16.6
      vertex -70.3515 -27.0892 16.6
    endloop
  endfacet
  facet normal 0 0 1
    outer loop
      vertex -70.3656 -27.1882 16.6
      vertex -71.6781 -26.9032 16.6
      vertex -70.4814 -28 16.6
    endloop
  endfacet
  facet normal 0 0 1
    outer loop
      vertex -71.6781 -26.9032 16.6
      vertex -72.65 -28 16.6
      vertex -70.4814 -28 16.6
    endloop
  endfacet
  facet normal 0 0 1
    outer loop
      vertex -67.9519 26.9645 16.6
      vertex -75.65 -25 16.6
      vertex -71.551 -26.0122 16.6
    endloop
  endfacet
  facet normal 0 0 1
    outer loop
      vertex -75.65 31 16.6
      vertex -72.65 34 16.6
      vertex -73.0416 33.9743 16.6
    endloop
  endfacet
  facet normal -0 -0 1
    outer loop
      vertex -75.6243 -25.3916 16.6
      vertex -71.551 -26.0122 16.6
      vertex -75.65 -25 16.6
    endloop
  endfacet
  facet normal 0 0 1
    outer loop
      vertex -75.65 31 16.6
      vertex -73.0416 33.9743 16.6
      vertex -73.4265 33.8978 16.6
    endloop
  endfacet
  facet normal -0 -0 1
    outer loop
      vertex -75.5478 -25.7765 16.6
      vertex -71.551 -26.0122 16.6
      vertex -75.6243 -25.3916 16.6
    endloop
  endfacet
  facet normal 0 0 1
    outer loop
      vertex -75.65 31 16.6
      vertex -73.4265 33.8978 16.6
      vertex -73.798 33.7716 16.6
    endloop
  endfacet
  facet normal 0 0 1
    outer loop
      vertex -71.6781 -26.9032 16.6
      vertex -73.0416 -27.9743 16.6
      vertex -72.65 -28 16.6
    endloop
  endfacet
  facet normal 0 0 1
    outer loop
      vertex -75.65 31 16.6
      vertex -73.798 33.7716 16.6
      vertex -74.15 33.5981 16.6
    endloop
  endfacet
  facet normal 0 0 1
    outer loop
      vertex -71.6781 -26.9032 16.6
      vertex -73.4265 -27.8978 16.6
      vertex -73.0416 -27.9743 16.6
    endloop
  endfacet
  facet normal 0 0 1
    outer loop
      vertex -75.65 31 16.6
      vertex -74.15 33.5981 16.6
      vertex -74.4763 33.3801 16.6
    endloop
  endfacet
  facet normal 0 0 1
    outer loop
      vertex -71.6781 -26.9032 16.6
      vertex -73.798 -27.7716 16.6
      vertex -73.4265 -27.8978 16.6
    endloop
  endfacet
  facet normal 0 0 1
    outer loop
      vertex -75.65 31 16.6
      vertex -74.4763 33.3801 16.6
      vertex -74.7713 33.1213 16.6
    endloop
  endfacet
  facet normal 0 0 1
    outer loop
      vertex -71.551 -26.0122 16.6
      vertex -73.798 -27.7716 16.6
      vertex -71.6781 -26.9032 16.6
    endloop
  endfacet
  facet normal 0 0 1
    outer loop
      vertex -75.65 31 16.6
      vertex -74.7713 33.1213 16.6
      vertex -75.0301 32.8263 16.6
    endloop
  endfacet
  facet normal 0 -0 1
    outer loop
      vertex -73.798 -27.7716 16.6
      vertex -71.551 -26.0122 16.6
      vertex -74.15 -27.5981 16.6
    endloop
  endfacet
  facet normal 0 0 1
    outer loop
      vertex -75.65 31 16.6
      vertex -75.0301 32.8263 16.6
      vertex -75.2481 32.5 16.6
    endloop
  endfacet
  facet normal 0 -0 1
    outer loop
      vertex -74.15 -27.5981 16.6
      vertex -71.551 -26.0122 16.6
      vertex -74.4763 -27.3801 16.6
    endloop
  endfacet
  facet normal 0 0 1
    outer loop
      vertex -75.65 31 16.6
      vertex -75.2481 32.5 16.6
      vertex -75.4216 32.148 16.6
    endloop
  endfacet
  facet normal 0 -0 1
    outer loop
      vertex -74.4763 -27.3801 16.6
      vertex -71.551 -26.0122 16.6
      vertex -74.7713 -27.1213 16.6
    endloop
  endfacet
  facet normal 0 0 1
    outer loop
      vertex -75.65 31 16.6
      vertex -75.4216 32.148 16.6
      vertex -75.5478 31.7765 16.6
    endloop
  endfacet
  facet normal 0 -0 1
    outer loop
      vertex -74.7713 -27.1213 16.6
      vertex -71.551 -26.0122 16.6
      vertex -75.0301 -26.8263 16.6
    endloop
  endfacet
  facet normal 0 0 1
    outer loop
      vertex -75.65 31 16.6
      vertex -75.5478 31.7765 16.6
      vertex -75.6243 31.3916 16.6
    endloop
  endfacet
  facet normal 0 -0 1
    outer loop
      vertex -75.0301 -26.8263 16.6
      vertex -71.551 -26.0122 16.6
      vertex -75.2481 -26.5 16.6
    endloop
  endfacet
  facet normal 0 -0 1
    outer loop
      vertex -75.2481 -26.5 16.6
      vertex -71.551 -26.0122 16.6
      vertex -75.4216 -26.148 16.6
    endloop
  endfacet
  facet normal 0 -0 1
    outer loop
      vertex -75.4216 -26.148 16.6
      vertex -71.551 -26.0122 16.6
      vertex -75.5478 -25.7765 16.6
    endloop
  endfacet
  facet normal 0 0 1
    outer loop
      vertex -62.4293 8.60744 16.6
      vertex -63.1314 8 16.6
      vertex -62.2121 8 16.6
    endloop
  endfacet
  facet normal 0 0 1
    outer loop
      vertex -64.7807 -8.51334 16.6
      vertex -63.1314 -8 16.6
      vertex -63.1314 8 16.6
    endloop
  endfacet
  facet normal -0 0 1
    outer loop
      vertex -63.7658 8.51421 16.6
      vertex -63.1314 8 16.6
      vertex -62.4293 8.60744 16.6
    endloop
  endfacet
  facet normal 0 0 1
    outer loop
      vertex -64.7807 -8.51334 16.6
      vertex -63.1314 8 16.6
      vertex -63.7658 8.51421 16.6
    endloop
  endfacet
  facet normal -0 0 1
    outer loop
      vertex -64.5574 9.46144 16.6
      vertex -63.7658 8.51421 16.6
      vertex -63.8366 9.51171 16.6
    endloop
  endfacet
  facet normal 0 0 1
    outer loop
      vertex -64.7807 -8.51334 16.6
      vertex -63.7658 8.51421 16.6
      vertex -64.5574 9.46144 16.6
    endloop
  endfacet
  facet normal 0 0 1
    outer loop
      vertex -63.1314 -8 16.6
      vertex -64.7807 -8.51334 16.6
      vertex -63.4442 -8.60657 16.6
    endloop
  endfacet
  facet normal 0 0 1
    outer loop
      vertex -65.5598 -9.46144 16.6
      vertex -64.7807 -8.51334 16.6
      vertex -64.5574 9.46144 16.6
    endloop
  endfacet
  facet normal 0 0 1
    outer loop
      vertex -64.7807 -8.51334 16.6
      vertex -65.5598 -9.46144 16.6
      vertex -64.8515 -9.51084 16.6
    endloop
  endfacet
  facet normal 0 0 1
    outer loop
      vertex -67.3144 26.044 16.6
      vertex -64.5574 9.46144 16.6
      vertex -65.6762 25.4225 16.6
    endloop
  endfacet
  facet normal -0 0 1
    outer loop
      vertex -67.3144 26.044 16.6
      vertex -65.6762 25.4225 16.6
      vertex -65.9878 26.23 16.6
    endloop
  endfacet
  facet normal 0 0 1
    outer loop
      vertex -71.551 -26.0122 16.6
      vertex -64.5574 9.46144 16.6
      vertex -67.3144 26.044 16.6
    endloop
  endfacet
  facet normal 0 0 1
    outer loop
      vertex -64.5574 9.46144 16.6
      vertex -71.551 -26.0122 16.6
      vertex -65.5598 -9.46144 16.6
    endloop
  endfacet
  facet normal 0 0 1
    outer loop
      vertex -64.9694 25.4718 16.6
      vertex -65.0402 26.4693 16.6
      vertex -65.6762 25.4225 16.6
    endloop
  endfacet
  facet normal 0 0 1
    outer loop
      vertex -62.2121 -8 16.6
      vertex -63.1314 -8 16.6
      vertex -62.2121 -9 16.6
    endloop
  endfacet
  facet normal 0 0 1
    outer loop
      vertex -50.7552 -8 16.6
      vertex -60.8723 -8 16.6
      vertex -50.7552 -9 16.6
    endloop
  endfacet
  facet normal 0 0 1
    outer loop
      vertex -52.2903 34 16.6
      vertex -52.0689 29.1912 16.6
      vertex -51.6134 29.2551 16.6
    endloop
  endfacet
  facet normal 0 0 1
    outer loop
      vertex -52.0689 29.1912 16.6
      vertex -52.2903 34 16.6
      vertex -52.7464 34 16.6
    endloop
  endfacet
  facet normal 0 0 1
    outer loop
      vertex -50.7552 8 16.6
      vertex -60.8723 9 16.6
      vertex -60.8723 8 16.6
    endloop
  endfacet
  facet normal -0 0 1
    outer loop
      vertex -50.7552 7 16.6
      vertex -48.0948 -7 16.6
      vertex -48.0948 7 16.6
    endloop
  endfacet
  facet normal 0 0 1
    outer loop
      vertex -48.0948 -7 16.6
      vertex -50.7552 7 16.6
      vertex -50.7552 -7 16.6
    endloop
  endfacet
  facet normal 0.831501 -0.555523 0
    outer loop
      vertex -36.2699 -26.8263 16.6
      vertex -36.0519 -26.5 14.995
      vertex -36.0519 -26.5 16.6
    endloop
  endfacet
  facet normal 0.831501 -0.555523 0
    outer loop
      vertex -36.0519 -26.5 14.995
      vertex -36.2699 -26.8263 16.6
      vertex -36.2699 -26.8263 14.995
    endloop
  endfacet
  facet normal 0.946858 0.321651 0
    outer loop
      vertex -35.7522 31.7765 16.6
      vertex -35.8784 32.148 14.995
      vertex -35.8784 32.148 16.6
    endloop
  endfacet
  facet normal 0.946858 0.321651 0
    outer loop
      vertex -35.8784 32.148 14.995
      vertex -35.7522 31.7765 16.6
      vertex -35.7522 31.7765 14.995
    endloop
  endfacet
  facet normal -0.751724 -0.659478 0
    outer loop
      vertex -74.7713 -27.1213 14.995
      vertex -75.0301 -26.8263 16.6
      vertex -75.0301 -26.8263 14.995
    endloop
  endfacet
  facet normal -0.751724 -0.659478 0
    outer loop
      vertex -75.0301 -26.8263 16.6
      vertex -74.7713 -27.1213 14.995
      vertex -74.7713 -27.1213 16.6
    endloop
  endfacet
  facet normal -0.659478 -0.751724 0
    outer loop
      vertex -74.7713 -27.1213 14.995
      vertex -74.4763 -27.3801 16.6
      vertex -74.7713 -27.1213 16.6
    endloop
  endfacet
  facet normal -0.659478 -0.751724 -0
    outer loop
      vertex -74.4763 -27.3801 16.6
      vertex -74.7713 -27.1213 14.995
      vertex -74.4763 -27.3801 14.995
    endloop
  endfacet
  facet normal -0.831501 -0.555523 0
    outer loop
      vertex -75.0301 -26.8263 14.995
      vertex -75.2481 -26.5 16.6
      vertex -75.2481 -26.5 14.995
    endloop
  endfacet
  facet normal -0.831501 -0.555523 0
    outer loop
      vertex -75.2481 -26.5 16.6
      vertex -75.0301 -26.8263 14.995
      vertex -75.0301 -26.8263 16.6
    endloop
  endfacet
  facet normal -0.0654873 -0.997853 0
    outer loop
      vertex -73.0416 -27.9743 14.995
      vertex -72.65 -28 16.6
      vertex -73.0416 -27.9743 16.6
    endloop
  endfacet
  facet normal -0.0654873 -0.997853 -0
    outer loop
      vertex -72.65 -28 16.6
      vertex -73.0416 -27.9743 14.995
      vertex -72.65 -28 14.995
    endloop
  endfacet
  facet normal -0.946858 0.321651 0
    outer loop
      vertex -75.5478 31.7765 14.995
      vertex -75.4216 32.148 16.6
      vertex -75.4216 32.148 14.995
    endloop
  endfacet
  facet normal -0.946858 0.321651 0
    outer loop
      vertex -75.4216 32.148 16.6
      vertex -75.5478 31.7765 14.995
      vertex -75.5478 31.7765 16.6
    endloop
  endfacet
  facet normal -0.321651 -0.946858 0
    outer loop
      vertex -73.798 -27.7716 14.995
      vertex -73.4265 -27.8978 16.6
      vertex -73.798 -27.7716 16.6
    endloop
  endfacet
  facet normal -0.321651 -0.946858 -0
    outer loop
      vertex -73.4265 -27.8978 16.6
      vertex -73.798 -27.7716 14.995
      vertex -73.4265 -27.8978 14.995
    endloop
  endfacet
  facet normal -0.980815 0.19494 0
    outer loop
      vertex -75.6243 31.3916 14.995
      vertex -75.5478 31.7765 16.6
      vertex -75.5478 31.7765 14.995
    endloop
  endfacet
  facet normal -0.980815 0.19494 0
    outer loop
      vertex -75.5478 31.7765 16.6
      vertex -75.6243 31.3916 14.995
      vertex -75.6243 31.3916 16.6
    endloop
  endfacet
  facet normal -0.44211 0.896961 0
    outer loop
      vertex -73.798 33.7716 14.995
      vertex -74.15 33.5981 16.6
      vertex -73.798 33.7716 16.6
    endloop
  endfacet
  facet normal -0.44211 0.896961 0
    outer loop
      vertex -74.15 33.5981 16.6
      vertex -73.798 33.7716 14.995
      vertex -74.15 33.5981 14.995
    endloop
  endfacet
  facet normal 0.0654873 0.997853 -0
    outer loop
      vertex -38.2584 33.9743 14.995
      vertex -38.65 34 16.6
      vertex -38.2584 33.9743 16.6
    endloop
  endfacet
  facet normal 0.0654873 0.997853 0
    outer loop
      vertex -38.65 34 16.6
      vertex -38.2584 33.9743 14.995
      vertex -38.65 34 14.995
    endloop
  endfacet
  facet normal -0.321651 0.946858 0
    outer loop
      vertex -73.4265 33.8978 14.995
      vertex -73.798 33.7716 16.6
      vertex -73.4265 33.8978 16.6
    endloop
  endfacet
  facet normal -0.321651 0.946858 0
    outer loop
      vertex -73.798 33.7716 16.6
      vertex -73.4265 33.8978 14.995
      vertex -73.798 33.7716 14.995
    endloop
  endfacet
  facet normal 0.555523 0.831501 -0
    outer loop
      vertex -36.8237 33.3801 14.995
      vertex -37.15 33.5981 16.6
      vertex -36.8237 33.3801 16.6
    endloop
  endfacet
  facet normal 0.555523 0.831501 0
    outer loop
      vertex -37.15 33.5981 16.6
      vertex -36.8237 33.3801 14.995
      vertex -37.15 33.5981 14.995
    endloop
  endfacet
  facet normal -0.19494 0.980815 0
    outer loop
      vertex -73.0416 33.9743 14.995
      vertex -73.4265 33.8978 16.6
      vertex -73.0416 33.9743 16.6
    endloop
  endfacet
  facet normal -0.19494 0.980815 0
    outer loop
      vertex -73.4265 33.8978 16.6
      vertex -73.0416 33.9743 14.995
      vertex -73.4265 33.8978 14.995
    endloop
  endfacet
  facet normal -0.0654873 0.997853 0
    outer loop
      vertex -72.65 34 14.995
      vertex -73.0416 33.9743 16.6
      vertex -72.65 34 16.6
    endloop
  endfacet
  facet normal -0.0654873 0.997853 0
    outer loop
      vertex -73.0416 33.9743 16.6
      vertex -72.65 34 14.995
      vertex -73.0416 33.9743 14.995
    endloop
  endfacet
  facet normal 0.442211 0.896911 -0
    outer loop
      vertex -37.15 33.5981 14.995
      vertex -37.5019 33.7716 16.6
      vertex -37.15 33.5981 16.6
    endloop
  endfacet
  facet normal 0.442211 0.896911 0
    outer loop
      vertex -37.5019 33.7716 16.6
      vertex -37.15 33.5981 14.995
      vertex -37.5019 33.7716 14.995
    endloop
  endfacet
  facet normal -0.555523 -0.831501 0
    outer loop
      vertex -74.4763 -27.3801 14.995
      vertex -74.15 -27.5981 16.6
      vertex -74.4763 -27.3801 16.6
    endloop
  endfacet
  facet normal -0.555523 -0.831501 -0
    outer loop
      vertex -74.15 -27.5981 16.6
      vertex -74.4763 -27.3801 14.995
      vertex -74.15 -27.5981 14.995
    endloop
  endfacet
  facet normal 0.946858 -0.321651 0
    outer loop
      vertex -35.8784 -26.148 16.6
      vertex -35.7522 -25.7765 14.995
      vertex -35.7522 -25.7765 16.6
    endloop
  endfacet
  facet normal 0.946858 -0.321651 0
    outer loop
      vertex -35.7522 -25.7765 14.995
      vertex -35.8784 -26.148 16.6
      vertex -35.8784 -26.148 14.995
    endloop
  endfacet
  facet normal 0.321574 0.946885 -0
    outer loop
      vertex -37.5019 33.7716 14.995
      vertex -37.8735 33.8978 16.6
      vertex -37.5019 33.7716 16.6
    endloop
  endfacet
  facet normal 0.321574 0.946885 0
    outer loop
      vertex -37.8735 33.8978 16.6
      vertex -37.5019 33.7716 14.995
      vertex -37.8735 33.8978 14.995
    endloop
  endfacet
  facet normal 0.997853 -0.0654873 0
    outer loop
      vertex -35.6757 -25.3916 16.6
      vertex -35.65 -25 14.995
      vertex -35.65 -25 16.6
    endloop
  endfacet
  facet normal 0.997853 -0.0654873 0
    outer loop
      vertex -35.65 -25 14.995
      vertex -35.6757 -25.3916 16.6
      vertex -35.6757 -25.3916 14.995
    endloop
  endfacet
  facet normal -0.831501 0.555523 0
    outer loop
      vertex -75.2481 32.5 14.995
      vertex -75.0301 32.8263 16.6
      vertex -75.0301 32.8263 14.995
    endloop
  endfacet
  facet normal -0.831501 0.555523 0
    outer loop
      vertex -75.0301 32.8263 16.6
      vertex -75.2481 32.5 14.995
      vertex -75.2481 32.5 16.6
    endloop
  endfacet
  facet normal -1 0 0
    outer loop
      vertex 22 -52 17.005
      vertex 22 52 33
      vertex 22 52 17.005
    endloop
  endfacet
  facet normal -1 -0 0
    outer loop
      vertex 22 52 33
      vertex 22 -52 17.005
      vertex 22 -52 33
    endloop
  endfacet
  facet normal 0.659478 0.751724 -0
    outer loop
      vertex 85.2713 54.1213 0
      vertex 84.9763 54.3801 33
      vertex 85.2713 54.1213 33
    endloop
  endfacet
  facet normal 0.659478 0.751724 0
    outer loop
      vertex 84.9763 54.3801 33
      vertex 85.2713 54.1213 0
      vertex 84.9763 54.3801 0
    endloop
  endfacet
  facet normal -0.19494 -0.980815 0
    outer loop
      vertex 24.2235 -54.8978 0
      vertex 24.6084 -54.9743 33
      vertex 24.2235 -54.8978 33
    endloop
  endfacet
  facet normal -0.19494 -0.980815 -0
    outer loop
      vertex 24.6084 -54.9743 33
      vertex 24.2235 -54.8978 0
      vertex 24.6084 -54.9743 0
    endloop
  endfacet
  facet normal -0.442211 0.896911 0
    outer loop
      vertex 23.8519 54.7716 33
      vertex 23.5 54.5981 17
      vertex 23.5 54.5981 33
    endloop
  endfacet
  facet normal -0.442211 0.896911 0
    outer loop
      vertex 23.8519 54.7716 0
      vertex 23.5 54.5981 17
      vertex 23.8519 54.7716 33
    endloop
  endfacet
  facet normal -0.442211 0.896911 0
    outer loop
      vertex 23.5 54.5981 17
      vertex 23.8519 54.7716 0
      vertex 23.5 54.5981 0
    endloop
  endfacet
  facet normal 0.659478 -0.751724 0
    outer loop
      vertex 84.9763 -54.3801 0
      vertex 85.2713 -54.1213 33
      vertex 84.9763 -54.3801 33
    endloop
  endfacet
  facet normal 0.659478 -0.751724 0
    outer loop
      vertex 85.2713 -54.1213 33
      vertex 84.9763 -54.3801 0
      vertex 85.2713 -54.1213 0
    endloop
  endfacet
  facet normal -0.555523 -0.831501 0
    outer loop
      vertex 23.1737 -54.3801 17
      vertex 23.5 -54.5981 33
      vertex 23.1737 -54.3801 33
    endloop
  endfacet
  facet normal -0.555523 -0.831501 -0
    outer loop
      vertex 23.5 -54.5981 33
      vertex 23.1737 -54.3801 17
      vertex 23.5 -54.5981 17
    endloop
  endfacet
  facet normal 0.751724 -0.659478 0
    outer loop
      vertex 85.2713 -54.1213 33
      vertex 85.5301 -53.8263 0
      vertex 85.5301 -53.8263 33
    endloop
  endfacet
  facet normal 0.751724 -0.659478 0
    outer loop
      vertex 85.5301 -53.8263 0
      vertex 85.2713 -54.1213 33
      vertex 85.2713 -54.1213 0
    endloop
  endfacet
  facet normal 0 -1 0
    outer loop
      vertex 25 -55 0
      vertex 83.15 -55 33
      vertex 25 -55 33
    endloop
  endfacet
  facet normal 0 -1 -0
    outer loop
      vertex 83.15 -55 33
      vertex 25 -55 0
      vertex 83.15 -55 0
    endloop
  endfacet
  facet normal -0.831501 0.555523 0
    outer loop
      vertex 22.4019 53.5 17
      vertex 22.6199 53.8263 33
      vertex 22.6199 53.8263 17
    endloop
  endfacet
  facet normal -0.831501 0.555523 0
    outer loop
      vertex 22.6199 53.8263 33
      vertex 22.4019 53.5 17
      vertex 22.4019 53.5 33
    endloop
  endfacet
  facet normal 0.19494 0.980815 -0
    outer loop
      vertex 83.9265 54.8978 0
      vertex 83.5416 54.9743 33
      vertex 83.9265 54.8978 33
    endloop
  endfacet
  facet normal 0.19494 0.980815 0
    outer loop
      vertex 83.5416 54.9743 33
      vertex 83.9265 54.8978 0
      vertex 83.5416 54.9743 0
    endloop
  endfacet
  facet normal 0 1 0
    outer loop
      vertex 54 55 23.15
      vertex 83.15 55 33
      vertex 66 55 23.15
    endloop
  endfacet
  facet normal 0 1 0
    outer loop
      vertex 83.15 55 33
      vertex 66 55 21.85
      vertex 66 55 23.15
    endloop
  endfacet
  facet normal 0 1 0
    outer loop
      vertex 66 55 21.85
      vertex 53.15 55 21
      vertex 54 55 21.85
    endloop
  endfacet
  facet normal 0 1 0
    outer loop
      vertex 66 55 21.85
      vertex 53.15 55 9
      vertex 53.15 55 21
    endloop
  endfacet
  facet normal 0 1 -0
    outer loop
      vertex 83.15 55 0
      vertex 66 55 21.85
      vertex 83.15 55 33
    endloop
  endfacet
  facet normal 0 1 -0
    outer loop
      vertex 54 55 8.15
      vertex 53.15 55 9
      vertex 66 55 8.15
    endloop
  endfacet
  facet normal 0 1 0
    outer loop
      vertex 66 55 21.85
      vertex 66 55 8.15
      vertex 53.15 55 9
    endloop
  endfacet
  facet normal 0 1 0
    outer loop
      vertex 66 55 21.85
      vertex 83.15 55 0
      vertex 66 55 8.15
    endloop
  endfacet
  facet normal 0 1 0
    outer loop
      vertex 66 55 6.85
      vertex 83.15 55 0
      vertex 54 55 6.85
    endloop
  endfacet
  facet normal 0 1 0
    outer loop
      vertex 66 55 8.15
      vertex 83.15 55 0
      vertex 66 55 6.85
    endloop
  endfacet
  facet normal 0 1 0
    outer loop
      vertex 83.15 55 33
      vertex 54 55 23.15
      vertex 25 55 33
    endloop
  endfacet
  facet normal 0 1 0
    outer loop
      vertex 51.85 55 21
      vertex 54 55 23.15
      vertex 54 55 21.85
    endloop
  endfacet
  facet normal 0 1 0
    outer loop
      vertex 51.85 55 21
      vertex 54 55 21.85
      vertex 53.15 55 21
    endloop
  endfacet
  facet normal 0 1 0
    outer loop
      vertex 54 55 23.15
      vertex 51.85 55 21
      vertex 25 55 33
    endloop
  endfacet
  facet normal 0 1 0
    outer loop
      vertex 25 55 0
      vertex 51.85 55 21
      vertex 51.85 55 9
    endloop
  endfacet
  facet normal 0 1 0
    outer loop
      vertex 53.15 55 9
      vertex 54 55 8.15
      vertex 51.85 55 9
    endloop
  endfacet
  facet normal 0 1 -0
    outer loop
      vertex 54 55 6.85
      vertex 51.85 55 9
      vertex 54 55 8.15
    endloop
  endfacet
  facet normal 0 1 0
    outer loop
      vertex 25 55 0
      vertex 51.85 55 9
      vertex 54 55 6.85
    endloop
  endfacet
  facet normal 0 1 0
    outer loop
      vertex 51.85 55 21
      vertex 25 55 0
      vertex 25 55 33
    endloop
  endfacet
  facet normal 0 1 0
    outer loop
      vertex 25 55 0
      vertex 54 55 6.85
      vertex 83.15 55 0
    endloop
  endfacet
  facet normal 0.0654873 -0.997853 0
    outer loop
      vertex 83.15 -55 0
      vertex 83.5416 -54.9743 33
      vertex 83.15 -55 33
    endloop
  endfacet
  facet normal 0.0654873 -0.997853 0
    outer loop
      vertex 83.5416 -54.9743 33
      vertex 83.15 -55 0
      vertex 83.5416 -54.9743 0
    endloop
  endfacet
  facet normal 1 0 0
    outer loop
      vertex 86.15 52 33
      vertex 86.15 42.5 8.005
      vertex 86.15 52 0
    endloop
  endfacet
  facet normal 1 0 0
    outer loop
      vertex 86.15 52 33
      vertex 86.15 18 30
      vertex 86.15 42.5 8.005
    endloop
  endfacet
  facet normal 1 0 0
    outer loop
      vertex 86.15 52 33
      vertex 86.15 -2 30
      vertex 86.15 18 30
    endloop
  endfacet
  facet normal 1 0 0
    outer loop
      vertex 86.15 -2 30
      vertex 86.15 -42.5 8.005
      vertex 86.15 -2 10
    endloop
  endfacet
  facet normal 1 -0 0
    outer loop
      vertex 86.15 -52 33
      vertex 86.15 -2 30
      vertex 86.15 52 33
    endloop
  endfacet
  facet normal 1 0 0
    outer loop
      vertex 86.15 -52 33
      vertex 86.15 -42.5 8.005
      vertex 86.15 -2 30
    endloop
  endfacet
  facet normal 1 0 0
    outer loop
      vertex 86.15 -52 0
      vertex 86.15 -42.5 8.005
      vertex 86.15 -52 33
    endloop
  endfacet
  facet normal 1 0 0
    outer loop
      vertex 86.15 -42.5 8.005
      vertex 86.15 -52 0
      vertex 86.15 -42.5 0
    endloop
  endfacet
  facet normal 1 0 0
    outer loop
      vertex 86.15 52 0
      vertex 86.15 42.5 8.005
      vertex 86.15 42.5 0
    endloop
  endfacet
  facet normal 1 -0 0
    outer loop
      vertex 86.15 18 10
      vertex 86.15 42.5 8.005
      vertex 86.15 18 30
    endloop
  endfacet
  facet normal 1 -0 0
    outer loop
      vertex 86.15 -2 10
      vertex 86.15 42.5 8.005
      vertex 86.15 18 10
    endloop
  endfacet
  facet normal 1 0 0
    outer loop
      vertex 86.15 42.5 8.005
      vertex 86.15 -2 10
      vertex 86.15 -42.5 8.005
    endloop
  endfacet
  facet normal 1 -0 0
    outer loop
      vertex 86.15 0 28
      vertex 86.15 16 12
      vertex 86.15 16 28
    endloop
  endfacet
  facet normal 1 0 0
    outer loop
      vertex 86.15 16 12
      vertex 86.15 0 28
      vertex 86.15 0 12
    endloop
  endfacet
  facet normal 0.980815 0.19494 0
    outer loop
      vertex 86.1243 52.3916 33
      vertex 86.0478 52.7765 0
      vertex 86.0478 52.7765 33
    endloop
  endfacet
  facet normal 0.980815 0.19494 0
    outer loop
      vertex 86.0478 52.7765 0
      vertex 86.1243 52.3916 33
      vertex 86.1243 52.3916 0
    endloop
  endfacet
  facet normal -0.19494 0.980815 0
    outer loop
      vertex 24.6084 54.9743 0
      vertex 24.2235 54.8978 33
      vertex 24.6084 54.9743 33
    endloop
  endfacet
  facet normal -0.19494 0.980815 0
    outer loop
      vertex 24.2235 54.8978 33
      vertex 24.6084 54.9743 0
      vertex 24.2235 54.8978 0
    endloop
  endfacet
  facet normal -0.896961 -0.44211 0
    outer loop
      vertex 22.4019 -53.5 17
      vertex 22.2284 -53.148 33
      vertex 22.2284 -53.148 17
    endloop
  endfacet
  facet normal -0.896961 -0.44211 0
    outer loop
      vertex 22.2284 -53.148 33
      vertex 22.4019 -53.5 17
      vertex 22.4019 -53.5 33
    endloop
  endfacet
  facet normal -0.946858 0.321651 0
    outer loop
      vertex 22.1022 52.7765 17
      vertex 22.2284 53.148 33
      vertex 22.2284 53.148 17
    endloop
  endfacet
  facet normal -0.946858 0.321651 0
    outer loop
      vertex 22.2284 53.148 33
      vertex 22.1022 52.7765 17
      vertex 22.1022 52.7765 33
    endloop
  endfacet
  facet normal 0.44211 -0.896961 0
    outer loop
      vertex 84.298 -54.7716 0
      vertex 84.65 -54.5981 33
      vertex 84.298 -54.7716 33
    endloop
  endfacet
  facet normal 0.44211 -0.896961 0
    outer loop
      vertex 84.65 -54.5981 33
      vertex 84.298 -54.7716 0
      vertex 84.65 -54.5981 0
    endloop
  endfacet
  facet normal 0.946858 0.321651 0
    outer loop
      vertex 86.0478 52.7765 33
      vertex 85.9216 53.148 0
      vertex 85.9216 53.148 33
    endloop
  endfacet
  facet normal 0.946858 0.321651 0
    outer loop
      vertex 85.9216 53.148 0
      vertex 86.0478 52.7765 33
      vertex 86.0478 52.7765 0
    endloop
  endfacet
  facet normal 0.831501 0.555523 0
    outer loop
      vertex 85.7481 53.5 33
      vertex 85.5301 53.8263 0
      vertex 85.5301 53.8263 33
    endloop
  endfacet
  facet normal 0.831501 0.555523 0
    outer loop
      vertex 85.5301 53.8263 0
      vertex 85.7481 53.5 33
      vertex 85.7481 53.5 0
    endloop
  endfacet
  facet normal -0.321574 -0.946885 0
    outer loop
      vertex 23.8519 -54.7716 0
      vertex 24.2235 -54.8978 33
      vertex 23.8519 -54.7716 33
    endloop
  endfacet
  facet normal -0.321574 -0.946885 -0
    outer loop
      vertex 24.2235 -54.8978 33
      vertex 23.8519 -54.7716 0
      vertex 24.2235 -54.8978 0
    endloop
  endfacet
  facet normal -0.980785 -0.195093 0
    outer loop
      vertex 22.0472 -52.5 17
      vertex 22.1022 -52.7765 17
      vertex 22.0472 -52.5 17.005
    endloop
  endfacet
  facet normal -0.980893 -0.19455 0
    outer loop
      vertex 22.0472 -52.5 17.005
      vertex 22.0257 -52.3916 33
      vertex 22.0257 -52.3916 17.005
    endloop
  endfacet
  facet normal -0.980785 -0.195093 -0
    outer loop
      vertex 22.1022 -52.7765 33
      vertex 22.0472 -52.5 17.005
      vertex 22.1022 -52.7765 17
    endloop
  endfacet
  facet normal -0.980815 -0.19494 2.74817e-06
    outer loop
      vertex 22.0472 -52.5 17.005
      vertex 22.1022 -52.7765 33
      vertex 22.0257 -52.3916 33
    endloop
  endfacet
  facet normal -0.997853 -0.0654873 0
    outer loop
      vertex 22.0257 -52.3916 17.005
      vertex 22 -52 33
      vertex 22 -52 17.005
    endloop
  endfacet
  facet normal -0.997853 -0.0654873 0
    outer loop
      vertex 22 -52 33
      vertex 22.0257 -52.3916 17.005
      vertex 22.0257 -52.3916 33
    endloop
  endfacet
  facet normal 0 0 1
    outer loop
      vertex 83.65 52.5 33
      vertex 86.15 52 33
      vertex 86.1243 52.3916 33
    endloop
  endfacet
  facet normal 0 0 1
    outer loop
      vertex 86.15 52 33
      vertex 83.65 52.5 33
      vertex 86.15 -52 33
    endloop
  endfacet
  facet normal -0 0 1
    outer loop
      vertex 83.65 52.5 33
      vertex 86.1243 52.3916 33
      vertex 86.0478 52.7765 33
    endloop
  endfacet
  facet normal 0 0 1
    outer loop
      vertex 83.65 -52.5 33
      vertex 86.15 -52 33
      vertex 83.65 52.5 33
    endloop
  endfacet
  facet normal 0 0 1
    outer loop
      vertex 83.65 52.5 33
      vertex 86.0478 52.7765 33
      vertex 85.9216 53.148 33
    endloop
  endfacet
  facet normal 0 0 1
    outer loop
      vertex 86.15 -52 33
      vertex 83.65 -52.5 33
      vertex 86.1243 -52.3916 33
    endloop
  endfacet
  facet normal 0 0 1
    outer loop
      vertex 83.65 52.5 33
      vertex 85.9216 53.148 33
      vertex 85.7481 53.5 33
    endloop
  endfacet
  facet normal 0 0 1
    outer loop
      vertex 86.1243 -52.3916 33
      vertex 83.65 -52.5 33
      vertex 86.0478 -52.7765 33
    endloop
  endfacet
  facet normal 0 0 1
    outer loop
      vertex 83.65 52.5 33
      vertex 85.7481 53.5 33
      vertex 85.5301 53.8263 33
    endloop
  endfacet
  facet normal 0 0 1
    outer loop
      vertex 86.0478 -52.7765 33
      vertex 83.65 -52.5 33
      vertex 85.9216 -53.148 33
    endloop
  endfacet
  facet normal 0 0 1
    outer loop
      vertex 83.65 52.5 33
      vertex 85.5301 53.8263 33
      vertex 85.2713 54.1213 33
    endloop
  endfacet
  facet normal 0 0 1
    outer loop
      vertex 85.9216 -53.148 33
      vertex 83.65 -52.5 33
      vertex 85.7481 -53.5 33
    endloop
  endfacet
  facet normal 0 0 1
    outer loop
      vertex 83.65 52.5 33
      vertex 85.2713 54.1213 33
      vertex 84.9763 54.3801 33
    endloop
  endfacet
  facet normal 0 0 1
    outer loop
      vertex 85.7481 -53.5 33
      vertex 83.65 -52.5 33
      vertex 85.5301 -53.8263 33
    endloop
  endfacet
  facet normal 0 0 1
    outer loop
      vertex 83.65 52.5 33
      vertex 84.9763 54.3801 33
      vertex 84.65 54.5981 33
    endloop
  endfacet
  facet normal 0 0 1
    outer loop
      vertex 85.5301 -53.8263 33
      vertex 83.65 -52.5 33
      vertex 85.2713 -54.1213 33
    endloop
  endfacet
  facet normal 0 0 1
    outer loop
      vertex 83.65 52.5 33
      vertex 84.65 54.5981 33
      vertex 84.298 54.7716 33
    endloop
  endfacet
  facet normal 0 0 1
    outer loop
      vertex 85.2713 -54.1213 33
      vertex 83.65 -52.5 33
      vertex 84.9763 -54.3801 33
    endloop
  endfacet
  facet normal 0 0 1
    outer loop
      vertex 83.65 52.5 33
      vertex 84.298 54.7716 33
      vertex 83.9265 54.8978 33
    endloop
  endfacet
  facet normal 0 0 1
    outer loop
      vertex 84.9763 -54.3801 33
      vertex 83.65 -52.5 33
      vertex 84.65 -54.5981 33
    endloop
  endfacet
  facet normal 0 0 1
    outer loop
      vertex 84.65 -54.5981 33
      vertex 83.65 -52.5 33
      vertex 84.298 -54.7716 33
    endloop
  endfacet
  facet normal 0 0 1
    outer loop
      vertex 83.5416 54.9743 33
      vertex 83.65 52.5 33
      vertex 83.9265 54.8978 33
    endloop
  endfacet
  facet normal 0 0 1
    outer loop
      vertex 83.15 55 33
      vertex 83.65 52.5 33
      vertex 83.5416 54.9743 33
    endloop
  endfacet
  facet normal 0 0 1
    outer loop
      vertex 83.15 55 33
      vertex 27.5 52.5 33
      vertex 83.65 52.5 33
    endloop
  endfacet
  facet normal -0 0 1
    outer loop
      vertex 24.6084 54.9743 33
      vertex 27.5 52.5 33
      vertex 25 55 33
    endloop
  endfacet
  facet normal -0 0 1
    outer loop
      vertex 25 55 33
      vertex 27.5 52.5 33
      vertex 83.15 55 33
    endloop
  endfacet
  facet normal 0 0 1
    outer loop
      vertex 84.298 -54.7716 33
      vertex 83.65 -52.5 33
      vertex 83.9265 -54.8978 33
    endloop
  endfacet
  facet normal 0 0 1
    outer loop
      vertex 83.65 -52.5 33
      vertex 83.5416 -54.9743 33
      vertex 83.9265 -54.8978 33
    endloop
  endfacet
  facet normal 0 0 1
    outer loop
      vertex 83.65 -52.5 33
      vertex 83.15 -55 33
      vertex 83.5416 -54.9743 33
    endloop
  endfacet
  facet normal -0 0 1
    outer loop
      vertex 27.5 -52.5 33
      vertex 83.15 -55 33
      vertex 83.65 -52.5 33
    endloop
  endfacet
  facet normal 0 0 1
    outer loop
      vertex 27.5 -52.5 33
      vertex 25 -55 33
      vertex 83.15 -55 33
    endloop
  endfacet
  facet normal 0 0 1
    outer loop
      vertex 27.5 52.5 33
      vertex 22 52 33
      vertex 27.5 -52.5 33
    endloop
  endfacet
  facet normal -0 0 1
    outer loop
      vertex 24.2235 54.8978 33
      vertex 27.5 52.5 33
      vertex 24.6084 54.9743 33
    endloop
  endfacet
  facet normal -0 0 1
    outer loop
      vertex 22 -52 33
      vertex 27.5 -52.5 33
      vertex 22 52 33
    endloop
  endfacet
  facet normal -0 0 1
    outer loop
      vertex 23.8519 54.7716 33
      vertex 27.5 52.5 33
      vertex 24.2235 54.8978 33
    endloop
  endfacet
  facet normal -0 -0 1
    outer loop
      vertex 22.0257 -52.3916 33
      vertex 27.5 -52.5 33
      vertex 22 -52 33
    endloop
  endfacet
  facet normal -0 0 1
    outer loop
      vertex 23.5 54.5981 33
      vertex 27.5 52.5 33
      vertex 23.8519 54.7716 33
    endloop
  endfacet
  facet normal 0 0 1
    outer loop
      vertex 27.5 -52.5 33
      vertex 24.6084 -54.9743 33
      vertex 25 -55 33
    endloop
  endfacet
  facet normal -0 0 1
    outer loop
      vertex 23.1737 54.3801 33
      vertex 27.5 52.5 33
      vertex 23.5 54.5981 33
    endloop
  endfacet
  facet normal 0 0 1
    outer loop
      vertex 27.5 -52.5 33
      vertex 24.2235 -54.8978 33
      vertex 24.6084 -54.9743 33
    endloop
  endfacet
  facet normal -0 0 1
    outer loop
      vertex 22.8787 54.1213 33
      vertex 27.5 52.5 33
      vertex 23.1737 54.3801 33
    endloop
  endfacet
  facet normal 0 0 1
    outer loop
      vertex 27.5 -52.5 33
      vertex 23.8519 -54.7716 33
      vertex 24.2235 -54.8978 33
    endloop
  endfacet
  facet normal -0 0 1
    outer loop
      vertex 22.6199 53.8263 33
      vertex 27.5 52.5 33
      vertex 22.8787 54.1213 33
    endloop
  endfacet
  facet normal 0 0 1
    outer loop
      vertex 27.5 -52.5 33
      vertex 23.5 -54.5981 33
      vertex 23.8519 -54.7716 33
    endloop
  endfacet
  facet normal -0 0 1
    outer loop
      vertex 22.4019 53.5 33
      vertex 27.5 52.5 33
      vertex 22.6199 53.8263 33
    endloop
  endfacet
  facet normal 0 0 1
    outer loop
      vertex 27.5 -52.5 33
      vertex 23.1737 -54.3801 33
      vertex 23.5 -54.5981 33
    endloop
  endfacet
  facet normal -0 0 1
    outer loop
      vertex 22.2284 53.148 33
      vertex 27.5 52.5 33
      vertex 22.4019 53.5 33
    endloop
  endfacet
  facet normal 0 0 1
    outer loop
      vertex 27.5 -52.5 33
      vertex 22.8787 -54.1213 33
      vertex 23.1737 -54.3801 33
    endloop
  endfacet
  facet normal -0 0 1
    outer loop
      vertex 22.1022 52.7765 33
      vertex 27.5 52.5 33
      vertex 22.2284 53.148 33
    endloop
  endfacet
  facet normal 0 0 1
    outer loop
      vertex 27.5 -52.5 33
      vertex 22.6199 -53.8263 33
      vertex 22.8787 -54.1213 33
    endloop
  endfacet
  facet normal 0 0 1
    outer loop
      vertex 22.0257 52.3916 33
      vertex 27.5 52.5 33
      vertex 22.1022 52.7765 33
    endloop
  endfacet
  facet normal 0 0 1
    outer loop
      vertex 27.5 -52.5 33
      vertex 22.4019 -53.5 33
      vertex 22.6199 -53.8263 33
    endloop
  endfacet
  facet normal 0 0 1
    outer loop
      vertex 27.5 52.5 33
      vertex 22.0257 52.3916 33
      vertex 22 52 33
    endloop
  endfacet
  facet normal 0 0 1
    outer loop
      vertex 27.5 -52.5 33
      vertex 22.2284 -53.148 33
      vertex 22.4019 -53.5 33
    endloop
  endfacet
  facet normal 0 0 1
    outer loop
      vertex 27.5 -52.5 33
      vertex 22.1022 -52.7765 33
      vertex 22.2284 -53.148 33
    endloop
  endfacet
  facet normal 0 0 1
    outer loop
      vertex 27.5 -52.5 33
      vertex 22.0257 -52.3916 33
      vertex 22.1022 -52.7765 33
    endloop
  endfacet
  facet normal 0.997853 0.0654873 0
    outer loop
      vertex 86.15 52 33
      vertex 86.1243 52.3916 0
      vertex 86.1243 52.3916 33
    endloop
  endfacet
  facet normal 0.997853 0.0654873 0
    outer loop
      vertex 86.1243 52.3916 0
      vertex 86.15 52 33
      vertex 86.15 52 0
    endloop
  endfacet
  facet normal 0.946858 -0.321651 0
    outer loop
      vertex 85.9216 -53.148 33
      vertex 86.0478 -52.7765 0
      vertex 86.0478 -52.7765 33
    endloop
  endfacet
  facet normal 0.946858 -0.321651 0
    outer loop
      vertex 86.0478 -52.7765 0
      vertex 85.9216 -53.148 33
      vertex 85.9216 -53.148 0
    endloop
  endfacet
  facet normal -0.751724 -0.659478 0
    outer loop
      vertex 22.8787 -54.1213 17
      vertex 22.6199 -53.8263 33
      vertex 22.6199 -53.8263 17
    endloop
  endfacet
  facet normal -0.751724 -0.659478 0
    outer loop
      vertex 22.6199 -53.8263 33
      vertex 22.8787 -54.1213 17
      vertex 22.8787 -54.1213 33
    endloop
  endfacet
  facet normal 0.831501 -0.555523 0
    outer loop
      vertex 85.5301 -53.8263 33
      vertex 85.7481 -53.5 0
      vertex 85.7481 -53.5 33
    endloop
  endfacet
  facet normal 0.831501 -0.555523 0
    outer loop
      vertex 85.7481 -53.5 0
      vertex 85.5301 -53.8263 33
      vertex 85.5301 -53.8263 0
    endloop
  endfacet
  facet normal 0.896961 -0.44211 0
    outer loop
      vertex 85.7481 -53.5 33
      vertex 85.9216 -53.148 0
      vertex 85.9216 -53.148 33
    endloop
  endfacet
  facet normal 0.896961 -0.44211 0
    outer loop
      vertex 85.9216 -53.148 0
      vertex 85.7481 -53.5 33
      vertex 85.7481 -53.5 0
    endloop
  endfacet
  facet normal -0.751724 0.659478 0
    outer loop
      vertex 22.6199 53.8263 17
      vertex 22.8787 54.1213 33
      vertex 22.8787 54.1213 17
    endloop
  endfacet
  facet normal -0.751724 0.659478 0
    outer loop
      vertex 22.8787 54.1213 33
      vertex 22.6199 53.8263 17
      vertex 22.6199 53.8263 33
    endloop
  endfacet
  facet normal -0.946858 -0.321651 0
    outer loop
      vertex 22.2284 -53.148 17
      vertex 22.1022 -52.7765 33
      vertex 22.1022 -52.7765 17
    endloop
  endfacet
  facet normal -0.946858 -0.321651 0
    outer loop
      vertex 22.1022 -52.7765 33
      vertex 22.2284 -53.148 17
      vertex 22.2284 -53.148 33
    endloop
  endfacet
  facet normal 0.555523 -0.831501 0
    outer loop
      vertex 84.65 -54.5981 0
      vertex 84.9763 -54.3801 33
      vertex 84.65 -54.5981 33
    endloop
  endfacet
  facet normal 0.555523 -0.831501 0
    outer loop
      vertex 84.9763 -54.3801 33
      vertex 84.65 -54.5981 0
      vertex 84.9763 -54.3801 0
    endloop
  endfacet
  facet normal 0.997853 -0.0654873 0
    outer loop
      vertex 86.1243 -52.3916 33
      vertex 86.15 -52 0
      vertex 86.15 -52 33
    endloop
  endfacet
  facet normal 0.997853 -0.0654873 0
    outer loop
      vertex 86.15 -52 0
      vertex 86.1243 -52.3916 33
      vertex 86.1243 -52.3916 0
    endloop
  endfacet
  facet normal 0.896961 0.44211 0
    outer loop
      vertex 85.9216 53.148 33
      vertex 85.7481 53.5 0
      vertex 85.7481 53.5 33
    endloop
  endfacet
  facet normal 0.896961 0.44211 0
    outer loop
      vertex 85.7481 53.5 0
      vertex 85.9216 53.148 33
      vertex 85.9216 53.148 0
    endloop
  endfacet
  facet normal -0.831501 -0.555523 0
    outer loop
      vertex 22.6199 -53.8263 17
      vertex 22.4019 -53.5 33
      vertex 22.4019 -53.5 17
    endloop
  endfacet
  facet normal -0.831501 -0.555523 0
    outer loop
      vertex 22.4019 -53.5 33
      vertex 22.6199 -53.8263 17
      vertex 22.6199 -53.8263 33
    endloop
  endfacet
  facet normal -0.896961 0.44211 0
    outer loop
      vertex 22.2284 53.148 17
      vertex 22.4019 53.5 33
      vertex 22.4019 53.5 17
    endloop
  endfacet
  facet normal -0.896961 0.44211 0
    outer loop
      vertex 22.4019 53.5 33
      vertex 22.2284 53.148 17
      vertex 22.2284 53.148 33
    endloop
  endfacet
  facet normal -0.442211 -0.896911 0
    outer loop
      vertex 23.5 -54.5981 17
      vertex 23.8519 -54.7716 33
      vertex 23.5 -54.5981 33
    endloop
  endfacet
  facet normal -0.442211 -0.896911 0
    outer loop
      vertex 23.8519 -54.7716 0
      vertex 23.5 -54.5981 17
      vertex 23.5 -54.5981 0
    endloop
  endfacet
  facet normal -0.442211 -0.896911 0
    outer loop
      vertex 23.5 -54.5981 17
      vertex 23.8519 -54.7716 0
      vertex 23.8519 -54.7716 33
    endloop
  endfacet
  facet normal -0.0654873 -0.997853 0
    outer loop
      vertex 24.6084 -54.9743 0
      vertex 25 -55 33
      vertex 24.6084 -54.9743 33
    endloop
  endfacet
  facet normal -0.0654873 -0.997853 -0
    outer loop
      vertex 25 -55 33
      vertex 24.6084 -54.9743 0
      vertex 25 -55 0
    endloop
  endfacet
  facet normal -0.659478 0.751724 0
    outer loop
      vertex 23.1737 54.3801 17
      vertex 22.8787 54.1213 33
      vertex 23.1737 54.3801 33
    endloop
  endfacet
  facet normal -0.659478 0.751724 0
    outer loop
      vertex 22.8787 54.1213 33
      vertex 23.1737 54.3801 17
      vertex 22.8787 54.1213 17
    endloop
  endfacet
  facet normal 0.980815 -0.19494 0
    outer loop
      vertex 86.0478 -52.7765 33
      vertex 86.1243 -52.3916 0
      vertex 86.1243 -52.3916 33
    endloop
  endfacet
  facet normal 0.980815 -0.19494 0
    outer loop
      vertex 86.1243 -52.3916 0
      vertex 86.0478 -52.7765 33
      vertex 86.0478 -52.7765 0
    endloop
  endfacet
  facet normal 0.44211 0.896961 -0
    outer loop
      vertex 84.65 54.5981 0
      vertex 84.298 54.7716 33
      vertex 84.65 54.5981 33
    endloop
  endfacet
  facet normal 0.44211 0.896961 0
    outer loop
      vertex 84.298 54.7716 33
      vertex 84.65 54.5981 0
      vertex 84.298 54.7716 0
    endloop
  endfacet
  facet normal -0.659478 -0.751724 0
    outer loop
      vertex 22.8787 -54.1213 17
      vertex 23.1737 -54.3801 33
      vertex 22.8787 -54.1213 33
    endloop
  endfacet
  facet normal -0.659478 -0.751724 -0
    outer loop
      vertex 23.1737 -54.3801 33
      vertex 22.8787 -54.1213 17
      vertex 23.1737 -54.3801 17
    endloop
  endfacet
  facet normal -0.555523 0.831501 0
    outer loop
      vertex 23.5 54.5981 17
      vertex 23.1737 54.3801 33
      vertex 23.5 54.5981 33
    endloop
  endfacet
  facet normal -0.555523 0.831501 0
    outer loop
      vertex 23.1737 54.3801 33
      vertex 23.5 54.5981 17
      vertex 23.1737 54.3801 17
    endloop
  endfacet
  facet normal 0.751724 0.659478 0
    outer loop
      vertex 85.5301 53.8263 33
      vertex 85.2713 54.1213 0
      vertex 85.2713 54.1213 33
    endloop
  endfacet
  facet normal 0.751724 0.659478 0
    outer loop
      vertex 85.2713 54.1213 0
      vertex 85.5301 53.8263 33
      vertex 85.5301 53.8263 0
    endloop
  endfacet
  facet normal 0.555523 0.831501 -0
    outer loop
      vertex 84.9763 54.3801 0
      vertex 84.65 54.5981 33
      vertex 84.9763 54.3801 33
    endloop
  endfacet
  facet normal 0.555523 0.831501 0
    outer loop
      vertex 84.65 54.5981 33
      vertex 84.9763 54.3801 0
      vertex 84.65 54.5981 0
    endloop
  endfacet
  facet normal 0.19494 -0.980815 0
    outer loop
      vertex 83.5416 -54.9743 0
      vertex 83.9265 -54.8978 33
      vertex 83.5416 -54.9743 33
    endloop
  endfacet
  facet normal 0.19494 -0.980815 0
    outer loop
      vertex 83.9265 -54.8978 33
      vertex 83.5416 -54.9743 0
      vertex 83.9265 -54.8978 0
    endloop
  endfacet
  facet normal 0.321651 0.946858 -0
    outer loop
      vertex 84.298 54.7716 0
      vertex 83.9265 54.8978 33
      vertex 84.298 54.7716 33
    endloop
  endfacet
  facet normal 0.321651 0.946858 0
    outer loop
      vertex 83.9265 54.8978 33
      vertex 84.298 54.7716 0
      vertex 83.9265 54.8978 0
    endloop
  endfacet
  facet normal -0.997853 0.0654873 0
    outer loop
      vertex 22 52 17.005
      vertex 22.0257 52.3916 33
      vertex 22.0257 52.3916 17.005
    endloop
  endfacet
  facet normal -0.997853 0.0654873 0
    outer loop
      vertex 22.0257 52.3916 33
      vertex 22 52 17.005
      vertex 22 52 33
    endloop
  endfacet
  facet normal -0.980785 0.195093 0
    outer loop
      vertex 22.0472 52.5 17.005
      vertex 22.1022 52.7765 17
      vertex 22.0472 52.5 17
    endloop
  endfacet
  facet normal -0.980785 0.195093 0
    outer loop
      vertex 22.1022 52.7765 17
      vertex 22.0472 52.5 17.005
      vertex 22.1022 52.7765 33
    endloop
  endfacet
  facet normal -0.980893 0.19455 0
    outer loop
      vertex 22.0257 52.3916 33
      vertex 22.0472 52.5 17.005
      vertex 22.0257 52.3916 17.005
    endloop
  endfacet
  facet normal -0.980815 0.19494 2.74817e-06
    outer loop
      vertex 22.0472 52.5 17.005
      vertex 22.0257 52.3916 33
      vertex 22.1022 52.7765 33
    endloop
  endfacet
  facet normal -0.321574 0.946885 0
    outer loop
      vertex 24.2235 54.8978 0
      vertex 23.8519 54.7716 33
      vertex 24.2235 54.8978 33
    endloop
  endfacet
  facet normal -0.321574 0.946885 0
    outer loop
      vertex 23.8519 54.7716 33
      vertex 24.2235 54.8978 0
      vertex 23.8519 54.7716 0
    endloop
  endfacet
  facet normal -0.0654873 0.997853 0
    outer loop
      vertex 25 55 0
      vertex 24.6084 54.9743 33
      vertex 25 55 33
    endloop
  endfacet
  facet normal -0.0654873 0.997853 0
    outer loop
      vertex 24.6084 54.9743 33
      vertex 25 55 0
      vertex 24.6084 54.9743 0
    endloop
  endfacet
  facet normal 0 0 -1
    outer loop
      vertex 83.15 -55 0
      vertex 86.15 -52 0
      vertex 86.1243 -52.3916 0
    endloop
  endfacet
  facet normal 0 0 -1
    outer loop
      vertex 83.15 -55 0
      vertex 86.1243 -52.3916 0
      vertex 86.0478 -52.7765 0
    endloop
  endfacet
  facet normal 0 0 -1
    outer loop
      vertex 83.15 -55 0
      vertex 86.0478 -52.7765 0
      vertex 85.9216 -53.148 0
    endloop
  endfacet
  facet normal 0 0 -1
    outer loop
      vertex 83.15 -55 0
      vertex 85.9216 -53.148 0
      vertex 85.7481 -53.5 0
    endloop
  endfacet
  facet normal 0 0 -1
    outer loop
      vertex 83.15 -55 0
      vertex 85.7481 -53.5 0
      vertex 85.5301 -53.8263 0
    endloop
  endfacet
  facet normal 0 0 -1
    outer loop
      vertex 83.15 -55 0
      vertex 85.5301 -53.8263 0
      vertex 85.2713 -54.1213 0
    endloop
  endfacet
  facet normal 0 0 -1
    outer loop
      vertex 83.15 -55 0
      vertex 85.2713 -54.1213 0
      vertex 84.9763 -54.3801 0
    endloop
  endfacet
  facet normal 0 0 -1
    outer loop
      vertex 83.15 -55 0
      vertex 84.9763 -54.3801 0
      vertex 84.65 -54.5981 0
    endloop
  endfacet
  facet normal 0 0 -1
    outer loop
      vertex 83.15 -55 0
      vertex 84.65 -54.5981 0
      vertex 84.298 -54.7716 0
    endloop
  endfacet
  facet normal 0 0 -1
    outer loop
      vertex 83.15 -55 0
      vertex 84.298 -54.7716 0
      vertex 83.9265 -54.8978 0
    endloop
  endfacet
  facet normal 0 0 -1
    outer loop
      vertex 83.15 -55 0
      vertex 83.9265 -54.8978 0
      vertex 83.5416 -54.9743 0
    endloop
  endfacet
  facet normal -0 0 -1
    outer loop
      vertex 86.15 -52 0
      vertex 83.15 -55 0
      vertex 86.15 -42.5 0
    endloop
  endfacet
  facet normal 0 0 -1
    outer loop
      vertex 25 -55 0
      vertex 86.15 -42.5 0
      vertex 83.15 -55 0
    endloop
  endfacet
  facet normal 0 0 -1
    outer loop
      vertex 23.5 -54.5981 0
      vertex 25 -55 0
      vertex 24.6084 -54.9743 0
    endloop
  endfacet
  facet normal 0 0 -1
    outer loop
      vertex 23.5 -54.5981 0
      vertex 24.6084 -54.9743 0
      vertex 24.2235 -54.8978 0
    endloop
  endfacet
  facet normal 0 0 -1
    outer loop
      vertex 23.5 -54.5981 0
      vertex 24.2235 -54.8978 0
      vertex 23.8519 -54.7716 0
    endloop
  endfacet
  facet normal 0 0 -1
    outer loop
      vertex 3 -42.5 0
      vertex 25 -55 0
      vertex 23.5 -54.5981 0
    endloop
  endfacet
  facet normal 0 0 -1
    outer loop
      vertex 22.7765 -54.8978 0
      vertex 23.5 -54.5981 0
      vertex 23.148 -54.7716 0
    endloop
  endfacet
  facet normal 0 0 -1
    outer loop
      vertex 22.3916 -54.9743 0
      vertex 23.5 -54.5981 0
      vertex 22.7765 -54.8978 0
    endloop
  endfacet
  facet normal 0 0 -1
    outer loop
      vertex 22 -55 0
      vertex 23.5 -54.5981 0
      vertex 22.3916 -54.9743 0
    endloop
  endfacet
  facet normal 0 0 -1
    outer loop
      vertex 3 -42.5 0
      vertex 22 -55 0
      vertex 6 -55 0
    endloop
  endfacet
  facet normal 0 0 -1
    outer loop
      vertex 22 -55 0
      vertex 3 -42.5 0
      vertex 23.5 -54.5981 0
    endloop
  endfacet
  facet normal 0 0 -1
    outer loop
      vertex 3 -52 0
      vertex 6 -55 0
      vertex 5.60842 -54.9743 0
    endloop
  endfacet
  facet normal 0 0 -1
    outer loop
      vertex 3 -52 0
      vertex 5.60842 -54.9743 0
      vertex 5.22354 -54.8978 0
    endloop
  endfacet
  facet normal 0 0 -1
    outer loop
      vertex 3 -52 0
      vertex 5.22354 -54.8978 0
      vertex 4.85195 -54.7716 0
    endloop
  endfacet
  facet normal 0 0 -1
    outer loop
      vertex 3 -52 0
      vertex 4.85195 -54.7716 0
      vertex 4.5 -54.5981 0
    endloop
  endfacet
  facet normal 0 0 -1
    outer loop
      vertex 3 -52 0
      vertex 4.5 -54.5981 0
      vertex 4.17372 -54.3801 0
    endloop
  endfacet
  facet normal 0 0 -1
    outer loop
      vertex 3 -52 0
      vertex 4.17372 -54.3801 0
      vertex 3.87868 -54.1213 0
    endloop
  endfacet
  facet normal 0 0 -1
    outer loop
      vertex 3 -52 0
      vertex 3.87868 -54.1213 0
      vertex 3.61994 -53.8263 0
    endloop
  endfacet
  facet normal 0 0 -1
    outer loop
      vertex 3 -52 0
      vertex 3.61994 -53.8263 0
      vertex 3.40192 -53.5 0
    endloop
  endfacet
  facet normal 0 0 -1
    outer loop
      vertex 3 -52 0
      vertex 3.40192 -53.5 0
      vertex 3.22836 -53.148 0
    endloop
  endfacet
  facet normal 0 0 -1
    outer loop
      vertex 3 -52 0
      vertex 3.22836 -53.148 0
      vertex 3.10222 -52.7765 0
    endloop
  endfacet
  facet normal 0 0 -1
    outer loop
      vertex 3 -52 0
      vertex 3.10222 -52.7765 0
      vertex 3.02567 -52.3916 0
    endloop
  endfacet
  facet normal 0 0 -1
    outer loop
      vertex 6 -55 0
      vertex 3 -52 0
      vertex 3 -42.5 0
    endloop
  endfacet
  facet normal 0 0 -1
    outer loop
      vertex 25 -55 0
      vertex 3 -42.5 0
      vertex 86.15 -42.5 0
    endloop
  endfacet
  facet normal 0 0 -1
    outer loop
      vertex 83.15 55 0
      vertex 86.15 52 0
      vertex 86.15 42.5 0
    endloop
  endfacet
  facet normal 0 0 -1
    outer loop
      vertex 86.15 52 0
      vertex 83.15 55 0
      vertex 86.1243 52.3916 0
    endloop
  endfacet
  facet normal 0 0 -1
    outer loop
      vertex 86.1243 52.3916 0
      vertex 83.15 55 0
      vertex 86.0478 52.7765 0
    endloop
  endfacet
  facet normal 0 0 -1
    outer loop
      vertex 86.0478 52.7765 0
      vertex 83.15 55 0
      vertex 85.9216 53.148 0
    endloop
  endfacet
  facet normal 0 0 -1
    outer loop
      vertex 85.9216 53.148 0
      vertex 83.15 55 0
      vertex 85.7481 53.5 0
    endloop
  endfacet
  facet normal 0 0 -1
    outer loop
      vertex 85.7481 53.5 0
      vertex 83.15 55 0
      vertex 85.5301 53.8263 0
    endloop
  endfacet
  facet normal 0 0 -1
    outer loop
      vertex 85.5301 53.8263 0
      vertex 83.15 55 0
      vertex 85.2713 54.1213 0
    endloop
  endfacet
  facet normal 0 0 -1
    outer loop
      vertex 85.2713 54.1213 0
      vertex 83.15 55 0
      vertex 84.9763 54.3801 0
    endloop
  endfacet
  facet normal 0 0 -1
    outer loop
      vertex 84.9763 54.3801 0
      vertex 83.15 55 0
      vertex 84.65 54.5981 0
    endloop
  endfacet
  facet normal 0 0 -1
    outer loop
      vertex 84.65 54.5981 0
      vertex 83.15 55 0
      vertex 84.298 54.7716 0
    endloop
  endfacet
  facet normal 0 0 -1
    outer loop
      vertex 84.298 54.7716 0
      vertex 83.15 55 0
      vertex 83.9265 54.8978 0
    endloop
  endfacet
  facet normal 0 0 -1
    outer loop
      vertex 83.9265 54.8978 0
      vertex 83.15 55 0
      vertex 83.5416 54.9743 0
    endloop
  endfacet
  facet normal 0 0 -1
    outer loop
      vertex 86.15 42.5 0
      vertex 25 55 0
      vertex 83.15 55 0
    endloop
  endfacet
  facet normal 0 0 -1
    outer loop
      vertex 3 42.5 0
      vertex 25 55 0
      vertex 86.15 42.5 0
    endloop
  endfacet
  facet normal 0 0 -1
    outer loop
      vertex 25 55 0
      vertex 23.5 54.5981 0
      vertex 24.6084 54.9743 0
    endloop
  endfacet
  facet normal 0 0 -1
    outer loop
      vertex 24.6084 54.9743 0
      vertex 23.5 54.5981 0
      vertex 24.2235 54.8978 0
    endloop
  endfacet
  facet normal 0 0 -1
    outer loop
      vertex 24.2235 54.8978 0
      vertex 23.5 54.5981 0
      vertex 23.8519 54.7716 0
    endloop
  endfacet
  facet normal 0 0 -1
    outer loop
      vertex 23.5 54.5981 0
      vertex 22.7765 54.8978 0
      vertex 23.148 54.7716 0
    endloop
  endfacet
  facet normal 0 0 -1
    outer loop
      vertex 23.5 54.5981 0
      vertex 22.3916 54.9743 0
      vertex 22.7765 54.8978 0
    endloop
  endfacet
  facet normal 0 0 -1
    outer loop
      vertex 23.5 54.5981 0
      vertex 22 55 0
      vertex 22.3916 54.9743 0
    endloop
  endfacet
  facet normal 0 0 -1
    outer loop
      vertex 3 42.5 0
      vertex 22 55 0
      vertex 23.5 54.5981 0
    endloop
  endfacet
  facet normal 0 0 -1
    outer loop
      vertex 25 55 0
      vertex 3 42.5 0
      vertex 23.5 54.5981 0
    endloop
  endfacet
  facet normal -0 0 -1
    outer loop
      vertex 22 55 0
      vertex 3 42.5 0
      vertex 6 55 0
    endloop
  endfacet
  facet normal 0 0 -1
    outer loop
      vertex 3 52 0
      vertex 6 55 0
      vertex 3 42.5 0
    endloop
  endfacet
  facet normal 0 0 -1
    outer loop
      vertex 6 55 0
      vertex 3 52 0
      vertex 5.60842 54.9743 0
    endloop
  endfacet
  facet normal 0 0 -1
    outer loop
      vertex 5.60842 54.9743 0
      vertex 3 52 0
      vertex 5.22354 54.8978 0
    endloop
  endfacet
  facet normal 0 0 -1
    outer loop
      vertex 5.22354 54.8978 0
      vertex 3 52 0
      vertex 4.85195 54.7716 0
    endloop
  endfacet
  facet normal 0 0 -1
    outer loop
      vertex 4.85195 54.7716 0
      vertex 3 52 0
      vertex 4.5 54.5981 0
    endloop
  endfacet
  facet normal 0 0 -1
    outer loop
      vertex 4.5 54.5981 0
      vertex 3 52 0
      vertex 4.17372 54.3801 0
    endloop
  endfacet
  facet normal 0 0 -1
    outer loop
      vertex 4.17372 54.3801 0
      vertex 3 52 0
      vertex 3.87868 54.1213 0
    endloop
  endfacet
  facet normal 0 0 -1
    outer loop
      vertex 3.87868 54.1213 0
      vertex 3 52 0
      vertex 3.61994 53.8263 0
    endloop
  endfacet
  facet normal 0 0 -1
    outer loop
      vertex 3.61994 53.8263 0
      vertex 3 52 0
      vertex 3.40192 53.5 0
    endloop
  endfacet
  facet normal 0 0 -1
    outer loop
      vertex 3.22836 53.148 0
      vertex 3 52 0
      vertex 3.10222 52.7765 0
    endloop
  endfacet
  facet normal 0 0 -1
    outer loop
      vertex 3.40192 53.5 0
      vertex 3 52 0
      vertex 3.22836 53.148 0
    endloop
  endfacet
  facet normal 0 0 -1
    outer loop
      vertex 3.10222 52.7765 0
      vertex 3 52 0
      vertex 3.02567 52.3916 0
    endloop
  endfacet
  facet normal 0.321651 -0.946858 0
    outer loop
      vertex 83.9265 -54.8978 0
      vertex 84.298 -54.7716 33
      vertex 83.9265 -54.8978 33
    endloop
  endfacet
  facet normal 0.321651 -0.946858 0
    outer loop
      vertex 84.298 -54.7716 33
      vertex 83.9265 -54.8978 0
      vertex 84.298 -54.7716 0
    endloop
  endfacet
  facet normal 0.0654873 0.997853 -0
    outer loop
      vertex 83.5416 54.9743 0
      vertex 83.15 55 33
      vertex 83.5416 54.9743 33
    endloop
  endfacet
  facet normal 0.0654873 0.997853 0
    outer loop
      vertex 83.15 55 33
      vertex 83.5416 54.9743 0
      vertex 83.15 55 0
    endloop
  endfacet
  facet normal -0.19495 0.980813 0
    outer loop
      vertex 5.60842 54.9743 0
      vertex 5.22354 54.8978 17
      vertex 5.60842 54.9743 17
    endloop
  endfacet
  facet normal -0.19495 0.980813 0
    outer loop
      vertex 5.22354 54.8978 17
      vertex 5.60842 54.9743 0
      vertex 5.22354 54.8978 0
    endloop
  endfacet
  facet normal -0.659428 -0.751768 0
    outer loop
      vertex 3.87868 -54.1213 0
      vertex 4.17372 -54.3801 17
      vertex 3.87868 -54.1213 17
    endloop
  endfacet
  facet normal -0.659428 -0.751768 -0
    outer loop
      vertex 4.17372 -54.3801 17
      vertex 3.87868 -54.1213 0
      vertex 4.17372 -54.3801 0
    endloop
  endfacet
  facet normal -0.555547 -0.831485 0
    outer loop
      vertex 4.17372 -54.3801 0
      vertex 4.5 -54.5981 17
      vertex 4.17372 -54.3801 17
    endloop
  endfacet
  facet normal -0.555547 -0.831485 -0
    outer loop
      vertex 4.5 -54.5981 17
      vertex 4.17372 -54.3801 0
      vertex 4.5 -54.5981 0
    endloop
  endfacet
  facet normal 0.44211 -0.896961 0
    outer loop
      vertex 23.148 -54.7716 0
      vertex 23.5 -54.5981 17
      vertex 23.148 -54.7716 17
    endloop
  endfacet
  facet normal 0.44211 -0.896961 0
    outer loop
      vertex 23.5 -54.5981 17
      vertex 23.148 -54.7716 0
      vertex 23.5 -54.5981 0
    endloop
  endfacet
  facet normal 0 -1 0
    outer loop
      vertex 6 -55 0
      vertex 22 -55 17
      vertex 6 -55 17
    endloop
  endfacet
  facet normal 0 -1 -0
    outer loop
      vertex 22 -55 17
      vertex 6 -55 0
      vertex 22 -55 0
    endloop
  endfacet
  facet normal 0.0654873 -0.997853 0
    outer loop
      vertex 22 -55 0
      vertex 22.3916 -54.9743 17
      vertex 22 -55 17
    endloop
  endfacet
  facet normal 0.0654873 -0.997853 0
    outer loop
      vertex 22.3916 -54.9743 17
      vertex 22 -55 0
      vertex 22.3916 -54.9743 0
    endloop
  endfacet
  facet normal -0.0654906 -0.997853 0
    outer loop
      vertex 5.60842 -54.9743 0
      vertex 6 -55 17
      vertex 5.60842 -54.9743 17
    endloop
  endfacet
  facet normal -0.0654906 -0.997853 -0
    outer loop
      vertex 6 -55 17
      vertex 5.60842 -54.9743 0
      vertex 6 -55 0
    endloop
  endfacet
  facet normal -0.946905 0.321514 0
    outer loop
      vertex 3.10222 52.7765 0
      vertex 3.22836 53.148 17
      vertex 3.22836 53.148 0
    endloop
  endfacet
  facet normal -0.946905 0.321514 0
    outer loop
      vertex 3.22836 53.148 17
      vertex 3.10222 52.7765 0
      vertex 3.10222 52.7765 17
    endloop
  endfacet
  facet normal -0.44216 0.896936 0
    outer loop
      vertex 4.85195 54.7716 0
      vertex 4.5 54.5981 17
      vertex 4.85195 54.7716 17
    endloop
  endfacet
  facet normal -0.44216 0.896936 0
    outer loop
      vertex 4.5 54.5981 17
      vertex 4.85195 54.7716 0
      vertex 4.5 54.5981 0
    endloop
  endfacet
  facet normal 0.321651 0.946858 -0
    outer loop
      vertex 23.148 54.7716 0
      vertex 22.7765 54.8978 17
      vertex 23.148 54.7716 17
    endloop
  endfacet
  facet normal 0.321651 0.946858 0
    outer loop
      vertex 22.7765 54.8978 17
      vertex 23.148 54.7716 0
      vertex 22.7765 54.8978 0
    endloop
  endfacet
  facet normal -0.831477 -0.555558 0
    outer loop
      vertex 3.61994 -53.8263 0
      vertex 3.40192 -53.5 17
      vertex 3.40192 -53.5 0
    endloop
  endfacet
  facet normal -0.831477 -0.555558 0
    outer loop
      vertex 3.40192 -53.5 17
      vertex 3.61994 -53.8263 0
      vertex 3.61994 -53.8263 17
    endloop
  endfacet
  facet normal -1 0 0
    outer loop
      vertex 3 -42.5 0
      vertex 3 -52 0
      vertex 3 -42.5 8.005
    endloop
  endfacet
  facet normal -1 0 0
    outer loop
      vertex 3 -42 8.005
      vertex 3 -42.5 8.005
      vertex 3 -42 13
    endloop
  endfacet
  facet normal -1 0 0
    outer loop
      vertex 3 42.5 8.005
      vertex 3 52 0
      vertex 3 42.5 0
    endloop
  endfacet
  facet normal -1 0 0
    outer loop
      vertex 3 52 0
      vertex 3 42.5 8.005
      vertex 3 52 17
    endloop
  endfacet
  facet normal -1 0 0
    outer loop
      vertex 3 42 13
      vertex 3 42.5 8.005
      vertex 3 42 8.005
    endloop
  endfacet
  facet normal -1 0 0
    outer loop
      vertex 3 42.5 8.005
      vertex 3 42 13
      vertex 3 52 17
    endloop
  endfacet
  facet normal -1 0 0
    outer loop
      vertex 3 -42 13
      vertex 3 52 17
      vertex 3 42 13
    endloop
  endfacet
  facet normal -1 0 0
    outer loop
      vertex 3 -52 17
      vertex 3 -42.5 8.005
      vertex 3 -52 0
    endloop
  endfacet
  facet normal -1 0 0
    outer loop
      vertex 3 -42 13
      vertex 3 -52 17
      vertex 3 52 17
    endloop
  endfacet
  facet normal -1 0 0
    outer loop
      vertex 3 -42.5 8.005
      vertex 3 -52 17
      vertex 3 -42 13
    endloop
  endfacet
  facet normal -0.980791 0.195062 0
    outer loop
      vertex 3.02567 52.3916 0
      vertex 3.10222 52.7765 17
      vertex 3.10222 52.7765 0
    endloop
  endfacet
  facet normal -0.980791 0.195062 0
    outer loop
      vertex 3.10222 52.7765 17
      vertex 3.02567 52.3916 0
      vertex 3.02567 52.3916 17
    endloop
  endfacet
  facet normal -0.8969 -0.442233 0
    outer loop
      vertex 3.40192 -53.5 0
      vertex 3.22836 -53.148 17
      vertex 3.22836 -53.148 0
    endloop
  endfacet
  facet normal -0.8969 -0.442233 0
    outer loop
      vertex 3.22836 -53.148 17
      vertex 3.40192 -53.5 0
      vertex 3.40192 -53.5 17
    endloop
  endfacet
  facet normal 0.19494 0.980815 -0
    outer loop
      vertex 22.7765 54.8978 0
      vertex 22.3916 54.9743 17
      vertex 22.7765 54.8978 17
    endloop
  endfacet
  facet normal 0.19494 0.980815 0
    outer loop
      vertex 22.3916 54.9743 17
      vertex 22.7765 54.8978 0
      vertex 22.3916 54.9743 0
    endloop
  endfacet
  facet normal -0.997858 0.0654112 0
    outer loop
      vertex 3 52 0
      vertex 3.02567 52.3916 17
      vertex 3.02567 52.3916 0
    endloop
  endfacet
  facet normal -0.997858 0.0654112 0
    outer loop
      vertex 3.02567 52.3916 17
      vertex 3 52 0
      vertex 3 52 17
    endloop
  endfacet
  facet normal -0.831477 0.555558 0
    outer loop
      vertex 3.40192 53.5 0
      vertex 3.61994 53.8263 17
      vertex 3.61994 53.8263 0
    endloop
  endfacet
  facet normal -0.831477 0.555558 0
    outer loop
      vertex 3.61994 53.8263 17
      vertex 3.40192 53.5 0
      vertex 3.40192 53.5 17
    endloop
  endfacet
  facet normal -0.555547 0.831485 0
    outer loop
      vertex 4.5 54.5981 0
      vertex 4.17372 54.3801 17
      vertex 4.5 54.5981 17
    endloop
  endfacet
  facet normal -0.555547 0.831485 0
    outer loop
      vertex 4.17372 54.3801 17
      vertex 4.5 54.5981 0
      vertex 4.17372 54.3801 0
    endloop
  endfacet
  facet normal -0.321582 -0.946882 0
    outer loop
      vertex 4.85195 -54.7716 0
      vertex 5.22354 -54.8978 17
      vertex 4.85195 -54.7716 17
    endloop
  endfacet
  facet normal -0.321582 -0.946882 -0
    outer loop
      vertex 5.22354 -54.8978 17
      vertex 4.85195 -54.7716 0
      vertex 5.22354 -54.8978 0
    endloop
  endfacet
  facet normal 0.321651 -0.946858 0
    outer loop
      vertex 22.7765 -54.8978 0
      vertex 23.148 -54.7716 17
      vertex 22.7765 -54.8978 17
    endloop
  endfacet
  facet normal 0.321651 -0.946858 0
    outer loop
      vertex 23.148 -54.7716 17
      vertex 22.7765 -54.8978 0
      vertex 23.148 -54.7716 0
    endloop
  endfacet
  facet normal 0.44211 0.896961 -0
    outer loop
      vertex 23.5 54.5981 0
      vertex 23.148 54.7716 17
      vertex 23.5 54.5981 17
    endloop
  endfacet
  facet normal 0.44211 0.896961 0
    outer loop
      vertex 23.148 54.7716 17
      vertex 23.5 54.5981 0
      vertex 23.148 54.7716 0
    endloop
  endfacet
  facet normal -0.997858 -0.0654112 0
    outer loop
      vertex 3.02567 -52.3916 0
      vertex 3 -52 17
      vertex 3 -52 0
    endloop
  endfacet
  facet normal -0.997858 -0.0654112 0
    outer loop
      vertex 3 -52 17
      vertex 3.02567 -52.3916 0
      vertex 3.02567 -52.3916 17
    endloop
  endfacet
  facet normal -0.980791 -0.195062 0
    outer loop
      vertex 3.10222 -52.7765 0
      vertex 3.02567 -52.3916 17
      vertex 3.02567 -52.3916 0
    endloop
  endfacet
  facet normal -0.980791 -0.195062 0
    outer loop
      vertex 3.02567 -52.3916 17
      vertex 3.10222 -52.7765 0
      vertex 3.10222 -52.7765 17
    endloop
  endfacet
  facet normal -0.751799 0.659392 0
    outer loop
      vertex 3.61994 53.8263 0
      vertex 3.87868 54.1213 17
      vertex 3.87868 54.1213 0
    endloop
  endfacet
  facet normal -0.751799 0.659392 0
    outer loop
      vertex 3.87868 54.1213 17
      vertex 3.61994 53.8263 0
      vertex 3.61994 53.8263 17
    endloop
  endfacet
  facet normal -0.8969 0.442233 0
    outer loop
      vertex 3.22836 53.148 0
      vertex 3.40192 53.5 17
      vertex 3.40192 53.5 0
    endloop
  endfacet
  facet normal -0.8969 0.442233 0
    outer loop
      vertex 3.40192 53.5 17
      vertex 3.22836 53.148 0
      vertex 3.22836 53.148 17
    endloop
  endfacet
  facet normal -0.946905 -0.321514 0
    outer loop
      vertex 3.22836 -53.148 0
      vertex 3.10222 -52.7765 17
      vertex 3.10222 -52.7765 0
    endloop
  endfacet
  facet normal -0.946905 -0.321514 0
    outer loop
      vertex 3.10222 -52.7765 17
      vertex 3.22836 -53.148 0
      vertex 3.22836 -53.148 17
    endloop
  endfacet
  facet normal 0.0654873 0.997853 -0
    outer loop
      vertex 22.3916 54.9743 0
      vertex 22 55 17
      vertex 22.3916 54.9743 17
    endloop
  endfacet
  facet normal 0.0654873 0.997853 0
    outer loop
      vertex 22 55 17
      vertex 22.3916 54.9743 0
      vertex 22 55 0
    endloop
  endfacet
  facet normal -0.19495 -0.980813 0
    outer loop
      vertex 5.22354 -54.8978 0
      vertex 5.60842 -54.9743 17
      vertex 5.22354 -54.8978 17
    endloop
  endfacet
  facet normal -0.19495 -0.980813 -0
    outer loop
      vertex 5.60842 -54.9743 17
      vertex 5.22354 -54.8978 0
      vertex 5.60842 -54.9743 0
    endloop
  endfacet
  facet normal 0 1 -0
    outer loop
      vertex 22 55 0
      vertex 6 55 17
      vertex 22 55 17
    endloop
  endfacet
  facet normal 0 1 0
    outer loop
      vertex 6 55 17
      vertex 22 55 0
      vertex 6 55 0
    endloop
  endfacet
  facet normal -0.321582 0.946882 0
    outer loop
      vertex 5.22354 54.8978 0
      vertex 4.85195 54.7716 17
      vertex 5.22354 54.8978 17
    endloop
  endfacet
  facet normal -0.321582 0.946882 0
    outer loop
      vertex 4.85195 54.7716 17
      vertex 5.22354 54.8978 0
      vertex 4.85195 54.7716 0
    endloop
  endfacet
  facet normal 0.19494 -0.980815 0
    outer loop
      vertex 22.3916 -54.9743 0
      vertex 22.7765 -54.8978 17
      vertex 22.3916 -54.9743 17
    endloop
  endfacet
  facet normal 0.19494 -0.980815 0
    outer loop
      vertex 22.7765 -54.8978 17
      vertex 22.3916 -54.9743 0
      vertex 22.7765 -54.8978 0
    endloop
  endfacet
  facet normal -0.751799 -0.659392 0
    outer loop
      vertex 3.87868 -54.1213 0
      vertex 3.61994 -53.8263 17
      vertex 3.61994 -53.8263 0
    endloop
  endfacet
  facet normal -0.751799 -0.659392 0
    outer loop
      vertex 3.61994 -53.8263 17
      vertex 3.87868 -54.1213 0
      vertex 3.87868 -54.1213 17
    endloop
  endfacet
  facet normal -0.44216 -0.896936 0
    outer loop
      vertex 4.5 -54.5981 0
      vertex 4.85195 -54.7716 17
      vertex 4.5 -54.5981 17
    endloop
  endfacet
  facet normal -0.44216 -0.896936 -0
    outer loop
      vertex 4.85195 -54.7716 17
      vertex 4.5 -54.5981 0
      vertex 4.85195 -54.7716 0
    endloop
  endfacet
  facet normal -0.0654906 0.997853 0
    outer loop
      vertex 6 55 0
      vertex 5.60842 54.9743 17
      vertex 6 55 17
    endloop
  endfacet
  facet normal -0.0654906 0.997853 0
    outer loop
      vertex 5.60842 54.9743 17
      vertex 6 55 0
      vertex 5.60842 54.9743 0
    endloop
  endfacet
  facet normal -0.659428 0.751768 0
    outer loop
      vertex 4.17372 54.3801 0
      vertex 3.87868 54.1213 17
      vertex 4.17372 54.3801 17
    endloop
  endfacet
  facet normal -0.659428 0.751768 0
    outer loop
      vertex 3.87868 54.1213 17
      vertex 4.17372 54.3801 0
      vertex 3.87868 54.1213 0
    endloop
  endfacet
  facet normal 0 0 1
    outer loop
      vertex 23.148 54.7716 17
      vertex 23.1737 54.3801 17
      vertex 23.5 54.5981 17
    endloop
  endfacet
  facet normal 0 0 1
    outer loop
      vertex 22.7765 54.8978 17
      vertex 23.1737 54.3801 17
      vertex 23.148 54.7716 17
    endloop
  endfacet
  facet normal 0 0 1
    outer loop
      vertex 23.1737 54.3801 17
      vertex 22.7765 54.8978 17
      vertex 22.8787 54.1213 17
    endloop
  endfacet
  facet normal 0 0 1
    outer loop
      vertex 22.3916 54.9743 17
      vertex 22.8787 54.1213 17
      vertex 22.7765 54.8978 17
    endloop
  endfacet
  facet normal 0 0 1
    outer loop
      vertex 22.8787 54.1213 17
      vertex 22.3916 54.9743 17
      vertex 22.6199 53.8263 17
    endloop
  endfacet
  facet normal 0 0 1
    outer loop
      vertex 22 55 17
      vertex 22.6199 53.8263 17
      vertex 22.3916 54.9743 17
    endloop
  endfacet
  facet normal 0 0 1
    outer loop
      vertex 22.6199 53.8263 17
      vertex 22 55 17
      vertex 22.4019 53.5 17
    endloop
  endfacet
  facet normal 0 0 1
    outer loop
      vertex 22.4019 53.5 17
      vertex 22 55 17
      vertex 22.2284 53.148 17
    endloop
  endfacet
  facet normal 0 0 1
    outer loop
      vertex 22.2284 53.148 17
      vertex 22 55 17
      vertex 22.1022 52.7765 17
    endloop
  endfacet
  facet normal 0 0 1
    outer loop
      vertex 22.1022 52.7765 17
      vertex 22 55 17
      vertex 22.0472 52.5 17
    endloop
  endfacet
  facet normal -0 0 1
    outer loop
      vertex 6 55 17
      vertex 22.0472 52.5 17
      vertex 22 55 17
    endloop
  endfacet
  facet normal 0 0 1
    outer loop
      vertex 5.5 52.5 17
      vertex 6 55 17
      vertex 5.60842 54.9743 17
    endloop
  endfacet
  facet normal 0 0 1
    outer loop
      vertex 6 55 17
      vertex 5.5 52.5 17
      vertex 22.0472 52.5 17
    endloop
  endfacet
  facet normal -0 0 1
    outer loop
      vertex 4.85195 54.7716 17
      vertex 5.5 52.5 17
      vertex 5.22354 54.8978 17
    endloop
  endfacet
  facet normal -0 0 1
    outer loop
      vertex 5.22354 54.8978 17
      vertex 5.5 52.5 17
      vertex 5.60842 54.9743 17
    endloop
  endfacet
  facet normal 0 0 1
    outer loop
      vertex 23.1737 -54.3801 17
      vertex 23.148 -54.7716 17
      vertex 23.5 -54.5981 17
    endloop
  endfacet
  facet normal 0 0 1
    outer loop
      vertex 22.7765 -54.8978 17
      vertex 23.1737 -54.3801 17
      vertex 22.8787 -54.1213 17
    endloop
  endfacet
  facet normal 0 0 1
    outer loop
      vertex 23.1737 -54.3801 17
      vertex 22.7765 -54.8978 17
      vertex 23.148 -54.7716 17
    endloop
  endfacet
  facet normal 0 0 1
    outer loop
      vertex 22.3916 -54.9743 17
      vertex 22.8787 -54.1213 17
      vertex 22.6199 -53.8263 17
    endloop
  endfacet
  facet normal 0 0 1
    outer loop
      vertex 22 -55 17
      vertex 22.6199 -53.8263 17
      vertex 22.4019 -53.5 17
    endloop
  endfacet
  facet normal 0 0 1
    outer loop
      vertex 22.8787 -54.1213 17
      vertex 22.3916 -54.9743 17
      vertex 22.7765 -54.8978 17
    endloop
  endfacet
  facet normal 0 0 1
    outer loop
      vertex 22 -55 17
      vertex 22.4019 -53.5 17
      vertex 22.2284 -53.148 17
    endloop
  endfacet
  facet normal 0 0 1
    outer loop
      vertex 22 -55 17
      vertex 22.2284 -53.148 17
      vertex 22.1022 -52.7765 17
    endloop
  endfacet
  facet normal 0 0 1
    outer loop
      vertex 22 -55 17
      vertex 22.1022 -52.7765 17
      vertex 22.0472 -52.5 17
    endloop
  endfacet
  facet normal 0 0 1
    outer loop
      vertex 22.6199 -53.8263 17
      vertex 22 -55 17
      vertex 22.3916 -54.9743 17
    endloop
  endfacet
  facet normal 0 0 1
    outer loop
      vertex 22.0472 -52.5 17
      vertex 6 -55 17
      vertex 22 -55 17
    endloop
  endfacet
  facet normal -0 0 1
    outer loop
      vertex 5.5 -52.5 17
      vertex 6 -55 17
      vertex 22.0472 -52.5 17
    endloop
  endfacet
  facet normal 0 0 1
    outer loop
      vertex 6 -55 17
      vertex 5.5 -52.5 17
      vertex 5.60842 -54.9743 17
    endloop
  endfacet
  facet normal 0 0 1
    outer loop
      vertex 5.5 -52.5 17
      vertex 5.22354 -54.8978 17
      vertex 5.60842 -54.9743 17
    endloop
  endfacet
  facet normal 0 0 1
    outer loop
      vertex 5.5 52.5 17
      vertex 3 52 17
      vertex 5.5 -52.5 17
    endloop
  endfacet
  facet normal -0 0 1
    outer loop
      vertex 4.5 54.5981 17
      vertex 5.5 52.5 17
      vertex 4.85195 54.7716 17
    endloop
  endfacet
  facet normal -0 0 1
    outer loop
      vertex 3 -52 17
      vertex 5.5 -52.5 17
      vertex 3 52 17
    endloop
  endfacet
  facet normal -0 0 1
    outer loop
      vertex 4.17372 54.3801 17
      vertex 5.5 52.5 17
      vertex 4.5 54.5981 17
    endloop
  endfacet
  facet normal -0 -0 1
    outer loop
      vertex 3.02567 -52.3916 17
      vertex 5.5 -52.5 17
      vertex 3 -52 17
    endloop
  endfacet
  facet normal -0 0 1
    outer loop
      vertex 3.87868 54.1213 17
      vertex 5.5 52.5 17
      vertex 4.17372 54.3801 17
    endloop
  endfacet
  facet normal 0 0 1
    outer loop
      vertex 5.5 -52.5 17
      vertex 4.85195 -54.7716 17
      vertex 5.22354 -54.8978 17
    endloop
  endfacet
  facet normal -0 0 1
    outer loop
      vertex 3.61994 53.8263 17
      vertex 5.5 52.5 17
      vertex 3.87868 54.1213 17
    endloop
  endfacet
  facet normal 0 0 1
    outer loop
      vertex 5.5 -52.5 17
      vertex 4.5 -54.5981 17
      vertex 4.85195 -54.7716 17
    endloop
  endfacet
  facet normal -0 0 1
    outer loop
      vertex 3.40192 53.5 17
      vertex 5.5 52.5 17
      vertex 3.61994 53.8263 17
    endloop
  endfacet
  facet normal 0 0 1
    outer loop
      vertex 5.5 -52.5 17
      vertex 4.17372 -54.3801 17
      vertex 4.5 -54.5981 17
    endloop
  endfacet
  facet normal -0 0 1
    outer loop
      vertex 3.22836 53.148 17
      vertex 5.5 52.5 17
      vertex 3.40192 53.5 17
    endloop
  endfacet
  facet normal 0 0 1
    outer loop
      vertex 5.5 -52.5 17
      vertex 3.87868 -54.1213 17
      vertex 4.17372 -54.3801 17
    endloop
  endfacet
  facet normal -0 0 1
    outer loop
      vertex 3.10222 52.7765 17
      vertex 5.5 52.5 17
      vertex 3.22836 53.148 17
    endloop
  endfacet
  facet normal 0 0 1
    outer loop
      vertex 5.5 -52.5 17
      vertex 3.61994 -53.8263 17
      vertex 3.87868 -54.1213 17
    endloop
  endfacet
  facet normal 0 0 1
    outer loop
      vertex 3.02567 52.3916 17
      vertex 5.5 52.5 17
      vertex 3.10222 52.7765 17
    endloop
  endfacet
  facet normal 0 0 1
    outer loop
      vertex 5.5 -52.5 17
      vertex 3.40192 -53.5 17
      vertex 3.61994 -53.8263 17
    endloop
  endfacet
  facet normal 0 0 1
    outer loop
      vertex 5.5 52.5 17
      vertex 3.02567 52.3916 17
      vertex 3 52 17
    endloop
  endfacet
  facet normal 0 0 1
    outer loop
      vertex 5.5 -52.5 17
      vertex 3.22836 -53.148 17
      vertex 3.40192 -53.5 17
    endloop
  endfacet
  facet normal 0 0 1
    outer loop
      vertex 5.5 -52.5 17
      vertex 3.10222 -52.7765 17
      vertex 3.22836 -53.148 17
    endloop
  endfacet
  facet normal 0 0 1
    outer loop
      vertex 5.5 -52.5 17
      vertex 3.02567 -52.3916 17
      vertex 3.10222 -52.7765 17
    endloop
  endfacet
  facet normal 0 0 -1
    outer loop
      vertex 86.15 -42.5 8.005
      vertex 83.65 -33 8.005
      vertex 86.15 42.5 8.005
    endloop
  endfacet
  facet normal 0 0 -1
    outer loop
      vertex 86.15 -42.5 8.005
      vertex 83.573 -34.1747 8.005
      vertex 83.65 -33 8.005
    endloop
  endfacet
  facet normal 0 0 -1
    outer loop
      vertex 86.15 -42.5 8.005
      vertex 83.3433 -35.3294 8.005
      vertex 83.573 -34.1747 8.005
    endloop
  endfacet
  facet normal 0 0 -1
    outer loop
      vertex 86.15 -42.5 8.005
      vertex 82.9649 -36.4441 8.005
      vertex 83.3433 -35.3294 8.005
    endloop
  endfacet
  facet normal 0 0 -1
    outer loop
      vertex 86.15 -42.5 8.005
      vertex 82.4442 -37.5 8.005
      vertex 82.9649 -36.4441 8.005
    endloop
  endfacet
  facet normal 0 0 -1
    outer loop
      vertex 86.15 -42.5 8.005
      vertex 81.7902 -38.4789 8.005
      vertex 82.4442 -37.5 8.005
    endloop
  endfacet
  facet normal 0 0 -1
    outer loop
      vertex 86.15 -42.5 8.005
      vertex 81.014 -39.364 8.005
      vertex 81.7902 -38.4789 8.005
    endloop
  endfacet
  facet normal 0 0 -1
    outer loop
      vertex 86.15 -42.5 8.005
      vertex 80.1289 -40.1402 8.005
      vertex 81.014 -39.364 8.005
    endloop
  endfacet
  facet normal 0 0 -1
    outer loop
      vertex 86.15 -42.5 8.005
      vertex 79.15 -40.7942 8.005
      vertex 80.1289 -40.1402 8.005
    endloop
  endfacet
  facet normal 0 0 -1
    outer loop
      vertex 86.15 -42.5 8.005
      vertex 78.0941 -41.3149 8.005
      vertex 79.15 -40.7942 8.005
    endloop
  endfacet
  facet normal 0 0 -1
    outer loop
      vertex 86.15 -42.5 8.005
      vertex 76.9794 -41.6933 8.005
      vertex 78.0941 -41.3149 8.005
    endloop
  endfacet
  facet normal 0 0 -1
    outer loop
      vertex 86.15 -42.5 8.005
      vertex 75.8247 -41.923 8.005
      vertex 76.9794 -41.6933 8.005
    endloop
  endfacet
  facet normal 0 0 -1
    outer loop
      vertex 86.15 -42.5 8.005
      vertex 74.65 -42 8.005
      vertex 75.8247 -41.923 8.005
    endloop
  endfacet
  facet normal 0 0 -1
    outer loop
      vertex 3 -42.5 8.005
      vertex 74.65 -42 8.005
      vertex 86.15 -42.5 8.005
    endloop
  endfacet
  facet normal -0 0 -1
    outer loop
      vertex 74.65 -42 8.005
      vertex 3 -42.5 8.005
      vertex 3 -42 8.005
    endloop
  endfacet
  facet normal 0 0 -1
    outer loop
      vertex 83.65 33 8.005
      vertex 86.15 42.5 8.005
      vertex 83.65 -33 8.005
    endloop
  endfacet
  facet normal 0 0 -1
    outer loop
      vertex 83.573 34.1747 8.005
      vertex 86.15 42.5 8.005
      vertex 83.65 33 8.005
    endloop
  endfacet
  facet normal 0 0 -1
    outer loop
      vertex 83.3433 35.3294 8.005
      vertex 86.15 42.5 8.005
      vertex 83.573 34.1747 8.005
    endloop
  endfacet
  facet normal 0 0 -1
    outer loop
      vertex 82.9649 36.4441 8.005
      vertex 86.15 42.5 8.005
      vertex 83.3433 35.3294 8.005
    endloop
  endfacet
  facet normal 0 0 -1
    outer loop
      vertex 82.4442 37.5 8.005
      vertex 86.15 42.5 8.005
      vertex 82.9649 36.4441 8.005
    endloop
  endfacet
  facet normal 0 0 -1
    outer loop
      vertex 81.7902 38.4789 8.005
      vertex 86.15 42.5 8.005
      vertex 82.4442 37.5 8.005
    endloop
  endfacet
  facet normal 0 0 -1
    outer loop
      vertex 81.014 39.364 8.005
      vertex 86.15 42.5 8.005
      vertex 81.7902 38.4789 8.005
    endloop
  endfacet
  facet normal 0 0 -1
    outer loop
      vertex 80.1289 40.1402 8.005
      vertex 86.15 42.5 8.005
      vertex 81.014 39.364 8.005
    endloop
  endfacet
  facet normal 0 0 -1
    outer loop
      vertex 79.15 40.7942 8.005
      vertex 86.15 42.5 8.005
      vertex 80.1289 40.1402 8.005
    endloop
  endfacet
  facet normal 0 0 -1
    outer loop
      vertex 78.0941 41.3149 8.005
      vertex 86.15 42.5 8.005
      vertex 79.15 40.7942 8.005
    endloop
  endfacet
  facet normal 0 0 -1
    outer loop
      vertex 76.9794 41.6933 8.005
      vertex 86.15 42.5 8.005
      vertex 78.0941 41.3149 8.005
    endloop
  endfacet
  facet normal 0 0 -1
    outer loop
      vertex 75.8247 41.923 8.005
      vertex 86.15 42.5 8.005
      vertex 76.9794 41.6933 8.005
    endloop
  endfacet
  facet normal 0 0 -1
    outer loop
      vertex 74.65 42 8.005
      vertex 86.15 42.5 8.005
      vertex 75.8247 41.923 8.005
    endloop
  endfacet
  facet normal 0 0 -1
    outer loop
      vertex 3 42.5 8.005
      vertex 74.65 42 8.005
      vertex 3 42 8.005
    endloop
  endfacet
  facet normal 0 0 -1
    outer loop
      vertex 74.65 42 8.005
      vertex 3 42.5 8.005
      vertex 86.15 42.5 8.005
    endloop
  endfacet
  facet normal 0 -1 0
    outer loop
      vertex 3 42.5 0
      vertex 86.15 42.5 8.005
      vertex 3 42.5 8.005
    endloop
  endfacet
  facet normal 0 -1 -0
    outer loop
      vertex 86.15 42.5 8.005
      vertex 3 42.5 0
      vertex 86.15 42.5 0
    endloop
  endfacet
  facet normal 0 1 -0
    outer loop
      vertex 86.15 -42.5 0
      vertex 3 -42.5 8.005
      vertex 86.15 -42.5 8.005
    endloop
  endfacet
  facet normal 0 1 0
    outer loop
      vertex 3 -42.5 8.005
      vertex 86.15 -42.5 0
      vertex 3 -42.5 0
    endloop
  endfacet
  facet normal -1 0 0
    outer loop
      vertex 83.65 -2 14.995
      vertex 83.65 -52.5 14.995
      vertex 83.65 -2 30
    endloop
  endfacet
  facet normal -1 0 0
    outer loop
      vertex 83.65 18 30
      vertex 83.65 52.5 14.995
      vertex 83.65 18 14.995
    endloop
  endfacet
  facet normal -1 0 0
    outer loop
      vertex 83.65 52.5 14.995
      vertex 83.65 18 30
      vertex 83.65 52.5 33
    endloop
  endfacet
  facet normal -1 0 0
    outer loop
      vertex 83.65 -2 30
      vertex 83.65 52.5 33
      vertex 83.65 18 30
    endloop
  endfacet
  facet normal -1 0 0
    outer loop
      vertex 83.65 -2 30
      vertex 83.65 -52.5 33
      vertex 83.65 52.5 33
    endloop
  endfacet
  facet normal -1 0 0
    outer loop
      vertex 83.65 -52.5 33
      vertex 83.65 -2 30
      vertex 83.65 -52.5 14.995
    endloop
  endfacet
  facet normal -1 0 0
    outer loop
      vertex 83.65 1 14.995
      vertex 83.65 0 14.995
      vertex 83.65 1 27
    endloop
  endfacet
  facet normal -1 0 0
    outer loop
      vertex 83.65 15 27
      vertex 83.65 16 14.995
      vertex 83.65 15 14.995
    endloop
  endfacet
  facet normal -1 0 0
    outer loop
      vertex 83.65 16 14.995
      vertex 83.65 15 27
      vertex 83.65 16 28
    endloop
  endfacet
  facet normal -1 0 0
    outer loop
      vertex 83.65 1 27
      vertex 83.65 16 28
      vertex 83.65 15 27
    endloop
  endfacet
  facet normal -1 0 0
    outer loop
      vertex 83.65 1 27
      vertex 83.65 0 28
      vertex 83.65 16 28
    endloop
  endfacet
  facet normal -1 0 0
    outer loop
      vertex 83.65 0 28
      vertex 83.65 1 27
      vertex 83.65 0 14.995
    endloop
  endfacet
  facet normal 0 0 -1
    outer loop
      vertex 22 -52 17.005
      vertex 27.5 -52.5 17.005
      vertex 22.0472 -52.5 17.005
    endloop
  endfacet
  facet normal 0 0 -1
    outer loop
      vertex 27.5 -52.5 17.005
      vertex 22 -52 17.005
      vertex 27.5 52.5 17.005
    endloop
  endfacet
  facet normal 0 0 -1
    outer loop
      vertex 22 -52 17.005
      vertex 22.0472 -52.5 17.005
      vertex 22.0257 -52.3916 17.005
    endloop
  endfacet
  facet normal 0 0 -1
    outer loop
      vertex 22 52 17.005
      vertex 27.5 52.5 17.005
      vertex 22 -52 17.005
    endloop
  endfacet
  facet normal -0 0 -1
    outer loop
      vertex 27.5 52.5 17.005
      vertex 22 52 17.005
      vertex 22.0472 52.5 17.005
    endloop
  endfacet
  facet normal 0 0 -1
    outer loop
      vertex 22.0472 52.5 17.005
      vertex 22 52 17.005
      vertex 22.0257 52.3916 17.005
    endloop
  endfacet
  facet normal -0 0 1
    outer loop
      vertex 16.6847 33.45 14.995
      vertex 44.2784 29.2579 14.995
      vertex 16.864 33.8137 14.995
    endloop
  endfacet
  facet normal 0 0 1
    outer loop
      vertex 45.8359 9.7571 14.995
      vertex 17.0735 -34.5954 14.995
      vertex 17.1 -35 14.995
    endloop
  endfacet
  facet normal -0 0 1
    outer loop
      vertex 16.4594 33.1128 14.995
      vertex 44.2784 29.2579 14.995
      vertex 16.6847 33.45 14.995
    endloop
  endfacet
  facet normal 0 0 1
    outer loop
      vertex 45.8359 9.7571 14.995
      vertex 16.9944 -34.1977 14.995
      vertex 17.0735 -34.5954 14.995
    endloop
  endfacet
  facet normal -0 0 1
    outer loop
      vertex 16.192 32.808 14.995
      vertex 44.2784 29.2579 14.995
      vertex 16.4594 33.1128 14.995
    endloop
  endfacet
  facet normal 0 0 1
    outer loop
      vertex 45.8359 9.7571 14.995
      vertex 16.864 -33.8137 14.995
      vertex 16.9944 -34.1977 14.995
    endloop
  endfacet
  facet normal 0 0 1
    outer loop
      vertex 44.2784 29.2579 14.995
      vertex 16.192 32.808 14.995
      vertex 45.9361 11.755 14.995
    endloop
  endfacet
  facet normal 0 0 1
    outer loop
      vertex 45.8359 9.7571 14.995
      vertex 16.6847 -33.45 14.995
      vertex 16.864 -33.8137 14.995
    endloop
  endfacet
  facet normal -0 0 1
    outer loop
      vertex 15.8872 32.5406 14.995
      vertex 45.9361 11.755 14.995
      vertex 16.192 32.808 14.995
    endloop
  endfacet
  facet normal 0 0 1
    outer loop
      vertex 45.8359 9.7571 14.995
      vertex 16.4594 -33.1128 14.995
      vertex 16.6847 -33.45 14.995
    endloop
  endfacet
  facet normal -0 0 1
    outer loop
      vertex 15.55 32.3153 14.995
      vertex 45.9361 11.755 14.995
      vertex 15.8872 32.5406 14.995
    endloop
  endfacet
  facet normal 0 0 1
    outer loop
      vertex 45.8359 9.7571 14.995
      vertex 16.192 -32.808 14.995
      vertex 16.4594 -33.1128 14.995
    endloop
  endfacet
  facet normal -0 0 1
    outer loop
      vertex 15.1863 32.136 14.995
      vertex 45.9361 11.755 14.995
      vertex 15.55 32.3153 14.995
    endloop
  endfacet
  facet normal 0 0 1
    outer loop
      vertex 45.8359 9.7571 14.995
      vertex 15.8872 -32.5406 14.995
      vertex 16.192 -32.808 14.995
    endloop
  endfacet
  facet normal 0 0 1
    outer loop
      vertex 45.9361 11.755 14.995
      vertex 15.1863 32.136 14.995
      vertex 45.8359 9.7571 14.995
    endloop
  endfacet
  facet normal 0 0 1
    outer loop
      vertex 45.8359 9.7571 14.995
      vertex 15.55 -32.3153 14.995
      vertex 15.8872 -32.5406 14.995
    endloop
  endfacet
  facet normal -0 0 1
    outer loop
      vertex 14.8023 32.0056 14.995
      vertex 45.8359 9.7571 14.995
      vertex 15.1863 32.136 14.995
    endloop
  endfacet
  facet normal 0 0 1
    outer loop
      vertex 45.8359 9.7571 14.995
      vertex 15.1863 -32.136 14.995
      vertex 15.55 -32.3153 14.995
    endloop
  endfacet
  facet normal -0 0 1
    outer loop
      vertex 14.4046 31.9265 14.995
      vertex 45.8359 9.7571 14.995
      vertex 14.8023 32.0056 14.995
    endloop
  endfacet
  facet normal 0 0 1
    outer loop
      vertex 45.8359 9.7571 14.995
      vertex 14.8023 -32.0056 14.995
      vertex 15.1863 -32.136 14.995
    endloop
  endfacet
  facet normal -0 0 1
    outer loop
      vertex 14 31.9 14.995
      vertex 45.8359 9.7571 14.995
      vertex 14.4046 31.9265 14.995
    endloop
  endfacet
  facet normal 0 0 1
    outer loop
      vertex 45.8359 9.7571 14.995
      vertex 14.4046 -31.9265 14.995
      vertex 14.8023 -32.0056 14.995
    endloop
  endfacet
  facet normal 0 0 1
    outer loop
      vertex 14 -31.9 14.995
      vertex 45.8359 9.7571 14.995
      vertex 14 31.9 14.995
    endloop
  endfacet
  facet normal 0 0 1
    outer loop
      vertex 45.8359 9.7571 14.995
      vertex 14 -31.9 14.995
      vertex 14.4046 -31.9265 14.995
    endloop
  endfacet
  facet normal 0 0 1
    outer loop
      vertex 13.5954 31.9265 14.995
      vertex 14 -31.9 14.995
      vertex 14 31.9 14.995
    endloop
  endfacet
  facet normal 0 0 1
    outer loop
      vertex 13.5954 31.9265 14.995
      vertex 13.5954 -31.9265 14.995
      vertex 14 -31.9 14.995
    endloop
  endfacet
  facet normal 0 0 1
    outer loop
      vertex 13.1977 32.0056 14.995
      vertex 13.5954 -31.9265 14.995
      vertex 13.5954 31.9265 14.995
    endloop
  endfacet
  facet normal 0 0 1
    outer loop
      vertex 13.1977 32.0056 14.995
      vertex 13.1977 -32.0056 14.995
      vertex 13.5954 -31.9265 14.995
    endloop
  endfacet
  facet normal 0 0 1
    outer loop
      vertex 12.8137 32.136 14.995
      vertex 13.1977 -32.0056 14.995
      vertex 13.1977 32.0056 14.995
    endloop
  endfacet
  facet normal 0 0 1
    outer loop
      vertex 12.8137 32.136 14.995
      vertex 12.8137 -32.136 14.995
      vertex 13.1977 -32.0056 14.995
    endloop
  endfacet
  facet normal 0 0 1
    outer loop
      vertex 12.45 32.3153 14.995
      vertex 12.8137 -32.136 14.995
      vertex 12.8137 32.136 14.995
    endloop
  endfacet
  facet normal 0 0 1
    outer loop
      vertex 12.45 32.3153 14.995
      vertex 12.45 -32.3153 14.995
      vertex 12.8137 -32.136 14.995
    endloop
  endfacet
  facet normal 0 0 1
    outer loop
      vertex 12.1128 32.5406 14.995
      vertex 12.45 -32.3153 14.995
      vertex 12.45 32.3153 14.995
    endloop
  endfacet
  facet normal 0 0 1
    outer loop
      vertex 12.1128 32.5406 14.995
      vertex 12.1128 -32.5406 14.995
      vertex 12.45 -32.3153 14.995
    endloop
  endfacet
  facet normal 0 0 1
    outer loop
      vertex 11.808 32.808 14.995
      vertex 12.1128 -32.5406 14.995
      vertex 12.1128 32.5406 14.995
    endloop
  endfacet
  facet normal 0 0 1
    outer loop
      vertex 11.808 32.808 14.995
      vertex 11.808 -32.808 14.995
      vertex 12.1128 -32.5406 14.995
    endloop
  endfacet
  facet normal 0 0 1
    outer loop
      vertex 11.5406 33.1128 14.995
      vertex 11.808 -32.808 14.995
      vertex 11.808 32.808 14.995
    endloop
  endfacet
  facet normal 0 0 1
    outer loop
      vertex 11.5406 33.1128 14.995
      vertex 11.5406 -33.1128 14.995
      vertex 11.808 -32.808 14.995
    endloop
  endfacet
  facet normal 0 0 1
    outer loop
      vertex 11.3153 33.45 14.995
      vertex 11.5406 -33.1128 14.995
      vertex 11.5406 33.1128 14.995
    endloop
  endfacet
  facet normal 0 0 1
    outer loop
      vertex 11.3153 33.45 14.995
      vertex 11.3153 -33.45 14.995
      vertex 11.5406 -33.1128 14.995
    endloop
  endfacet
  facet normal 0 0 1
    outer loop
      vertex 11.136 33.8137 14.995
      vertex 11.3153 -33.45 14.995
      vertex 11.3153 33.45 14.995
    endloop
  endfacet
  facet normal 0 0 1
    outer loop
      vertex 11.136 33.8137 14.995
      vertex 11.136 -33.8137 14.995
      vertex 11.3153 -33.45 14.995
    endloop
  endfacet
  facet normal 0 0 1
    outer loop
      vertex 11.0056 34.1977 14.995
      vertex 11.136 -33.8137 14.995
      vertex 11.136 33.8137 14.995
    endloop
  endfacet
  facet normal 0 0 1
    outer loop
      vertex 11.0056 34.1977 14.995
      vertex 11.0056 -34.1977 14.995
      vertex 11.136 -33.8137 14.995
    endloop
  endfacet
  facet normal 0 0 1
    outer loop
      vertex 5.5 52.5 14.995
      vertex 11.0056 34.1977 14.995
      vertex 10.9265 34.5954 14.995
    endloop
  endfacet
  facet normal 0 0 1
    outer loop
      vertex 11.0056 34.1977 14.995
      vertex 5.5 52.5 14.995
      vertex 11.0056 -34.1977 14.995
    endloop
  endfacet
  facet normal 0 0 1
    outer loop
      vertex 5.5 52.5 14.995
      vertex 10.9265 34.5954 14.995
      vertex 10.9 35 14.995
    endloop
  endfacet
  facet normal 0 0 1
    outer loop
      vertex 5.5 -52.5 14.995
      vertex 11.0056 -34.1977 14.995
      vertex 5.5 52.5 14.995
    endloop
  endfacet
  facet normal 0 0 1
    outer loop
      vertex 47.8775 46.0214 14.995
      vertex 45.9913 46.2858 14.995
      vertex 47.7221 44.9323 14.995
    endloop
  endfacet
  facet normal 0 0 1
    outer loop
      vertex 51.85 52.5 14.995
      vertex 51.4176 46.4339 14.995
      vertex 51.85 46.5 14.995
    endloop
  endfacet
  facet normal 0 0 1
    outer loop
      vertex 51.85 52.5 14.995
      vertex 46.0815 47.182 14.995
      vertex 51.4176 46.4339 14.995
    endloop
  endfacet
  facet normal 0 0 1
    outer loop
      vertex 44.3685 30.1541 14.995
      vertex 45.7448 31.072 14.995
      vertex 45.9913 46.2858 14.995
    endloop
  endfacet
  facet normal 0 0 1
    outer loop
      vertex 45.7448 31.072 14.995
      vertex 44.3685 30.1541 14.995
      vertex 45.5894 29.9829 14.995
    endloop
  endfacet
  facet normal -0 0 1
    outer loop
      vertex 16.9944 35.8023 14.995
      vertex 44.3685 30.1541 14.995
      vertex 45.9913 46.2858 14.995
    endloop
  endfacet
  facet normal 0 0 1
    outer loop
      vertex 45.8359 9.7571 14.995
      vertex 17.1 -35 14.995
      vertex 46.5542 -9.77693 14.995
    endloop
  endfacet
  facet normal -0 -0 1
    outer loop
      vertex 17.0735 35.4046 14.995
      vertex 44.3685 30.1541 14.995
      vertex 16.9944 35.8023 14.995
    endloop
  endfacet
  facet normal 0 0 1
    outer loop
      vertex 16.192 37.192 14.995
      vertex 45.9913 46.2858 14.995
      vertex 46.0815 47.182 14.995
    endloop
  endfacet
  facet normal -0 0 1
    outer loop
      vertex 5.5 52.5 14.995
      vertex 46.0815 47.182 14.995
      vertex 51.85 52.5 14.995
    endloop
  endfacet
  facet normal -0 0 1
    outer loop
      vertex 17.0735 34.5954 14.995
      vertex 44.3685 30.1541 14.995
      vertex 17.1 35 14.995
    endloop
  endfacet
  facet normal -0 -0 1
    outer loop
      vertex 17.1 35 14.995
      vertex 44.3685 30.1541 14.995
      vertex 17.0735 35.4046 14.995
    endloop
  endfacet
  facet normal 0 0 1
    outer loop
      vertex 45.9913 46.2858 14.995
      vertex 16.864 36.1863 14.995
      vertex 16.9944 35.8023 14.995
    endloop
  endfacet
  facet normal 0 0 1
    outer loop
      vertex 45.9913 46.2858 14.995
      vertex 16.6847 36.55 14.995
      vertex 16.864 36.1863 14.995
    endloop
  endfacet
  facet normal 0 0 1
    outer loop
      vertex 45.9913 46.2858 14.995
      vertex 16.4594 36.8872 14.995
      vertex 16.6847 36.55 14.995
    endloop
  endfacet
  facet normal 0 0 1
    outer loop
      vertex 45.9913 46.2858 14.995
      vertex 16.192 37.192 14.995
      vertex 16.4594 36.8872 14.995
    endloop
  endfacet
  facet normal 0 0 1
    outer loop
      vertex 46.0815 47.182 14.995
      vertex 15.8872 37.4594 14.995
      vertex 16.192 37.192 14.995
    endloop
  endfacet
  facet normal 0 0 1
    outer loop
      vertex 46.0815 47.182 14.995
      vertex 15.55 37.6847 14.995
      vertex 15.8872 37.4594 14.995
    endloop
  endfacet
  facet normal 0 0 1
    outer loop
      vertex 46.0815 47.182 14.995
      vertex 5.5 52.5 14.995
      vertex 15.55 37.6847 14.995
    endloop
  endfacet
  facet normal 0 0 1
    outer loop
      vertex 15.55 37.6847 14.995
      vertex 5.5 52.5 14.995
      vertex 15.1863 37.864 14.995
    endloop
  endfacet
  facet normal 0 0 1
    outer loop
      vertex 15.1863 37.864 14.995
      vertex 5.5 52.5 14.995
      vertex 14.8023 37.9944 14.995
    endloop
  endfacet
  facet normal 0 0 1
    outer loop
      vertex 14.8023 37.9944 14.995
      vertex 5.5 52.5 14.995
      vertex 14.4046 38.0735 14.995
    endloop
  endfacet
  facet normal 0 0 1
    outer loop
      vertex 14.4046 38.0735 14.995
      vertex 5.5 52.5 14.995
      vertex 14 38.1 14.995
    endloop
  endfacet
  facet normal 0 0 1
    outer loop
      vertex 14 38.1 14.995
      vertex 5.5 52.5 14.995
      vertex 13.5954 38.0735 14.995
    endloop
  endfacet
  facet normal 0 0 1
    outer loop
      vertex 13.5954 38.0735 14.995
      vertex 5.5 52.5 14.995
      vertex 13.1977 37.9944 14.995
    endloop
  endfacet
  facet normal 0 0 1
    outer loop
      vertex 11.0056 -34.1977 14.995
      vertex 5.5 -52.5 14.995
      vertex 10.9265 -34.5954 14.995
    endloop
  endfacet
  facet normal 0 0 1
    outer loop
      vertex 10.9265 35.4046 14.995
      vertex 5.5 52.5 14.995
      vertex 10.9 35 14.995
    endloop
  endfacet
  facet normal 0 0 1
    outer loop
      vertex 11.0056 35.8023 14.995
      vertex 5.5 52.5 14.995
      vertex 10.9265 35.4046 14.995
    endloop
  endfacet
  facet normal 0 0 1
    outer loop
      vertex 11.136 36.1863 14.995
      vertex 5.5 52.5 14.995
      vertex 11.0056 35.8023 14.995
    endloop
  endfacet
  facet normal 0 0 1
    outer loop
      vertex 11.3153 36.55 14.995
      vertex 5.5 52.5 14.995
      vertex 11.136 36.1863 14.995
    endloop
  endfacet
  facet normal 0 0 1
    outer loop
      vertex 11.5406 36.8872 14.995
      vertex 5.5 52.5 14.995
      vertex 11.3153 36.55 14.995
    endloop
  endfacet
  facet normal 0 0 1
    outer loop
      vertex 11.808 37.192 14.995
      vertex 5.5 52.5 14.995
      vertex 11.5406 36.8872 14.995
    endloop
  endfacet
  facet normal 0 0 1
    outer loop
      vertex 12.1128 37.4594 14.995
      vertex 5.5 52.5 14.995
      vertex 11.808 37.192 14.995
    endloop
  endfacet
  facet normal 0 0 1
    outer loop
      vertex 12.45 37.6847 14.995
      vertex 5.5 52.5 14.995
      vertex 12.1128 37.4594 14.995
    endloop
  endfacet
  facet normal 0 0 1
    outer loop
      vertex 12.8137 37.864 14.995
      vertex 5.5 52.5 14.995
      vertex 12.45 37.6847 14.995
    endloop
  endfacet
  facet normal 0 0 1
    outer loop
      vertex 13.1977 37.9944 14.995
      vertex 5.5 52.5 14.995
      vertex 12.8137 37.864 14.995
    endloop
  endfacet
  facet normal 0 0 1
    outer loop
      vertex 45.7448 31.072 14.995
      vertex 51.2172 44.4423 14.995
      vertex 47.7221 44.9323 14.995
    endloop
  endfacet
  facet normal 0 0 1
    outer loop
      vertex 45.7448 31.072 14.995
      vertex 47.7221 44.9323 14.995
      vertex 45.9913 46.2858 14.995
    endloop
  endfacet
  facet normal 0 0 1
    outer loop
      vertex 51.2172 44.4423 14.995
      vertex 45.7448 31.072 14.995
      vertex 49.8148 30.5014 14.995
    endloop
  endfacet
  facet normal -0 0 1
    outer loop
      vertex 43.3155 -31.9747 14.995
      vertex 46.8563 -45.6159 14.995
      vertex 44.879 -31.7555 14.995
    endloop
  endfacet
  facet normal 0 0 1
    outer loop
      vertex 46.8563 -45.6159 14.995
      vertex 43.3155 -31.9747 14.995
      vertex 44.7179 -45.9157 14.995
    endloop
  endfacet
  facet normal 0 0 1
    outer loop
      vertex 45.8359 9.7571 14.995
      vertex 55.0715 8.1 14.995
      vertex 55.0715 9 14.995
    endloop
  endfacet
  facet normal 0 -0 1
    outer loop
      vertex 46.5542 -9.77693 14.995
      vertex 55.0715 8.1 14.995
      vertex 45.8359 9.7571 14.995
    endloop
  endfacet
  facet normal 0 0 1
    outer loop
      vertex 55.0715 -8.1 14.995
      vertex 46.5542 -9.77693 14.995
      vertex 55.0715 -9 14.995
    endloop
  endfacet
  facet normal 0 0 1
    outer loop
      vertex 55.0715 8.1 14.995
      vertex 46.5542 -9.77693 14.995
      vertex 55.0715 -8.1 14.995
    endloop
  endfacet
  facet normal 0 0 1
    outer loop
      vertex 45.8359 9.7571 14.995
      vertex 55.0715 9 14.995
      vertex 56.6895 9 14.995
    endloop
  endfacet
  facet normal 0 0 1
    outer loop
      vertex 57.6919 -9 14.995
      vertex 55.0715 -9 14.995
      vertex 46.5542 -9.77693 14.995
    endloop
  endfacet
  facet normal -0 0 1
    outer loop
      vertex 46.6544 -11.7748 14.995
      vertex 48.5255 -25.6785 14.995
      vertex 47.5343 -11.7134 14.995
    endloop
  endfacet
  facet normal 0 0 1
    outer loop
      vertex 48.5255 -25.6785 14.995
      vertex 46.6544 -11.7748 14.995
      vertex 47.3559 -25.7601 14.995
    endloop
  endfacet
  facet normal 0 0 1
    outer loop
      vertex 57.5058 8.1 14.995
      vertex 56.3497 8 14.995
      vertex 57.5058 8 14.995
    endloop
  endfacet
  facet normal 0 0 1
    outer loop
      vertex 56.3497 8 14.995
      vertex 55.0715 8.1 14.995
      vertex 56.3497 -8 14.995
    endloop
  endfacet
  facet normal -0 0 1
    outer loop
      vertex 55.0715 8.1 14.995
      vertex 56.3497 8 14.995
      vertex 57.5058 8.1 14.995
    endloop
  endfacet
  facet normal 0 0 1
    outer loop
      vertex 59.3722 -9.78499 14.995
      vertex 63.0713 -9 14.995
      vertex 59.3722 -9 14.995
    endloop
  endfacet
  facet normal 0 0 1
    outer loop
      vertex 63.0713 -9 14.995
      vertex 59.3722 -9.78499 14.995
      vertex 63.1156 -9.62411 14.995
    endloop
  endfacet
  facet normal -0 0 1
    outer loop
      vertex 59.3722 -9.78499 14.995
      vertex 59.0033 -9.91097 14.995
      vertex 63.1156 -9.62411 14.995
    endloop
  endfacet
  facet normal 0 0 1
    outer loop
      vertex 59.3722 -25.9243 14.995
      vertex 55.9965 -25.1573 14.995
      vertex 56.0734 -26.2547 14.995
    endloop
  endfacet
  facet normal -0 0 1
    outer loop
      vertex 50.5175 -11.5053 14.995
      vertex 59.3722 -15.1084 14.995
      vertex 55.0175 -11.1914 14.995
    endloop
  endfacet
  facet normal 0 0 1
    outer loop
      vertex 54.9406 -10.0941 14.995
      vertex 59.0033 -9.91097 14.995
      vertex 59.3722 -9.78499 14.995
    endloop
  endfacet
  facet normal 0 0 1
    outer loop
      vertex 59.0033 -9.91097 14.995
      vertex 54.9406 -10.0941 14.995
      vertex 55.0175 -11.1914 14.995
    endloop
  endfacet
  facet normal 0 0 1
    outer loop
      vertex 66.5664 -25.4225 14.995
      vertex 65.5848 -25.4909 14.995
      vertex 65.6556 -26.4884 14.995
    endloop
  endfacet
  facet normal 0 0 1
    outer loop
      vertex 83.15 15 14.995
      vertex 64.4451 9.46144 14.995
      vertex 83.15 1 14.995
    endloop
  endfacet
  facet normal -0 0 1
    outer loop
      vertex 64.0216 9 14.995
      vertex 83.15 1 14.995
      vertex 64.4451 9.46144 14.995
    endloop
  endfacet
  facet normal 0 0 1
    outer loop
      vertex 83.15 0 14.995
      vertex 65.4476 -9.46144 14.995
      vertex 66.5664 -25.4225 14.995
    endloop
  endfacet
  facet normal 0 0 1
    outer loop
      vertex 83.15 1 14.995
      vertex 64.0216 9 14.995
      vertex 83.15 0 14.995
    endloop
  endfacet
  facet normal 0 -0 1
    outer loop
      vertex 64.3813 -8.53337 14.995
      vertex 83.15 0 14.995
      vertex 64.0216 9 14.995
    endloop
  endfacet
  facet normal 0 0 1
    outer loop
      vertex 65.4476 -9.46144 14.995
      vertex 64.3813 -8.53337 14.995
      vertex 64.4521 -9.53088 14.995
    endloop
  endfacet
  facet normal 0 0 1
    outer loop
      vertex 83.15 0 14.995
      vertex 64.3813 -8.53337 14.995
      vertex 65.4476 -9.46144 14.995
    endloop
  endfacet
  facet normal 0 0 1
    outer loop
      vertex 63.4371 9.53175 14.995
      vertex 64.0216 9 14.995
      vertex 64.4451 9.46144 14.995
    endloop
  endfacet
  facet normal 0 0 1
    outer loop
      vertex 64.0216 9 14.995
      vertex 63.4371 9.53175 14.995
      vertex 63.3994 9 14.995
    endloop
  endfacet
  facet normal 0 0 1
    outer loop
      vertex 70.0719 42.8088 14.995
      vertex 69.4594 43.9045 14.995
      vertex 69.3181 42.9144 14.995
    endloop
  endfacet
  facet normal 0 0 1
    outer loop
      vertex 64.5699 25.4918 14.995
      vertex 65.5905 26.27 14.995
      vertex 64.6407 26.4893 14.995
    endloop
  endfacet
  facet normal 0 0 1
    outer loop
      vertex 65.7317 27.26 14.995
      vertex 64.6407 26.4893 14.995
      vertex 65.5905 26.27 14.995
    endloop
  endfacet
  facet normal 0 0 1
    outer loop
      vertex 65.7317 27.26 14.995
      vertex 63.3042 26.5825 14.995
      vertex 64.6407 26.4893 14.995
    endloop
  endfacet
  facet normal 0 0 1
    outer loop
      vertex 59.3722 25.9546 14.995
      vertex 63.3042 26.5825 14.995
      vertex 59.3722 26.8568 14.995
    endloop
  endfacet
  facet normal 0 0 1
    outer loop
      vertex 65.7317 27.26 14.995
      vertex 59.3722 26.8568 14.995
      vertex 63.3042 26.5825 14.995
    endloop
  endfacet
  facet normal 0 0 1
    outer loop
      vertex 51.9567 29.1912 14.995
      vertex 59.3722 26.8568 14.995
      vertex 65.7317 27.26 14.995
    endloop
  endfacet
  facet normal 0 0 1
    outer loop
      vertex 49.6145 28.5098 14.995
      vertex 51.9567 29.1912 14.995
      vertex 51.2161 29.2951 14.995
    endloop
  endfacet
  facet normal 0 0 1
    outer loop
      vertex 49.6145 28.5098 14.995
      vertex 51.2161 29.2951 14.995
      vertex 49.7146 29.5056 14.995
    endloop
  endfacet
  facet normal 0 0 1
    outer loop
      vertex 51.9567 29.1912 14.995
      vertex 49.6145 28.5098 14.995
      vertex 59.3722 26.8568 14.995
    endloop
  endfacet
  facet normal 0 0 1
    outer loop
      vertex 49.6145 28.5098 14.995
      vertex 46.7378 27.7381 14.995
      vertex 59.3722 26.8568 14.995
    endloop
  endfacet
  facet normal 0 0 1
    outer loop
      vertex 47.5106 25.6794 14.995
      vertex 45.9361 11.755 14.995
      vertex 46.5194 11.7143 14.995
    endloop
  endfacet
  facet normal 0 0 1
    outer loop
      vertex 44.2784 29.2579 14.995
      vertex 45.9361 11.755 14.995
      vertex 46.6376 25.7403 14.995
    endloop
  endfacet
  facet normal -0 0 1
    outer loop
      vertex 16.9944 34.1977 14.995
      vertex 44.3685 30.1541 14.995
      vertex 17.0735 34.5954 14.995
    endloop
  endfacet
  facet normal 0 0 1
    outer loop
      vertex 46.7378 27.7381 14.995
      vertex 44.2784 29.2579 14.995
      vertex 46.6376 25.7403 14.995
    endloop
  endfacet
  facet normal 0 0 1
    outer loop
      vertex 44.2784 29.2579 14.995
      vertex 46.7378 27.7381 14.995
      vertex 49.6145 28.5098 14.995
    endloop
  endfacet
  facet normal 0 0 1
    outer loop
      vertex 65.5905 26.27 14.995
      vertex 64.5699 25.4918 14.995
      vertex 65.5639 25.4225 14.995
    endloop
  endfacet
  facet normal 0 0 1
    outer loop
      vertex 64.3813 -8.53337 14.995
      vertex 64.0216 9 14.995
      vertex 64.0216 -8.55846 14.995
    endloop
  endfacet
  facet normal 0 0 1
    outer loop
      vertex 63.3042 26.5825 14.995
      vertex 59.3722 25.9546 14.995
      vertex 63.2334 25.585 14.995
    endloop
  endfacet
  facet normal 0 0 1
    outer loop
      vertex 59.3722 25.9546 14.995
      vertex 59.1211 25.8719 14.995
      vertex 63.2334 25.585 14.995
    endloop
  endfacet
  facet normal 0 0 1
    outer loop
      vertex 54.994 25.1573 14.995
      vertex 59.1211 25.8719 14.995
      vertex 55.0709 26.2547 14.995
    endloop
  endfacet
  facet normal 0 0 1
    outer loop
      vertex 55.0709 26.2547 14.995
      vertex 59.1211 25.8719 14.995
      vertex 59.3722 25.9546 14.995
    endloop
  endfacet
  facet normal -0 0 1
    outer loop
      vertex 55.9965 -25.1573 14.995
      vertex 59.3722 -25.9243 14.995
      vertex 59.3722 -15.1084 14.995
    endloop
  endfacet
  facet normal -0 0 1
    outer loop
      vertex 55.0175 -11.1914 14.995
      vertex 59.3722 -15.1084 14.995
      vertex 59.0033 -9.91097 14.995
    endloop
  endfacet
  facet normal 0 0 1
    outer loop
      vertex 59.3722 -25.9243 14.995
      vertex 56.0734 -26.2547 14.995
      vertex 59.3722 -26.0245 14.995
    endloop
  endfacet
  facet normal 0 0 1
    outer loop
      vertex 57.9884 9.91184 14.995
      vertex 58.9381 9.74534 14.995
      vertex 58.9451 9.8451 14.995
    endloop
  endfacet
  facet normal 0 0 1
    outer loop
      vertex 59.1211 25.8719 14.995
      vertex 54.994 25.1573 14.995
      vertex 57.9884 9.91184 14.995
    endloop
  endfacet
  facet normal -0 0 1
    outer loop
      vertex 54.015 11.1914 14.995
      vertex 57.9884 9.91184 14.995
      vertex 54.994 25.1573 14.995
    endloop
  endfacet
  facet normal 0 0 1
    outer loop
      vertex 57.9884 9.91184 14.995
      vertex 53.9381 10.0941 14.995
      vertex 58.9381 9.74534 14.995
    endloop
  endfacet
  facet normal -0 0 1
    outer loop
      vertex 53.9381 10.0941 14.995
      vertex 57.9884 9.91184 14.995
      vertex 54.015 11.1914 14.995
    endloop
  endfacet
  facet normal -0 0 1
    outer loop
      vertex 56.3497 -8 14.995
      vertex 57.5058 -8.1 14.995
      vertex 57.5058 -8 14.995
    endloop
  endfacet
  facet normal 0 0 1
    outer loop
      vertex 56.3497 -8 14.995
      vertex 55.0715 -8.1 14.995
      vertex 57.5058 -8.1 14.995
    endloop
  endfacet
  facet normal 0 0 1
    outer loop
      vertex 55.0715 -8.1 14.995
      vertex 56.3497 -8 14.995
      vertex 55.0715 8.1 14.995
    endloop
  endfacet
  facet normal 0 0 1
    outer loop
      vertex 57.7124 -45.1037 14.995
      vertex 50.1642 -46.2629 14.995
      vertex 50.2544 -47.1591 14.995
    endloop
  endfacet
  facet normal -0 0 1
    outer loop
      vertex 50.1542 -46.1634 14.995
      vertex 50.1642 -46.2629 14.995
      vertex 57.7124 -45.1037 14.995
    endloop
  endfacet
  facet normal -0 0 1
    outer loop
      vertex 46.8563 -45.6159 14.995
      vertex 50.1542 -46.1634 14.995
      vertex 48.5514 -30.2308 14.995
    endloop
  endfacet
  facet normal 0 0 1
    outer loop
      vertex 44.7236 -30.6665 14.995
      vertex 48.5514 -30.2308 14.995
      vertex 48.5414 -30.1312 14.995
    endloop
  endfacet
  facet normal 0 -0 1
    outer loop
      vertex 47.0117 -46.7049 14.995
      vertex 50.1542 -46.1634 14.995
      vertex 46.8563 -45.6159 14.995
    endloop
  endfacet
  facet normal 0 0 1
    outer loop
      vertex 50.1542 -46.1634 14.995
      vertex 47.0117 -46.7049 14.995
      vertex 50.1642 -46.2629 14.995
    endloop
  endfacet
  facet normal 0 0 1
    outer loop
      vertex 48.5514 -30.2308 14.995
      vertex 44.879 -31.7555 14.995
      vertex 46.8563 -45.6159 14.995
    endloop
  endfacet
  facet normal 0 0 1
    outer loop
      vertex 48.5514 -30.2308 14.995
      vertex 44.7236 -30.6665 14.995
      vertex 44.879 -31.7555 14.995
    endloop
  endfacet
  facet normal 0 0 1
    outer loop
      vertex 45.9361 11.755 14.995
      vertex 47.5106 25.6794 14.995
      vertex 46.6376 25.7403 14.995
    endloop
  endfacet
  facet normal 0 0 1
    outer loop
      vertex 50.494 25.4712 14.995
      vertex 54.015 11.1914 14.995
      vertex 54.994 25.1573 14.995
    endloop
  endfacet
  facet normal 0 0 1
    outer loop
      vertex 54.015 11.1914 14.995
      vertex 50.494 25.4712 14.995
      vertex 49.515 11.5053 14.995
    endloop
  endfacet
  facet normal 0 0 1
    outer loop
      vertex 55.9665 -29.1912 14.995
      vertex 57.7124 -45.1037 14.995
      vertex 58.1987 -45.0355 14.995
    endloop
  endfacet
  facet normal 0 0 1
    outer loop
      vertex 57.7124 -45.1037 14.995
      vertex 55.9665 -29.1912 14.995
      vertex 55.4526 -29.2633 14.995
    endloop
  endfacet
  facet normal 0 0 1
    outer loop
      vertex 74.0817 -42.8088 14.995
      vertex 73.5688 -42.9816 14.995
      vertex 73.6959 -43.8727 14.995
    endloop
  endfacet
  facet normal -0 0 1
    outer loop
      vertex 72.969 -42.9648 14.995
      vertex 73.5688 -42.9816 14.995
      vertex 74.0817 -42.8088 14.995
    endloop
  endfacet
  facet normal 0 0 1
    outer loop
      vertex 73.5688 -42.9816 14.995
      vertex 72.969 -42.9648 14.995
      vertex 72.979 -43.0643 14.995
    endloop
  endfacet
  facet normal -0 0 1
    outer loop
      vertex 70.0719 42.8088 14.995
      vertex 83.65 18 14.995
      vertex 83.65 52.5 14.995
    endloop
  endfacet
  facet normal 0 0 1
    outer loop
      vertex 66.9171 26.084 14.995
      vertex 83.15 16 14.995
      vertex 83.15 18 14.995
    endloop
  endfacet
  facet normal 0 0 1
    outer loop
      vertex 64.4451 9.46144 14.995
      vertex 83.15 16 14.995
      vertex 66.9171 26.084 14.995
    endloop
  endfacet
  facet normal 0 0 1
    outer loop
      vertex 64.4451 9.46144 14.995
      vertex 66.9171 26.084 14.995
      vertex 65.5639 25.4225 14.995
    endloop
  endfacet
  facet normal 0 0 1
    outer loop
      vertex 65.5639 25.4225 14.995
      vertex 66.9171 26.084 14.995
      vertex 65.5905 26.27 14.995
    endloop
  endfacet
  facet normal 0 0 1
    outer loop
      vertex 83.15 16 14.995
      vertex 64.4451 9.46144 14.995
      vertex 83.15 15 14.995
    endloop
  endfacet
  facet normal 0 0 1
    outer loop
      vertex 83.65 18 14.995
      vertex 70.0719 42.8088 14.995
      vertex 83.15 18 14.995
    endloop
  endfacet
  facet normal 0 0 1
    outer loop
      vertex 83.15 -2 14.995
      vertex 71.8495 -26.9645 14.995
      vertex 74.0817 -42.8088 14.995
    endloop
  endfacet
  facet normal -0 0 1
    outer loop
      vertex 66.9171 26.084 14.995
      vertex 83.15 18 14.995
      vertex 67.8397 26.9645 14.995
    endloop
  endfacet
  facet normal 0 0 1
    outer loop
      vertex 71.8495 -26.9645 14.995
      vertex 71.1536 -26.0522 14.995
      vertex 71.2949 -27.0422 14.995
    endloop
  endfacet
  facet normal 0 0 1
    outer loop
      vertex 83.15 18 14.995
      vertex 70.0719 42.8088 14.995
      vertex 67.8397 26.9645 14.995
    endloop
  endfacet
  facet normal 0 0 1
    outer loop
      vertex 83.65 52.5 14.995
      vertex 69.4594 43.9045 14.995
      vertex 70.0719 42.8088 14.995
    endloop
  endfacet
  facet normal 0 0 1
    outer loop
      vertex 83.65 52.5 14.995
      vertex 68.1328 44.0905 14.995
      vertex 69.4594 43.9045 14.995
    endloop
  endfacet
  facet normal 0 0 1
    outer loop
      vertex 68.1328 44.0905 14.995
      vertex 54.1889 45.0355 14.995
      vertex 67.9915 43.1004 14.995
    endloop
  endfacet
  facet normal -0 0 1
    outer loop
      vertex 53.15 52.5 14.995
      vertex 68.1328 44.0905 14.995
      vertex 83.65 52.5 14.995
    endloop
  endfacet
  facet normal 0 0 1
    outer loop
      vertex 68.1328 44.0905 14.995
      vertex 53.15 52.5 14.995
      vertex 54.1889 45.0355 14.995
    endloop
  endfacet
  facet normal -0 0 1
    outer loop
      vertex 53.15 46.5 14.995
      vertex 54.1889 45.0355 14.995
      vertex 53.15 52.5 14.995
    endloop
  endfacet
  facet normal 0 0 1
    outer loop
      vertex 54.1889 45.0355 14.995
      vertex 53.15 46.5 14.995
      vertex 53.4759 45.1355 14.995
    endloop
  endfacet
  facet normal -0 0 1
    outer loop
      vertex 51.85 46.5 14.995
      vertex 53.4759 45.1355 14.995
      vertex 53.15 46.5 14.995
    endloop
  endfacet
  facet normal 0 0 1
    outer loop
      vertex 51.3174 45.4381 14.995
      vertex 51.85 46.5 14.995
      vertex 51.4176 46.4339 14.995
    endloop
  endfacet
  facet normal 0 0 1
    outer loop
      vertex 51.85 46.5 14.995
      vertex 51.3174 45.4381 14.995
      vertex 53.4759 45.1355 14.995
    endloop
  endfacet
  facet normal -0 0 1
    outer loop
      vertex 83.15 16 14.995
      vertex 83.65 15 14.995
      vertex 83.65 16 14.995
    endloop
  endfacet
  facet normal 0 0 1
    outer loop
      vertex 83.65 15 14.995
      vertex 83.15 16 14.995
      vertex 83.15 15 14.995
    endloop
  endfacet
  facet normal -0 0 1
    outer loop
      vertex 83.15 1 14.995
      vertex 83.65 0 14.995
      vertex 83.65 1 14.995
    endloop
  endfacet
  facet normal 0 0 1
    outer loop
      vertex 83.65 0 14.995
      vertex 83.15 1 14.995
      vertex 83.15 0 14.995
    endloop
  endfacet
  facet normal 0 0 1
    outer loop
      vertex 74.0817 -42.8088 14.995
      vertex 83.65 -2 14.995
      vertex 83.15 -2 14.995
    endloop
  endfacet
  facet normal 0 0 1
    outer loop
      vertex 83.65 -2 14.995
      vertex 74.0817 -42.8088 14.995
      vertex 83.65 -52.5 14.995
    endloop
  endfacet
  facet normal -0 0 1
    outer loop
      vertex 73.6959 -43.8727 14.995
      vertex 83.65 -52.5 14.995
      vertex 74.0817 -42.8088 14.995
    endloop
  endfacet
  facet normal -0 0 1
    outer loop
      vertex 72.3693 -44.0587 14.995
      vertex 83.65 -52.5 14.995
      vertex 73.6959 -43.8727 14.995
    endloop
  endfacet
  facet normal 0 0 1
    outer loop
      vertex 58.1987 -45.0355 14.995
      vertex 72.3693 -44.0587 14.995
      vertex 72.2281 -43.0686 14.995
    endloop
  endfacet
  facet normal -0 0 1
    outer loop
      vertex 58.1987 -45.0355 14.995
      vertex 83.65 -52.5 14.995
      vertex 72.3693 -44.0587 14.995
    endloop
  endfacet
  facet normal -0 0 1
    outer loop
      vertex 57.7124 -45.1037 14.995
      vertex 83.65 -52.5 14.995
      vertex 58.1987 -45.0355 14.995
    endloop
  endfacet
  facet normal -0 0 1
    outer loop
      vertex 50.2544 -47.1591 14.995
      vertex 83.65 -52.5 14.995
      vertex 57.7124 -45.1037 14.995
    endloop
  endfacet
  facet normal -0 0 1
    outer loop
      vertex 44.9183 -47.9072 14.995
      vertex 83.65 -52.5 14.995
      vertex 50.2544 -47.1591 14.995
    endloop
  endfacet
  facet normal -0 0 1
    outer loop
      vertex 16.9944 -35.8023 14.995
      vertex 44.7179 -45.9157 14.995
      vertex 43.3155 -31.9747 14.995
    endloop
  endfacet
  facet normal 0 0 1
    outer loop
      vertex 17.1 -35 14.995
      vertex 43.3155 -31.9747 14.995
      vertex 43.1152 -29.9831 14.995
    endloop
  endfacet
  facet normal 0 0 1
    outer loop
      vertex 46.5542 -9.77693 14.995
      vertex 17.1 -35 14.995
      vertex 43.1152 -29.9831 14.995
    endloop
  endfacet
  facet normal 0 0 1
    outer loop
      vertex 43.3155 -31.9747 14.995
      vertex 17.1 -35 14.995
      vertex 17.0735 -35.4046 14.995
    endloop
  endfacet
  facet normal 0 0 1
    outer loop
      vertex 43.3155 -31.9747 14.995
      vertex 17.0735 -35.4046 14.995
      vertex 16.9944 -35.8023 14.995
    endloop
  endfacet
  facet normal 0 0 1
    outer loop
      vertex 44.7179 -45.9157 14.995
      vertex 16.9944 -35.8023 14.995
      vertex 16.864 -36.1863 14.995
    endloop
  endfacet
  facet normal -0 0 1
    outer loop
      vertex 16.6847 -36.55 14.995
      vertex 44.7179 -45.9157 14.995
      vertex 16.864 -36.1863 14.995
    endloop
  endfacet
  facet normal -0 0 1
    outer loop
      vertex 16.4594 -36.8872 14.995
      vertex 44.7179 -45.9157 14.995
      vertex 16.6847 -36.55 14.995
    endloop
  endfacet
  facet normal -0 0 1
    outer loop
      vertex 16.192 -37.192 14.995
      vertex 44.7179 -45.9157 14.995
      vertex 16.4594 -36.8872 14.995
    endloop
  endfacet
  facet normal 0 0 1
    outer loop
      vertex 44.7179 -45.9157 14.995
      vertex 16.192 -37.192 14.995
      vertex 44.9183 -47.9072 14.995
    endloop
  endfacet
  facet normal -0 0 1
    outer loop
      vertex 15.8872 -37.4594 14.995
      vertex 44.9183 -47.9072 14.995
      vertex 16.192 -37.192 14.995
    endloop
  endfacet
  facet normal -0 0 1
    outer loop
      vertex 15.55 -37.6847 14.995
      vertex 44.9183 -47.9072 14.995
      vertex 15.8872 -37.4594 14.995
    endloop
  endfacet
  facet normal 0 0 1
    outer loop
      vertex 5.5 -52.5 14.995
      vertex 15.55 -37.6847 14.995
      vertex 15.1863 -37.864 14.995
    endloop
  endfacet
  facet normal 0 0 1
    outer loop
      vertex 5.5 -52.5 14.995
      vertex 15.1863 -37.864 14.995
      vertex 14.8023 -37.9944 14.995
    endloop
  endfacet
  facet normal 0 0 1
    outer loop
      vertex 5.5 -52.5 14.995
      vertex 14.8023 -37.9944 14.995
      vertex 14.4046 -38.0735 14.995
    endloop
  endfacet
  facet normal 0 0 1
    outer loop
      vertex 5.5 -52.5 14.995
      vertex 14.4046 -38.0735 14.995
      vertex 14 -38.1 14.995
    endloop
  endfacet
  facet normal 0 0 1
    outer loop
      vertex 5.5 -52.5 14.995
      vertex 14 -38.1 14.995
      vertex 13.5954 -38.0735 14.995
    endloop
  endfacet
  facet normal 0 0 1
    outer loop
      vertex 5.5 -52.5 14.995
      vertex 13.5954 -38.0735 14.995
      vertex 13.1977 -37.9944 14.995
    endloop
  endfacet
  facet normal 0 0 1
    outer loop
      vertex 44.9183 -47.9072 14.995
      vertex 5.5 -52.5 14.995
      vertex 83.65 -52.5 14.995
    endloop
  endfacet
  facet normal 0 0 1
    outer loop
      vertex 15.55 -37.6847 14.995
      vertex 5.5 -52.5 14.995
      vertex 44.9183 -47.9072 14.995
    endloop
  endfacet
  facet normal 0 0 1
    outer loop
      vertex 12.8137 -37.864 14.995
      vertex 5.5 -52.5 14.995
      vertex 13.1977 -37.9944 14.995
    endloop
  endfacet
  facet normal 0 0 1
    outer loop
      vertex 12.45 -37.6847 14.995
      vertex 5.5 -52.5 14.995
      vertex 12.8137 -37.864 14.995
    endloop
  endfacet
  facet normal 0 0 1
    outer loop
      vertex 12.1128 -37.4594 14.995
      vertex 5.5 -52.5 14.995
      vertex 12.45 -37.6847 14.995
    endloop
  endfacet
  facet normal 0 0 1
    outer loop
      vertex 11.808 -37.192 14.995
      vertex 5.5 -52.5 14.995
      vertex 12.1128 -37.4594 14.995
    endloop
  endfacet
  facet normal 0 0 1
    outer loop
      vertex 11.5406 -36.8872 14.995
      vertex 5.5 -52.5 14.995
      vertex 11.808 -37.192 14.995
    endloop
  endfacet
  facet normal 0 0 1
    outer loop
      vertex 11.3153 -36.55 14.995
      vertex 5.5 -52.5 14.995
      vertex 11.5406 -36.8872 14.995
    endloop
  endfacet
  facet normal 0 0 1
    outer loop
      vertex 11.136 -36.1863 14.995
      vertex 5.5 -52.5 14.995
      vertex 11.3153 -36.55 14.995
    endloop
  endfacet
  facet normal 0 0 1
    outer loop
      vertex 11.0056 -35.8023 14.995
      vertex 5.5 -52.5 14.995
      vertex 11.136 -36.1863 14.995
    endloop
  endfacet
  facet normal 0 0 1
    outer loop
      vertex 10.9265 -35.4046 14.995
      vertex 5.5 -52.5 14.995
      vertex 11.0056 -35.8023 14.995
    endloop
  endfacet
  facet normal 0 0 1
    outer loop
      vertex 10.9 -35 14.995
      vertex 5.5 -52.5 14.995
      vertex 10.9265 -35.4046 14.995
    endloop
  endfacet
  facet normal 0 0 1
    outer loop
      vertex 10.9265 -34.5954 14.995
      vertex 5.5 -52.5 14.995
      vertex 10.9 -35 14.995
    endloop
  endfacet
  facet normal 0 0 1
    outer loop
      vertex 83.15 -2 14.995
      vertex 71.1536 -26.0522 14.995
      vertex 71.8495 -26.9645 14.995
    endloop
  endfacet
  facet normal 0 0 1
    outer loop
      vertex 83.15 0 14.995
      vertex 66.5664 -25.4225 14.995
      vertex 83.15 -2 14.995
    endloop
  endfacet
  facet normal 0 0 1
    outer loop
      vertex 66.9171 26.084 14.995
      vertex 67.8397 26.9645 14.995
      vertex 67.0583 27.074 14.995
    endloop
  endfacet
  facet normal 0 0 1
    outer loop
      vertex 83.15 -2 14.995
      vertex 66.5664 -25.4225 14.995
      vertex 71.1536 -26.0522 14.995
    endloop
  endfacet
  facet normal 0 0 1
    outer loop
      vertex 71.1536 -26.0522 14.995
      vertex 66.5664 -25.4225 14.995
      vertex 69.827 -26.2382 14.995
    endloop
  endfacet
  facet normal 0 0 1
    outer loop
      vertex 66.5664 -25.4225 14.995
      vertex 69.9683 -27.2282 14.995
      vertex 69.827 -26.2382 14.995
    endloop
  endfacet
  facet normal -0 0 1
    outer loop
      vertex 65.6556 -26.4884 14.995
      vertex 69.9683 -27.2282 14.995
      vertex 66.5664 -25.4225 14.995
    endloop
  endfacet
  facet normal -0 0 1
    outer loop
      vertex 64.3191 -26.5817 14.995
      vertex 69.9683 -27.2282 14.995
      vertex 65.6556 -26.4884 14.995
    endloop
  endfacet
  facet normal 0 0 1
    outer loop
      vertex 59.3722 -26.0245 14.995
      vertex 64.2483 -25.5842 14.995
      vertex 59.3722 -25.9243 14.995
    endloop
  endfacet
  facet normal 0 0 1
    outer loop
      vertex 64.2483 -25.5842 14.995
      vertex 59.3722 -26.0245 14.995
      vertex 64.3191 -26.5817 14.995
    endloop
  endfacet
  facet normal 0 0 1
    outer loop
      vertex 59.3722 -26.9267 14.995
      vertex 64.3191 -26.5817 14.995
      vertex 59.3722 -26.0245 14.995
    endloop
  endfacet
  facet normal 0 0 1
    outer loop
      vertex 55.9665 -29.1912 14.995
      vertex 64.3191 -26.5817 14.995
      vertex 59.3722 -26.9267 14.995
    endloop
  endfacet
  facet normal 0 0 1
    outer loop
      vertex 64.3191 -26.5817 14.995
      vertex 55.9665 -29.1912 14.995
      vertex 69.9683 -27.2282 14.995
    endloop
  endfacet
  facet normal 0 0 1
    outer loop
      vertex 59.3722 -26.9267 14.995
      vertex 55.4526 -29.2633 14.995
      vertex 55.9665 -29.1912 14.995
    endloop
  endfacet
  facet normal -0 0 1
    outer loop
      vertex 47.4561 -27.758 14.995
      vertex 55.4526 -29.2633 14.995
      vertex 59.3722 -26.9267 14.995
    endloop
  endfacet
  facet normal 0 0 1
    outer loop
      vertex 55.4526 -29.2633 14.995
      vertex 48.5414 -30.1312 14.995
      vertex 48.5514 -30.2308 14.995
    endloop
  endfacet
  facet normal 0 0 1
    outer loop
      vertex 55.4526 -29.2633 14.995
      vertex 48.4512 -29.235 14.995
      vertex 48.5414 -30.1312 14.995
    endloop
  endfacet
  facet normal 0 0 1
    outer loop
      vertex 55.4526 -29.2633 14.995
      vertex 47.4561 -27.758 14.995
      vertex 48.4512 -29.235 14.995
    endloop
  endfacet
  facet normal 0 0 1
    outer loop
      vertex 43.1152 -29.9831 14.995
      vertex 47.3559 -25.7601 14.995
      vertex 46.6544 -11.7748 14.995
    endloop
  endfacet
  facet normal 0 0 1
    outer loop
      vertex 44.3685 30.1541 14.995
      vertex 16.9944 34.1977 14.995
      vertex 44.2784 29.2579 14.995
    endloop
  endfacet
  facet normal -0 0 1
    outer loop
      vertex 16.864 33.8137 14.995
      vertex 44.2784 29.2579 14.995
      vertex 16.9944 34.1977 14.995
    endloop
  endfacet
  facet normal 0 0 1
    outer loop
      vertex 46.5542 -9.77693 14.995
      vertex 43.1152 -29.9831 14.995
      vertex 46.6544 -11.7748 14.995
    endloop
  endfacet
  facet normal 0 0 1
    outer loop
      vertex 47.4561 -27.758 14.995
      vertex 43.1152 -29.9831 14.995
      vertex 48.4512 -29.235 14.995
    endloop
  endfacet
  facet normal 0 0 1
    outer loop
      vertex 47.3559 -25.7601 14.995
      vertex 43.1152 -29.9831 14.995
      vertex 47.4561 -27.758 14.995
    endloop
  endfacet
  facet normal 0 0 1
    outer loop
      vertex 59.3722 -15.1084 14.995
      vertex 51.4965 -25.4712 14.995
      vertex 55.9965 -25.1573 14.995
    endloop
  endfacet
  facet normal 0 0 1
    outer loop
      vertex 59.3722 -15.1084 14.995
      vertex 50.5175 -11.5053 14.995
      vertex 51.4965 -25.4712 14.995
    endloop
  endfacet
  facet normal 0 0 1
    outer loop
      vertex 53.4759 45.1355 14.995
      vertex 51.9567 29.1912 14.995
      vertex 54.1889 45.0355 14.995
    endloop
  endfacet
  facet normal 0 -0 1
    outer loop
      vertex 51.9567 29.1912 14.995
      vertex 53.4759 45.1355 14.995
      vertex 51.2161 29.2951 14.995
    endloop
  endfacet
  facet normal 0 0 1
    outer loop
      vertex 59.3722 9.81531 14.995
      vertex 62.0563 9 14.995
      vertex 62.1006 9.62498 14.995
    endloop
  endfacet
  facet normal 0 0 1
    outer loop
      vertex 62.0563 9 14.995
      vertex 59.3722 9.81531 14.995
      vertex 59.3722 9 14.995
    endloop
  endfacet
  facet normal -0 0 1
    outer loop
      vertex 60.4722 7 14.995
      vertex 62.0167 -7 14.995
      vertex 62.0167 7 14.995
    endloop
  endfacet
  facet normal 0 0 1
    outer loop
      vertex 62.0167 -7 14.995
      vertex 60.4722 7 14.995
      vertex 60.4722 -7 14.995
    endloop
  endfacet
  facet normal 1 -0 0
    outer loop
      vertex 5.5 -52.5 17
      vertex 5.5 52.5 14.995
      vertex 5.5 52.5 17
    endloop
  endfacet
  facet normal 1 0 0
    outer loop
      vertex 5.5 52.5 14.995
      vertex 5.5 -52.5 17
      vertex 5.5 -52.5 14.995
    endloop
  endfacet
  facet normal 0 -1 0
    outer loop
      vertex 5.5 52.5 17
      vertex 5.5 52.5 14.995
      vertex 22.0472 52.5 17
    endloop
  endfacet
  facet normal 0 -1 0
    outer loop
      vertex 22.0472 52.5 17.005
      vertex 22.0472 52.5 17
      vertex 27.5 52.5 17.005
    endloop
  endfacet
  facet normal 0 -1 0
    outer loop
      vertex 27.5 52.5 33
      vertex 54 52.5 23.15
      vertex 83.65 52.5 33
    endloop
  endfacet
  facet normal 0 -1 0
    outer loop
      vertex 51.85 52.5 21
      vertex 54 52.5 23.15
      vertex 27.5 52.5 33
    endloop
  endfacet
  facet normal 0 -1 0
    outer loop
      vertex 53.15 52.5 21
      vertex 54 52.5 21.85
      vertex 51.85 52.5 21
    endloop
  endfacet
  facet normal 0 -1 -0
    outer loop
      vertex 54 52.5 23.15
      vertex 51.85 52.5 21
      vertex 54 52.5 21.85
    endloop
  endfacet
  facet normal 0 -1 0
    outer loop
      vertex 27.5 52.5 17.005
      vertex 51.85 52.5 21
      vertex 27.5 52.5 33
    endloop
  endfacet
  facet normal 0 -1 0
    outer loop
      vertex 5.5 52.5 14.995
      vertex 27.5 52.5 17.005
      vertex 22.0472 52.5 17
    endloop
  endfacet
  facet normal 0 -1 0
    outer loop
      vertex 27.5 52.5 17.005
      vertex 51.85 52.5 14.995
      vertex 51.85 52.5 21
    endloop
  endfacet
  facet normal 0 -1 0
    outer loop
      vertex 51.85 52.5 14.995
      vertex 27.5 52.5 17.005
      vertex 5.5 52.5 14.995
    endloop
  endfacet
  facet normal 0 -1 0
    outer loop
      vertex 66 52.5 23.15
      vertex 83.65 52.5 33
      vertex 54 52.5 23.15
    endloop
  endfacet
  facet normal 0 -1 0
    outer loop
      vertex 83.65 52.5 14.995
      vertex 66 52.5 23.15
      vertex 66 52.5 21.85
    endloop
  endfacet
  facet normal 0 -1 0
    outer loop
      vertex 53.15 52.5 14.995
      vertex 54 52.5 21.85
      vertex 53.15 52.5 21
    endloop
  endfacet
  facet normal 0 -1 -0
    outer loop
      vertex 54 52.5 21.85
      vertex 53.15 52.5 14.995
      vertex 66 52.5 21.85
    endloop
  endfacet
  facet normal 0 -1 0
    outer loop
      vertex 66 52.5 23.15
      vertex 83.65 52.5 14.995
      vertex 83.65 52.5 33
    endloop
  endfacet
  facet normal 0 -1 0
    outer loop
      vertex 83.65 52.5 14.995
      vertex 66 52.5 21.85
      vertex 53.15 52.5 14.995
    endloop
  endfacet
  facet normal 0 1 0
    outer loop
      vertex 83.65 -52.5 33
      vertex 27.5 -52.5 17.005
      vertex 27.5 -52.5 33
    endloop
  endfacet
  facet normal 0 1 0
    outer loop
      vertex 27.5 -52.5 17.005
      vertex 22.0472 -52.5 17
      vertex 22.0472 -52.5 17.005
    endloop
  endfacet
  facet normal 0 1 -0
    outer loop
      vertex 83.65 -52.5 14.995
      vertex 27.5 -52.5 17.005
      vertex 83.65 -52.5 33
    endloop
  endfacet
  facet normal 0 1 0
    outer loop
      vertex 5.5 -52.5 14.995
      vertex 27.5 -52.5 17.005
      vertex 83.65 -52.5 14.995
    endloop
  endfacet
  facet normal 0 1 0
    outer loop
      vertex 27.5 -52.5 17.005
      vertex 5.5 -52.5 14.995
      vertex 22.0472 -52.5 17
    endloop
  endfacet
  facet normal 0 1 0
    outer loop
      vertex 22.0472 -52.5 17
      vertex 5.5 -52.5 14.995
      vertex 5.5 -52.5 17
    endloop
  endfacet
  facet normal 1 -0 0
    outer loop
      vertex 27.5 -52.5 33
      vertex 27.5 52.5 17.005
      vertex 27.5 52.5 33
    endloop
  endfacet
  facet normal 1 0 0
    outer loop
      vertex 27.5 52.5 17.005
      vertex 27.5 -52.5 33
      vertex 27.5 -52.5 17.005
    endloop
  endfacet
  facet normal 0.896928 -0.442176 0
    outer loop
      vertex 16.6847 33.45 17
      vertex 16.864 33.8137 14.995
      vertex 16.864 33.8137 17
    endloop
  endfacet
  facet normal 0.896928 -0.442176 0
    outer loop
      vertex 16.864 33.8137 14.995
      vertex 16.6847 33.45 17
      vertex 16.6847 33.45 14.995
    endloop
  endfacet
  facet normal 0.980789 0.195073 0
    outer loop
      vertex 17.0735 35.4046 17
      vertex 16.9944 35.8023 14.995
      vertex 16.9944 35.8023 17
    endloop
  endfacet
  facet normal 0.980789 0.195073 0
    outer loop
      vertex 16.9944 35.8023 14.995
      vertex 17.0735 35.4046 17
      vertex 17.0735 35.4046 14.995
    endloop
  endfacet
  facet normal 0.997862 0.0653568 0
    outer loop
      vertex 17.1 35 17
      vertex 17.0735 35.4046 14.995
      vertex 17.0735 35.4046 17
    endloop
  endfacet
  facet normal 0.997862 0.0653568 0
    outer loop
      vertex 17.0735 35.4046 14.995
      vertex 17.1 35 17
      vertex 17.1 35 14.995
    endloop
  endfacet
  facet normal 0.946893 0.321549 0
    outer loop
      vertex 16.9944 35.8023 17
      vertex 16.864 36.1863 14.995
      vertex 16.864 36.1863 17
    endloop
  endfacet
  facet normal 0.946893 0.321549 0
    outer loop
      vertex 16.864 36.1863 14.995
      vertex 16.9944 35.8023 17
      vertex 16.9944 35.8023 14.995
    endloop
  endfacet
  facet normal 0.980789 -0.195073 0
    outer loop
      vertex 16.9944 34.1977 17
      vertex 17.0735 34.5954 14.995
      vertex 17.0735 34.5954 17
    endloop
  endfacet
  facet normal 0.980789 -0.195073 0
    outer loop
      vertex 17.0735 34.5954 14.995
      vertex 16.9944 34.1977 17
      vertex 16.9944 34.1977 14.995
    endloop
  endfacet
  facet normal 0.896928 0.442176 0
    outer loop
      vertex 16.864 36.1863 17
      vertex 16.6847 36.55 14.995
      vertex 16.6847 36.55 17
    endloop
  endfacet
  facet normal 0.896928 0.442176 0
    outer loop
      vertex 16.6847 36.55 14.995
      vertex 16.864 36.1863 17
      vertex 16.864 36.1863 14.995
    endloop
  endfacet
  facet normal -0.946893 0.321549 0
    outer loop
      vertex 11.0056 35.8023 14.995
      vertex 11.136 36.1863 17
      vertex 11.136 36.1863 14.995
    endloop
  endfacet
  facet normal -0.946893 0.321549 0
    outer loop
      vertex 11.136 36.1863 17
      vertex 11.0056 35.8023 14.995
      vertex 11.0056 35.8023 17
    endloop
  endfacet
  facet normal 0.831481 -0.555553 0
    outer loop
      vertex 16.4594 33.1128 17
      vertex 16.6847 33.45 14.995
      vertex 16.6847 33.45 17
    endloop
  endfacet
  facet normal 0.831481 -0.555553 0
    outer loop
      vertex 16.6847 33.45 14.995
      vertex 16.4594 33.1128 17
      vertex 16.4594 33.1128 14.995
    endloop
  endfacet
  facet normal 0.321549 0.946893 -0
    outer loop
      vertex 15.1863 37.864 14.995
      vertex 14.8023 37.9944 17
      vertex 15.1863 37.864 17
    endloop
  endfacet
  facet normal 0.321549 0.946893 0
    outer loop
      vertex 14.8023 37.9944 17
      vertex 15.1863 37.864 14.995
      vertex 14.8023 37.9944 14.995
    endloop
  endfacet
  facet normal -0.555553 0.831481 0
    outer loop
      vertex 12.45 37.6847 14.995
      vertex 12.1128 37.4594 17
      vertex 12.45 37.6847 17
    endloop
  endfacet
  facet normal -0.555553 0.831481 0
    outer loop
      vertex 12.1128 37.4594 17
      vertex 12.45 37.6847 14.995
      vertex 12.1128 37.4594 14.995
    endloop
  endfacet
  facet normal -0.896928 0.442176 0
    outer loop
      vertex 11.136 36.1863 14.995
      vertex 11.3153 36.55 17
      vertex 11.3153 36.55 14.995
    endloop
  endfacet
  facet normal -0.896928 0.442176 0
    outer loop
      vertex 11.3153 36.55 17
      vertex 11.136 36.1863 14.995
      vertex 11.136 36.1863 17
    endloop
  endfacet
  facet normal 0.442176 0.896928 -0
    outer loop
      vertex 15.55 37.6847 14.995
      vertex 15.1863 37.864 17
      vertex 15.55 37.6847 17
    endloop
  endfacet
  facet normal 0.442176 0.896928 0
    outer loop
      vertex 15.1863 37.864 17
      vertex 15.55 37.6847 14.995
      vertex 15.1863 37.864 14.995
    endloop
  endfacet
  facet normal 0.659482 0.751721 -0
    outer loop
      vertex 16.192 37.192 14.995
      vertex 15.8872 37.4594 17
      vertex 16.192 37.192 17
    endloop
  endfacet
  facet normal 0.659482 0.751721 0
    outer loop
      vertex 15.8872 37.4594 17
      vertex 16.192 37.192 14.995
      vertex 15.8872 37.4594 14.995
    endloop
  endfacet
  facet normal -0.896928 -0.442176 0
    outer loop
      vertex 11.3153 33.45 14.995
      vertex 11.136 33.8137 17
      vertex 11.136 33.8137 14.995
    endloop
  endfacet
  facet normal -0.896928 -0.442176 0
    outer loop
      vertex 11.136 33.8137 17
      vertex 11.3153 33.45 14.995
      vertex 11.3153 33.45 17
    endloop
  endfacet
  facet normal -0.997862 0.0653568 0
    outer loop
      vertex 10.9 35 14.995
      vertex 10.9265 35.4046 17
      vertex 10.9265 35.4046 14.995
    endloop
  endfacet
  facet normal -0.997862 0.0653568 0
    outer loop
      vertex 10.9265 35.4046 17
      vertex 10.9 35 14.995
      vertex 10.9 35 17
    endloop
  endfacet
  facet normal -0.659482 -0.751721 0
    outer loop
      vertex 11.808 32.808 14.995
      vertex 12.1128 32.5406 17
      vertex 11.808 32.808 17
    endloop
  endfacet
  facet normal -0.659482 -0.751721 -0
    outer loop
      vertex 12.1128 32.5406 17
      vertex 11.808 32.808 14.995
      vertex 12.1128 32.5406 14.995
    endloop
  endfacet
  facet normal -0.751721 0.659482 0
    outer loop
      vertex 11.5406 36.8872 14.995
      vertex 11.808 37.192 17
      vertex 11.808 37.192 14.995
    endloop
  endfacet
  facet normal -0.751721 0.659482 0
    outer loop
      vertex 11.808 37.192 17
      vertex 11.5406 36.8872 14.995
      vertex 11.5406 36.8872 17
    endloop
  endfacet
  facet normal -0.442176 0.896928 0
    outer loop
      vertex 12.8137 37.864 14.995
      vertex 12.45 37.6847 17
      vertex 12.8137 37.864 17
    endloop
  endfacet
  facet normal -0.442176 0.896928 0
    outer loop
      vertex 12.45 37.6847 17
      vertex 12.8137 37.864 14.995
      vertex 12.45 37.6847 14.995
    endloop
  endfacet
  facet normal 0.195073 0.980789 -0
    outer loop
      vertex 14.8023 37.9944 14.995
      vertex 14.4046 38.0735 17
      vertex 14.8023 37.9944 17
    endloop
  endfacet
  facet normal 0.195073 0.980789 0
    outer loop
      vertex 14.4046 38.0735 17
      vertex 14.8023 37.9944 14.995
      vertex 14.4046 38.0735 14.995
    endloop
  endfacet
  facet normal 0.442176 -0.896928 0
    outer loop
      vertex 15.1863 32.136 14.995
      vertex 15.55 32.3153 17
      vertex 15.1863 32.136 17
    endloop
  endfacet
  facet normal 0.442176 -0.896928 0
    outer loop
      vertex 15.55 32.3153 17
      vertex 15.1863 32.136 14.995
      vertex 15.55 32.3153 14.995
    endloop
  endfacet
  facet normal 0.997862 -0.0653568 0
    outer loop
      vertex 17.0735 34.5954 17
      vertex 17.1 35 14.995
      vertex 17.1 35 17
    endloop
  endfacet
  facet normal 0.997862 -0.0653568 0
    outer loop
      vertex 17.1 35 14.995
      vertex 17.0735 34.5954 17
      vertex 17.0735 34.5954 14.995
    endloop
  endfacet
  facet normal 0.321549 -0.946893 0
    outer loop
      vertex 14.8023 32.0056 14.995
      vertex 15.1863 32.136 17
      vertex 14.8023 32.0056 17
    endloop
  endfacet
  facet normal 0.321549 -0.946893 0
    outer loop
      vertex 15.1863 32.136 17
      vertex 14.8023 32.0056 14.995
      vertex 15.1863 32.136 14.995
    endloop
  endfacet
  facet normal 0.555553 0.831481 -0
    outer loop
      vertex 15.8872 37.4594 14.995
      vertex 15.55 37.6847 17
      vertex 15.8872 37.4594 17
    endloop
  endfacet
  facet normal 0.555553 0.831481 0
    outer loop
      vertex 15.55 37.6847 17
      vertex 15.8872 37.4594 14.995
      vertex 15.55 37.6847 14.995
    endloop
  endfacet
  facet normal 0 0 1
    outer loop
      vertex 17.0735 35.4046 17
      vertex 17.0735 34.5954 17
      vertex 17.1 35 17
    endloop
  endfacet
  facet normal 0 0 1
    outer loop
      vertex 16.9944 35.8023 17
      vertex 17.0735 34.5954 17
      vertex 17.0735 35.4046 17
    endloop
  endfacet
  facet normal 0 0 1
    outer loop
      vertex 16.9944 35.8023 17
      vertex 16.9944 34.1977 17
      vertex 17.0735 34.5954 17
    endloop
  endfacet
  facet normal 0 0 1
    outer loop
      vertex 16.864 36.1863 17
      vertex 16.9944 34.1977 17
      vertex 16.9944 35.8023 17
    endloop
  endfacet
  facet normal 0 0 1
    outer loop
      vertex 16.864 36.1863 17
      vertex 16.864 33.8137 17
      vertex 16.9944 34.1977 17
    endloop
  endfacet
  facet normal 0 0 1
    outer loop
      vertex 16.6847 36.55 17
      vertex 16.864 33.8137 17
      vertex 16.864 36.1863 17
    endloop
  endfacet
  facet normal 0 0 1
    outer loop
      vertex 16.6847 36.55 17
      vertex 16.6847 33.45 17
      vertex 16.864 33.8137 17
    endloop
  endfacet
  facet normal 0 0 1
    outer loop
      vertex 16.4594 36.8872 17
      vertex 16.6847 33.45 17
      vertex 16.6847 36.55 17
    endloop
  endfacet
  facet normal 0 0 1
    outer loop
      vertex 16.4594 36.8872 17
      vertex 16.4594 33.1128 17
      vertex 16.6847 33.45 17
    endloop
  endfacet
  facet normal 0 0 1
    outer loop
      vertex 16.192 37.192 17
      vertex 16.4594 33.1128 17
      vertex 16.4594 36.8872 17
    endloop
  endfacet
  facet normal 0 0 1
    outer loop
      vertex 16.192 37.192 17
      vertex 16.192 32.808 17
      vertex 16.4594 33.1128 17
    endloop
  endfacet
  facet normal 0 0 1
    outer loop
      vertex 15.8872 37.4594 17
      vertex 16.192 32.808 17
      vertex 16.192 37.192 17
    endloop
  endfacet
  facet normal 0 0 1
    outer loop
      vertex 15.8872 37.4594 17
      vertex 15.8872 32.5406 17
      vertex 16.192 32.808 17
    endloop
  endfacet
  facet normal 0 0 1
    outer loop
      vertex 15.55 37.6847 17
      vertex 15.8872 32.5406 17
      vertex 15.8872 37.4594 17
    endloop
  endfacet
  facet normal 0 0 1
    outer loop
      vertex 15.55 37.6847 17
      vertex 15.55 32.3153 17
      vertex 15.8872 32.5406 17
    endloop
  endfacet
  facet normal 0 0 1
    outer loop
      vertex 15.1863 37.864 17
      vertex 15.55 32.3153 17
      vertex 15.55 37.6847 17
    endloop
  endfacet
  facet normal 0 0 1
    outer loop
      vertex 15.1863 37.864 17
      vertex 15.1863 32.136 17
      vertex 15.55 32.3153 17
    endloop
  endfacet
  facet normal 0 0 1
    outer loop
      vertex 14.8023 37.9944 17
      vertex 15.1863 32.136 17
      vertex 15.1863 37.864 17
    endloop
  endfacet
  facet normal 0 0 1
    outer loop
      vertex 14.8023 37.9944 17
      vertex 14.8023 32.0056 17
      vertex 15.1863 32.136 17
    endloop
  endfacet
  facet normal 0 0 1
    outer loop
      vertex 14.4046 38.0735 17
      vertex 14.8023 32.0056 17
      vertex 14.8023 37.9944 17
    endloop
  endfacet
  facet normal 0 0 1
    outer loop
      vertex 14.4046 38.0735 17
      vertex 14.4046 31.9265 17
      vertex 14.8023 32.0056 17
    endloop
  endfacet
  facet normal 0 0 1
    outer loop
      vertex 14 38.1 17
      vertex 14.4046 31.9265 17
      vertex 14.4046 38.0735 17
    endloop
  endfacet
  facet normal 0 0 1
    outer loop
      vertex 14 38.1 17
      vertex 14 31.9 17
      vertex 14.4046 31.9265 17
    endloop
  endfacet
  facet normal -0 0 1
    outer loop
      vertex 13.5954 38.0735 17
      vertex 14 31.9 17
      vertex 14 38.1 17
    endloop
  endfacet
  facet normal 0 0 1
    outer loop
      vertex 13.5954 38.0735 17
      vertex 13.5954 31.9265 17
      vertex 14 31.9 17
    endloop
  endfacet
  facet normal -0 0 1
    outer loop
      vertex 13.1977 37.9944 17
      vertex 13.5954 31.9265 17
      vertex 13.5954 38.0735 17
    endloop
  endfacet
  facet normal 0 0 1
    outer loop
      vertex 13.1977 37.9944 17
      vertex 13.1977 32.0056 17
      vertex 13.5954 31.9265 17
    endloop
  endfacet
  facet normal -0 0 1
    outer loop
      vertex 12.8137 37.864 17
      vertex 13.1977 32.0056 17
      vertex 13.1977 37.9944 17
    endloop
  endfacet
  facet normal 0 0 1
    outer loop
      vertex 12.8137 37.864 17
      vertex 12.8137 32.136 17
      vertex 13.1977 32.0056 17
    endloop
  endfacet
  facet normal -0 0 1
    outer loop
      vertex 12.45 37.6847 17
      vertex 12.8137 32.136 17
      vertex 12.8137 37.864 17
    endloop
  endfacet
  facet normal 0 0 1
    outer loop
      vertex 12.45 37.6847 17
      vertex 12.45 32.3153 17
      vertex 12.8137 32.136 17
    endloop
  endfacet
  facet normal -0 0 1
    outer loop
      vertex 12.1128 37.4594 17
      vertex 12.45 32.3153 17
      vertex 12.45 37.6847 17
    endloop
  endfacet
  facet normal 0 0 1
    outer loop
      vertex 12.1128 37.4594 17
      vertex 12.1128 32.5406 17
      vertex 12.45 32.3153 17
    endloop
  endfacet
  facet normal -0 0 1
    outer loop
      vertex 11.808 37.192 17
      vertex 12.1128 32.5406 17
      vertex 12.1128 37.4594 17
    endloop
  endfacet
  facet normal 0 0 1
    outer loop
      vertex 11.808 37.192 17
      vertex 11.808 32.808 17
      vertex 12.1128 32.5406 17
    endloop
  endfacet
  facet normal -0 0 1
    outer loop
      vertex 11.5406 36.8872 17
      vertex 11.808 32.808 17
      vertex 11.808 37.192 17
    endloop
  endfacet
  facet normal 0 0 1
    outer loop
      vertex 11.5406 36.8872 17
      vertex 11.5406 33.1128 17
      vertex 11.808 32.808 17
    endloop
  endfacet
  facet normal -0 0 1
    outer loop
      vertex 11.3153 36.55 17
      vertex 11.5406 33.1128 17
      vertex 11.5406 36.8872 17
    endloop
  endfacet
  facet normal 0 0 1
    outer loop
      vertex 11.3153 36.55 17
      vertex 11.3153 33.45 17
      vertex 11.5406 33.1128 17
    endloop
  endfacet
  facet normal -0 0 1
    outer loop
      vertex 11.136 36.1863 17
      vertex 11.3153 33.45 17
      vertex 11.3153 36.55 17
    endloop
  endfacet
  facet normal 0 0 1
    outer loop
      vertex 11.136 36.1863 17
      vertex 11.136 33.8137 17
      vertex 11.3153 33.45 17
    endloop
  endfacet
  facet normal -0 0 1
    outer loop
      vertex 11.0056 35.8023 17
      vertex 11.136 33.8137 17
      vertex 11.136 36.1863 17
    endloop
  endfacet
  facet normal 0 0 1
    outer loop
      vertex 11.0056 35.8023 17
      vertex 11.0056 34.1977 17
      vertex 11.136 33.8137 17
    endloop
  endfacet
  facet normal -0 0 1
    outer loop
      vertex 10.9265 35.4046 17
      vertex 11.0056 34.1977 17
      vertex 11.0056 35.8023 17
    endloop
  endfacet
  facet normal 0 0 1
    outer loop
      vertex 10.9265 35.4046 17
      vertex 10.9265 34.5954 17
      vertex 11.0056 34.1977 17
    endloop
  endfacet
  facet normal 0 -0 1
    outer loop
      vertex 10.9265 34.5954 17
      vertex 10.9265 35.4046 17
      vertex 10.9 35 17
    endloop
  endfacet
  facet normal 0.831481 0.555553 0
    outer loop
      vertex 16.6847 36.55 17
      vertex 16.4594 36.8872 14.995
      vertex 16.4594 36.8872 17
    endloop
  endfacet
  facet normal 0.831481 0.555553 0
    outer loop
      vertex 16.4594 36.8872 14.995
      vertex 16.6847 36.55 17
      vertex 16.6847 36.55 14.995
    endloop
  endfacet
  facet normal -0.195073 0.980789 0
    outer loop
      vertex 13.5954 38.0735 14.995
      vertex 13.1977 37.9944 17
      vertex 13.5954 38.0735 17
    endloop
  endfacet
  facet normal -0.195073 0.980789 0
    outer loop
      vertex 13.1977 37.9944 17
      vertex 13.5954 38.0735 14.995
      vertex 13.1977 37.9944 14.995
    endloop
  endfacet
  facet normal 0.751721 -0.659482 0
    outer loop
      vertex 16.192 32.808 17
      vertex 16.4594 33.1128 14.995
      vertex 16.4594 33.1128 17
    endloop
  endfacet
  facet normal 0.751721 -0.659482 0
    outer loop
      vertex 16.4594 33.1128 14.995
      vertex 16.192 32.808 17
      vertex 16.192 32.808 14.995
    endloop
  endfacet
  facet normal 0.0653568 -0.997862 0
    outer loop
      vertex 14 31.9 14.995
      vertex 14.4046 31.9265 17
      vertex 14 31.9 17
    endloop
  endfacet
  facet normal 0.0653568 -0.997862 0
    outer loop
      vertex 14.4046 31.9265 17
      vertex 14 31.9 14.995
      vertex 14.4046 31.9265 14.995
    endloop
  endfacet
  facet normal 0.946893 -0.321549 0
    outer loop
      vertex 16.864 33.8137 17
      vertex 16.9944 34.1977 14.995
      vertex 16.9944 34.1977 17
    endloop
  endfacet
  facet normal 0.946893 -0.321549 0
    outer loop
      vertex 16.9944 34.1977 14.995
      vertex 16.864 33.8137 17
      vertex 16.864 33.8137 14.995
    endloop
  endfacet
  facet normal -0.751721 -0.659482 0
    outer loop
      vertex 11.808 32.808 14.995
      vertex 11.5406 33.1128 17
      vertex 11.5406 33.1128 14.995
    endloop
  endfacet
  facet normal -0.751721 -0.659482 0
    outer loop
      vertex 11.5406 33.1128 17
      vertex 11.808 32.808 14.995
      vertex 11.808 32.808 17
    endloop
  endfacet
  facet normal -0.321549 0.946893 0
    outer loop
      vertex 13.1977 37.9944 14.995
      vertex 12.8137 37.864 17
      vertex 13.1977 37.9944 17
    endloop
  endfacet
  facet normal -0.321549 0.946893 0
    outer loop
      vertex 12.8137 37.864 17
      vertex 13.1977 37.9944 14.995
      vertex 12.8137 37.864 14.995
    endloop
  endfacet
  facet normal -0.659482 0.751721 0
    outer loop
      vertex 12.1128 37.4594 14.995
      vertex 11.808 37.192 17
      vertex 12.1128 37.4594 17
    endloop
  endfacet
  facet normal -0.659482 0.751721 0
    outer loop
      vertex 11.808 37.192 17
      vertex 12.1128 37.4594 14.995
      vertex 11.808 37.192 14.995
    endloop
  endfacet
  facet normal -0.195073 -0.980789 0
    outer loop
      vertex 13.1977 32.0056 14.995
      vertex 13.5954 31.9265 17
      vertex 13.1977 32.0056 17
    endloop
  endfacet
  facet normal -0.195073 -0.980789 -0
    outer loop
      vertex 13.5954 31.9265 17
      vertex 13.1977 32.0056 14.995
      vertex 13.5954 31.9265 14.995
    endloop
  endfacet
  facet normal 0.751721 0.659482 0
    outer loop
      vertex 16.4594 36.8872 17
      vertex 16.192 37.192 14.995
      vertex 16.192 37.192 17
    endloop
  endfacet
  facet normal 0.751721 0.659482 0
    outer loop
      vertex 16.192 37.192 14.995
      vertex 16.4594 36.8872 17
      vertex 16.4594 36.8872 14.995
    endloop
  endfacet
  facet normal -0.442176 -0.896928 0
    outer loop
      vertex 12.45 32.3153 14.995
      vertex 12.8137 32.136 17
      vertex 12.45 32.3153 17
    endloop
  endfacet
  facet normal -0.442176 -0.896928 -0
    outer loop
      vertex 12.8137 32.136 17
      vertex 12.45 32.3153 14.995
      vertex 12.8137 32.136 14.995
    endloop
  endfacet
  facet normal 0.195073 -0.980789 0
    outer loop
      vertex 14.4046 31.9265 14.995
      vertex 14.8023 32.0056 17
      vertex 14.4046 31.9265 17
    endloop
  endfacet
  facet normal 0.195073 -0.980789 0
    outer loop
      vertex 14.8023 32.0056 17
      vertex 14.4046 31.9265 14.995
      vertex 14.8023 32.0056 14.995
    endloop
  endfacet
  facet normal 0.659482 -0.751721 0
    outer loop
      vertex 15.8872 32.5406 14.995
      vertex 16.192 32.808 17
      vertex 15.8872 32.5406 17
    endloop
  endfacet
  facet normal 0.659482 -0.751721 0
    outer loop
      vertex 16.192 32.808 17
      vertex 15.8872 32.5406 14.995
      vertex 16.192 32.808 14.995
    endloop
  endfacet
  facet normal -0.555553 -0.831481 0
    outer loop
      vertex 12.1128 32.5406 14.995
      vertex 12.45 32.3153 17
      vertex 12.1128 32.5406 17
    endloop
  endfacet
  facet normal -0.555553 -0.831481 -0
    outer loop
      vertex 12.45 32.3153 17
      vertex 12.1128 32.5406 14.995
      vertex 12.45 32.3153 14.995
    endloop
  endfacet
  facet normal -0.321549 -0.946893 0
    outer loop
      vertex 12.8137 32.136 14.995
      vertex 13.1977 32.0056 17
      vertex 12.8137 32.136 17
    endloop
  endfacet
  facet normal -0.321549 -0.946893 -0
    outer loop
      vertex 13.1977 32.0056 17
      vertex 12.8137 32.136 14.995
      vertex 13.1977 32.0056 14.995
    endloop
  endfacet
  facet normal -0.946893 -0.321549 0
    outer loop
      vertex 11.136 33.8137 14.995
      vertex 11.0056 34.1977 17
      vertex 11.0056 34.1977 14.995
    endloop
  endfacet
  facet normal -0.946893 -0.321549 0
    outer loop
      vertex 11.0056 34.1977 17
      vertex 11.136 33.8137 14.995
      vertex 11.136 33.8137 17
    endloop
  endfacet
  facet normal 0.555553 -0.831481 0
    outer loop
      vertex 15.55 32.3153 14.995
      vertex 15.8872 32.5406 17
      vertex 15.55 32.3153 17
    endloop
  endfacet
  facet normal 0.555553 -0.831481 0
    outer loop
      vertex 15.8872 32.5406 17
      vertex 15.55 32.3153 14.995
      vertex 15.8872 32.5406 14.995
    endloop
  endfacet
  facet normal -0.980789 0.195073 0
    outer loop
      vertex 10.9265 35.4046 14.995
      vertex 11.0056 35.8023 17
      vertex 11.0056 35.8023 14.995
    endloop
  endfacet
  facet normal -0.980789 0.195073 0
    outer loop
      vertex 11.0056 35.8023 17
      vertex 10.9265 35.4046 14.995
      vertex 10.9265 35.4046 17
    endloop
  endfacet
  facet normal -0.980789 -0.195073 0
    outer loop
      vertex 11.0056 34.1977 14.995
      vertex 10.9265 34.5954 17
      vertex 10.9265 34.5954 14.995
    endloop
  endfacet
  facet normal -0.980789 -0.195073 0
    outer loop
      vertex 10.9265 34.5954 17
      vertex 11.0056 34.1977 14.995
      vertex 11.0056 34.1977 17
    endloop
  endfacet
  facet normal 0.0653568 0.997862 -0
    outer loop
      vertex 14.4046 38.0735 14.995
      vertex 14 38.1 17
      vertex 14.4046 38.0735 17
    endloop
  endfacet
  facet normal 0.0653568 0.997862 0
    outer loop
      vertex 14 38.1 17
      vertex 14.4046 38.0735 14.995
      vertex 14 38.1 14.995
    endloop
  endfacet
  facet normal -0.997862 -0.0653568 0
    outer loop
      vertex 10.9265 34.5954 14.995
      vertex 10.9 35 17
      vertex 10.9 35 14.995
    endloop
  endfacet
  facet normal -0.997862 -0.0653568 0
    outer loop
      vertex 10.9 35 17
      vertex 10.9265 34.5954 14.995
      vertex 10.9265 34.5954 17
    endloop
  endfacet
  facet normal -0.831481 0.555553 0
    outer loop
      vertex 11.3153 36.55 14.995
      vertex 11.5406 36.8872 17
      vertex 11.5406 36.8872 14.995
    endloop
  endfacet
  facet normal -0.831481 0.555553 0
    outer loop
      vertex 11.5406 36.8872 17
      vertex 11.3153 36.55 14.995
      vertex 11.3153 36.55 17
    endloop
  endfacet
  facet normal -0.0653568 0.997862 0
    outer loop
      vertex 14 38.1 14.995
      vertex 13.5954 38.0735 17
      vertex 14 38.1 17
    endloop
  endfacet
  facet normal -0.0653568 0.997862 0
    outer loop
      vertex 13.5954 38.0735 17
      vertex 14 38.1 14.995
      vertex 13.5954 38.0735 14.995
    endloop
  endfacet
  facet normal -0.831481 -0.555553 0
    outer loop
      vertex 11.5406 33.1128 14.995
      vertex 11.3153 33.45 17
      vertex 11.3153 33.45 14.995
    endloop
  endfacet
  facet normal -0.831481 -0.555553 0
    outer loop
      vertex 11.3153 33.45 17
      vertex 11.5406 33.1128 14.995
      vertex 11.5406 33.1128 17
    endloop
  endfacet
  facet normal -0.0653568 -0.997862 0
    outer loop
      vertex 13.5954 31.9265 14.995
      vertex 14 31.9 17
      vertex 13.5954 31.9265 17
    endloop
  endfacet
  facet normal -0.0653568 -0.997862 -0
    outer loop
      vertex 14 31.9 17
      vertex 13.5954 31.9265 14.995
      vertex 14 31.9 14.995
    endloop
  endfacet
  facet normal -0.896928 -0.442176 0
    outer loop
      vertex 11.3153 -36.55 14.995
      vertex 11.136 -36.1863 17
      vertex 11.136 -36.1863 14.995
    endloop
  endfacet
  facet normal -0.896928 -0.442176 0
    outer loop
      vertex 11.136 -36.1863 17
      vertex 11.3153 -36.55 14.995
      vertex 11.3153 -36.55 17
    endloop
  endfacet
  facet normal 0.442176 -0.896928 0
    outer loop
      vertex 15.1863 -37.864 14.995
      vertex 15.55 -37.6847 17
      vertex 15.1863 -37.864 17
    endloop
  endfacet
  facet normal 0.442176 -0.896928 0
    outer loop
      vertex 15.55 -37.6847 17
      vertex 15.1863 -37.864 14.995
      vertex 15.55 -37.6847 14.995
    endloop
  endfacet
  facet normal 0.980789 0.195073 0
    outer loop
      vertex 17.0735 -34.5954 17
      vertex 16.9944 -34.1977 14.995
      vertex 16.9944 -34.1977 17
    endloop
  endfacet
  facet normal 0.980789 0.195073 0
    outer loop
      vertex 16.9944 -34.1977 14.995
      vertex 17.0735 -34.5954 17
      vertex 17.0735 -34.5954 14.995
    endloop
  endfacet
  facet normal 0.997862 0.0653568 0
    outer loop
      vertex 17.1 -35 17
      vertex 17.0735 -34.5954 14.995
      vertex 17.0735 -34.5954 17
    endloop
  endfacet
  facet normal 0.997862 0.0653568 0
    outer loop
      vertex 17.0735 -34.5954 14.995
      vertex 17.1 -35 17
      vertex 17.1 -35 14.995
    endloop
  endfacet
  facet normal 0.946893 0.321549 0
    outer loop
      vertex 16.9944 -34.1977 17
      vertex 16.864 -33.8137 14.995
      vertex 16.864 -33.8137 17
    endloop
  endfacet
  facet normal 0.946893 0.321549 0
    outer loop
      vertex 16.864 -33.8137 14.995
      vertex 16.9944 -34.1977 17
      vertex 16.9944 -34.1977 14.995
    endloop
  endfacet
  facet normal 0.751721 -0.659482 0
    outer loop
      vertex 16.192 -37.192 17
      vertex 16.4594 -36.8872 14.995
      vertex 16.4594 -36.8872 17
    endloop
  endfacet
  facet normal 0.751721 -0.659482 0
    outer loop
      vertex 16.4594 -36.8872 14.995
      vertex 16.192 -37.192 17
      vertex 16.192 -37.192 14.995
    endloop
  endfacet
  facet normal 0.321549 0.946893 -0
    outer loop
      vertex 15.1863 -32.136 14.995
      vertex 14.8023 -32.0056 17
      vertex 15.1863 -32.136 17
    endloop
  endfacet
  facet normal 0.321549 0.946893 0
    outer loop
      vertex 14.8023 -32.0056 17
      vertex 15.1863 -32.136 14.995
      vertex 14.8023 -32.0056 14.995
    endloop
  endfacet
  facet normal 0.555553 0.831481 -0
    outer loop
      vertex 15.8872 -32.5406 14.995
      vertex 15.55 -32.3153 17
      vertex 15.8872 -32.5406 17
    endloop
  endfacet
  facet normal 0.555553 0.831481 0
    outer loop
      vertex 15.55 -32.3153 17
      vertex 15.8872 -32.5406 14.995
      vertex 15.55 -32.3153 14.995
    endloop
  endfacet
  facet normal 0.896928 -0.442176 0
    outer loop
      vertex 16.6847 -36.55 17
      vertex 16.864 -36.1863 14.995
      vertex 16.864 -36.1863 17
    endloop
  endfacet
  facet normal 0.896928 -0.442176 0
    outer loop
      vertex 16.864 -36.1863 14.995
      vertex 16.6847 -36.55 17
      vertex 16.6847 -36.55 14.995
    endloop
  endfacet
  facet normal 0.321549 -0.946893 0
    outer loop
      vertex 14.8023 -37.9944 14.995
      vertex 15.1863 -37.864 17
      vertex 14.8023 -37.9944 17
    endloop
  endfacet
  facet normal 0.321549 -0.946893 0
    outer loop
      vertex 15.1863 -37.864 17
      vertex 14.8023 -37.9944 14.995
      vertex 15.1863 -37.864 14.995
    endloop
  endfacet
  facet normal 0.896928 0.442176 0
    outer loop
      vertex 16.864 -33.8137 17
      vertex 16.6847 -33.45 14.995
      vertex 16.6847 -33.45 17
    endloop
  endfacet
  facet normal 0.896928 0.442176 0
    outer loop
      vertex 16.6847 -33.45 14.995
      vertex 16.864 -33.8137 17
      vertex 16.864 -33.8137 14.995
    endloop
  endfacet
  facet normal -0.195073 0.980789 0
    outer loop
      vertex 13.5954 -31.9265 14.995
      vertex 13.1977 -32.0056 17
      vertex 13.5954 -31.9265 17
    endloop
  endfacet
  facet normal -0.195073 0.980789 0
    outer loop
      vertex 13.1977 -32.0056 17
      vertex 13.5954 -31.9265 14.995
      vertex 13.1977 -32.0056 14.995
    endloop
  endfacet
  facet normal -0.0653568 -0.997862 0
    outer loop
      vertex 13.5954 -38.0735 14.995
      vertex 14 -38.1 17
      vertex 13.5954 -38.0735 17
    endloop
  endfacet
  facet normal -0.0653568 -0.997862 -0
    outer loop
      vertex 14 -38.1 17
      vertex 13.5954 -38.0735 14.995
      vertex 14 -38.1 14.995
    endloop
  endfacet
  facet normal -0.555553 0.831481 0
    outer loop
      vertex 12.45 -32.3153 14.995
      vertex 12.1128 -32.5406 17
      vertex 12.45 -32.3153 17
    endloop
  endfacet
  facet normal -0.555553 0.831481 0
    outer loop
      vertex 12.1128 -32.5406 17
      vertex 12.45 -32.3153 14.995
      vertex 12.1128 -32.5406 14.995
    endloop
  endfacet
  facet normal -0.321549 -0.946893 0
    outer loop
      vertex 12.8137 -37.864 14.995
      vertex 13.1977 -37.9944 17
      vertex 12.8137 -37.864 17
    endloop
  endfacet
  facet normal -0.321549 -0.946893 -0
    outer loop
      vertex 13.1977 -37.9944 17
      vertex 12.8137 -37.864 14.995
      vertex 13.1977 -37.9944 14.995
    endloop
  endfacet
  facet normal 0.946893 -0.321549 0
    outer loop
      vertex 16.864 -36.1863 17
      vertex 16.9944 -35.8023 14.995
      vertex 16.9944 -35.8023 17
    endloop
  endfacet
  facet normal 0.946893 -0.321549 0
    outer loop
      vertex 16.9944 -35.8023 14.995
      vertex 16.864 -36.1863 17
      vertex 16.864 -36.1863 14.995
    endloop
  endfacet
  facet normal -0.831481 -0.555553 0
    outer loop
      vertex 11.5406 -36.8872 14.995
      vertex 11.3153 -36.55 17
      vertex 11.3153 -36.55 14.995
    endloop
  endfacet
  facet normal -0.831481 -0.555553 0
    outer loop
      vertex 11.3153 -36.55 17
      vertex 11.5406 -36.8872 14.995
      vertex 11.5406 -36.8872 17
    endloop
  endfacet
  facet normal -0.659482 -0.751721 0
    outer loop
      vertex 11.808 -37.192 14.995
      vertex 12.1128 -37.4594 17
      vertex 11.808 -37.192 17
    endloop
  endfacet
  facet normal -0.659482 -0.751721 -0
    outer loop
      vertex 12.1128 -37.4594 17
      vertex 11.808 -37.192 14.995
      vertex 12.1128 -37.4594 14.995
    endloop
  endfacet
  facet normal -0.659482 0.751721 0
    outer loop
      vertex 12.1128 -32.5406 14.995
      vertex 11.808 -32.808 17
      vertex 12.1128 -32.5406 17
    endloop
  endfacet
  facet normal -0.659482 0.751721 0
    outer loop
      vertex 11.808 -32.808 17
      vertex 12.1128 -32.5406 14.995
      vertex 11.808 -32.808 14.995
    endloop
  endfacet
  facet normal -0.946893 0.321549 0
    outer loop
      vertex 11.0056 -34.1977 14.995
      vertex 11.136 -33.8137 17
      vertex 11.136 -33.8137 14.995
    endloop
  endfacet
  facet normal -0.946893 0.321549 0
    outer loop
      vertex 11.136 -33.8137 17
      vertex 11.0056 -34.1977 14.995
      vertex 11.0056 -34.1977 17
    endloop
  endfacet
  facet normal -0.442176 0.896928 0
    outer loop
      vertex 12.8137 -32.136 14.995
      vertex 12.45 -32.3153 17
      vertex 12.8137 -32.136 17
    endloop
  endfacet
  facet normal -0.442176 0.896928 0
    outer loop
      vertex 12.45 -32.3153 17
      vertex 12.8137 -32.136 14.995
      vertex 12.45 -32.3153 14.995
    endloop
  endfacet
  facet normal -0.980789 0.195073 0
    outer loop
      vertex 10.9265 -34.5954 14.995
      vertex 11.0056 -34.1977 17
      vertex 11.0056 -34.1977 14.995
    endloop
  endfacet
  facet normal -0.980789 0.195073 0
    outer loop
      vertex 11.0056 -34.1977 17
      vertex 10.9265 -34.5954 14.995
      vertex 10.9265 -34.5954 17
    endloop
  endfacet
  facet normal -0.321549 0.946893 0
    outer loop
      vertex 13.1977 -32.0056 14.995
      vertex 12.8137 -32.136 17
      vertex 13.1977 -32.0056 17
    endloop
  endfacet
  facet normal -0.321549 0.946893 0
    outer loop
      vertex 12.8137 -32.136 17
      vertex 13.1977 -32.0056 14.995
      vertex 12.8137 -32.136 14.995
    endloop
  endfacet
  facet normal 0.659482 -0.751721 0
    outer loop
      vertex 15.8872 -37.4594 14.995
      vertex 16.192 -37.192 17
      vertex 15.8872 -37.4594 17
    endloop
  endfacet
  facet normal 0.659482 -0.751721 0
    outer loop
      vertex 16.192 -37.192 17
      vertex 15.8872 -37.4594 14.995
      vertex 16.192 -37.192 14.995
    endloop
  endfacet
  facet normal 0.0653568 0.997862 -0
    outer loop
      vertex 14.4046 -31.9265 14.995
      vertex 14 -31.9 17
      vertex 14.4046 -31.9265 17
    endloop
  endfacet
  facet normal 0.0653568 0.997862 0
    outer loop
      vertex 14 -31.9 17
      vertex 14.4046 -31.9265 14.995
      vertex 14 -31.9 14.995
    endloop
  endfacet
  facet normal 0.831481 0.555553 0
    outer loop
      vertex 16.6847 -33.45 17
      vertex 16.4594 -33.1128 14.995
      vertex 16.4594 -33.1128 17
    endloop
  endfacet
  facet normal 0.831481 0.555553 0
    outer loop
      vertex 16.4594 -33.1128 14.995
      vertex 16.6847 -33.45 17
      vertex 16.6847 -33.45 14.995
    endloop
  endfacet
  facet normal 0.195073 -0.980789 0
    outer loop
      vertex 14.4046 -38.0735 14.995
      vertex 14.8023 -37.9944 17
      vertex 14.4046 -38.0735 17
    endloop
  endfacet
  facet normal 0.195073 -0.980789 0
    outer loop
      vertex 14.8023 -37.9944 17
      vertex 14.4046 -38.0735 14.995
      vertex 14.8023 -37.9944 14.995
    endloop
  endfacet
  facet normal -0.980789 -0.195073 0
    outer loop
      vertex 11.0056 -35.8023 14.995
      vertex 10.9265 -35.4046 17
      vertex 10.9265 -35.4046 14.995
    endloop
  endfacet
  facet normal -0.980789 -0.195073 0
    outer loop
      vertex 10.9265 -35.4046 17
      vertex 11.0056 -35.8023 14.995
      vertex 11.0056 -35.8023 17
    endloop
  endfacet
  facet normal -0.751721 0.659482 0
    outer loop
      vertex 11.5406 -33.1128 14.995
      vertex 11.808 -32.808 17
      vertex 11.808 -32.808 14.995
    endloop
  endfacet
  facet normal -0.751721 0.659482 0
    outer loop
      vertex 11.808 -32.808 17
      vertex 11.5406 -33.1128 14.995
      vertex 11.5406 -33.1128 17
    endloop
  endfacet
  facet normal 0.659482 0.751721 -0
    outer loop
      vertex 16.192 -32.808 14.995
      vertex 15.8872 -32.5406 17
      vertex 16.192 -32.808 17
    endloop
  endfacet
  facet normal 0.659482 0.751721 0
    outer loop
      vertex 15.8872 -32.5406 17
      vertex 16.192 -32.808 14.995
      vertex 15.8872 -32.5406 14.995
    endloop
  endfacet
  facet normal 0.997862 -0.0653568 0
    outer loop
      vertex 17.0735 -35.4046 17
      vertex 17.1 -35 14.995
      vertex 17.1 -35 17
    endloop
  endfacet
  facet normal 0.997862 -0.0653568 0
    outer loop
      vertex 17.1 -35 14.995
      vertex 17.0735 -35.4046 17
      vertex 17.0735 -35.4046 14.995
    endloop
  endfacet
  facet normal 0.980789 -0.195073 0
    outer loop
      vertex 16.9944 -35.8023 17
      vertex 17.0735 -35.4046 14.995
      vertex 17.0735 -35.4046 17
    endloop
  endfacet
  facet normal 0.980789 -0.195073 0
    outer loop
      vertex 17.0735 -35.4046 14.995
      vertex 16.9944 -35.8023 17
      vertex 16.9944 -35.8023 14.995
    endloop
  endfacet
  facet normal 0.555553 -0.831481 0
    outer loop
      vertex 15.55 -37.6847 14.995
      vertex 15.8872 -37.4594 17
      vertex 15.55 -37.6847 17
    endloop
  endfacet
  facet normal 0.555553 -0.831481 0
    outer loop
      vertex 15.8872 -37.4594 17
      vertex 15.55 -37.6847 14.995
      vertex 15.8872 -37.4594 14.995
    endloop
  endfacet
  facet normal 0.195073 0.980789 -0
    outer loop
      vertex 14.8023 -32.0056 14.995
      vertex 14.4046 -31.9265 17
      vertex 14.8023 -32.0056 17
    endloop
  endfacet
  facet normal 0.195073 0.980789 0
    outer loop
      vertex 14.4046 -31.9265 17
      vertex 14.8023 -32.0056 14.995
      vertex 14.4046 -31.9265 14.995
    endloop
  endfacet
  facet normal 0.751721 0.659482 0
    outer loop
      vertex 16.4594 -33.1128 17
      vertex 16.192 -32.808 14.995
      vertex 16.192 -32.808 17
    endloop
  endfacet
  facet normal 0.751721 0.659482 0
    outer loop
      vertex 16.192 -32.808 14.995
      vertex 16.4594 -33.1128 17
      vertex 16.4594 -33.1128 14.995
    endloop
  endfacet
  facet normal 0.442176 0.896928 -0
    outer loop
      vertex 15.55 -32.3153 14.995
      vertex 15.1863 -32.136 17
      vertex 15.55 -32.3153 17
    endloop
  endfacet
  facet normal 0.442176 0.896928 0
    outer loop
      vertex 15.1863 -32.136 17
      vertex 15.55 -32.3153 14.995
      vertex 15.1863 -32.136 14.995
    endloop
  endfacet
  facet normal -0.997862 -0.0653568 0
    outer loop
      vertex 10.9265 -35.4046 14.995
      vertex 10.9 -35 17
      vertex 10.9 -35 14.995
    endloop
  endfacet
  facet normal -0.997862 -0.0653568 0
    outer loop
      vertex 10.9 -35 17
      vertex 10.9265 -35.4046 14.995
      vertex 10.9265 -35.4046 17
    endloop
  endfacet
  facet normal 0.831481 -0.555553 0
    outer loop
      vertex 16.4594 -36.8872 17
      vertex 16.6847 -36.55 14.995
      vertex 16.6847 -36.55 17
    endloop
  endfacet
  facet normal 0.831481 -0.555553 0
    outer loop
      vertex 16.6847 -36.55 14.995
      vertex 16.4594 -36.8872 17
      vertex 16.4594 -36.8872 14.995
    endloop
  endfacet
  facet normal -0.751721 -0.659482 0
    outer loop
      vertex 11.808 -37.192 14.995
      vertex 11.5406 -36.8872 17
      vertex 11.5406 -36.8872 14.995
    endloop
  endfacet
  facet normal -0.751721 -0.659482 0
    outer loop
      vertex 11.5406 -36.8872 17
      vertex 11.808 -37.192 14.995
      vertex 11.808 -37.192 17
    endloop
  endfacet
  facet normal -0.997862 0.0653568 0
    outer loop
      vertex 10.9 -35 14.995
      vertex 10.9265 -34.5954 17
      vertex 10.9265 -34.5954 14.995
    endloop
  endfacet
  facet normal -0.997862 0.0653568 0
    outer loop
      vertex 10.9265 -34.5954 17
      vertex 10.9 -35 14.995
      vertex 10.9 -35 17
    endloop
  endfacet
  facet normal -0.442176 -0.896928 0
    outer loop
      vertex 12.45 -37.6847 14.995
      vertex 12.8137 -37.864 17
      vertex 12.45 -37.6847 17
    endloop
  endfacet
  facet normal -0.442176 -0.896928 -0
    outer loop
      vertex 12.8137 -37.864 17
      vertex 12.45 -37.6847 14.995
      vertex 12.8137 -37.864 14.995
    endloop
  endfacet
  facet normal -0.946893 -0.321549 0
    outer loop
      vertex 11.136 -36.1863 14.995
      vertex 11.0056 -35.8023 17
      vertex 11.0056 -35.8023 14.995
    endloop
  endfacet
  facet normal -0.946893 -0.321549 0
    outer loop
      vertex 11.0056 -35.8023 17
      vertex 11.136 -36.1863 14.995
      vertex 11.136 -36.1863 17
    endloop
  endfacet
  facet normal -0.195073 -0.980789 0
    outer loop
      vertex 13.1977 -37.9944 14.995
      vertex 13.5954 -38.0735 17
      vertex 13.1977 -37.9944 17
    endloop
  endfacet
  facet normal -0.195073 -0.980789 -0
    outer loop
      vertex 13.5954 -38.0735 17
      vertex 13.1977 -37.9944 14.995
      vertex 13.5954 -38.0735 14.995
    endloop
  endfacet
  facet normal 0.0653568 -0.997862 0
    outer loop
      vertex 14 -38.1 14.995
      vertex 14.4046 -38.0735 17
      vertex 14 -38.1 17
    endloop
  endfacet
  facet normal 0.0653568 -0.997862 0
    outer loop
      vertex 14.4046 -38.0735 17
      vertex 14 -38.1 14.995
      vertex 14.4046 -38.0735 14.995
    endloop
  endfacet
  facet normal -0.0653568 0.997862 0
    outer loop
      vertex 14 -31.9 14.995
      vertex 13.5954 -31.9265 17
      vertex 14 -31.9 17
    endloop
  endfacet
  facet normal -0.0653568 0.997862 0
    outer loop
      vertex 13.5954 -31.9265 17
      vertex 14 -31.9 14.995
      vertex 13.5954 -31.9265 14.995
    endloop
  endfacet
  facet normal -0.896928 0.442176 0
    outer loop
      vertex 11.136 -33.8137 14.995
      vertex 11.3153 -33.45 17
      vertex 11.3153 -33.45 14.995
    endloop
  endfacet
  facet normal -0.896928 0.442176 0
    outer loop
      vertex 11.3153 -33.45 17
      vertex 11.136 -33.8137 14.995
      vertex 11.136 -33.8137 17
    endloop
  endfacet
  facet normal -0.831481 0.555553 0
    outer loop
      vertex 11.3153 -33.45 14.995
      vertex 11.5406 -33.1128 17
      vertex 11.5406 -33.1128 14.995
    endloop
  endfacet
  facet normal -0.831481 0.555553 0
    outer loop
      vertex 11.5406 -33.1128 17
      vertex 11.3153 -33.45 14.995
      vertex 11.3153 -33.45 17
    endloop
  endfacet
  facet normal -0.555553 -0.831481 0
    outer loop
      vertex 12.1128 -37.4594 14.995
      vertex 12.45 -37.6847 17
      vertex 12.1128 -37.4594 17
    endloop
  endfacet
  facet normal -0.555553 -0.831481 -0
    outer loop
      vertex 12.45 -37.6847 17
      vertex 12.1128 -37.4594 14.995
      vertex 12.45 -37.6847 14.995
    endloop
  endfacet
  facet normal 0 0 1
    outer loop
      vertex 17.0735 -34.5954 17
      vertex 17.0735 -35.4046 17
      vertex 17.1 -35 17
    endloop
  endfacet
  facet normal 0 0 1
    outer loop
      vertex 16.9944 -34.1977 17
      vertex 17.0735 -35.4046 17
      vertex 17.0735 -34.5954 17
    endloop
  endfacet
  facet normal 0 0 1
    outer loop
      vertex 16.9944 -34.1977 17
      vertex 16.9944 -35.8023 17
      vertex 17.0735 -35.4046 17
    endloop
  endfacet
  facet normal 0 0 1
    outer loop
      vertex 16.864 -33.8137 17
      vertex 16.9944 -35.8023 17
      vertex 16.9944 -34.1977 17
    endloop
  endfacet
  facet normal 0 0 1
    outer loop
      vertex 16.864 -33.8137 17
      vertex 16.864 -36.1863 17
      vertex 16.9944 -35.8023 17
    endloop
  endfacet
  facet normal 0 0 1
    outer loop
      vertex 16.6847 -33.45 17
      vertex 16.864 -36.1863 17
      vertex 16.864 -33.8137 17
    endloop
  endfacet
  facet normal 0 0 1
    outer loop
      vertex 16.6847 -33.45 17
      vertex 16.6847 -36.55 17
      vertex 16.864 -36.1863 17
    endloop
  endfacet
  facet normal 0 0 1
    outer loop
      vertex 16.4594 -33.1128 17
      vertex 16.6847 -36.55 17
      vertex 16.6847 -33.45 17
    endloop
  endfacet
  facet normal 0 0 1
    outer loop
      vertex 16.4594 -33.1128 17
      vertex 16.4594 -36.8872 17
      vertex 16.6847 -36.55 17
    endloop
  endfacet
  facet normal 0 0 1
    outer loop
      vertex 16.192 -32.808 17
      vertex 16.4594 -36.8872 17
      vertex 16.4594 -33.1128 17
    endloop
  endfacet
  facet normal 0 0 1
    outer loop
      vertex 16.192 -32.808 17
      vertex 16.192 -37.192 17
      vertex 16.4594 -36.8872 17
    endloop
  endfacet
  facet normal 0 0 1
    outer loop
      vertex 15.8872 -32.5406 17
      vertex 16.192 -37.192 17
      vertex 16.192 -32.808 17
    endloop
  endfacet
  facet normal 0 0 1
    outer loop
      vertex 15.8872 -32.5406 17
      vertex 15.8872 -37.4594 17
      vertex 16.192 -37.192 17
    endloop
  endfacet
  facet normal 0 0 1
    outer loop
      vertex 15.55 -32.3153 17
      vertex 15.8872 -37.4594 17
      vertex 15.8872 -32.5406 17
    endloop
  endfacet
  facet normal 0 0 1
    outer loop
      vertex 15.55 -32.3153 17
      vertex 15.55 -37.6847 17
      vertex 15.8872 -37.4594 17
    endloop
  endfacet
  facet normal 0 0 1
    outer loop
      vertex 15.1863 -32.136 17
      vertex 15.55 -37.6847 17
      vertex 15.55 -32.3153 17
    endloop
  endfacet
  facet normal 0 0 1
    outer loop
      vertex 15.1863 -32.136 17
      vertex 15.1863 -37.864 17
      vertex 15.55 -37.6847 17
    endloop
  endfacet
  facet normal 0 0 1
    outer loop
      vertex 14.8023 -32.0056 17
      vertex 15.1863 -37.864 17
      vertex 15.1863 -32.136 17
    endloop
  endfacet
  facet normal 0 0 1
    outer loop
      vertex 14.8023 -32.0056 17
      vertex 14.8023 -37.9944 17
      vertex 15.1863 -37.864 17
    endloop
  endfacet
  facet normal 0 0 1
    outer loop
      vertex 14.4046 -31.9265 17
      vertex 14.8023 -37.9944 17
      vertex 14.8023 -32.0056 17
    endloop
  endfacet
  facet normal 0 0 1
    outer loop
      vertex 14.4046 -31.9265 17
      vertex 14.4046 -38.0735 17
      vertex 14.8023 -37.9944 17
    endloop
  endfacet
  facet normal 0 0 1
    outer loop
      vertex 14 -31.9 17
      vertex 14.4046 -38.0735 17
      vertex 14.4046 -31.9265 17
    endloop
  endfacet
  facet normal 0 0 1
    outer loop
      vertex 14 -31.9 17
      vertex 14 -38.1 17
      vertex 14.4046 -38.0735 17
    endloop
  endfacet
  facet normal -0 0 1
    outer loop
      vertex 13.5954 -31.9265 17
      vertex 14 -38.1 17
      vertex 14 -31.9 17
    endloop
  endfacet
  facet normal 0 0 1
    outer loop
      vertex 13.5954 -31.9265 17
      vertex 13.5954 -38.0735 17
      vertex 14 -38.1 17
    endloop
  endfacet
  facet normal -0 0 1
    outer loop
      vertex 13.1977 -32.0056 17
      vertex 13.5954 -38.0735 17
      vertex 13.5954 -31.9265 17
    endloop
  endfacet
  facet normal 0 0 1
    outer loop
      vertex 13.1977 -32.0056 17
      vertex 13.1977 -37.9944 17
      vertex 13.5954 -38.0735 17
    endloop
  endfacet
  facet normal -0 0 1
    outer loop
      vertex 12.8137 -32.136 17
      vertex 13.1977 -37.9944 17
      vertex 13.1977 -32.0056 17
    endloop
  endfacet
  facet normal 0 0 1
    outer loop
      vertex 12.8137 -32.136 17
      vertex 12.8137 -37.864 17
      vertex 13.1977 -37.9944 17
    endloop
  endfacet
  facet normal -0 0 1
    outer loop
      vertex 12.45 -32.3153 17
      vertex 12.8137 -37.864 17
      vertex 12.8137 -32.136 17
    endloop
  endfacet
  facet normal 0 0 1
    outer loop
      vertex 12.45 -32.3153 17
      vertex 12.45 -37.6847 17
      vertex 12.8137 -37.864 17
    endloop
  endfacet
  facet normal -0 0 1
    outer loop
      vertex 12.1128 -32.5406 17
      vertex 12.45 -37.6847 17
      vertex 12.45 -32.3153 17
    endloop
  endfacet
  facet normal 0 0 1
    outer loop
      vertex 12.1128 -32.5406 17
      vertex 12.1128 -37.4594 17
      vertex 12.45 -37.6847 17
    endloop
  endfacet
  facet normal -0 0 1
    outer loop
      vertex 11.808 -32.808 17
      vertex 12.1128 -37.4594 17
      vertex 12.1128 -32.5406 17
    endloop
  endfacet
  facet normal 0 0 1
    outer loop
      vertex 11.808 -32.808 17
      vertex 11.808 -37.192 17
      vertex 12.1128 -37.4594 17
    endloop
  endfacet
  facet normal -0 0 1
    outer loop
      vertex 11.5406 -33.1128 17
      vertex 11.808 -37.192 17
      vertex 11.808 -32.808 17
    endloop
  endfacet
  facet normal 0 0 1
    outer loop
      vertex 11.5406 -33.1128 17
      vertex 11.5406 -36.8872 17
      vertex 11.808 -37.192 17
    endloop
  endfacet
  facet normal -0 0 1
    outer loop
      vertex 11.3153 -33.45 17
      vertex 11.5406 -36.8872 17
      vertex 11.5406 -33.1128 17
    endloop
  endfacet
  facet normal 0 0 1
    outer loop
      vertex 11.3153 -33.45 17
      vertex 11.3153 -36.55 17
      vertex 11.5406 -36.8872 17
    endloop
  endfacet
  facet normal -0 0 1
    outer loop
      vertex 11.136 -33.8137 17
      vertex 11.3153 -36.55 17
      vertex 11.3153 -33.45 17
    endloop
  endfacet
  facet normal 0 0 1
    outer loop
      vertex 11.136 -33.8137 17
      vertex 11.136 -36.1863 17
      vertex 11.3153 -36.55 17
    endloop
  endfacet
  facet normal -0 0 1
    outer loop
      vertex 11.0056 -34.1977 17
      vertex 11.136 -36.1863 17
      vertex 11.136 -33.8137 17
    endloop
  endfacet
  facet normal 0 0 1
    outer loop
      vertex 11.0056 -34.1977 17
      vertex 11.0056 -35.8023 17
      vertex 11.136 -36.1863 17
    endloop
  endfacet
  facet normal -0 0 1
    outer loop
      vertex 10.9265 -34.5954 17
      vertex 11.0056 -35.8023 17
      vertex 11.0056 -34.1977 17
    endloop
  endfacet
  facet normal 0 0 1
    outer loop
      vertex 10.9265 -34.5954 17
      vertex 10.9265 -35.4046 17
      vertex 11.0056 -35.8023 17
    endloop
  endfacet
  facet normal 0 -0 1
    outer loop
      vertex 10.9265 -35.4046 17
      vertex 10.9265 -34.5954 17
      vertex 10.9 -35 17
    endloop
  endfacet
  facet normal 0.896928 -0.442176 0
    outer loop
      vertex 57.6847 33.45 33
      vertex 57.864 33.8137 30.9
      vertex 57.864 33.8137 33
    endloop
  endfacet
  facet normal 0.896928 -0.442176 0
    outer loop
      vertex 57.864 33.8137 30.9
      vertex 57.6847 33.45 33
      vertex 57.6847 33.45 30.9
    endloop
  endfacet
  facet normal 0.980789 0.195073 0
    outer loop
      vertex 58.0735 35.4046 33
      vertex 57.9944 35.8023 30.9
      vertex 57.9944 35.8023 33
    endloop
  endfacet
  facet normal 0.980789 0.195073 0
    outer loop
      vertex 57.9944 35.8023 30.9
      vertex 58.0735 35.4046 33
      vertex 58.0735 35.4046 30.9
    endloop
  endfacet
  facet normal 0.997862 0.0653568 0
    outer loop
      vertex 58.1 35 33
      vertex 58.0735 35.4046 30.9
      vertex 58.0735 35.4046 33
    endloop
  endfacet
  facet normal 0.997862 0.0653568 0
    outer loop
      vertex 58.0735 35.4046 30.9
      vertex 58.1 35 33
      vertex 58.1 35 30.9
    endloop
  endfacet
  facet normal 0.946893 0.321549 0
    outer loop
      vertex 57.9944 35.8023 33
      vertex 57.864 36.1863 30.9
      vertex 57.864 36.1863 33
    endloop
  endfacet
  facet normal 0.946893 0.321549 0
    outer loop
      vertex 57.864 36.1863 30.9
      vertex 57.9944 35.8023 33
      vertex 57.9944 35.8023 30.9
    endloop
  endfacet
  facet normal 0.980789 -0.195073 0
    outer loop
      vertex 57.9944 34.1977 33
      vertex 58.0735 34.5954 30.9
      vertex 58.0735 34.5954 33
    endloop
  endfacet
  facet normal 0.980789 -0.195073 0
    outer loop
      vertex 58.0735 34.5954 30.9
      vertex 57.9944 34.1977 33
      vertex 57.9944 34.1977 30.9
    endloop
  endfacet
  facet normal 0.896928 0.442176 0
    outer loop
      vertex 57.864 36.1863 33
      vertex 57.6847 36.55 30.9
      vertex 57.6847 36.55 33
    endloop
  endfacet
  facet normal 0.896928 0.442176 0
    outer loop
      vertex 57.6847 36.55 30.9
      vertex 57.864 36.1863 33
      vertex 57.864 36.1863 30.9
    endloop
  endfacet
  facet normal -0.946893 0.321549 0
    outer loop
      vertex 52.0056 35.8023 30.9
      vertex 52.136 36.1863 33
      vertex 52.136 36.1863 30.9
    endloop
  endfacet
  facet normal -0.946893 0.321549 0
    outer loop
      vertex 52.136 36.1863 33
      vertex 52.0056 35.8023 30.9
      vertex 52.0056 35.8023 33
    endloop
  endfacet
  facet normal 0.831481 -0.555553 0
    outer loop
      vertex 57.4594 33.1128 33
      vertex 57.6847 33.45 30.9
      vertex 57.6847 33.45 33
    endloop
  endfacet
  facet normal 0.831481 -0.555553 0
    outer loop
      vertex 57.6847 33.45 30.9
      vertex 57.4594 33.1128 33
      vertex 57.4594 33.1128 30.9
    endloop
  endfacet
  facet normal 0.321549 0.946893 -0
    outer loop
      vertex 56.1863 37.864 30.9
      vertex 55.8023 37.9944 33
      vertex 56.1863 37.864 33
    endloop
  endfacet
  facet normal 0.321549 0.946893 0
    outer loop
      vertex 55.8023 37.9944 33
      vertex 56.1863 37.864 30.9
      vertex 55.8023 37.9944 30.9
    endloop
  endfacet
  facet normal -0.555553 0.831481 0
    outer loop
      vertex 53.45 37.6847 30.9
      vertex 53.1128 37.4594 33
      vertex 53.45 37.6847 33
    endloop
  endfacet
  facet normal -0.555553 0.831481 0
    outer loop
      vertex 53.1128 37.4594 33
      vertex 53.45 37.6847 30.9
      vertex 53.1128 37.4594 30.9
    endloop
  endfacet
  facet normal -0.896928 0.442176 0
    outer loop
      vertex 52.136 36.1863 30.9
      vertex 52.3153 36.55 33
      vertex 52.3153 36.55 30.9
    endloop
  endfacet
  facet normal -0.896928 0.442176 0
    outer loop
      vertex 52.3153 36.55 33
      vertex 52.136 36.1863 30.9
      vertex 52.136 36.1863 33
    endloop
  endfacet
  facet normal 0.442176 0.896928 -0
    outer loop
      vertex 56.55 37.6847 30.9
      vertex 56.1863 37.864 33
      vertex 56.55 37.6847 33
    endloop
  endfacet
  facet normal 0.442176 0.896928 0
    outer loop
      vertex 56.1863 37.864 33
      vertex 56.55 37.6847 30.9
      vertex 56.1863 37.864 30.9
    endloop
  endfacet
  facet normal 0.659482 0.751721 -0
    outer loop
      vertex 57.192 37.192 30.9
      vertex 56.8872 37.4594 33
      vertex 57.192 37.192 33
    endloop
  endfacet
  facet normal 0.659482 0.751721 0
    outer loop
      vertex 56.8872 37.4594 33
      vertex 57.192 37.192 30.9
      vertex 56.8872 37.4594 30.9
    endloop
  endfacet
  facet normal -0.896928 -0.442176 0
    outer loop
      vertex 52.3153 33.45 30.9
      vertex 52.136 33.8137 33
      vertex 52.136 33.8137 30.9
    endloop
  endfacet
  facet normal -0.896928 -0.442176 0
    outer loop
      vertex 52.136 33.8137 33
      vertex 52.3153 33.45 30.9
      vertex 52.3153 33.45 33
    endloop
  endfacet
  facet normal -0.997862 0.0653568 0
    outer loop
      vertex 51.9 35 30.9
      vertex 51.9265 35.4046 33
      vertex 51.9265 35.4046 30.9
    endloop
  endfacet
  facet normal -0.997862 0.0653568 0
    outer loop
      vertex 51.9265 35.4046 33
      vertex 51.9 35 30.9
      vertex 51.9 35 33
    endloop
  endfacet
  facet normal -0.659482 -0.751721 0
    outer loop
      vertex 52.808 32.808 30.9
      vertex 53.1128 32.5406 33
      vertex 52.808 32.808 33
    endloop
  endfacet
  facet normal -0.659482 -0.751721 -0
    outer loop
      vertex 53.1128 32.5406 33
      vertex 52.808 32.808 30.9
      vertex 53.1128 32.5406 30.9
    endloop
  endfacet
  facet normal -0.751721 0.659482 0
    outer loop
      vertex 52.5406 36.8872 30.9
      vertex 52.808 37.192 33
      vertex 52.808 37.192 30.9
    endloop
  endfacet
  facet normal -0.751721 0.659482 0
    outer loop
      vertex 52.808 37.192 33
      vertex 52.5406 36.8872 30.9
      vertex 52.5406 36.8872 33
    endloop
  endfacet
  facet normal -0.442176 0.896928 0
    outer loop
      vertex 53.8137 37.864 30.9
      vertex 53.45 37.6847 33
      vertex 53.8137 37.864 33
    endloop
  endfacet
  facet normal -0.442176 0.896928 0
    outer loop
      vertex 53.45 37.6847 33
      vertex 53.8137 37.864 30.9
      vertex 53.45 37.6847 30.9
    endloop
  endfacet
  facet normal 0.195073 0.980789 -0
    outer loop
      vertex 55.8023 37.9944 30.9
      vertex 55.4046 38.0735 33
      vertex 55.8023 37.9944 33
    endloop
  endfacet
  facet normal 0.195073 0.980789 0
    outer loop
      vertex 55.4046 38.0735 33
      vertex 55.8023 37.9944 30.9
      vertex 55.4046 38.0735 30.9
    endloop
  endfacet
  facet normal 0.442176 -0.896928 0
    outer loop
      vertex 56.1863 32.136 30.9
      vertex 56.55 32.3153 33
      vertex 56.1863 32.136 33
    endloop
  endfacet
  facet normal 0.442176 -0.896928 0
    outer loop
      vertex 56.55 32.3153 33
      vertex 56.1863 32.136 30.9
      vertex 56.55 32.3153 30.9
    endloop
  endfacet
  facet normal 0.997862 -0.0653568 0
    outer loop
      vertex 58.0735 34.5954 33
      vertex 58.1 35 30.9
      vertex 58.1 35 33
    endloop
  endfacet
  facet normal 0.997862 -0.0653568 0
    outer loop
      vertex 58.1 35 30.9
      vertex 58.0735 34.5954 33
      vertex 58.0735 34.5954 30.9
    endloop
  endfacet
  facet normal 0.321549 -0.946893 0
    outer loop
      vertex 55.8023 32.0056 30.9
      vertex 56.1863 32.136 33
      vertex 55.8023 32.0056 33
    endloop
  endfacet
  facet normal 0.321549 -0.946893 0
    outer loop
      vertex 56.1863 32.136 33
      vertex 55.8023 32.0056 30.9
      vertex 56.1863 32.136 30.9
    endloop
  endfacet
  facet normal 0.555553 0.831481 -0
    outer loop
      vertex 56.8872 37.4594 30.9
      vertex 56.55 37.6847 33
      vertex 56.8872 37.4594 33
    endloop
  endfacet
  facet normal 0.555553 0.831481 0
    outer loop
      vertex 56.55 37.6847 33
      vertex 56.8872 37.4594 30.9
      vertex 56.55 37.6847 30.9
    endloop
  endfacet
  facet normal 0 0 1
    outer loop
      vertex 58.0735 35.4046 33
      vertex 58.0735 34.5954 33
      vertex 58.1 35 33
    endloop
  endfacet
  facet normal 0 0 1
    outer loop
      vertex 57.9944 35.8023 33
      vertex 58.0735 34.5954 33
      vertex 58.0735 35.4046 33
    endloop
  endfacet
  facet normal 0 0 1
    outer loop
      vertex 57.9944 35.8023 33
      vertex 57.9944 34.1977 33
      vertex 58.0735 34.5954 33
    endloop
  endfacet
  facet normal 0 0 1
    outer loop
      vertex 57.864 36.1863 33
      vertex 57.9944 34.1977 33
      vertex 57.9944 35.8023 33
    endloop
  endfacet
  facet normal 0 0 1
    outer loop
      vertex 57.864 36.1863 33
      vertex 57.864 33.8137 33
      vertex 57.9944 34.1977 33
    endloop
  endfacet
  facet normal 0 0 1
    outer loop
      vertex 57.6847 36.55 33
      vertex 57.864 33.8137 33
      vertex 57.864 36.1863 33
    endloop
  endfacet
  facet normal 0 0 1
    outer loop
      vertex 57.6847 36.55 33
      vertex 57.6847 33.45 33
      vertex 57.864 33.8137 33
    endloop
  endfacet
  facet normal 0 0 1
    outer loop
      vertex 57.4594 36.8872 33
      vertex 57.6847 33.45 33
      vertex 57.6847 36.55 33
    endloop
  endfacet
  facet normal 0 0 1
    outer loop
      vertex 57.4594 36.8872 33
      vertex 57.4594 33.1128 33
      vertex 57.6847 33.45 33
    endloop
  endfacet
  facet normal 0 0 1
    outer loop
      vertex 57.192 37.192 33
      vertex 57.4594 33.1128 33
      vertex 57.4594 36.8872 33
    endloop
  endfacet
  facet normal 0 0 1
    outer loop
      vertex 57.192 37.192 33
      vertex 57.192 32.808 33
      vertex 57.4594 33.1128 33
    endloop
  endfacet
  facet normal 0 0 1
    outer loop
      vertex 56.8872 37.4594 33
      vertex 57.192 32.808 33
      vertex 57.192 37.192 33
    endloop
  endfacet
  facet normal 0 0 1
    outer loop
      vertex 56.8872 37.4594 33
      vertex 56.8872 32.5406 33
      vertex 57.192 32.808 33
    endloop
  endfacet
  facet normal 0 0 1
    outer loop
      vertex 56.55 37.6847 33
      vertex 56.8872 32.5406 33
      vertex 56.8872 37.4594 33
    endloop
  endfacet
  facet normal 0 0 1
    outer loop
      vertex 56.55 37.6847 33
      vertex 56.55 32.3153 33
      vertex 56.8872 32.5406 33
    endloop
  endfacet
  facet normal 0 0 1
    outer loop
      vertex 56.1863 37.864 33
      vertex 56.55 32.3153 33
      vertex 56.55 37.6847 33
    endloop
  endfacet
  facet normal 0 0 1
    outer loop
      vertex 56.1863 37.864 33
      vertex 56.1863 32.136 33
      vertex 56.55 32.3153 33
    endloop
  endfacet
  facet normal 0 0 1
    outer loop
      vertex 55.8023 37.9944 33
      vertex 56.1863 32.136 33
      vertex 56.1863 37.864 33
    endloop
  endfacet
  facet normal 0 0 1
    outer loop
      vertex 55.8023 37.9944 33
      vertex 55.8023 32.0056 33
      vertex 56.1863 32.136 33
    endloop
  endfacet
  facet normal 0 0 1
    outer loop
      vertex 55.4046 38.0735 33
      vertex 55.8023 32.0056 33
      vertex 55.8023 37.9944 33
    endloop
  endfacet
  facet normal 0 0 1
    outer loop
      vertex 55.4046 38.0735 33
      vertex 55.4046 31.9265 33
      vertex 55.8023 32.0056 33
    endloop
  endfacet
  facet normal 0 0 1
    outer loop
      vertex 55 38.1 33
      vertex 55.4046 31.9265 33
      vertex 55.4046 38.0735 33
    endloop
  endfacet
  facet normal 0 0 1
    outer loop
      vertex 55 38.1 33
      vertex 55 31.9 33
      vertex 55.4046 31.9265 33
    endloop
  endfacet
  facet normal -0 0 1
    outer loop
      vertex 54.5954 38.0735 33
      vertex 55 31.9 33
      vertex 55 38.1 33
    endloop
  endfacet
  facet normal 0 0 1
    outer loop
      vertex 54.5954 38.0735 33
      vertex 54.5954 31.9265 33
      vertex 55 31.9 33
    endloop
  endfacet
  facet normal -0 0 1
    outer loop
      vertex 54.1977 37.9944 33
      vertex 54.5954 31.9265 33
      vertex 54.5954 38.0735 33
    endloop
  endfacet
  facet normal 0 0 1
    outer loop
      vertex 54.1977 37.9944 33
      vertex 54.1977 32.0056 33
      vertex 54.5954 31.9265 33
    endloop
  endfacet
  facet normal -0 0 1
    outer loop
      vertex 53.8137 37.864 33
      vertex 54.1977 32.0056 33
      vertex 54.1977 37.9944 33
    endloop
  endfacet
  facet normal 0 0 1
    outer loop
      vertex 53.8137 37.864 33
      vertex 53.8137 32.136 33
      vertex 54.1977 32.0056 33
    endloop
  endfacet
  facet normal -0 0 1
    outer loop
      vertex 53.45 37.6847 33
      vertex 53.8137 32.136 33
      vertex 53.8137 37.864 33
    endloop
  endfacet
  facet normal 0 0 1
    outer loop
      vertex 53.45 37.6847 33
      vertex 53.45 32.3153 33
      vertex 53.8137 32.136 33
    endloop
  endfacet
  facet normal -0 0 1
    outer loop
      vertex 53.1128 37.4594 33
      vertex 53.45 32.3153 33
      vertex 53.45 37.6847 33
    endloop
  endfacet
  facet normal 0 0 1
    outer loop
      vertex 53.1128 37.4594 33
      vertex 53.1128 32.5406 33
      vertex 53.45 32.3153 33
    endloop
  endfacet
  facet normal -0 0 1
    outer loop
      vertex 52.808 37.192 33
      vertex 53.1128 32.5406 33
      vertex 53.1128 37.4594 33
    endloop
  endfacet
  facet normal 0 0 1
    outer loop
      vertex 52.808 37.192 33
      vertex 52.808 32.808 33
      vertex 53.1128 32.5406 33
    endloop
  endfacet
  facet normal -0 0 1
    outer loop
      vertex 52.5406 36.8872 33
      vertex 52.808 32.808 33
      vertex 52.808 37.192 33
    endloop
  endfacet
  facet normal 0 0 1
    outer loop
      vertex 52.5406 36.8872 33
      vertex 52.5406 33.1128 33
      vertex 52.808 32.808 33
    endloop
  endfacet
  facet normal -0 0 1
    outer loop
      vertex 52.3153 36.55 33
      vertex 52.5406 33.1128 33
      vertex 52.5406 36.8872 33
    endloop
  endfacet
  facet normal 0 0 1
    outer loop
      vertex 52.3153 36.55 33
      vertex 52.3153 33.45 33
      vertex 52.5406 33.1128 33
    endloop
  endfacet
  facet normal -0 0 1
    outer loop
      vertex 52.136 36.1863 33
      vertex 52.3153 33.45 33
      vertex 52.3153 36.55 33
    endloop
  endfacet
  facet normal 0 0 1
    outer loop
      vertex 52.136 36.1863 33
      vertex 52.136 33.8137 33
      vertex 52.3153 33.45 33
    endloop
  endfacet
  facet normal -0 0 1
    outer loop
      vertex 52.0056 35.8023 33
      vertex 52.136 33.8137 33
      vertex 52.136 36.1863 33
    endloop
  endfacet
  facet normal 0 0 1
    outer loop
      vertex 52.0056 35.8023 33
      vertex 52.0056 34.1977 33
      vertex 52.136 33.8137 33
    endloop
  endfacet
  facet normal -0 0 1
    outer loop
      vertex 51.9265 35.4046 33
      vertex 52.0056 34.1977 33
      vertex 52.0056 35.8023 33
    endloop
  endfacet
  facet normal 0 0 1
    outer loop
      vertex 51.9265 35.4046 33
      vertex 51.9265 34.5954 33
      vertex 52.0056 34.1977 33
    endloop
  endfacet
  facet normal 0 -0 1
    outer loop
      vertex 51.9265 34.5954 33
      vertex 51.9265 35.4046 33
      vertex 51.9 35 33
    endloop
  endfacet
  facet normal 0.831481 0.555553 0
    outer loop
      vertex 57.6847 36.55 33
      vertex 57.4594 36.8872 30.9
      vertex 57.4594 36.8872 33
    endloop
  endfacet
  facet normal 0.831481 0.555553 0
    outer loop
      vertex 57.4594 36.8872 30.9
      vertex 57.6847 36.55 33
      vertex 57.6847 36.55 30.9
    endloop
  endfacet
  facet normal 0.751721 -0.659482 0
    outer loop
      vertex 57.192 32.808 33
      vertex 57.4594 33.1128 30.9
      vertex 57.4594 33.1128 33
    endloop
  endfacet
  facet normal 0.751721 -0.659482 0
    outer loop
      vertex 57.4594 33.1128 30.9
      vertex 57.192 32.808 33
      vertex 57.192 32.808 30.9
    endloop
  endfacet
  facet normal 0.0653568 -0.997862 0
    outer loop
      vertex 55 31.9 30.9
      vertex 55.4046 31.9265 33
      vertex 55 31.9 33
    endloop
  endfacet
  facet normal 0.0653568 -0.997862 0
    outer loop
      vertex 55.4046 31.9265 33
      vertex 55 31.9 30.9
      vertex 55.4046 31.9265 30.9
    endloop
  endfacet
  facet normal 0.946893 -0.321549 0
    outer loop
      vertex 57.864 33.8137 33
      vertex 57.9944 34.1977 30.9
      vertex 57.9944 34.1977 33
    endloop
  endfacet
  facet normal 0.946893 -0.321549 0
    outer loop
      vertex 57.9944 34.1977 30.9
      vertex 57.864 33.8137 33
      vertex 57.864 33.8137 30.9
    endloop
  endfacet
  facet normal -0.751721 -0.659482 0
    outer loop
      vertex 52.808 32.808 30.9
      vertex 52.5406 33.1128 33
      vertex 52.5406 33.1128 30.9
    endloop
  endfacet
  facet normal -0.751721 -0.659482 0
    outer loop
      vertex 52.5406 33.1128 33
      vertex 52.808 32.808 30.9
      vertex 52.808 32.808 33
    endloop
  endfacet
  facet normal -0.321549 0.946893 0
    outer loop
      vertex 54.1977 37.9944 30.9
      vertex 53.8137 37.864 33
      vertex 54.1977 37.9944 33
    endloop
  endfacet
  facet normal -0.321549 0.946893 0
    outer loop
      vertex 53.8137 37.864 33
      vertex 54.1977 37.9944 30.9
      vertex 53.8137 37.864 30.9
    endloop
  endfacet
  facet normal -0.659482 0.751721 0
    outer loop
      vertex 53.1128 37.4594 30.9
      vertex 52.808 37.192 33
      vertex 53.1128 37.4594 33
    endloop
  endfacet
  facet normal -0.659482 0.751721 0
    outer loop
      vertex 52.808 37.192 33
      vertex 53.1128 37.4594 30.9
      vertex 52.808 37.192 30.9
    endloop
  endfacet
  facet normal -0.195073 -0.980789 0
    outer loop
      vertex 54.1977 32.0056 30.9
      vertex 54.5954 31.9265 33
      vertex 54.1977 32.0056 33
    endloop
  endfacet
  facet normal -0.195073 -0.980789 -0
    outer loop
      vertex 54.5954 31.9265 33
      vertex 54.1977 32.0056 30.9
      vertex 54.5954 31.9265 30.9
    endloop
  endfacet
  facet normal 0 0 -1
    outer loop
      vertex 58.0735 34.5954 30.9
      vertex 58.0735 35.4046 30.9
      vertex 58.1 35 30.9
    endloop
  endfacet
  facet normal 0 0 -1
    outer loop
      vertex 57.9944 34.1977 30.9
      vertex 58.0735 35.4046 30.9
      vertex 58.0735 34.5954 30.9
    endloop
  endfacet
  facet normal 0 0 -1
    outer loop
      vertex 57.9944 34.1977 30.9
      vertex 57.9944 35.8023 30.9
      vertex 58.0735 35.4046 30.9
    endloop
  endfacet
  facet normal 0 0 -1
    outer loop
      vertex 57.864 33.8137 30.9
      vertex 57.9944 35.8023 30.9
      vertex 57.9944 34.1977 30.9
    endloop
  endfacet
  facet normal 0 0 -1
    outer loop
      vertex 57.864 33.8137 30.9
      vertex 57.864 36.1863 30.9
      vertex 57.9944 35.8023 30.9
    endloop
  endfacet
  facet normal 0 0 -1
    outer loop
      vertex 57.6847 33.45 30.9
      vertex 57.864 36.1863 30.9
      vertex 57.864 33.8137 30.9
    endloop
  endfacet
  facet normal 0 0 -1
    outer loop
      vertex 57.6847 33.45 30.9
      vertex 57.6847 36.55 30.9
      vertex 57.864 36.1863 30.9
    endloop
  endfacet
  facet normal 0 0 -1
    outer loop
      vertex 57.4594 33.1128 30.9
      vertex 57.6847 36.55 30.9
      vertex 57.6847 33.45 30.9
    endloop
  endfacet
  facet normal 0 0 -1
    outer loop
      vertex 57.4594 33.1128 30.9
      vertex 57.4594 36.8872 30.9
      vertex 57.6847 36.55 30.9
    endloop
  endfacet
  facet normal 0 0 -1
    outer loop
      vertex 57.192 32.808 30.9
      vertex 57.4594 36.8872 30.9
      vertex 57.4594 33.1128 30.9
    endloop
  endfacet
  facet normal 0 0 -1
    outer loop
      vertex 57.192 32.808 30.9
      vertex 57.192 37.192 30.9
      vertex 57.4594 36.8872 30.9
    endloop
  endfacet
  facet normal 0 0 -1
    outer loop
      vertex 56.8872 32.5406 30.9
      vertex 57.192 37.192 30.9
      vertex 57.192 32.808 30.9
    endloop
  endfacet
  facet normal 0 0 -1
    outer loop
      vertex 56.8872 32.5406 30.9
      vertex 56.8872 37.4594 30.9
      vertex 57.192 37.192 30.9
    endloop
  endfacet
  facet normal 0 0 -1
    outer loop
      vertex 56.55 32.3153 30.9
      vertex 56.8872 37.4594 30.9
      vertex 56.8872 32.5406 30.9
    endloop
  endfacet
  facet normal 0 0 -1
    outer loop
      vertex 56.55 32.3153 30.9
      vertex 56.55 37.6847 30.9
      vertex 56.8872 37.4594 30.9
    endloop
  endfacet
  facet normal 0 0 -1
    outer loop
      vertex 56.1863 32.136 30.9
      vertex 56.55 37.6847 30.9
      vertex 56.55 32.3153 30.9
    endloop
  endfacet
  facet normal 0 0 -1
    outer loop
      vertex 56.1863 32.136 30.9
      vertex 56.1863 37.864 30.9
      vertex 56.55 37.6847 30.9
    endloop
  endfacet
  facet normal 0 0 -1
    outer loop
      vertex 55.8023 32.0056 30.9
      vertex 56.1863 37.864 30.9
      vertex 56.1863 32.136 30.9
    endloop
  endfacet
  facet normal 0 0 -1
    outer loop
      vertex 55.8023 32.0056 30.9
      vertex 55.8023 37.9944 30.9
      vertex 56.1863 37.864 30.9
    endloop
  endfacet
  facet normal 0 0 -1
    outer loop
      vertex 55.4046 31.9265 30.9
      vertex 55.8023 37.9944 30.9
      vertex 55.8023 32.0056 30.9
    endloop
  endfacet
  facet normal 0 0 -1
    outer loop
      vertex 55.4046 31.9265 30.9
      vertex 55.4046 38.0735 30.9
      vertex 55.8023 37.9944 30.9
    endloop
  endfacet
  facet normal 0 0 -1
    outer loop
      vertex 55 31.9 30.9
      vertex 55.4046 38.0735 30.9
      vertex 55.4046 31.9265 30.9
    endloop
  endfacet
  facet normal 0 0 -1
    outer loop
      vertex 55 31.9 30.9
      vertex 55 38.1 30.9
      vertex 55.4046 38.0735 30.9
    endloop
  endfacet
  facet normal 0 0 -1
    outer loop
      vertex 54.5954 31.9265 30.9
      vertex 55 38.1 30.9
      vertex 55 31.9 30.9
    endloop
  endfacet
  facet normal 0 0 -1
    outer loop
      vertex 54.5954 31.9265 30.9
      vertex 54.5954 38.0735 30.9
      vertex 55 38.1 30.9
    endloop
  endfacet
  facet normal 0 0 -1
    outer loop
      vertex 54.1977 32.0056 30.9
      vertex 54.5954 38.0735 30.9
      vertex 54.5954 31.9265 30.9
    endloop
  endfacet
  facet normal 0 0 -1
    outer loop
      vertex 54.1977 32.0056 30.9
      vertex 54.1977 37.9944 30.9
      vertex 54.5954 38.0735 30.9
    endloop
  endfacet
  facet normal 0 0 -1
    outer loop
      vertex 53.8137 32.136 30.9
      vertex 54.1977 37.9944 30.9
      vertex 54.1977 32.0056 30.9
    endloop
  endfacet
  facet normal 0 0 -1
    outer loop
      vertex 53.8137 32.136 30.9
      vertex 53.8137 37.864 30.9
      vertex 54.1977 37.9944 30.9
    endloop
  endfacet
  facet normal 0 0 -1
    outer loop
      vertex 53.45 32.3153 30.9
      vertex 53.8137 37.864 30.9
      vertex 53.8137 32.136 30.9
    endloop
  endfacet
  facet normal 0 0 -1
    outer loop
      vertex 53.45 32.3153 30.9
      vertex 53.45 37.6847 30.9
      vertex 53.8137 37.864 30.9
    endloop
  endfacet
  facet normal 0 0 -1
    outer loop
      vertex 53.1128 32.5406 30.9
      vertex 53.45 37.6847 30.9
      vertex 53.45 32.3153 30.9
    endloop
  endfacet
  facet normal 0 0 -1
    outer loop
      vertex 53.1128 32.5406 30.9
      vertex 53.1128 37.4594 30.9
      vertex 53.45 37.6847 30.9
    endloop
  endfacet
  facet normal 0 0 -1
    outer loop
      vertex 52.808 32.808 30.9
      vertex 53.1128 37.4594 30.9
      vertex 53.1128 32.5406 30.9
    endloop
  endfacet
  facet normal 0 0 -1
    outer loop
      vertex 52.808 32.808 30.9
      vertex 52.808 37.192 30.9
      vertex 53.1128 37.4594 30.9
    endloop
  endfacet
  facet normal 0 0 -1
    outer loop
      vertex 52.5406 33.1128 30.9
      vertex 52.808 37.192 30.9
      vertex 52.808 32.808 30.9
    endloop
  endfacet
  facet normal 0 0 -1
    outer loop
      vertex 52.5406 33.1128 30.9
      vertex 52.5406 36.8872 30.9
      vertex 52.808 37.192 30.9
    endloop
  endfacet
  facet normal 0 0 -1
    outer loop
      vertex 52.3153 33.45 30.9
      vertex 52.5406 36.8872 30.9
      vertex 52.5406 33.1128 30.9
    endloop
  endfacet
  facet normal 0 0 -1
    outer loop
      vertex 52.3153 33.45 30.9
      vertex 52.3153 36.55 30.9
      vertex 52.5406 36.8872 30.9
    endloop
  endfacet
  facet normal 0 0 -1
    outer loop
      vertex 52.136 33.8137 30.9
      vertex 52.3153 36.55 30.9
      vertex 52.3153 33.45 30.9
    endloop
  endfacet
  facet normal 0 0 -1
    outer loop
      vertex 52.136 33.8137 30.9
      vertex 52.136 36.1863 30.9
      vertex 52.3153 36.55 30.9
    endloop
  endfacet
  facet normal 0 0 -1
    outer loop
      vertex 52.0056 34.1977 30.9
      vertex 52.136 36.1863 30.9
      vertex 52.136 33.8137 30.9
    endloop
  endfacet
  facet normal 0 0 -1
    outer loop
      vertex 52.0056 34.1977 30.9
      vertex 52.0056 35.8023 30.9
      vertex 52.136 36.1863 30.9
    endloop
  endfacet
  facet normal 0 0 -1
    outer loop
      vertex 51.9265 34.5954 30.9
      vertex 52.0056 35.8023 30.9
      vertex 52.0056 34.1977 30.9
    endloop
  endfacet
  facet normal 0 0 -1
    outer loop
      vertex 51.9265 34.5954 30.9
      vertex 51.9265 35.4046 30.9
      vertex 52.0056 35.8023 30.9
    endloop
  endfacet
  facet normal 0 -0 -1
    outer loop
      vertex 51.9265 35.4046 30.9
      vertex 51.9265 34.5954 30.9
      vertex 51.9 35 30.9
    endloop
  endfacet
  facet normal 0.751721 0.659482 0
    outer loop
      vertex 57.4594 36.8872 33
      vertex 57.192 37.192 30.9
      vertex 57.192 37.192 33
    endloop
  endfacet
  facet normal 0.751721 0.659482 0
    outer loop
      vertex 57.192 37.192 30.9
      vertex 57.4594 36.8872 33
      vertex 57.4594 36.8872 30.9
    endloop
  endfacet
  facet normal -0.442176 -0.896928 0
    outer loop
      vertex 53.45 32.3153 30.9
      vertex 53.8137 32.136 33
      vertex 53.45 32.3153 33
    endloop
  endfacet
  facet normal -0.442176 -0.896928 -0
    outer loop
      vertex 53.8137 32.136 33
      vertex 53.45 32.3153 30.9
      vertex 53.8137 32.136 30.9
    endloop
  endfacet
  facet normal 0.195073 -0.980789 0
    outer loop
      vertex 55.4046 31.9265 30.9
      vertex 55.8023 32.0056 33
      vertex 55.4046 31.9265 33
    endloop
  endfacet
  facet normal 0.195073 -0.980789 0
    outer loop
      vertex 55.8023 32.0056 33
      vertex 55.4046 31.9265 30.9
      vertex 55.8023 32.0056 30.9
    endloop
  endfacet
  facet normal -0.321549 -0.946893 0
    outer loop
      vertex 53.8137 32.136 30.9
      vertex 54.1977 32.0056 33
      vertex 53.8137 32.136 33
    endloop
  endfacet
  facet normal -0.321549 -0.946893 -0
    outer loop
      vertex 54.1977 32.0056 33
      vertex 53.8137 32.136 30.9
      vertex 54.1977 32.0056 30.9
    endloop
  endfacet
  facet normal 0.659482 -0.751721 0
    outer loop
      vertex 56.8872 32.5406 30.9
      vertex 57.192 32.808 33
      vertex 56.8872 32.5406 33
    endloop
  endfacet
  facet normal 0.659482 -0.751721 0
    outer loop
      vertex 57.192 32.808 33
      vertex 56.8872 32.5406 30.9
      vertex 57.192 32.808 30.9
    endloop
  endfacet
  facet normal -0.555553 -0.831481 0
    outer loop
      vertex 53.1128 32.5406 30.9
      vertex 53.45 32.3153 33
      vertex 53.1128 32.5406 33
    endloop
  endfacet
  facet normal -0.555553 -0.831481 -0
    outer loop
      vertex 53.45 32.3153 33
      vertex 53.1128 32.5406 30.9
      vertex 53.45 32.3153 30.9
    endloop
  endfacet
  facet normal -0.946893 -0.321549 0
    outer loop
      vertex 52.136 33.8137 30.9
      vertex 52.0056 34.1977 33
      vertex 52.0056 34.1977 30.9
    endloop
  endfacet
  facet normal -0.946893 -0.321549 0
    outer loop
      vertex 52.0056 34.1977 33
      vertex 52.136 33.8137 30.9
      vertex 52.136 33.8137 33
    endloop
  endfacet
  facet normal 0.555553 -0.831481 0
    outer loop
      vertex 56.55 32.3153 30.9
      vertex 56.8872 32.5406 33
      vertex 56.55 32.3153 33
    endloop
  endfacet
  facet normal 0.555553 -0.831481 0
    outer loop
      vertex 56.8872 32.5406 33
      vertex 56.55 32.3153 30.9
      vertex 56.8872 32.5406 30.9
    endloop
  endfacet
  facet normal -0.195073 0.980789 0
    outer loop
      vertex 54.5954 38.0735 30.9
      vertex 54.1977 37.9944 33
      vertex 54.5954 38.0735 33
    endloop
  endfacet
  facet normal -0.195073 0.980789 0
    outer loop
      vertex 54.1977 37.9944 33
      vertex 54.5954 38.0735 30.9
      vertex 54.1977 37.9944 30.9
    endloop
  endfacet
  facet normal -0.980789 0.195073 0
    outer loop
      vertex 51.9265 35.4046 30.9
      vertex 52.0056 35.8023 33
      vertex 52.0056 35.8023 30.9
    endloop
  endfacet
  facet normal -0.980789 0.195073 0
    outer loop
      vertex 52.0056 35.8023 33
      vertex 51.9265 35.4046 30.9
      vertex 51.9265 35.4046 33
    endloop
  endfacet
  facet normal -0.980789 -0.195073 0
    outer loop
      vertex 52.0056 34.1977 30.9
      vertex 51.9265 34.5954 33
      vertex 51.9265 34.5954 30.9
    endloop
  endfacet
  facet normal -0.980789 -0.195073 0
    outer loop
      vertex 51.9265 34.5954 33
      vertex 52.0056 34.1977 30.9
      vertex 52.0056 34.1977 33
    endloop
  endfacet
  facet normal 0.0653568 0.997862 -0
    outer loop
      vertex 55.4046 38.0735 30.9
      vertex 55 38.1 33
      vertex 55.4046 38.0735 33
    endloop
  endfacet
  facet normal 0.0653568 0.997862 0
    outer loop
      vertex 55 38.1 33
      vertex 55.4046 38.0735 30.9
      vertex 55 38.1 30.9
    endloop
  endfacet
  facet normal -0.997862 -0.0653568 0
    outer loop
      vertex 51.9265 34.5954 30.9
      vertex 51.9 35 33
      vertex 51.9 35 30.9
    endloop
  endfacet
  facet normal -0.997862 -0.0653568 0
    outer loop
      vertex 51.9 35 33
      vertex 51.9265 34.5954 30.9
      vertex 51.9265 34.5954 33
    endloop
  endfacet
  facet normal -0.0653568 0.997862 0
    outer loop
      vertex 55 38.1 30.9
      vertex 54.5954 38.0735 33
      vertex 55 38.1 33
    endloop
  endfacet
  facet normal -0.0653568 0.997862 0
    outer loop
      vertex 54.5954 38.0735 33
      vertex 55 38.1 30.9
      vertex 54.5954 38.0735 30.9
    endloop
  endfacet
  facet normal -0.831481 -0.555553 0
    outer loop
      vertex 52.5406 33.1128 30.9
      vertex 52.3153 33.45 33
      vertex 52.3153 33.45 30.9
    endloop
  endfacet
  facet normal -0.831481 -0.555553 0
    outer loop
      vertex 52.3153 33.45 33
      vertex 52.5406 33.1128 30.9
      vertex 52.5406 33.1128 33
    endloop
  endfacet
  facet normal -0.0653568 -0.997862 0
    outer loop
      vertex 54.5954 31.9265 30.9
      vertex 55 31.9 33
      vertex 54.5954 31.9265 33
    endloop
  endfacet
  facet normal -0.0653568 -0.997862 -0
    outer loop
      vertex 55 31.9 33
      vertex 54.5954 31.9265 30.9
      vertex 55 31.9 30.9
    endloop
  endfacet
  facet normal -0.831481 0.555553 0
    outer loop
      vertex 52.3153 36.55 30.9
      vertex 52.5406 36.8872 33
      vertex 52.5406 36.8872 30.9
    endloop
  endfacet
  facet normal -0.831481 0.555553 0
    outer loop
      vertex 52.5406 36.8872 33
      vertex 52.3153 36.55 30.9
      vertex 52.3153 36.55 33
    endloop
  endfacet
  facet normal 0.442176 -0.896928 0
    outer loop
      vertex 56.1863 -37.864 30.9
      vertex 56.55 -37.6847 33
      vertex 56.1863 -37.864 33
    endloop
  endfacet
  facet normal 0.442176 -0.896928 0
    outer loop
      vertex 56.55 -37.6847 33
      vertex 56.1863 -37.864 30.9
      vertex 56.55 -37.6847 30.9
    endloop
  endfacet
  facet normal 0.980789 0.195073 0
    outer loop
      vertex 58.0735 -34.5954 33
      vertex 57.9944 -34.1977 30.9
      vertex 57.9944 -34.1977 33
    endloop
  endfacet
  facet normal 0.980789 0.195073 0
    outer loop
      vertex 57.9944 -34.1977 30.9
      vertex 58.0735 -34.5954 33
      vertex 58.0735 -34.5954 30.9
    endloop
  endfacet
  facet normal 0.997862 0.0653568 0
    outer loop
      vertex 58.1 -35 33
      vertex 58.0735 -34.5954 30.9
      vertex 58.0735 -34.5954 33
    endloop
  endfacet
  facet normal 0.997862 0.0653568 0
    outer loop
      vertex 58.0735 -34.5954 30.9
      vertex 58.1 -35 33
      vertex 58.1 -35 30.9
    endloop
  endfacet
  facet normal 0.946893 0.321549 0
    outer loop
      vertex 57.9944 -34.1977 33
      vertex 57.864 -33.8137 30.9
      vertex 57.864 -33.8137 33
    endloop
  endfacet
  facet normal 0.946893 0.321549 0
    outer loop
      vertex 57.864 -33.8137 30.9
      vertex 57.9944 -34.1977 33
      vertex 57.9944 -34.1977 30.9
    endloop
  endfacet
  facet normal 0.751721 -0.659482 0
    outer loop
      vertex 57.192 -37.192 33
      vertex 57.4594 -36.8872 30.9
      vertex 57.4594 -36.8872 33
    endloop
  endfacet
  facet normal 0.751721 -0.659482 0
    outer loop
      vertex 57.4594 -36.8872 30.9
      vertex 57.192 -37.192 33
      vertex 57.192 -37.192 30.9
    endloop
  endfacet
  facet normal 0.321549 0.946893 -0
    outer loop
      vertex 56.1863 -32.136 30.9
      vertex 55.8023 -32.0056 33
      vertex 56.1863 -32.136 33
    endloop
  endfacet
  facet normal 0.321549 0.946893 0
    outer loop
      vertex 55.8023 -32.0056 33
      vertex 56.1863 -32.136 30.9
      vertex 55.8023 -32.0056 30.9
    endloop
  endfacet
  facet normal 0.555553 0.831481 -0
    outer loop
      vertex 56.8872 -32.5406 30.9
      vertex 56.55 -32.3153 33
      vertex 56.8872 -32.5406 33
    endloop
  endfacet
  facet normal 0.555553 0.831481 0
    outer loop
      vertex 56.55 -32.3153 33
      vertex 56.8872 -32.5406 30.9
      vertex 56.55 -32.3153 30.9
    endloop
  endfacet
  facet normal 0.896928 -0.442176 0
    outer loop
      vertex 57.6847 -36.55 33
      vertex 57.864 -36.1863 30.9
      vertex 57.864 -36.1863 33
    endloop
  endfacet
  facet normal 0.896928 -0.442176 0
    outer loop
      vertex 57.864 -36.1863 30.9
      vertex 57.6847 -36.55 33
      vertex 57.6847 -36.55 30.9
    endloop
  endfacet
  facet normal 0.321549 -0.946893 0
    outer loop
      vertex 55.8023 -37.9944 30.9
      vertex 56.1863 -37.864 33
      vertex 55.8023 -37.9944 33
    endloop
  endfacet
  facet normal 0.321549 -0.946893 0
    outer loop
      vertex 56.1863 -37.864 33
      vertex 55.8023 -37.9944 30.9
      vertex 56.1863 -37.864 30.9
    endloop
  endfacet
  facet normal 0.896928 0.442176 0
    outer loop
      vertex 57.864 -33.8137 33
      vertex 57.6847 -33.45 30.9
      vertex 57.6847 -33.45 33
    endloop
  endfacet
  facet normal 0.896928 0.442176 0
    outer loop
      vertex 57.6847 -33.45 30.9
      vertex 57.864 -33.8137 33
      vertex 57.864 -33.8137 30.9
    endloop
  endfacet
  facet normal -0.195073 0.980789 0
    outer loop
      vertex 54.5954 -31.9265 30.9
      vertex 54.1977 -32.0056 33
      vertex 54.5954 -31.9265 33
    endloop
  endfacet
  facet normal -0.195073 0.980789 0
    outer loop
      vertex 54.1977 -32.0056 33
      vertex 54.5954 -31.9265 30.9
      vertex 54.1977 -32.0056 30.9
    endloop
  endfacet
  facet normal -0.0653568 -0.997862 0
    outer loop
      vertex 54.5954 -38.0735 30.9
      vertex 55 -38.1 33
      vertex 54.5954 -38.0735 33
    endloop
  endfacet
  facet normal -0.0653568 -0.997862 -0
    outer loop
      vertex 55 -38.1 33
      vertex 54.5954 -38.0735 30.9
      vertex 55 -38.1 30.9
    endloop
  endfacet
  facet normal -0.555553 0.831481 0
    outer loop
      vertex 53.45 -32.3153 30.9
      vertex 53.1128 -32.5406 33
      vertex 53.45 -32.3153 33
    endloop
  endfacet
  facet normal -0.555553 0.831481 0
    outer loop
      vertex 53.1128 -32.5406 33
      vertex 53.45 -32.3153 30.9
      vertex 53.1128 -32.5406 30.9
    endloop
  endfacet
  facet normal -0.321549 -0.946893 0
    outer loop
      vertex 53.8137 -37.864 30.9
      vertex 54.1977 -37.9944 33
      vertex 53.8137 -37.864 33
    endloop
  endfacet
  facet normal -0.321549 -0.946893 -0
    outer loop
      vertex 54.1977 -37.9944 33
      vertex 53.8137 -37.864 30.9
      vertex 54.1977 -37.9944 30.9
    endloop
  endfacet
  facet normal 0.946893 -0.321549 0
    outer loop
      vertex 57.864 -36.1863 33
      vertex 57.9944 -35.8023 30.9
      vertex 57.9944 -35.8023 33
    endloop
  endfacet
  facet normal 0.946893 -0.321549 0
    outer loop
      vertex 57.9944 -35.8023 30.9
      vertex 57.864 -36.1863 33
      vertex 57.864 -36.1863 30.9
    endloop
  endfacet
  facet normal -0.831481 -0.555553 0
    outer loop
      vertex 52.5406 -36.8872 30.9
      vertex 52.3153 -36.55 33
      vertex 52.3153 -36.55 30.9
    endloop
  endfacet
  facet normal -0.831481 -0.555553 0
    outer loop
      vertex 52.3153 -36.55 33
      vertex 52.5406 -36.8872 30.9
      vertex 52.5406 -36.8872 33
    endloop
  endfacet
  facet normal -0.659482 -0.751721 0
    outer loop
      vertex 52.808 -37.192 30.9
      vertex 53.1128 -37.4594 33
      vertex 52.808 -37.192 33
    endloop
  endfacet
  facet normal -0.659482 -0.751721 -0
    outer loop
      vertex 53.1128 -37.4594 33
      vertex 52.808 -37.192 30.9
      vertex 53.1128 -37.4594 30.9
    endloop
  endfacet
  facet normal -0.659482 0.751721 0
    outer loop
      vertex 53.1128 -32.5406 30.9
      vertex 52.808 -32.808 33
      vertex 53.1128 -32.5406 33
    endloop
  endfacet
  facet normal -0.659482 0.751721 0
    outer loop
      vertex 52.808 -32.808 33
      vertex 53.1128 -32.5406 30.9
      vertex 52.808 -32.808 30.9
    endloop
  endfacet
  facet normal -0.946893 0.321549 0
    outer loop
      vertex 52.0056 -34.1977 30.9
      vertex 52.136 -33.8137 33
      vertex 52.136 -33.8137 30.9
    endloop
  endfacet
  facet normal -0.946893 0.321549 0
    outer loop
      vertex 52.136 -33.8137 33
      vertex 52.0056 -34.1977 30.9
      vertex 52.0056 -34.1977 33
    endloop
  endfacet
  facet normal -0.442176 0.896928 0
    outer loop
      vertex 53.8137 -32.136 30.9
      vertex 53.45 -32.3153 33
      vertex 53.8137 -32.136 33
    endloop
  endfacet
  facet normal -0.442176 0.896928 0
    outer loop
      vertex 53.45 -32.3153 33
      vertex 53.8137 -32.136 30.9
      vertex 53.45 -32.3153 30.9
    endloop
  endfacet
  facet normal -0.980789 0.195073 0
    outer loop
      vertex 51.9265 -34.5954 30.9
      vertex 52.0056 -34.1977 33
      vertex 52.0056 -34.1977 30.9
    endloop
  endfacet
  facet normal -0.980789 0.195073 0
    outer loop
      vertex 52.0056 -34.1977 33
      vertex 51.9265 -34.5954 30.9
      vertex 51.9265 -34.5954 33
    endloop
  endfacet
  facet normal -0.321549 0.946893 0
    outer loop
      vertex 54.1977 -32.0056 30.9
      vertex 53.8137 -32.136 33
      vertex 54.1977 -32.0056 33
    endloop
  endfacet
  facet normal -0.321549 0.946893 0
    outer loop
      vertex 53.8137 -32.136 33
      vertex 54.1977 -32.0056 30.9
      vertex 53.8137 -32.136 30.9
    endloop
  endfacet
  facet normal 0.659482 -0.751721 0
    outer loop
      vertex 56.8872 -37.4594 30.9
      vertex 57.192 -37.192 33
      vertex 56.8872 -37.4594 33
    endloop
  endfacet
  facet normal 0.659482 -0.751721 0
    outer loop
      vertex 57.192 -37.192 33
      vertex 56.8872 -37.4594 30.9
      vertex 57.192 -37.192 30.9
    endloop
  endfacet
  facet normal 0.0653568 0.997862 -0
    outer loop
      vertex 55.4046 -31.9265 30.9
      vertex 55 -31.9 33
      vertex 55.4046 -31.9265 33
    endloop
  endfacet
  facet normal 0.0653568 0.997862 0
    outer loop
      vertex 55 -31.9 33
      vertex 55.4046 -31.9265 30.9
      vertex 55 -31.9 30.9
    endloop
  endfacet
  facet normal 0.831481 0.555553 0
    outer loop
      vertex 57.6847 -33.45 33
      vertex 57.4594 -33.1128 30.9
      vertex 57.4594 -33.1128 33
    endloop
  endfacet
  facet normal 0.831481 0.555553 0
    outer loop
      vertex 57.4594 -33.1128 30.9
      vertex 57.6847 -33.45 33
      vertex 57.6847 -33.45 30.9
    endloop
  endfacet
  facet normal 0.195073 -0.980789 0
    outer loop
      vertex 55.4046 -38.0735 30.9
      vertex 55.8023 -37.9944 33
      vertex 55.4046 -38.0735 33
    endloop
  endfacet
  facet normal 0.195073 -0.980789 0
    outer loop
      vertex 55.8023 -37.9944 33
      vertex 55.4046 -38.0735 30.9
      vertex 55.8023 -37.9944 30.9
    endloop
  endfacet
  facet normal -0.980789 -0.195073 0
    outer loop
      vertex 52.0056 -35.8023 30.9
      vertex 51.9265 -35.4046 33
      vertex 51.9265 -35.4046 30.9
    endloop
  endfacet
  facet normal -0.980789 -0.195073 0
    outer loop
      vertex 51.9265 -35.4046 33
      vertex 52.0056 -35.8023 30.9
      vertex 52.0056 -35.8023 33
    endloop
  endfacet
  facet normal -0.751721 0.659482 0
    outer loop
      vertex 52.5406 -33.1128 30.9
      vertex 52.808 -32.808 33
      vertex 52.808 -32.808 30.9
    endloop
  endfacet
  facet normal -0.751721 0.659482 0
    outer loop
      vertex 52.808 -32.808 33
      vertex 52.5406 -33.1128 30.9
      vertex 52.5406 -33.1128 33
    endloop
  endfacet
  facet normal 0.659482 0.751721 -0
    outer loop
      vertex 57.192 -32.808 30.9
      vertex 56.8872 -32.5406 33
      vertex 57.192 -32.808 33
    endloop
  endfacet
  facet normal 0.659482 0.751721 0
    outer loop
      vertex 56.8872 -32.5406 33
      vertex 57.192 -32.808 30.9
      vertex 56.8872 -32.5406 30.9
    endloop
  endfacet
  facet normal 0.997862 -0.0653568 0
    outer loop
      vertex 58.0735 -35.4046 33
      vertex 58.1 -35 30.9
      vertex 58.1 -35 33
    endloop
  endfacet
  facet normal 0.997862 -0.0653568 0
    outer loop
      vertex 58.1 -35 30.9
      vertex 58.0735 -35.4046 33
      vertex 58.0735 -35.4046 30.9
    endloop
  endfacet
  facet normal 0.980789 -0.195073 0
    outer loop
      vertex 57.9944 -35.8023 33
      vertex 58.0735 -35.4046 30.9
      vertex 58.0735 -35.4046 33
    endloop
  endfacet
  facet normal 0.980789 -0.195073 0
    outer loop
      vertex 58.0735 -35.4046 30.9
      vertex 57.9944 -35.8023 33
      vertex 57.9944 -35.8023 30.9
    endloop
  endfacet
  facet normal 0.555553 -0.831481 0
    outer loop
      vertex 56.55 -37.6847 30.9
      vertex 56.8872 -37.4594 33
      vertex 56.55 -37.6847 33
    endloop
  endfacet
  facet normal 0.555553 -0.831481 0
    outer loop
      vertex 56.8872 -37.4594 33
      vertex 56.55 -37.6847 30.9
      vertex 56.8872 -37.4594 30.9
    endloop
  endfacet
  facet normal 0.195073 0.980789 -0
    outer loop
      vertex 55.8023 -32.0056 30.9
      vertex 55.4046 -31.9265 33
      vertex 55.8023 -32.0056 33
    endloop
  endfacet
  facet normal 0.195073 0.980789 0
    outer loop
      vertex 55.4046 -31.9265 33
      vertex 55.8023 -32.0056 30.9
      vertex 55.4046 -31.9265 30.9
    endloop
  endfacet
  facet normal 0.751721 0.659482 0
    outer loop
      vertex 57.4594 -33.1128 33
      vertex 57.192 -32.808 30.9
      vertex 57.192 -32.808 33
    endloop
  endfacet
  facet normal 0.751721 0.659482 0
    outer loop
      vertex 57.192 -32.808 30.9
      vertex 57.4594 -33.1128 33
      vertex 57.4594 -33.1128 30.9
    endloop
  endfacet
  facet normal 0.442176 0.896928 -0
    outer loop
      vertex 56.55 -32.3153 30.9
      vertex 56.1863 -32.136 33
      vertex 56.55 -32.3153 33
    endloop
  endfacet
  facet normal 0.442176 0.896928 0
    outer loop
      vertex 56.1863 -32.136 33
      vertex 56.55 -32.3153 30.9
      vertex 56.1863 -32.136 30.9
    endloop
  endfacet
  facet normal -0.997862 -0.0653568 0
    outer loop
      vertex 51.9265 -35.4046 30.9
      vertex 51.9 -35 33
      vertex 51.9 -35 30.9
    endloop
  endfacet
  facet normal -0.997862 -0.0653568 0
    outer loop
      vertex 51.9 -35 33
      vertex 51.9265 -35.4046 30.9
      vertex 51.9265 -35.4046 33
    endloop
  endfacet
  facet normal 0.831481 -0.555553 0
    outer loop
      vertex 57.4594 -36.8872 33
      vertex 57.6847 -36.55 30.9
      vertex 57.6847 -36.55 33
    endloop
  endfacet
  facet normal 0.831481 -0.555553 0
    outer loop
      vertex 57.6847 -36.55 30.9
      vertex 57.4594 -36.8872 33
      vertex 57.4594 -36.8872 30.9
    endloop
  endfacet
  facet normal -0.751721 -0.659482 0
    outer loop
      vertex 52.808 -37.192 30.9
      vertex 52.5406 -36.8872 33
      vertex 52.5406 -36.8872 30.9
    endloop
  endfacet
  facet normal -0.751721 -0.659482 0
    outer loop
      vertex 52.5406 -36.8872 33
      vertex 52.808 -37.192 30.9
      vertex 52.808 -37.192 33
    endloop
  endfacet
  facet normal -0.997862 0.0653568 0
    outer loop
      vertex 51.9 -35 30.9
      vertex 51.9265 -34.5954 33
      vertex 51.9265 -34.5954 30.9
    endloop
  endfacet
  facet normal -0.997862 0.0653568 0
    outer loop
      vertex 51.9265 -34.5954 33
      vertex 51.9 -35 30.9
      vertex 51.9 -35 33
    endloop
  endfacet
  facet normal -0.442176 -0.896928 0
    outer loop
      vertex 53.45 -37.6847 30.9
      vertex 53.8137 -37.864 33
      vertex 53.45 -37.6847 33
    endloop
  endfacet
  facet normal -0.442176 -0.896928 -0
    outer loop
      vertex 53.8137 -37.864 33
      vertex 53.45 -37.6847 30.9
      vertex 53.8137 -37.864 30.9
    endloop
  endfacet
  facet normal -0.946893 -0.321549 0
    outer loop
      vertex 52.136 -36.1863 30.9
      vertex 52.0056 -35.8023 33
      vertex 52.0056 -35.8023 30.9
    endloop
  endfacet
  facet normal -0.946893 -0.321549 0
    outer loop
      vertex 52.0056 -35.8023 33
      vertex 52.136 -36.1863 30.9
      vertex 52.136 -36.1863 33
    endloop
  endfacet
  facet normal -0.195073 -0.980789 0
    outer loop
      vertex 54.1977 -37.9944 30.9
      vertex 54.5954 -38.0735 33
      vertex 54.1977 -37.9944 33
    endloop
  endfacet
  facet normal -0.195073 -0.980789 -0
    outer loop
      vertex 54.5954 -38.0735 33
      vertex 54.1977 -37.9944 30.9
      vertex 54.5954 -38.0735 30.9
    endloop
  endfacet
  facet normal 0.0653568 -0.997862 0
    outer loop
      vertex 55 -38.1 30.9
      vertex 55.4046 -38.0735 33
      vertex 55 -38.1 33
    endloop
  endfacet
  facet normal 0.0653568 -0.997862 0
    outer loop
      vertex 55.4046 -38.0735 33
      vertex 55 -38.1 30.9
      vertex 55.4046 -38.0735 30.9
    endloop
  endfacet
  facet normal -0.0653568 0.997862 0
    outer loop
      vertex 55 -31.9 30.9
      vertex 54.5954 -31.9265 33
      vertex 55 -31.9 33
    endloop
  endfacet
  facet normal -0.0653568 0.997862 0
    outer loop
      vertex 54.5954 -31.9265 33
      vertex 55 -31.9 30.9
      vertex 54.5954 -31.9265 30.9
    endloop
  endfacet
  facet normal 0 0 -1
    outer loop
      vertex 58.0735 -35.4046 30.9
      vertex 58.0735 -34.5954 30.9
      vertex 58.1 -35 30.9
    endloop
  endfacet
  facet normal 0 0 -1
    outer loop
      vertex 57.9944 -35.8023 30.9
      vertex 58.0735 -34.5954 30.9
      vertex 58.0735 -35.4046 30.9
    endloop
  endfacet
  facet normal 0 0 -1
    outer loop
      vertex 57.9944 -35.8023 30.9
      vertex 57.9944 -34.1977 30.9
      vertex 58.0735 -34.5954 30.9
    endloop
  endfacet
  facet normal 0 0 -1
    outer loop
      vertex 57.864 -36.1863 30.9
      vertex 57.9944 -34.1977 30.9
      vertex 57.9944 -35.8023 30.9
    endloop
  endfacet
  facet normal 0 0 -1
    outer loop
      vertex 57.864 -36.1863 30.9
      vertex 57.864 -33.8137 30.9
      vertex 57.9944 -34.1977 30.9
    endloop
  endfacet
  facet normal 0 0 -1
    outer loop
      vertex 57.6847 -36.55 30.9
      vertex 57.864 -33.8137 30.9
      vertex 57.864 -36.1863 30.9
    endloop
  endfacet
  facet normal 0 0 -1
    outer loop
      vertex 57.6847 -36.55 30.9
      vertex 57.6847 -33.45 30.9
      vertex 57.864 -33.8137 30.9
    endloop
  endfacet
  facet normal 0 0 -1
    outer loop
      vertex 57.4594 -36.8872 30.9
      vertex 57.6847 -33.45 30.9
      vertex 57.6847 -36.55 30.9
    endloop
  endfacet
  facet normal 0 0 -1
    outer loop
      vertex 57.4594 -36.8872 30.9
      vertex 57.4594 -33.1128 30.9
      vertex 57.6847 -33.45 30.9
    endloop
  endfacet
  facet normal 0 0 -1
    outer loop
      vertex 57.192 -37.192 30.9
      vertex 57.4594 -33.1128 30.9
      vertex 57.4594 -36.8872 30.9
    endloop
  endfacet
  facet normal 0 0 -1
    outer loop
      vertex 57.192 -37.192 30.9
      vertex 57.192 -32.808 30.9
      vertex 57.4594 -33.1128 30.9
    endloop
  endfacet
  facet normal 0 0 -1
    outer loop
      vertex 56.8872 -37.4594 30.9
      vertex 57.192 -32.808 30.9
      vertex 57.192 -37.192 30.9
    endloop
  endfacet
  facet normal 0 0 -1
    outer loop
      vertex 56.8872 -37.4594 30.9
      vertex 56.8872 -32.5406 30.9
      vertex 57.192 -32.808 30.9
    endloop
  endfacet
  facet normal 0 0 -1
    outer loop
      vertex 56.55 -37.6847 30.9
      vertex 56.8872 -32.5406 30.9
      vertex 56.8872 -37.4594 30.9
    endloop
  endfacet
  facet normal 0 0 -1
    outer loop
      vertex 56.55 -37.6847 30.9
      vertex 56.55 -32.3153 30.9
      vertex 56.8872 -32.5406 30.9
    endloop
  endfacet
  facet normal 0 0 -1
    outer loop
      vertex 56.1863 -37.864 30.9
      vertex 56.55 -32.3153 30.9
      vertex 56.55 -37.6847 30.9
    endloop
  endfacet
  facet normal 0 0 -1
    outer loop
      vertex 56.1863 -37.864 30.9
      vertex 56.1863 -32.136 30.9
      vertex 56.55 -32.3153 30.9
    endloop
  endfacet
  facet normal 0 0 -1
    outer loop
      vertex 55.8023 -37.9944 30.9
      vertex 56.1863 -32.136 30.9
      vertex 56.1863 -37.864 30.9
    endloop
  endfacet
  facet normal 0 0 -1
    outer loop
      vertex 55.8023 -37.9944 30.9
      vertex 55.8023 -32.0056 30.9
      vertex 56.1863 -32.136 30.9
    endloop
  endfacet
  facet normal 0 0 -1
    outer loop
      vertex 55.4046 -38.0735 30.9
      vertex 55.8023 -32.0056 30.9
      vertex 55.8023 -37.9944 30.9
    endloop
  endfacet
  facet normal 0 0 -1
    outer loop
      vertex 55.4046 -38.0735 30.9
      vertex 55.4046 -31.9265 30.9
      vertex 55.8023 -32.0056 30.9
    endloop
  endfacet
  facet normal 0 0 -1
    outer loop
      vertex 55 -38.1 30.9
      vertex 55.4046 -31.9265 30.9
      vertex 55.4046 -38.0735 30.9
    endloop
  endfacet
  facet normal 0 0 -1
    outer loop
      vertex 55 -38.1 30.9
      vertex 55 -31.9 30.9
      vertex 55.4046 -31.9265 30.9
    endloop
  endfacet
  facet normal 0 0 -1
    outer loop
      vertex 54.5954 -38.0735 30.9
      vertex 55 -31.9 30.9
      vertex 55 -38.1 30.9
    endloop
  endfacet
  facet normal 0 0 -1
    outer loop
      vertex 54.5954 -38.0735 30.9
      vertex 54.5954 -31.9265 30.9
      vertex 55 -31.9 30.9
    endloop
  endfacet
  facet normal 0 0 -1
    outer loop
      vertex 54.1977 -37.9944 30.9
      vertex 54.5954 -31.9265 30.9
      vertex 54.5954 -38.0735 30.9
    endloop
  endfacet
  facet normal 0 0 -1
    outer loop
      vertex 54.1977 -37.9944 30.9
      vertex 54.1977 -32.0056 30.9
      vertex 54.5954 -31.9265 30.9
    endloop
  endfacet
  facet normal 0 0 -1
    outer loop
      vertex 53.8137 -37.864 30.9
      vertex 54.1977 -32.0056 30.9
      vertex 54.1977 -37.9944 30.9
    endloop
  endfacet
  facet normal 0 0 -1
    outer loop
      vertex 53.8137 -37.864 30.9
      vertex 53.8137 -32.136 30.9
      vertex 54.1977 -32.0056 30.9
    endloop
  endfacet
  facet normal 0 0 -1
    outer loop
      vertex 53.45 -37.6847 30.9
      vertex 53.8137 -32.136 30.9
      vertex 53.8137 -37.864 30.9
    endloop
  endfacet
  facet normal 0 0 -1
    outer loop
      vertex 53.45 -37.6847 30.9
      vertex 53.45 -32.3153 30.9
      vertex 53.8137 -32.136 30.9
    endloop
  endfacet
  facet normal 0 0 -1
    outer loop
      vertex 53.1128 -37.4594 30.9
      vertex 53.45 -32.3153 30.9
      vertex 53.45 -37.6847 30.9
    endloop
  endfacet
  facet normal 0 0 -1
    outer loop
      vertex 53.1128 -37.4594 30.9
      vertex 53.1128 -32.5406 30.9
      vertex 53.45 -32.3153 30.9
    endloop
  endfacet
  facet normal 0 0 -1
    outer loop
      vertex 52.808 -37.192 30.9
      vertex 53.1128 -32.5406 30.9
      vertex 53.1128 -37.4594 30.9
    endloop
  endfacet
  facet normal 0 0 -1
    outer loop
      vertex 52.808 -37.192 30.9
      vertex 52.808 -32.808 30.9
      vertex 53.1128 -32.5406 30.9
    endloop
  endfacet
  facet normal 0 0 -1
    outer loop
      vertex 52.5406 -36.8872 30.9
      vertex 52.808 -32.808 30.9
      vertex 52.808 -37.192 30.9
    endloop
  endfacet
  facet normal 0 0 -1
    outer loop
      vertex 52.5406 -36.8872 30.9
      vertex 52.5406 -33.1128 30.9
      vertex 52.808 -32.808 30.9
    endloop
  endfacet
  facet normal 0 0 -1
    outer loop
      vertex 52.3153 -36.55 30.9
      vertex 52.5406 -33.1128 30.9
      vertex 52.5406 -36.8872 30.9
    endloop
  endfacet
  facet normal 0 0 -1
    outer loop
      vertex 52.3153 -36.55 30.9
      vertex 52.3153 -33.45 30.9
      vertex 52.5406 -33.1128 30.9
    endloop
  endfacet
  facet normal 0 0 -1
    outer loop
      vertex 52.136 -36.1863 30.9
      vertex 52.3153 -33.45 30.9
      vertex 52.3153 -36.55 30.9
    endloop
  endfacet
  facet normal 0 0 -1
    outer loop
      vertex 52.136 -36.1863 30.9
      vertex 52.136 -33.8137 30.9
      vertex 52.3153 -33.45 30.9
    endloop
  endfacet
  facet normal 0 0 -1
    outer loop
      vertex 52.0056 -35.8023 30.9
      vertex 52.136 -33.8137 30.9
      vertex 52.136 -36.1863 30.9
    endloop
  endfacet
  facet normal 0 0 -1
    outer loop
      vertex 52.0056 -35.8023 30.9
      vertex 52.0056 -34.1977 30.9
      vertex 52.136 -33.8137 30.9
    endloop
  endfacet
  facet normal 0 0 -1
    outer loop
      vertex 51.9265 -35.4046 30.9
      vertex 52.0056 -34.1977 30.9
      vertex 52.0056 -35.8023 30.9
    endloop
  endfacet
  facet normal 0 0 -1
    outer loop
      vertex 51.9265 -35.4046 30.9
      vertex 51.9265 -34.5954 30.9
      vertex 52.0056 -34.1977 30.9
    endloop
  endfacet
  facet normal 0 -0 -1
    outer loop
      vertex 51.9265 -34.5954 30.9
      vertex 51.9265 -35.4046 30.9
      vertex 51.9 -35 30.9
    endloop
  endfacet
  facet normal -0.896928 -0.442176 0
    outer loop
      vertex 52.3153 -36.55 30.9
      vertex 52.136 -36.1863 33
      vertex 52.136 -36.1863 30.9
    endloop
  endfacet
  facet normal -0.896928 -0.442176 0
    outer loop
      vertex 52.136 -36.1863 33
      vertex 52.3153 -36.55 30.9
      vertex 52.3153 -36.55 33
    endloop
  endfacet
  facet normal -0.896928 0.442176 0
    outer loop
      vertex 52.136 -33.8137 30.9
      vertex 52.3153 -33.45 33
      vertex 52.3153 -33.45 30.9
    endloop
  endfacet
  facet normal -0.896928 0.442176 0
    outer loop
      vertex 52.3153 -33.45 33
      vertex 52.136 -33.8137 30.9
      vertex 52.136 -33.8137 33
    endloop
  endfacet
  facet normal -0.831481 0.555553 0
    outer loop
      vertex 52.3153 -33.45 30.9
      vertex 52.5406 -33.1128 33
      vertex 52.5406 -33.1128 30.9
    endloop
  endfacet
  facet normal -0.831481 0.555553 0
    outer loop
      vertex 52.5406 -33.1128 33
      vertex 52.3153 -33.45 30.9
      vertex 52.3153 -33.45 33
    endloop
  endfacet
  facet normal -0.555553 -0.831481 0
    outer loop
      vertex 53.1128 -37.4594 30.9
      vertex 53.45 -37.6847 33
      vertex 53.1128 -37.4594 33
    endloop
  endfacet
  facet normal -0.555553 -0.831481 -0
    outer loop
      vertex 53.45 -37.6847 33
      vertex 53.1128 -37.4594 30.9
      vertex 53.45 -37.6847 30.9
    endloop
  endfacet
  facet normal 0 0 1
    outer loop
      vertex 58.0735 -34.5954 33
      vertex 58.0735 -35.4046 33
      vertex 58.1 -35 33
    endloop
  endfacet
  facet normal 0 0 1
    outer loop
      vertex 57.9944 -34.1977 33
      vertex 58.0735 -35.4046 33
      vertex 58.0735 -34.5954 33
    endloop
  endfacet
  facet normal 0 0 1
    outer loop
      vertex 57.9944 -34.1977 33
      vertex 57.9944 -35.8023 33
      vertex 58.0735 -35.4046 33
    endloop
  endfacet
  facet normal 0 0 1
    outer loop
      vertex 57.864 -33.8137 33
      vertex 57.9944 -35.8023 33
      vertex 57.9944 -34.1977 33
    endloop
  endfacet
  facet normal 0 0 1
    outer loop
      vertex 57.864 -33.8137 33
      vertex 57.864 -36.1863 33
      vertex 57.9944 -35.8023 33
    endloop
  endfacet
  facet normal 0 0 1
    outer loop
      vertex 57.6847 -33.45 33
      vertex 57.864 -36.1863 33
      vertex 57.864 -33.8137 33
    endloop
  endfacet
  facet normal 0 0 1
    outer loop
      vertex 57.6847 -33.45 33
      vertex 57.6847 -36.55 33
      vertex 57.864 -36.1863 33
    endloop
  endfacet
  facet normal 0 0 1
    outer loop
      vertex 57.4594 -33.1128 33
      vertex 57.6847 -36.55 33
      vertex 57.6847 -33.45 33
    endloop
  endfacet
  facet normal 0 0 1
    outer loop
      vertex 57.4594 -33.1128 33
      vertex 57.4594 -36.8872 33
      vertex 57.6847 -36.55 33
    endloop
  endfacet
  facet normal 0 0 1
    outer loop
      vertex 57.192 -32.808 33
      vertex 57.4594 -36.8872 33
      vertex 57.4594 -33.1128 33
    endloop
  endfacet
  facet normal 0 0 1
    outer loop
      vertex 57.192 -32.808 33
      vertex 57.192 -37.192 33
      vertex 57.4594 -36.8872 33
    endloop
  endfacet
  facet normal 0 0 1
    outer loop
      vertex 56.8872 -32.5406 33
      vertex 57.192 -37.192 33
      vertex 57.192 -32.808 33
    endloop
  endfacet
  facet normal 0 0 1
    outer loop
      vertex 56.8872 -32.5406 33
      vertex 56.8872 -37.4594 33
      vertex 57.192 -37.192 33
    endloop
  endfacet
  facet normal 0 0 1
    outer loop
      vertex 56.55 -32.3153 33
      vertex 56.8872 -37.4594 33
      vertex 56.8872 -32.5406 33
    endloop
  endfacet
  facet normal 0 0 1
    outer loop
      vertex 56.55 -32.3153 33
      vertex 56.55 -37.6847 33
      vertex 56.8872 -37.4594 33
    endloop
  endfacet
  facet normal 0 0 1
    outer loop
      vertex 56.1863 -32.136 33
      vertex 56.55 -37.6847 33
      vertex 56.55 -32.3153 33
    endloop
  endfacet
  facet normal 0 0 1
    outer loop
      vertex 56.1863 -32.136 33
      vertex 56.1863 -37.864 33
      vertex 56.55 -37.6847 33
    endloop
  endfacet
  facet normal 0 0 1
    outer loop
      vertex 55.8023 -32.0056 33
      vertex 56.1863 -37.864 33
      vertex 56.1863 -32.136 33
    endloop
  endfacet
  facet normal 0 0 1
    outer loop
      vertex 55.8023 -32.0056 33
      vertex 55.8023 -37.9944 33
      vertex 56.1863 -37.864 33
    endloop
  endfacet
  facet normal 0 0 1
    outer loop
      vertex 55.4046 -31.9265 33
      vertex 55.8023 -37.9944 33
      vertex 55.8023 -32.0056 33
    endloop
  endfacet
  facet normal 0 0 1
    outer loop
      vertex 55.4046 -31.9265 33
      vertex 55.4046 -38.0735 33
      vertex 55.8023 -37.9944 33
    endloop
  endfacet
  facet normal 0 0 1
    outer loop
      vertex 55 -31.9 33
      vertex 55.4046 -38.0735 33
      vertex 55.4046 -31.9265 33
    endloop
  endfacet
  facet normal 0 0 1
    outer loop
      vertex 55 -31.9 33
      vertex 55 -38.1 33
      vertex 55.4046 -38.0735 33
    endloop
  endfacet
  facet normal -0 0 1
    outer loop
      vertex 54.5954 -31.9265 33
      vertex 55 -38.1 33
      vertex 55 -31.9 33
    endloop
  endfacet
  facet normal 0 0 1
    outer loop
      vertex 54.5954 -31.9265 33
      vertex 54.5954 -38.0735 33
      vertex 55 -38.1 33
    endloop
  endfacet
  facet normal -0 0 1
    outer loop
      vertex 54.1977 -32.0056 33
      vertex 54.5954 -38.0735 33
      vertex 54.5954 -31.9265 33
    endloop
  endfacet
  facet normal 0 0 1
    outer loop
      vertex 54.1977 -32.0056 33
      vertex 54.1977 -37.9944 33
      vertex 54.5954 -38.0735 33
    endloop
  endfacet
  facet normal -0 0 1
    outer loop
      vertex 53.8137 -32.136 33
      vertex 54.1977 -37.9944 33
      vertex 54.1977 -32.0056 33
    endloop
  endfacet
  facet normal 0 0 1
    outer loop
      vertex 53.8137 -32.136 33
      vertex 53.8137 -37.864 33
      vertex 54.1977 -37.9944 33
    endloop
  endfacet
  facet normal -0 0 1
    outer loop
      vertex 53.45 -32.3153 33
      vertex 53.8137 -37.864 33
      vertex 53.8137 -32.136 33
    endloop
  endfacet
  facet normal 0 0 1
    outer loop
      vertex 53.45 -32.3153 33
      vertex 53.45 -37.6847 33
      vertex 53.8137 -37.864 33
    endloop
  endfacet
  facet normal -0 0 1
    outer loop
      vertex 53.1128 -32.5406 33
      vertex 53.45 -37.6847 33
      vertex 53.45 -32.3153 33
    endloop
  endfacet
  facet normal 0 0 1
    outer loop
      vertex 53.1128 -32.5406 33
      vertex 53.1128 -37.4594 33
      vertex 53.45 -37.6847 33
    endloop
  endfacet
  facet normal -0 0 1
    outer loop
      vertex 52.808 -32.808 33
      vertex 53.1128 -37.4594 33
      vertex 53.1128 -32.5406 33
    endloop
  endfacet
  facet normal 0 0 1
    outer loop
      vertex 52.808 -32.808 33
      vertex 52.808 -37.192 33
      vertex 53.1128 -37.4594 33
    endloop
  endfacet
  facet normal -0 0 1
    outer loop
      vertex 52.5406 -33.1128 33
      vertex 52.808 -37.192 33
      vertex 52.808 -32.808 33
    endloop
  endfacet
  facet normal 0 0 1
    outer loop
      vertex 52.5406 -33.1128 33
      vertex 52.5406 -36.8872 33
      vertex 52.808 -37.192 33
    endloop
  endfacet
  facet normal -0 0 1
    outer loop
      vertex 52.3153 -33.45 33
      vertex 52.5406 -36.8872 33
      vertex 52.5406 -33.1128 33
    endloop
  endfacet
  facet normal 0 0 1
    outer loop
      vertex 52.3153 -33.45 33
      vertex 52.3153 -36.55 33
      vertex 52.5406 -36.8872 33
    endloop
  endfacet
  facet normal -0 0 1
    outer loop
      vertex 52.136 -33.8137 33
      vertex 52.3153 -36.55 33
      vertex 52.3153 -33.45 33
    endloop
  endfacet
  facet normal 0 0 1
    outer loop
      vertex 52.136 -33.8137 33
      vertex 52.136 -36.1863 33
      vertex 52.3153 -36.55 33
    endloop
  endfacet
  facet normal -0 0 1
    outer loop
      vertex 52.0056 -34.1977 33
      vertex 52.136 -36.1863 33
      vertex 52.136 -33.8137 33
    endloop
  endfacet
  facet normal 0 0 1
    outer loop
      vertex 52.0056 -34.1977 33
      vertex 52.0056 -35.8023 33
      vertex 52.136 -36.1863 33
    endloop
  endfacet
  facet normal -0 0 1
    outer loop
      vertex 51.9265 -34.5954 33
      vertex 52.0056 -35.8023 33
      vertex 52.0056 -34.1977 33
    endloop
  endfacet
  facet normal 0 0 1
    outer loop
      vertex 51.9265 -34.5954 33
      vertex 51.9265 -35.4046 33
      vertex 52.0056 -35.8023 33
    endloop
  endfacet
  facet normal 0 -0 1
    outer loop
      vertex 51.9265 -35.4046 33
      vertex 51.9265 -34.5954 33
      vertex 51.9 -35 33
    endloop
  endfacet
  facet normal 1 0 0
    outer loop
      vertex 86.15 18 30
      vertex 86.15 16 28
      vertex 86.15 18 10
    endloop
  endfacet
  facet normal 1 0 0
    outer loop
      vertex 86.15 18 30
      vertex 86.15 0 28
      vertex 86.15 16 28
    endloop
  endfacet
  facet normal 1 0 0
    outer loop
      vertex 86.15 0 28
      vertex 86.15 -2 30
      vertex 86.15 0 12
    endloop
  endfacet
  facet normal 1 -0 0
    outer loop
      vertex 86.15 -2 30
      vertex 86.15 0 28
      vertex 86.15 18 30
    endloop
  endfacet
  facet normal 1 -0 0
    outer loop
      vertex 86.15 16 12
      vertex 86.15 18 10
      vertex 86.15 16 28
    endloop
  endfacet
  facet normal 1 -0 0
    outer loop
      vertex 86.15 0 12
      vertex 86.15 18 10
      vertex 86.15 16 12
    endloop
  endfacet
  facet normal 1 0 0
    outer loop
      vertex 86.15 0 12
      vertex 86.15 -2 10
      vertex 86.15 18 10
    endloop
  endfacet
  facet normal 1 0 0
    outer loop
      vertex 86.15 -2 10
      vertex 86.15 0 12
      vertex 86.15 -2 30
    endloop
  endfacet
  facet normal -1 0 0
    outer loop
      vertex 83.15 0 14.995
      vertex 83.15 -2 14.995
      vertex 83.15 0 28
    endloop
  endfacet
  facet normal -1 0 0
    outer loop
      vertex 83.15 16 28
      vertex 83.15 18 14.995
      vertex 83.15 16 14.995
    endloop
  endfacet
  facet normal -1 0 0
    outer loop
      vertex 83.15 18 14.995
      vertex 83.15 16 28
      vertex 83.15 18 30
    endloop
  endfacet
  facet normal -1 0 0
    outer loop
      vertex 83.15 0 28
      vertex 83.15 18 30
      vertex 83.15 16 28
    endloop
  endfacet
  facet normal -1 0 0
    outer loop
      vertex 83.15 0 28
      vertex 83.15 -2 30
      vertex 83.15 18 30
    endloop
  endfacet
  facet normal -1 0 0
    outer loop
      vertex 83.15 -2 30
      vertex 83.15 0 28
      vertex 83.15 -2 14.995
    endloop
  endfacet
  facet normal -0 0 1
    outer loop
      vertex 83.15 18 30
      vertex 83.65 -2 30
      vertex 83.65 18 30
    endloop
  endfacet
  facet normal 0 0 1
    outer loop
      vertex 83.65 -2 30
      vertex 83.15 18 30
      vertex 83.15 -2 30
    endloop
  endfacet
  facet normal 0 1 -0
    outer loop
      vertex 83.65 18 14.995
      vertex 83.15 18 30
      vertex 83.65 18 30
    endloop
  endfacet
  facet normal 0 1 0
    outer loop
      vertex 83.15 18 30
      vertex 83.65 18 14.995
      vertex 83.15 18 14.995
    endloop
  endfacet
  facet normal 0 -1 0
    outer loop
      vertex 83.15 -2 14.995
      vertex 83.65 -2 30
      vertex 83.15 -2 30
    endloop
  endfacet
  facet normal 0 -1 -0
    outer loop
      vertex 83.65 -2 30
      vertex 83.15 -2 14.995
      vertex 83.65 -2 14.995
    endloop
  endfacet
  facet normal 0 0 -1
    outer loop
      vertex 83.15 0 28
      vertex 83.65 16 28
      vertex 83.65 0 28
    endloop
  endfacet
  facet normal -0 0 -1
    outer loop
      vertex 83.65 16 28
      vertex 83.15 0 28
      vertex 83.15 16 28
    endloop
  endfacet
  facet normal 0 -1 0
    outer loop
      vertex 83.15 16 14.995
      vertex 83.65 16 28
      vertex 83.15 16 28
    endloop
  endfacet
  facet normal 0 -1 -0
    outer loop
      vertex 83.65 16 28
      vertex 83.15 16 14.995
      vertex 83.65 16 14.995
    endloop
  endfacet
  facet normal 0 1 -0
    outer loop
      vertex 83.65 0 14.995
      vertex 83.15 0 28
      vertex 83.65 0 28
    endloop
  endfacet
  facet normal 0 1 0
    outer loop
      vertex 83.15 0 28
      vertex 83.65 0 14.995
      vertex 83.15 0 14.995
    endloop
  endfacet
  facet normal -1 0 0
    outer loop
      vertex 83.15 1 14.995
      vertex 83.15 15 27
      vertex 83.15 15 14.995
    endloop
  endfacet
  facet normal -1 -0 0
    outer loop
      vertex 83.15 15 27
      vertex 83.15 1 14.995
      vertex 83.15 1 27
    endloop
  endfacet
  facet normal -0 0 1
    outer loop
      vertex 83.15 15 27
      vertex 83.65 1 27
      vertex 83.65 15 27
    endloop
  endfacet
  facet normal 0 0 1
    outer loop
      vertex 83.65 1 27
      vertex 83.15 15 27
      vertex 83.15 1 27
    endloop
  endfacet
  facet normal 0 1 -0
    outer loop
      vertex 83.65 15 14.995
      vertex 83.15 15 27
      vertex 83.65 15 27
    endloop
  endfacet
  facet normal 0 1 0
    outer loop
      vertex 83.15 15 27
      vertex 83.65 15 14.995
      vertex 83.15 15 14.995
    endloop
  endfacet
  facet normal 0 -1 0
    outer loop
      vertex 83.15 1 14.995
      vertex 83.65 1 27
      vertex 83.15 1 27
    endloop
  endfacet
  facet normal 0 -1 -0
    outer loop
      vertex 83.65 1 27
      vertex 83.15 1 14.995
      vertex 83.65 1 14.995
    endloop
  endfacet
  facet normal 0 1 -0
    outer loop
      vertex 66 60.65 9
      vertex 54 60.65 21
      vertex 66 60.65 21
    endloop
  endfacet
  facet normal 0 1 0
    outer loop
      vertex 54 60.65 21
      vertex 66 60.65 9
      vertex 54 60.65 9
    endloop
  endfacet
  facet normal 1 -0 0
    outer loop
      vertex 66 59.35 21
      vertex 66 60.65 9
      vertex 66 60.65 21
    endloop
  endfacet
  facet normal 1 0 0
    outer loop
      vertex 66 60.65 9
      vertex 66 59.35 21
      vertex 66 59.35 9
    endloop
  endfacet
  facet normal -1 0 0
    outer loop
      vertex 54 59.35 9
      vertex 54 60.65 21
      vertex 54 60.65 9
    endloop
  endfacet
  facet normal -1 -0 0
    outer loop
      vertex 54 60.65 21
      vertex 54 59.35 9
      vertex 54 59.35 21
    endloop
  endfacet
  facet normal 0 0 -1
    outer loop
      vertex 54 59.35 9
      vertex 66 60.65 9
      vertex 66 59.35 9
    endloop
  endfacet
  facet normal -0 0 -1
    outer loop
      vertex 66 60.65 9
      vertex 54 59.35 9
      vertex 54 60.65 9
    endloop
  endfacet
  facet normal 0 -1 0
    outer loop
      vertex 54 59.35 9
      vertex 66 59.35 21
      vertex 54 59.35 21
    endloop
  endfacet
  facet normal 0 -1 -0
    outer loop
      vertex 66 59.35 21
      vertex 54 59.35 9
      vertex 66 59.35 9
    endloop
  endfacet
  facet normal -0 0 1
    outer loop
      vertex 54 60.65 21
      vertex 66 59.35 21
      vertex 66 60.65 21
    endloop
  endfacet
  facet normal 0 0 1
    outer loop
      vertex 66 59.35 21
      vertex 54 60.65 21
      vertex 54 59.35 21
    endloop
  endfacet
  facet normal 1 -0 0
    outer loop
      vertex 66 55 23.15
      vertex 66 58.5 21.85
      vertex 66 58.5 23.15
    endloop
  endfacet
  facet normal 1 0 0
    outer loop
      vertex 66 58.5 21.85
      vertex 66 55 23.15
      vertex 66 55 21.85
    endloop
  endfacet
  facet normal 1 -0 0
    outer loop
      vertex 66 46.5 23.15
      vertex 66 52.5 21.85
      vertex 66 52.5 23.15
    endloop
  endfacet
  facet normal 1 0 0
    outer loop
      vertex 66 52.5 21.85
      vertex 66 46.5 23.15
      vertex 66 46.5 21.85
    endloop
  endfacet
  facet normal -0 0 1
    outer loop
      vertex 54 58.5 23.15
      vertex 66 55 23.15
      vertex 66 58.5 23.15
    endloop
  endfacet
  facet normal 0 0 1
    outer loop
      vertex 66 55 23.15
      vertex 54 58.5 23.15
      vertex 54 55 23.15
    endloop
  endfacet
  facet normal -0 0 1
    outer loop
      vertex 54 52.5 23.15
      vertex 66 46.5 23.15
      vertex 66 52.5 23.15
    endloop
  endfacet
  facet normal 0 0 1
    outer loop
      vertex 66 46.5 23.15
      vertex 54 52.5 23.15
      vertex 54 46.5 23.15
    endloop
  endfacet
  facet normal 0 0 -1
    outer loop
      vertex 54 55 21.85
      vertex 66 58.5 21.85
      vertex 66 55 21.85
    endloop
  endfacet
  facet normal -0 0 -1
    outer loop
      vertex 66 58.5 21.85
      vertex 54 55 21.85
      vertex 54 58.5 21.85
    endloop
  endfacet
  facet normal 0 0 -1
    outer loop
      vertex 54 46.5 21.85
      vertex 66 52.5 21.85
      vertex 66 46.5 21.85
    endloop
  endfacet
  facet normal -0 0 -1
    outer loop
      vertex 66 52.5 21.85
      vertex 54 46.5 21.85
      vertex 54 52.5 21.85
    endloop
  endfacet
  facet normal -1 0 0
    outer loop
      vertex 54 55 21.85
      vertex 54 58.5 23.15
      vertex 54 58.5 21.85
    endloop
  endfacet
  facet normal -1 -0 0
    outer loop
      vertex 54 58.5 23.15
      vertex 54 55 21.85
      vertex 54 55 23.15
    endloop
  endfacet
  facet normal -1 0 0
    outer loop
      vertex 54 46.5 21.85
      vertex 54 52.5 23.15
      vertex 54 52.5 21.85
    endloop
  endfacet
  facet normal -1 -0 0
    outer loop
      vertex 54 52.5 23.15
      vertex 54 46.5 21.85
      vertex 54 46.5 23.15
    endloop
  endfacet
  facet normal 0 1 -0
    outer loop
      vertex 66 58.5 21.85
      vertex 54 58.5 23.15
      vertex 66 58.5 23.15
    endloop
  endfacet
  facet normal 0 1 0
    outer loop
      vertex 54 58.5 23.15
      vertex 66 58.5 21.85
      vertex 54 58.5 21.85
    endloop
  endfacet
  facet normal 0 -1 0
    outer loop
      vertex 54 46.5 21.85
      vertex 66 46.5 23.15
      vertex 54 46.5 23.15
    endloop
  endfacet
  facet normal 0 -1 -0
    outer loop
      vertex 66 46.5 23.15
      vertex 54 46.5 21.85
      vertex 66 46.5 21.85
    endloop
  endfacet
  facet normal 0 0 -1
    outer loop
      vertex 54 55 6.85
      vertex 66 58.5 6.85
      vertex 66 55 6.85
    endloop
  endfacet
  facet normal -0 0 -1
    outer loop
      vertex 66 58.5 6.85
      vertex 54 55 6.85
      vertex 54 58.5 6.85
    endloop
  endfacet
  facet normal -1 0 0
    outer loop
      vertex 54 55 6.85
      vertex 54 58.5 8.15
      vertex 54 58.5 6.85
    endloop
  endfacet
  facet normal -1 -0 0
    outer loop
      vertex 54 58.5 8.15
      vertex 54 55 6.85
      vertex 54 55 8.15
    endloop
  endfacet
  facet normal -0 0 1
    outer loop
      vertex 54 58.5 8.15
      vertex 66 55 8.15
      vertex 66 58.5 8.15
    endloop
  endfacet
  facet normal 0 0 1
    outer loop
      vertex 66 55 8.15
      vertex 54 58.5 8.15
      vertex 54 55 8.15
    endloop
  endfacet
  facet normal 0 1 -0
    outer loop
      vertex 66 58.5 6.85
      vertex 54 58.5 8.15
      vertex 66 58.5 8.15
    endloop
  endfacet
  facet normal 0 1 0
    outer loop
      vertex 54 58.5 8.15
      vertex 66 58.5 6.85
      vertex 54 58.5 6.85
    endloop
  endfacet
  facet normal 1 -0 0
    outer loop
      vertex 66 55 8.15
      vertex 66 58.5 6.85
      vertex 66 58.5 8.15
    endloop
  endfacet
  facet normal 1 0 0
    outer loop
      vertex 66 58.5 6.85
      vertex 66 55 8.15
      vertex 66 55 6.85
    endloop
  endfacet
  facet normal 0 0 -1
    outer loop
      vertex 51.85 55 9
      vertex 53.15 58.5 9
      vertex 53.15 55 9
    endloop
  endfacet
  facet normal -0 0 -1
    outer loop
      vertex 53.15 58.5 9
      vertex 51.85 55 9
      vertex 51.85 58.5 9
    endloop
  endfacet
  facet normal 1 -0 0
    outer loop
      vertex 53.15 55 21
      vertex 53.15 58.5 9
      vertex 53.15 58.5 21
    endloop
  endfacet
  facet normal 1 0 0
    outer loop
      vertex 53.15 58.5 9
      vertex 53.15 55 21
      vertex 53.15 55 9
    endloop
  endfacet
  facet normal 1 -0 0
    outer loop
      vertex 53.15 46.5 21
      vertex 53.15 52.5 14.995
      vertex 53.15 52.5 21
    endloop
  endfacet
  facet normal 1 0 0
    outer loop
      vertex 53.15 52.5 14.995
      vertex 53.15 46.5 21
      vertex 53.15 46.5 14.995
    endloop
  endfacet
  facet normal -1 0 0
    outer loop
      vertex 51.85 55 9
      vertex 51.85 58.5 21
      vertex 51.85 58.5 9
    endloop
  endfacet
  facet normal -1 -0 0
    outer loop
      vertex 51.85 58.5 21
      vertex 51.85 55 9
      vertex 51.85 55 21
    endloop
  endfacet
  facet normal -1 0 0
    outer loop
      vertex 51.85 46.5 14.995
      vertex 51.85 52.5 21
      vertex 51.85 52.5 14.995
    endloop
  endfacet
  facet normal -1 -0 0
    outer loop
      vertex 51.85 52.5 21
      vertex 51.85 46.5 14.995
      vertex 51.85 46.5 21
    endloop
  endfacet
  facet normal -0 0 1
    outer loop
      vertex 51.85 58.5 21
      vertex 53.15 55 21
      vertex 53.15 58.5 21
    endloop
  endfacet
  facet normal 0 0 1
    outer loop
      vertex 53.15 55 21
      vertex 51.85 58.5 21
      vertex 51.85 55 21
    endloop
  endfacet
  facet normal -0 0 1
    outer loop
      vertex 51.85 52.5 21
      vertex 53.15 46.5 21
      vertex 53.15 52.5 21
    endloop
  endfacet
  facet normal 0 0 1
    outer loop
      vertex 53.15 46.5 21
      vertex 51.85 52.5 21
      vertex 51.85 46.5 21
    endloop
  endfacet
  facet normal 0 1 -0
    outer loop
      vertex 53.15 58.5 9
      vertex 51.85 58.5 21
      vertex 53.15 58.5 21
    endloop
  endfacet
  facet normal 0 1 0
    outer loop
      vertex 51.85 58.5 21
      vertex 53.15 58.5 9
      vertex 51.85 58.5 9
    endloop
  endfacet
  facet normal 0 -1 0
    outer loop
      vertex 51.85 46.5 14.995
      vertex 53.15 46.5 21
      vertex 51.85 46.5 21
    endloop
  endfacet
  facet normal 0 -1 -0
    outer loop
      vertex 53.15 46.5 21
      vertex 51.85 46.5 14.995
      vertex 53.15 46.5 14.995
    endloop
  endfacet
  facet normal -0.960726 0.137115 0.241255
    outer loop
      vertex 45.7448 31.072 14.995
      vertex 45.8441 30.0577 15.9669
      vertex 45.983 31.048 15.9572
    endloop
  endfacet
  facet normal -0.960739 0.137085 0.241225
    outer loop
      vertex 45.5894 29.9829 14.995
      vertex 45.8441 30.0577 15.9669
      vertex 45.7448 31.072 14.995
    endloop
  endfacet
  facet normal -0.960821 0.13637 0.241301
    outer loop
      vertex 45.8441 30.0577 15.9669
      vertex 45.5894 29.9829 14.995
      vertex 45.8303 29.9587 15.9679
    endloop
  endfacet
  facet normal 0.96074 -0.13702 -0.241254
    outer loop
      vertex 41.0405 30.743 17.1732
      vertex 40.867 31.7647 15.902
      vertex 41.1793 31.7333 17.1635
    endloop
  endfacet
  facet normal 0.960739 -0.137026 -0.241258
    outer loop
      vertex 41.0405 30.743 17.1732
      vertex 40.7143 30.6754 15.9126
      vertex 40.867 31.7647 15.902
    endloop
  endfacet
  facet normal 0.960702 -0.137323 -0.241233
    outer loop
      vertex 40.7143 30.6754 15.9126
      vertex 41.0405 30.743 17.1732
      vertex 41.0266 30.644 17.1742
    endloop
  endfacet
  facet normal 0.138834 0.990268 -0.00971187
    outer loop
      vertex 44.3685 30.1541 14.995
      vertex 41.0266 30.644 17.1742
      vertex 45.8303 29.9587 15.9679
    endloop
  endfacet
  facet normal 0.138859 0.990264 -0.00975105
    outer loop
      vertex 44.3685 30.1541 14.995
      vertex 45.8303 29.9587 15.9679
      vertex 45.5894 29.9829 14.995
    endloop
  endfacet
  facet normal 0.138829 0.990269 -0.00971927
    outer loop
      vertex 41.0266 30.644 17.1742
      vertex 44.3685 30.1541 14.995
      vertex 40.7143 30.6754 15.9126
    endloop
  endfacet
  facet normal -0.96072 0.137187 0.241239
    outer loop
      vertex 47.8775 46.0214 14.995
      vertex 48.0655 45.902 15.8116
      vertex 48.0794 46.0011 15.8106
    endloop
  endfacet
  facet normal -0.960738 0.137084 0.241228
    outer loop
      vertex 47.7221 44.9323 14.995
      vertex 48.0655 45.902 15.8116
      vertex 47.8775 46.0214 14.995
    endloop
  endfacet
  facet normal -0.96073 0.137033 0.241286
    outer loop
      vertex 48.0655 45.902 15.8116
      vertex 47.7221 44.9323 14.995
      vertex 47.9267 44.9118 15.8213
    endloop
  endfacet
  facet normal 0.960695 -0.137322 -0.241261
    outer loop
      vertex 43.2618 46.5873 17.0179
      vertex 42.9634 46.7178 15.7554
      vertex 43.2757 46.6863 17.0169
    endloop
  endfacet
  facet normal 0.960743 -0.137026 -0.241242
    outer loop
      vertex 43.2618 46.5873 17.0179
      vertex 42.8107 45.6285 15.766
      vertex 42.9634 46.7178 15.7554
    endloop
  endfacet
  facet normal 0.960743 -0.137034 -0.241236
    outer loop
      vertex 42.8107 45.6285 15.766
      vertex 43.2618 46.5873 17.0179
      vertex 43.123 45.5971 17.0276
    endloop
  endfacet
  facet normal -0.138861 -0.990265 0.00964956
    outer loop
      vertex 45.9913 46.2858 14.995
      vertex 43.2757 46.6863 17.0169
      vertex 42.9634 46.7178 15.7554
    endloop
  endfacet
  facet normal -0.138812 -0.990271 0.00971579
    outer loop
      vertex 43.2757 46.6863 17.0169
      vertex 45.9913 46.2858 14.995
      vertex 48.0794 46.0011 15.8106
    endloop
  endfacet
  facet normal -0.138812 -0.990271 0.00971517
    outer loop
      vertex 48.0794 46.0011 15.8106
      vertex 45.9913 46.2858 14.995
      vertex 47.8775 46.0214 14.995
    endloop
  endfacet
  facet normal 0.240229 -0.0241725 0.970415
    outer loop
      vertex 51.4176 46.4339 14.995
      vertex 48.0794 46.0011 15.8106
      vertex 51.3174 45.4381 14.995
    endloop
  endfacet
  facet normal 0.240234 -0.0242189 0.970413
    outer loop
      vertex 51.4176 46.4339 14.995
      vertex 43.2757 46.6863 17.0169
      vertex 48.0794 46.0011 15.8106
    endloop
  endfacet
  facet normal 0.240272 -0.023933 0.970411
    outer loop
      vertex 43.2757 46.6863 17.0169
      vertex 37.9778 47.3411 18.3448
      vertex 43.2618 46.5873 17.0179
    endloop
  endfacet
  facet normal 0.240236 -0.0241637 0.970414
    outer loop
      vertex 37.1559 48.4685 18.5763
      vertex 43.2757 46.6863 17.0169
      vertex 51.4176 46.4339 14.995
    endloop
  endfacet
  facet normal 0.24025 -0.0241167 0.970412
    outer loop
      vertex 43.2757 46.6863 17.0169
      vertex 37.1559 48.4685 18.5763
      vertex 37.9778 47.3411 18.3448
    endloop
  endfacet
  facet normal 0.240189 -0.0241634 0.970425
    outer loop
      vertex 37.1559 48.4685 18.5763
      vertex 35.7564 31.4969 18.5001
      vertex 37.9778 47.3411 18.3448
    endloop
  endfacet
  facet normal 0.240287 -0.0241714 0.970401
    outer loop
      vertex 35.7564 31.4969 18.5001
      vertex 37.1559 48.4685 18.5763
      vertex 34.6569 30.6436 18.7511
    endloop
  endfacet
  facet normal 0.240274 -0.0239091 0.970411
    outer loop
      vertex 51.3174 45.4381 14.995
      vertex 48.0794 46.0011 15.8106
      vertex 48.0655 45.902 15.8116
    endloop
  endfacet
  facet normal 0.240267 -0.0239324 0.970412
    outer loop
      vertex 41.0405 30.743 17.1732
      vertex 35.7564 31.4969 18.5001
      vertex 41.0266 30.644 17.1742
    endloop
  endfacet
  facet normal 0.240295 -0.0236935 0.970411
    outer loop
      vertex 45.8303 29.9587 15.9679
      vertex 49.7146 29.5056 14.995
      vertex 45.8441 30.0577 15.9669
    endloop
  endfacet
  facet normal 0.240242 -0.0241497 0.970413
    outer loop
      vertex 49.7146 29.5056 14.995
      vertex 45.8303 29.9587 15.9679
      vertex 49.6145 28.5098 14.995
    endloop
  endfacet
  facet normal 0.240245 -0.0241425 0.970412
    outer loop
      vertex 41.0266 30.644 17.1742
      vertex 49.6145 28.5098 14.995
      vertex 45.8303 29.9587 15.9679
    endloop
  endfacet
  facet normal 0.24024 -0.0241061 0.970414
    outer loop
      vertex 34.6569 30.6436 18.7511
      vertex 41.0266 30.644 17.1742
      vertex 35.7564 31.4969 18.5001
    endloop
  endfacet
  facet normal 0.24024 -0.0241639 0.970413
    outer loop
      vertex 41.0266 30.644 17.1742
      vertex 34.6569 30.6436 18.7511
      vertex 49.6145 28.5098 14.995
    endloop
  endfacet
  facet normal -0.240233 0.0241665 -0.970414
    outer loop
      vertex 45.983 31.048 15.9572
      vertex 51.2172 44.4423 14.995
      vertex 49.8148 30.5014 14.995
    endloop
  endfacet
  facet normal -0.240239 0.0241689 -0.970413
    outer loop
      vertex 51.2172 44.4423 14.995
      vertex 45.983 31.048 15.9572
      vertex 47.9267 44.9118 15.8213
    endloop
  endfacet
  facet normal -0.240238 0.0241907 -0.970413
    outer loop
      vertex 41.1793 31.7333 17.1635
      vertex 45.983 31.048 15.9572
      vertex 45.8441 30.0577 15.9669
    endloop
  endfacet
  facet normal -0.240241 0.0241693 -0.970412
    outer loop
      vertex 47.9267 44.9118 15.8213
      vertex 43.2618 46.5873 17.0179
      vertex 48.0655 45.902 15.8116
    endloop
  endfacet
  facet normal -0.240241 0.0241692 -0.970412
    outer loop
      vertex 45.983 31.048 15.9572
      vertex 41.1793 31.7333 17.1635
      vertex 47.9267 44.9118 15.8213
    endloop
  endfacet
  facet normal -0.240241 0.0241693 -0.970412
    outer loop
      vertex 47.9267 44.9118 15.8213
      vertex 43.123 45.5971 17.0276
      vertex 43.2618 46.5873 17.0179
    endloop
  endfacet
  facet normal -0.240241 0.0241692 -0.970412
    outer loop
      vertex 47.9267 44.9118 15.8213
      vertex 41.1793 31.7333 17.1635
      vertex 43.123 45.5971 17.0276
    endloop
  endfacet
  facet normal -0.240246 0.0241676 -0.970411
    outer loop
      vertex 41.1793 31.7333 17.1635
      vertex 45.8441 30.0577 15.9669
      vertex 41.0405 30.743 17.1732
    endloop
  endfacet
  facet normal -0.240228 0.0241674 -0.970416
    outer loop
      vertex 41.1793 31.7333 17.1635
      vertex 38.7997 46.2138 18.1132
      vertex 43.123 45.5971 17.0276
    endloop
  endfacet
  facet normal -0.240228 0.0241675 -0.970416
    outer loop
      vertex 38.7997 46.2138 18.1132
      vertex 41.1793 31.7333 17.1635
      vertex 36.856 32.3501 18.2491
    endloop
  endfacet
  facet normal -0.240234 0.024152 -0.970415
    outer loop
      vertex 44.2784 29.2579 14.995
      vertex 40.7143 30.6754 15.9126
      vertex 44.3685 30.1541 14.995
    endloop
  endfacet
  facet normal -0.240239 0.0241794 -0.970413
    outer loop
      vertex 40.7143 30.6754 15.9126
      vertex 34.3446 30.6751 17.4895
      vertex 36.5437 32.3815 16.9876
    endloop
  endfacet
  facet normal -0.240239 0.0241372 -0.970414
    outer loop
      vertex 34.3446 30.6751 17.4895
      vertex 40.7143 30.6754 15.9126
      vertex 44.2784 29.2579 14.995
    endloop
  endfacet
  facet normal -0.240219 0.0242312 -0.970416
    outer loop
      vertex 40.867 31.7647 15.902
      vertex 40.7143 30.6754 15.9126
      vertex 36.5437 32.3815 16.9876
    endloop
  endfacet
  facet normal -0.24025 0.0241805 -0.97041
    outer loop
      vertex 42.9634 46.7178 15.7554
      vertex 46.0815 47.182 14.995
      vertex 45.9913 46.2858 14.995
    endloop
  endfacet
  facet normal -0.24024 0.0242342 -0.970411
    outer loop
      vertex 38.4874 46.2452 16.8517
      vertex 42.9634 46.7178 15.7554
      vertex 42.8107 45.6285 15.766
    endloop
  endfacet
  facet normal -0.240234 0.0241724 -0.970414
    outer loop
      vertex 36.8436 48.4999 17.3148
      vertex 42.9634 46.7178 15.7554
      vertex 38.4874 46.2452 16.8517
    endloop
  endfacet
  facet normal -0.240244 0.0241366 -0.970412
    outer loop
      vertex 42.9634 46.7178 15.7554
      vertex 36.8436 48.4999 17.3148
      vertex 46.0815 47.182 14.995
    endloop
  endfacet
  facet normal -0.240239 0.0241691 -0.970413
    outer loop
      vertex 36.5437 32.3815 16.9876
      vertex 36.8436 48.4999 17.3148
      vertex 38.4874 46.2452 16.8517
    endloop
  endfacet
  facet normal -0.240231 0.024169 -0.970415
    outer loop
      vertex 36.8436 48.4999 17.3148
      vertex 36.5437 32.3815 16.9876
      vertex 34.3446 30.6751 17.4895
    endloop
  endfacet
  facet normal -0.960735 0.137058 0.241253
    outer loop
      vertex 34.3446 30.6751 17.4895
      vertex 37.1559 48.4685 18.5763
      vertex 36.8436 48.4999 17.3148
    endloop
  endfacet
  facet normal -0.960737 0.137058 0.241246
    outer loop
      vertex 37.1559 48.4685 18.5763
      vertex 34.3446 30.6751 17.4895
      vertex 34.6569 30.6436 18.7511
    endloop
  endfacet
  facet normal 0.138859 0.990265 -0.00970758
    outer loop
      vertex 69.4594 43.9045 14.995
      vertex 71.2525 43.7766 27.5968
      vertex 72.5014 43.5984 27.2832
    endloop
  endfacet
  facet normal 0.138843 0.990267 -0.00970535
    outer loop
      vertex 71.2525 43.7766 27.5968
      vertex 69.4594 43.9045 14.995
      vertex 68.1328 44.0905 14.995
    endloop
  endfacet
  facet normal 0.138832 0.990268 -0.00972388
    outer loop
      vertex 46.0815 47.182 14.995
      vertex 37.1559 48.4685 18.5763
      vertex 51.4176 46.4339 14.995
    endloop
  endfacet
  facet normal 0.138833 0.990268 -0.00972102
    outer loop
      vertex 37.1559 48.4685 18.5763
      vertex 46.0815 47.182 14.995
      vertex 36.8436 48.4999 17.3148
    endloop
  endfacet
  facet normal -0.138843 -0.990267 0.00970991
    outer loop
      vertex 66.9171 26.084 14.995
      vertex 68.7535 25.9518 27.7715
      vertex 65.5905 26.27 14.995
    endloop
  endfacet
  facet normal -0.138858 -0.990265 0.00971201
    outer loop
      vertex 68.7535 25.9518 27.7715
      vertex 66.9171 26.084 14.995
      vertex 70.0024 25.7736 27.4579
    endloop
  endfacet
  facet normal -0.138853 -0.990266 0.00964688
    outer loop
      vertex 44.2784 29.2579 14.995
      vertex 34.6569 30.6436 18.7511
      vertex 34.3446 30.6751 17.4895
    endloop
  endfacet
  facet normal -0.138832 -0.990268 0.0097031
    outer loop
      vertex 34.6569 30.6436 18.7511
      vertex 44.2784 29.2579 14.995
      vertex 49.6145 28.5098 14.995
    endloop
  endfacet
  facet normal 0.960735 -0.137061 -0.241253
    outer loop
      vertex 38.7997 46.2138 18.1132
      vertex 36.5437 32.3815 16.9876
      vertex 38.4874 46.2452 16.8517
    endloop
  endfacet
  facet normal 0.960735 -0.137061 -0.241253
    outer loop
      vertex 36.5437 32.3815 16.9876
      vertex 38.7997 46.2138 18.1132
      vertex 36.856 32.3501 18.2491
    endloop
  endfacet
  facet normal -0.138818 -0.99027 0.00971723
    outer loop
      vertex 38.4874 46.2452 16.8517
      vertex 43.123 45.5971 17.0276
      vertex 38.7997 46.2138 18.1132
    endloop
  endfacet
  facet normal -0.138818 -0.99027 0.00971645
    outer loop
      vertex 43.123 45.5971 17.0276
      vertex 38.4874 46.2452 16.8517
      vertex 42.8107 45.6285 15.766
    endloop
  endfacet
  facet normal -0.138832 -0.990267 0.00980819
    outer loop
      vertex 51.2172 44.4423 14.995
      vertex 47.9267 44.9118 15.8213
      vertex 47.7221 44.9323 14.995
    endloop
  endfacet
  facet normal 0.138839 0.990267 -0.00972254
    outer loop
      vertex 41.1793 31.7333 17.1635
      vertex 36.5437 32.3815 16.9876
      vertex 36.856 32.3501 18.2491
    endloop
  endfacet
  facet normal 0.138839 0.990267 -0.00972254
    outer loop
      vertex 36.5437 32.3815 16.9876
      vertex 41.1793 31.7333 17.1635
      vertex 40.867 31.7647 15.902
    endloop
  endfacet
  facet normal 0.138832 0.990269 -0.00966888
    outer loop
      vertex 45.983 31.048 15.9572
      vertex 49.8148 30.5014 14.995
      vertex 45.7448 31.072 14.995
    endloop
  endfacet
  facet normal 0.960736 -0.137059 -0.241248
    outer loop
      vertex 54.3105 45.0515 18.3664
      vertex 51.2161 29.2951 14.995
      vertex 53.4759 45.1355 14.995
    endloop
  endfacet
  facet normal 0.960739 -0.137062 -0.241238
    outer loop
      vertex 51.2161 29.2951 14.995
      vertex 54.3105 45.0515 18.3664
      vertex 52.0891 29.2072 18.5217
    endloop
  endfacet
  facet normal 0.240232 -0.0241693 0.970415
    outer loop
      vertex 38.9387 47.2445 22.2264
      vertex 52.0891 29.2072 18.5217
      vertex 54.3105 45.0515 18.3664
    endloop
  endfacet
  facet normal 0.240234 -0.024168 0.970414
    outer loop
      vertex 52.0891 29.2072 18.5217
      vertex 38.9387 47.2445 22.2264
      vertex 36.7174 31.4002 22.3817
    endloop
  endfacet
  facet normal -0.960737 0.137063 0.241244
    outer loop
      vertex 35.7564 31.4969 18.5001
      vertex 38.9387 47.2445 22.2264
      vertex 37.9778 47.3411 18.3448
    endloop
  endfacet
  facet normal -0.960731 0.137055 0.241271
    outer loop
      vertex 38.9387 47.2445 22.2264
      vertex 35.7564 31.4969 18.5001
      vertex 36.7174 31.4002 22.3817
    endloop
  endfacet
  facet normal 0.138836 0.990268 -0.00971549
    outer loop
      vertex 43.2618 46.5873 17.0179
      vertex 38.9387 47.2445 22.2264
      vertex 54.3105 45.0515 18.3664
    endloop
  endfacet
  facet normal 0.138827 0.990269 -0.0097226
    outer loop
      vertex 38.9387 47.2445 22.2264
      vertex 43.2618 46.5873 17.0179
      vertex 37.9778 47.3411 18.3448
    endloop
  endfacet
  facet normal 0.138835 0.990268 -0.00970735
    outer loop
      vertex 54.3105 45.0515 18.3664
      vertex 48.0655 45.902 15.8116
      vertex 43.2618 46.5873 17.0179
    endloop
  endfacet
  facet normal 0.138826 0.990269 -0.00969372
    outer loop
      vertex 51.3174 45.4381 14.995
      vertex 54.3105 45.0515 18.3664
      vertex 53.4759 45.1355 14.995
    endloop
  endfacet
  facet normal 0.138831 0.990269 -0.00969871
    outer loop
      vertex 54.3105 45.0515 18.3664
      vertex 51.3174 45.4381 14.995
      vertex 48.0655 45.902 15.8116
    endloop
  endfacet
  facet normal -0.138847 -0.990266 0.00970568
    outer loop
      vertex 41.0405 30.743 17.1732
      vertex 36.7174 31.4002 22.3817
      vertex 35.7564 31.4969 18.5001
    endloop
  endfacet
  facet normal -0.138837 -0.990268 0.00971454
    outer loop
      vertex 36.7174 31.4002 22.3817
      vertex 41.0405 30.743 17.1732
      vertex 52.0891 29.2072 18.5217
    endloop
  endfacet
  facet normal -0.138837 -0.990268 0.00971172
    outer loop
      vertex 45.8441 30.0577 15.9669
      vertex 52.0891 29.2072 18.5217
      vertex 41.0405 30.743 17.1732
    endloop
  endfacet
  facet normal -0.138824 -0.99027 0.00968088
    outer loop
      vertex 49.7146 29.5056 14.995
      vertex 52.0891 29.2072 18.5217
      vertex 45.8441 30.0577 15.9669
    endloop
  endfacet
  facet normal -0.138829 -0.990269 0.00968413
    outer loop
      vertex 52.0891 29.2072 18.5217
      vertex 49.7146 29.5056 14.995
      vertex 51.2161 29.2951 14.995
    endloop
  endfacet
  facet normal 0.987856 -0.139171 -0.0690766
    outer loop
      vertex 68.0078 26.9645 17.3985
      vertex 70.0719 42.8088 14.995
      vertex 70.2291 42.8088 17.2431
    endloop
  endfacet
  facet normal 0.987855 -0.139172 -0.0690903
    outer loop
      vertex 70.0719 42.8088 14.995
      vertex 68.0078 26.9645 17.3985
      vertex 67.8397 26.9645 14.995
    endloop
  endfacet
  facet normal 0.0697542 -1.47374e-06 0.997564
    outer loop
      vertex 54.4234 45.0355 18.3484
      vertex 62.343 27.7625 17.7946
      vertex 64.5643 43.6068 17.6393
    endloop
  endfacet
  facet normal 0.0697542 -1.47374e-06 0.997564
    outer loop
      vertex 62.343 27.7625 17.7946
      vertex 54.4234 45.0355 18.3484
      vertex 52.2021 29.1912 18.5037
    endloop
  endfacet
  facet normal 0.0697883 2.54077e-08 0.997562
    outer loop
      vertex 68.5767 43.0416 17.3587
      vertex 68.0078 26.9645 17.3985
      vertex 70.2291 42.8088 17.2431
    endloop
  endfacet
  facet normal 0.0697243 2.29965e-06 0.997566
    outer loop
      vertex 68.0078 26.9645 17.3985
      vertex 68.5767 43.0416 17.3587
      vertex 66.3553 27.1973 17.514
    endloop
  endfacet
  facet normal -0.987856 0.139173 0.0690798
    outer loop
      vertex 51.9567 29.1912 14.995
      vertex 54.4234 45.0355 18.3484
      vertex 54.1889 45.0355 14.995
    endloop
  endfacet
  facet normal -0.987855 0.13917 0.069091
    outer loop
      vertex 54.4234 45.0355 18.3484
      vertex 51.9567 29.1912 14.995
      vertex 52.2021 29.1912 18.5037
    endloop
  endfacet
  facet normal 0.138826 0.990269 -0.00970985
    outer loop
      vertex 69.5521 42.9434 21.2988
      vertex 67.0305 43.3587 27.6011
      vertex 70.8734 42.8105 26.6361
    endloop
  endfacet
  facet normal 0.138832 0.990268 -0.00970736
    outer loop
      vertex 69.5521 42.9434 21.2988
      vertex 64.5643 43.6068 17.6393
      vertex 67.0305 43.3587 27.6011
    endloop
  endfacet
  facet normal 0.138816 0.990271 -0.00968406
    outer loop
      vertex 64.5643 43.6068 17.6393
      vertex 69.5521 42.9434 21.2988
      vertex 68.5767 43.0416 17.3587
    endloop
  endfacet
  facet normal 0.138834 0.990268 -0.00973559
    outer loop
      vertex 69.5999 42.8861 16.1331
      vertex 68.5767 43.0416 17.3587
      vertex 70.2291 42.8088 17.2431
    endloop
  endfacet
  facet normal 0.138813 0.990271 -0.00972022
    outer loop
      vertex 68.3509 43.0643 16.4467
      vertex 64.5643 43.6068 17.6393
      vertex 68.5767 43.0416 17.3587
    endloop
  endfacet
  facet normal 0.138807 0.990272 -0.00973927
    outer loop
      vertex 67.9915 43.1004 14.995
      vertex 64.5643 43.6068 17.6393
      vertex 68.3509 43.0643 16.4467
    endloop
  endfacet
  facet normal 0.138834 0.990268 -0.00970407
    outer loop
      vertex 54.1889 45.0355 14.995
      vertex 64.5643 43.6068 17.6393
      vertex 67.9915 43.1004 14.995
    endloop
  endfacet
  facet normal 0.138835 0.990268 -0.00970859
    outer loop
      vertex 64.5643 43.6068 17.6393
      vertex 54.1889 45.0355 14.995
      vertex 54.4234 45.0355 18.3484
    endloop
  endfacet
  facet normal 0.138843 0.990267 -0.00972774
    outer loop
      vertex 68.5767 43.0416 17.3587
      vertex 69.5999 42.8861 16.1331
      vertex 68.3509 43.0643 16.4467
    endloop
  endfacet
  facet normal 0.138779 0.990276 -0.00970425
    outer loop
      vertex 70.0719 42.8088 14.995
      vertex 69.5999 42.8861 16.1331
      vertex 70.2291 42.8088 17.2431
    endloop
  endfacet
  facet normal 0.138729 0.990283 -0.00972569
    outer loop
      vertex 69.5999 42.8861 16.1331
      vertex 70.0719 42.8088 14.995
      vertex 69.3181 42.9144 14.995
    endloop
  endfacet
  facet normal -0.138835 -0.990268 0.00971017
    outer loop
      vertex 51.9567 29.1912 14.995
      vertex 62.343 27.7625 17.7946
      vertex 52.2021 29.1912 18.5037
    endloop
  endfacet
  facet normal -0.138817 -0.99027 0.00970715
    outer loop
      vertex 62.343 27.7625 17.7946
      vertex 66.1296 27.22 16.6021
      vertex 66.3553 27.1973 17.514
    endloop
  endfacet
  facet normal -0.138857 -0.990265 0.00971698
    outer loop
      vertex 67.3785 27.0418 16.2885
      vertex 66.3553 27.1973 17.514
      vertex 66.1296 27.22 16.6021
    endloop
  endfacet
  facet normal -0.138832 -0.990269 0.00969816
    outer loop
      vertex 62.343 27.7625 17.7946
      vertex 51.9567 29.1912 14.995
      vertex 65.7317 27.26 14.995
    endloop
  endfacet
  facet normal -0.138813 -0.990271 0.00972116
    outer loop
      vertex 62.343 27.7625 17.7946
      vertex 65.7317 27.26 14.995
      vertex 66.1296 27.22 16.6021
    endloop
  endfacet
  facet normal -0.138847 -0.990266 0.00971499
    outer loop
      vertex 64.8091 27.5145 27.7564
      vertex 67.3308 27.0991 21.4541
      vertex 68.6521 26.9662 26.7914
    endloop
  endfacet
  facet normal -0.13884 -0.990267 0.0097178
    outer loop
      vertex 62.343 27.7625 17.7946
      vertex 67.3308 27.0991 21.4541
      vertex 64.8091 27.5145 27.7564
    endloop
  endfacet
  facet normal -0.138819 -0.99027 0.00968836
    outer loop
      vertex 67.3308 27.0991 21.4541
      vertex 62.343 27.7625 17.7946
      vertex 66.3553 27.1973 17.514
    endloop
  endfacet
  facet normal -0.138826 -0.990269 0.00974337
    outer loop
      vertex 66.3553 27.1973 17.514
      vertex 67.3785 27.0418 16.2885
      vertex 68.0078 26.9645 17.3985
    endloop
  endfacet
  facet normal -0.138771 -0.990277 0.00970036
    outer loop
      vertex 67.8397 26.9645 14.995
      vertex 67.3785 27.0418 16.2885
      vertex 67.0583 27.074 14.995
    endloop
  endfacet
  facet normal -0.138759 -0.990279 0.00970473
    outer loop
      vertex 67.3785 27.0418 16.2885
      vertex 67.8397 26.9645 14.995
      vertex 68.0078 26.9645 17.3985
    endloop
  endfacet
  facet normal -0.240207 0.0241624 -0.970421
    outer loop
      vertex 67.3308 27.0991 21.4541
      vertex 68.7186 27.9112 21.1308
      vertex 68.5658 26.8219 21.1415
    endloop
  endfacet
  facet normal -0.240207 0.024162 -0.970421
    outer loop
      vertex 68.7186 27.9112 21.1308
      vertex 67.3308 27.0991 21.4541
      vertex 67.4696 28.0894 21.4444
    endloop
  endfacet
  facet normal -0.240257 0.0239309 -0.970414
    outer loop
      vertex 67.3308 27.0991 21.4541
      vertex 68.5658 26.8219 21.1415
      vertex 67.3169 27.0001 21.4551
    endloop
  endfacet
  facet normal 0.240156 -0.0246543 0.970421
    outer loop
      vertex 66.1296 27.22 16.6021
      vertex 67.3647 26.9428 16.2894
      vertex 67.3785 27.0418 16.2885
    endloop
  endfacet
  facet normal 0.240311 -0.0239387 0.970401
    outer loop
      vertex 67.3647 26.9428 16.2894
      vertex 66.1296 27.22 16.6021
      vertex 66.1157 27.121 16.6031
    endloop
  endfacet
  facet normal 0.13886 0.990264 -0.00970236
    outer loop
      vertex 68.5658 26.8219 21.1415
      vertex 66.1157 27.121 16.6031
      vertex 67.3169 27.0001 21.4551
    endloop
  endfacet
  facet normal 0.13885 0.990266 -0.00969672
    outer loop
      vertex 66.1157 27.121 16.6031
      vertex 68.5658 26.8219 21.1415
      vertex 67.3647 26.9428 16.2894
    endloop
  endfacet
  facet normal -0.240245 0.0241458 -0.970412
    outer loop
      vertex 69.5521 42.9434 21.2988
      vertex 70.8149 42.8643 20.9842
      vertex 70.6622 41.775 20.9949
    endloop
  endfacet
  facet normal -0.240261 0.0239073 -0.970414
    outer loop
      vertex 70.8149 42.8643 20.9842
      vertex 69.5521 42.9434 21.2988
      vertex 69.566 43.0425 21.2978
    endloop
  endfacet
  facet normal -0.240224 0.0241669 -0.970417
    outer loop
      vertex 69.5521 42.9434 21.2988
      vertex 70.6622 41.775 20.9949
      vertex 69.4133 41.9532 21.3085
    endloop
  endfacet
  facet normal 0.240311 -0.0239387 0.970401
    outer loop
      vertex 68.3648 43.1633 16.4458
      vertex 69.5999 42.8861 16.1331
      vertex 69.6138 42.9851 16.1321
    endloop
  endfacet
  facet normal 0.240105 -0.0248896 0.970428
    outer loop
      vertex 69.5999 42.8861 16.1331
      vertex 68.3648 43.1633 16.4458
      vertex 68.3509 43.0643 16.4467
    endloop
  endfacet
  facet normal -0.138855 -0.990265 0.00972158
    outer loop
      vertex 68.3648 43.1633 16.4458
      vertex 70.8149 42.8643 20.9842
      vertex 69.566 43.0425 21.2978
    endloop
  endfacet
  facet normal -0.138845 -0.990266 0.00971594
    outer loop
      vertex 70.8149 42.8643 20.9842
      vertex 68.3648 43.1633 16.4458
      vertex 69.6138 42.9851 16.1321
    endloop
  endfacet
  facet normal 0.240224 -0.0241679 0.970417
    outer loop
      vertex 71.2525 43.7766 27.5968
      vertex 70.0024 25.7736 27.4579
      vertex 72.5014 43.5984 27.2832
    endloop
  endfacet
  facet normal 0.240224 -0.0241679 0.970417
    outer loop
      vertex 70.0024 25.7736 27.4579
      vertex 71.2525 43.7766 27.5968
      vertex 68.7535 25.9518 27.7715
    endloop
  endfacet
  facet normal -0.960692 0.137322 0.241275
    outer loop
      vertex 65.7317 27.26 14.995
      vertex 66.1157 27.121 16.6031
      vertex 66.1296 27.22 16.6021
    endloop
  endfacet
  facet normal -0.960734 0.137063 0.241257
    outer loop
      vertex 68.7535 25.9518 27.7715
      vertex 67.3169 27.0001 21.4551
      vertex 65.5905 26.27 14.995
    endloop
  endfacet
  facet normal -0.960738 0.137022 0.241262
    outer loop
      vertex 66.1157 27.121 16.6031
      vertex 65.5905 26.27 14.995
      vertex 67.3169 27.0001 21.4551
    endloop
  endfacet
  facet normal -0.960738 0.137026 0.24126
    outer loop
      vertex 65.5905 26.27 14.995
      vertex 66.1157 27.121 16.6031
      vertex 65.7317 27.26 14.995
    endloop
  endfacet
  facet normal -0.960698 0.137323 0.241249
    outer loop
      vertex 67.3308 27.0991 21.4541
      vertex 67.3169 27.0001 21.4551
      vertex 68.6521 26.9662 26.7914
    endloop
  endfacet
  facet normal -0.960726 0.137111 0.241259
    outer loop
      vertex 69.566 43.0425 21.2978
      vertex 68.1328 44.0905 14.995
      vertex 68.3648 43.1633 16.4458
    endloop
  endfacet
  facet normal -0.960727 0.137108 0.241257
    outer loop
      vertex 67.9915 43.1004 14.995
      vertex 68.3648 43.1633 16.4458
      vertex 68.1328 44.0905 14.995
    endloop
  endfacet
  facet normal -0.96073 0.137084 0.241259
    outer loop
      vertex 68.3648 43.1633 16.4458
      vertex 67.9915 43.1004 14.995
      vertex 68.3509 43.0643 16.4467
    endloop
  endfacet
  facet normal -0.960734 0.137069 0.241253
    outer loop
      vertex 68.1328 44.0905 14.995
      vertex 69.566 43.0425 21.2978
      vertex 71.2525 43.7766 27.5968
    endloop
  endfacet
  facet normal -0.960717 0.137187 0.241251
    outer loop
      vertex 70.8734 42.8105 26.6361
      vertex 69.566 43.0425 21.2978
      vertex 69.5521 42.9434 21.2988
    endloop
  endfacet
  facet normal -0.960731 0.137092 0.24125
    outer loop
      vertex 69.566 43.0425 21.2978
      vertex 70.8734 42.8105 26.6361
      vertex 71.2525 43.7766 27.5968
    endloop
  endfacet
  facet normal -0.960727 0.137055 0.241286
    outer loop
      vertex 68.6521 26.9662 26.7914
      vertex 71.2525 43.7766 27.5968
      vertex 70.8734 42.8105 26.6361
    endloop
  endfacet
  facet normal -0.960736 0.137058 0.241251
    outer loop
      vertex 68.6521 26.9662 26.7914
      vertex 68.7535 25.9518 27.7715
      vertex 71.2525 43.7766 27.5968
    endloop
  endfacet
  facet normal -0.960733 0.137064 0.241257
    outer loop
      vertex 67.3169 27.0001 21.4551
      vertex 68.7535 25.9518 27.7715
      vertex 68.6521 26.9662 26.7914
    endloop
  endfacet
  facet normal 0.960735 -0.137054 -0.241258
    outer loop
      vertex 70.4943 41.8444 25.6754
      vertex 68.5507 27.9807 25.8113
      vertex 67.4696 28.0894 21.4444
    endloop
  endfacet
  facet normal 0.960739 -0.137034 -0.241253
    outer loop
      vertex 69.4133 41.9532 21.3085
      vertex 68.5767 43.0416 17.3587
      vertex 69.5521 42.9434 21.2988
    endloop
  endfacet
  facet normal 0.960738 -0.13706 -0.24124
    outer loop
      vertex 67.4696 28.0894 21.4444
      vertex 69.4133 41.9532 21.3085
      vertex 70.4943 41.8444 25.6754
    endloop
  endfacet
  facet normal 0.960732 -0.137059 -0.241266
    outer loop
      vertex 66.3553 27.1973 17.514
      vertex 69.4133 41.9532 21.3085
      vertex 67.4696 28.0894 21.4444
    endloop
  endfacet
  facet normal 0.960733 -0.137061 -0.24126
    outer loop
      vertex 69.4133 41.9532 21.3085
      vertex 66.3553 27.1973 17.514
      vertex 68.5767 43.0416 17.3587
    endloop
  endfacet
  facet normal 0.960735 -0.137019 -0.241276
    outer loop
      vertex 66.3553 27.1973 17.514
      vertex 67.4696 28.0894 21.4444
      vertex 67.3308 27.0991 21.4541
    endloop
  endfacet
  facet normal 0.960746 -0.137014 -0.241236
    outer loop
      vertex 69.4594 43.9045 14.995
      vertex 70.8149 42.8643 20.9842
      vertex 69.6138 42.9851 16.1321
    endloop
  endfacet
  facet normal 0.960737 -0.137036 -0.241258
    outer loop
      vertex 71.7433 41.6662 25.3618
      vertex 70.8149 42.8643 20.9842
      vertex 72.5014 43.5984 27.2832
    endloop
  endfacet
  facet normal 0.960735 -0.137047 -0.241261
    outer loop
      vertex 70.8149 42.8643 20.9842
      vertex 71.7433 41.6662 25.3618
      vertex 70.6622 41.775 20.9949
    endloop
  endfacet
  facet normal 0.960739 -0.137061 -0.241234
    outer loop
      vertex 72.5014 43.5984 27.2832
      vertex 69.7996 27.8025 25.4977
      vertex 71.7433 41.6662 25.3618
    endloop
  endfacet
  facet normal 0.960739 -0.137029 -0.241252
    outer loop
      vertex 68.5658 26.8219 21.1415
      vertex 70.0024 25.7736 27.4579
      vertex 66.9171 26.084 14.995
    endloop
  endfacet
  facet normal 0.960735 -0.137056 -0.241256
    outer loop
      vertex 69.7996 27.8025 25.4977
      vertex 70.0024 25.7736 27.4579
      vertex 68.5658 26.8219 21.1415
    endloop
  endfacet
  facet normal 0.960734 -0.137057 -0.241257
    outer loop
      vertex 70.0024 25.7736 27.4579
      vertex 69.7996 27.8025 25.4977
      vertex 72.5014 43.5984 27.2832
    endloop
  endfacet
  facet normal 0.96073 -0.137104 -0.241248
    outer loop
      vertex 70.8149 42.8643 20.9842
      vertex 69.4594 43.9045 14.995
      vertex 72.5014 43.5984 27.2832
    endloop
  endfacet
  facet normal 0.960715 -0.137106 -0.241307
    outer loop
      vertex 69.6138 42.9851 16.1321
      vertex 69.3181 42.9144 14.995
      vertex 69.4594 43.9045 14.995
    endloop
  endfacet
  facet normal 0.960689 -0.137322 -0.241287
    outer loop
      vertex 69.3181 42.9144 14.995
      vertex 69.6138 42.9851 16.1321
      vertex 69.5999 42.8861 16.1331
    endloop
  endfacet
  facet normal 0.960729 -0.137134 -0.241236
    outer loop
      vertex 68.7186 27.9112 21.1308
      vertex 69.7996 27.8025 25.4977
      vertex 68.5658 26.8219 21.1415
    endloop
  endfacet
  facet normal 0.960868 -0.136132 -0.241247
    outer loop
      vertex 67.3647 26.9428 16.2894
      vertex 67.0583 27.074 14.995
      vertex 67.3785 27.0418 16.2885
    endloop
  endfacet
  facet normal 0.960727 -0.137025 -0.241304
    outer loop
      vertex 67.3647 26.9428 16.2894
      vertex 66.9171 26.084 14.995
      vertex 67.0583 27.074 14.995
    endloop
  endfacet
  facet normal 0.960729 -0.137126 -0.241238
    outer loop
      vertex 66.9171 26.084 14.995
      vertex 67.3647 26.9428 16.2894
      vertex 68.5658 26.8219 21.1415
    endloop
  endfacet
  facet normal -0.240206 0.0241645 -0.970421
    outer loop
      vertex 69.7996 27.8025 25.4977
      vertex 70.4943 41.8444 25.6754
      vertex 71.7433 41.6662 25.3618
    endloop
  endfacet
  facet normal -0.240224 0.0241653 -0.970417
    outer loop
      vertex 70.4943 41.8444 25.6754
      vertex 69.7996 27.8025 25.4977
      vertex 68.5507 27.9807 25.8113
    endloop
  endfacet
  facet normal -0.13885 -0.990266 0.00969932
    outer loop
      vertex 69.4133 41.9532 21.3085
      vertex 71.7433 41.6662 25.3618
      vertex 70.4943 41.8444 25.6754
    endloop
  endfacet
  facet normal -0.13886 -0.990265 0.00970489
    outer loop
      vertex 71.7433 41.6662 25.3618
      vertex 69.4133 41.9532 21.3085
      vertex 70.6622 41.775 20.9949
    endloop
  endfacet
  facet normal 0.138854 0.990265 -0.00972624
    outer loop
      vertex 69.7996 27.8025 25.4977
      vertex 67.4696 28.0894 21.4444
      vertex 68.5507 27.9807 25.8113
    endloop
  endfacet
  facet normal 0.138845 0.990266 -0.00972067
    outer loop
      vertex 67.4696 28.0894 21.4444
      vertex 69.7996 27.8025 25.4977
      vertex 68.7186 27.9112 21.1308
    endloop
  endfacet
  facet normal 0.240235 -0.0241683 0.970414
    outer loop
      vertex 67.0305 43.3587 27.6011
      vertex 68.6521 26.9662 26.7914
      vertex 70.8734 42.8105 26.6361
    endloop
  endfacet
  facet normal 0.240229 -0.024169 0.970415
    outer loop
      vertex 68.6521 26.9662 26.7914
      vertex 67.0305 43.3587 27.6011
      vertex 64.8091 27.5145 27.7564
    endloop
  endfacet
  facet normal -0.960734 0.137055 0.241258
    outer loop
      vertex 62.343 27.7625 17.7946
      vertex 67.0305 43.3587 27.6011
      vertex 64.5643 43.6068 17.6393
    endloop
  endfacet
  facet normal -0.960736 0.137062 0.241248
    outer loop
      vertex 67.0305 43.3587 27.6011
      vertex 62.343 27.7625 17.7946
      vertex 64.8091 27.5145 27.7564
    endloop
  endfacet
  facet normal -0.967897 0.068691 0.24178
    outer loop
      vertex 42.1297 12.0252 15.9457
      vertex 42.3741 11.0118 17.212
      vertex 42.4437 12.0094 17.2072
    endloop
  endfacet
  facet normal -0.967904 0.0686624 0.241758
    outer loop
      vertex 42.0532 10.9278 15.9511
      vertex 42.3741 11.0118 17.212
      vertex 42.1297 12.0252 15.9457
    endloop
  endfacet
  facet normal -0.967878 0.0691676 0.241718
    outer loop
      vertex 42.3741 11.0118 17.212
      vertex 42.0532 10.9278 15.9511
      vertex 42.3671 10.9121 17.2125
    endloop
  endfacet
  facet normal 0.967892 -0.068715 -0.241792
    outer loop
      vertex 37.5346 11.3553 18.4208
      vertex 37.2902 12.3686 17.1545
      vertex 37.6042 12.3529 18.4159
    endloop
  endfacet
  facet normal 0.967904 -0.0686687 -0.241758
    outer loop
      vertex 37.5346 11.3553 18.4208
      vertex 37.2137 11.2713 17.1599
      vertex 37.2902 12.3686 17.1545
    endloop
  endfacet
  facet normal 0.967878 -0.0691676 -0.241718
    outer loop
      vertex 37.2137 11.2713 17.1599
      vertex 37.5346 11.3553 18.4208
      vertex 37.5276 11.2556 18.4213
    endloop
  endfacet
  facet normal 0.0695818 0.997564 -0.00489929
    outer loop
      vertex 42.3671 10.9121 17.2125
      vertex 37.2137 11.2713 17.1599
      vertex 37.5276 11.2556 18.4213
    endloop
  endfacet
  facet normal 0.0695818 0.997564 -0.00489929
    outer loop
      vertex 37.2137 11.2713 17.1599
      vertex 42.3671 10.9121 17.2125
      vertex 42.0532 10.9278 15.9511
    endloop
  endfacet
  facet normal -0.967944 0.0682014 0.241728
    outer loop
      vertex 43.1805 27.0884 15.8723
      vertex 43.4875 26.9729 17.1342
      vertex 43.4944 27.0726 17.1337
    endloop
  endfacet
  facet normal -0.967897 0.0687344 0.241765
    outer loop
      vertex 43.1039 25.9911 15.8776
      vertex 43.4875 26.9729 17.1342
      vertex 43.1805 27.0884 15.8723
    endloop
  endfacet
  facet normal -0.967892 0.0686908 0.241798
    outer loop
      vertex 43.4875 26.9729 17.1342
      vertex 43.1039 25.9911 15.8776
      vertex 43.4179 25.9753 17.139
    endloop
  endfacet
  facet normal 0.967966 -0.0679603 -0.241711
    outer loop
      vertex 38.648 27.3164 18.3429
      vertex 38.341 27.4319 17.081
      vertex 38.6549 27.4161 18.3425
    endloop
  endfacet
  facet normal 0.967896 -0.0687501 -0.241766
    outer loop
      vertex 38.648 27.3164 18.3429
      vertex 38.2644 26.3345 17.0864
      vertex 38.341 27.4319 17.081
    endloop
  endfacet
  facet normal 0.967892 -0.068715 -0.241792
    outer loop
      vertex 38.2644 26.3345 17.0864
      vertex 38.648 27.3164 18.3429
      vertex 38.5784 26.3188 18.3478
    endloop
  endfacet
  facet normal -0.0696004 -0.997563 0.00482447
    outer loop
      vertex 38.341 27.4319 17.081
      vertex 43.4944 27.0726 17.1337
      vertex 38.6549 27.4161 18.3425
    endloop
  endfacet
  facet normal -0.0696004 -0.997563 0.00482485
    outer loop
      vertex 43.4944 27.0726 17.1337
      vertex 38.341 27.4319 17.081
      vertex 43.1805 27.0884 15.8723
    endloop
  endfacet
  facet normal 0.241491 -0.012089 0.970328
    outer loop
      vertex 37.5346 11.3553 18.4208
      vertex 32.2111 11.7332 19.7504
      vertex 37.5276 11.2556 18.4213
    endloop
  endfacet
  facet normal 0.241508 -0.0120955 0.970323
    outer loop
      vertex 49.2753 27.5646 15.701
      vertex 43.4944 27.0726 17.1337
      vertex 48.8109 26.595 15.8045
    endloop
  endfacet
  facet normal 0.241507 -0.0120881 0.970324
    outer loop
      vertex 49.2753 27.5646 15.701
      vertex 38.6549 27.4161 18.3425
      vertex 43.4944 27.0726 17.1337
    endloop
  endfacet
  facet normal 0.241458 -0.0128177 0.970327
    outer loop
      vertex 38.6549 27.4161 18.3425
      vertex 33.3245 27.6942 19.6726
      vertex 38.648 27.3164 18.3429
    endloop
  endfacet
  facet normal 0.241507 -0.0120672 0.970324
    outer loop
      vertex 32.4262 28.7604 19.9095
      vertex 38.6549 27.4161 18.3425
      vertex 49.2753 27.5646 15.701
    endloop
  endfacet
  facet normal 0.241494 -0.0121335 0.970327
    outer loop
      vertex 38.6549 27.4161 18.3425
      vertex 32.4262 28.7604 19.9095
      vertex 33.3245 27.6942 19.6726
    endloop
  endfacet
  facet normal 0.241511 -0.0121175 0.970322
    outer loop
      vertex 32.4262 28.7604 19.9095
      vertex 32.2111 11.7332 19.7504
      vertex 33.3245 27.6942 19.6726
    endloop
  endfacet
  facet normal 0.241572 -0.0121181 0.970307
    outer loop
      vertex 32.2111 11.7332 19.7504
      vertex 32.4262 28.7604 19.9095
      vertex 31.1736 10.8043 19.9971
    endloop
  endfacet
  facet normal 0.241546 -0.0121149 0.970314
    outer loop
      vertex 48.8109 26.595 15.8045
      vertex 48.0228 9.60843 15.7886
      vertex 49.2753 27.5646 15.701
    endloop
  endfacet
  facet normal 0.241647 -0.0121196 0.970289
    outer loop
      vertex 47.6976 10.634 15.8824
      vertex 48.0228 9.60843 15.7886
      vertex 48.8109 26.595 15.8045
    endloop
  endfacet
  facet normal 0.241492 -0.012089 0.970328
    outer loop
      vertex 42.3671 10.9121 17.2125
      vertex 47.6976 10.634 15.8824
      vertex 42.3741 11.0118 17.212
    endloop
  endfacet
  facet normal 0.241487 -0.0121738 0.970328
    outer loop
      vertex 47.6976 10.634 15.8824
      vertex 42.3671 10.9121 17.2125
      vertex 48.0228 9.60843 15.7886
    endloop
  endfacet
  facet normal 0.241508 -0.0120789 0.970324
    outer loop
      vertex 37.5276 11.2556 18.4213
      vertex 48.0228 9.60843 15.7886
      vertex 42.3671 10.9121 17.2125
    endloop
  endfacet
  facet normal 0.241497 -0.0120283 0.970327
    outer loop
      vertex 31.1736 10.8043 19.9971
      vertex 37.5276 11.2556 18.4213
      vertex 32.2111 11.7332 19.7504
    endloop
  endfacet
  facet normal 0.241502 -0.0121167 0.970325
    outer loop
      vertex 37.5276 11.2556 18.4213
      vertex 31.1736 10.8043 19.9971
      vertex 48.0228 9.60843 15.7886
    endloop
  endfacet
  facet normal 0.241529 -0.0118495 0.970321
    outer loop
      vertex 48.8109 26.595 15.8045
      vertex 43.4944 27.0726 17.1337
      vertex 43.4875 26.9729 17.1342
    endloop
  endfacet
  facet normal -0.241505 0.0121079 -0.970324
    outer loop
      vertex 46.7992 11.7003 16.1193
      vertex 43.4179 25.9753 17.139
      vertex 47.7734 25.6662 16.0511
    endloop
  endfacet
  facet normal -0.241505 0.0121079 -0.970324
    outer loop
      vertex 43.4179 25.9753 17.139
      vertex 46.7992 11.7003 16.1193
      vertex 42.4437 12.0094 17.2072
    endloop
  endfacet
  facet normal -0.241482 0.0121788 -0.970329
    outer loop
      vertex 37.6042 12.3529 18.4159
      vertex 42.4437 12.0094 17.2072
      vertex 42.3741 11.0118 17.212
    endloop
  endfacet
  facet normal -0.241482 0.0121788 -0.970329
    outer loop
      vertex 43.4179 25.9753 17.139
      vertex 38.648 27.3164 18.3429
      vertex 43.4875 26.9729 17.1342
    endloop
  endfacet
  facet normal -0.241487 0.0121067 -0.970328
    outer loop
      vertex 42.4437 12.0094 17.2072
      vertex 37.6042 12.3529 18.4159
      vertex 43.4179 25.9753 17.139
    endloop
  endfacet
  facet normal -0.241508 0.0120834 -0.970324
    outer loop
      vertex 43.4179 25.9753 17.139
      vertex 38.5784 26.3188 18.3478
      vertex 38.648 27.3164 18.3429
    endloop
  endfacet
  facet normal -0.241506 0.0121149 -0.970324
    outer loop
      vertex 43.4179 25.9753 17.139
      vertex 37.6042 12.3529 18.4159
      vertex 38.5784 26.3188 18.3478
    endloop
  endfacet
  facet normal -0.241508 0.0120834 -0.970324
    outer loop
      vertex 37.6042 12.3529 18.4159
      vertex 42.3741 11.0118 17.212
      vertex 37.5346 11.3553 18.4208
    endloop
  endfacet
  facet normal -0.241499 0.0121144 -0.970325
    outer loop
      vertex 37.6042 12.3529 18.4159
      vertex 34.2228 26.6279 19.4357
      vertex 38.5784 26.3188 18.3478
    endloop
  endfacet
  facet normal -0.241499 0.0121144 -0.970325
    outer loop
      vertex 34.2228 26.6279 19.4357
      vertex 37.6042 12.3529 18.4159
      vertex 33.2486 12.662 19.5038
    endloop
  endfacet
  facet normal -0.241507 0.0121122 -0.970324
    outer loop
      vertex 42.0532 10.9278 15.9511
      vertex 45.9361 11.755 14.995
      vertex 45.8359 9.7571 14.995
    endloop
  endfacet
  facet normal -0.241496 0.01206 -0.970327
    outer loop
      vertex 45.9361 11.755 14.995
      vertex 42.0532 10.9278 15.9511
      vertex 42.1297 12.0252 15.9457
    endloop
  endfacet
  facet normal -0.241505 0.0121157 -0.970324
    outer loop
      vertex 45.8359 9.7571 14.995
      vertex 37.2137 11.2713 17.1599
      vertex 42.0532 10.9278 15.9511
    endloop
  endfacet
  facet normal -0.241482 0.0121157 -0.97033
    outer loop
      vertex 32.9347 12.6778 18.2424
      vertex 30.8597 10.82 18.7356
      vertex 32.1122 28.7762 18.6481
    endloop
  endfacet
  facet normal -0.241488 0.0121233 -0.970328
    outer loop
      vertex 37.2137 11.2713 17.1599
      vertex 30.8597 10.82 18.7356
      vertex 32.9347 12.6778 18.2424
    endloop
  endfacet
  facet normal -0.241493 0.0121915 -0.970326
    outer loop
      vertex 30.8597 10.82 18.7356
      vertex 37.2137 11.2713 17.1599
      vertex 45.8359 9.7571 14.995
    endloop
  endfacet
  facet normal -0.241507 0.0120619 -0.970324
    outer loop
      vertex 37.2902 12.3686 17.1545
      vertex 37.2137 11.2713 17.1599
      vertex 32.9347 12.6778 18.2424
    endloop
  endfacet
  facet normal -0.241491 0.0121712 -0.970327
    outer loop
      vertex 46.6376 25.7403 14.995
      vertex 43.1039 25.9911 15.8776
      vertex 43.1805 27.0884 15.8723
    endloop
  endfacet
  facet normal -0.241513 0.0121131 -0.970322
    outer loop
      vertex 43.1805 27.0884 15.8723
      vertex 46.7378 27.7381 14.995
      vertex 46.6376 25.7403 14.995
    endloop
  endfacet
  facet normal -0.241494 0.0120042 -0.970328
    outer loop
      vertex 38.341 27.4319 17.081
      vertex 46.7378 27.7381 14.995
      vertex 43.1805 27.0884 15.8723
    endloop
  endfacet
  facet normal -0.241506 0.0120828 -0.970324
    outer loop
      vertex 33.9089 26.6437 18.1743
      vertex 38.341 27.4319 17.081
      vertex 38.2644 26.3345 17.0864
    endloop
  endfacet
  facet normal -0.241499 0.0121592 -0.970325
    outer loop
      vertex 38.341 27.4319 17.081
      vertex 32.1122 28.7762 18.6481
      vertex 46.7378 27.7381 14.995
    endloop
  endfacet
  facet normal -0.24151 0.0121069 -0.970323
    outer loop
      vertex 33.9089 26.6437 18.1743
      vertex 32.1122 28.7762 18.6481
      vertex 38.341 27.4319 17.081
    endloop
  endfacet
  facet normal -0.241501 0.0121146 -0.970325
    outer loop
      vertex 32.1122 28.7762 18.6481
      vertex 33.9089 26.6437 18.1743
      vertex 32.9347 12.6778 18.2424
    endloop
  endfacet
  facet normal -0.967892 0.0686917 0.241798
    outer loop
      vertex 30.8597 10.82 18.7356
      vertex 32.4262 28.7604 19.9095
      vertex 32.1122 28.7762 18.6481
    endloop
  endfacet
  facet normal -0.967915 0.0687 0.241702
    outer loop
      vertex 32.4262 28.7604 19.9095
      vertex 30.8597 10.82 18.7356
      vertex 31.1736 10.8043 19.9971
    endloop
  endfacet
  facet normal 0.0695857 0.997564 -0.00486713
    outer loop
      vertex 64.6407 26.4893 14.995
      vertex 66.7682 26.4088 28.9128
      vertex 68.0264 26.3195 28.5985
    endloop
  endfacet
  facet normal 0.0695646 0.997566 -0.00486389
    outer loop
      vertex 66.7682 26.4088 28.9128
      vertex 64.6407 26.4893 14.995
      vertex 63.3042 26.5825 14.995
    endloop
  endfacet
  facet normal 0.0695729 0.997565 -0.00490612
    outer loop
      vertex 46.7378 27.7381 14.995
      vertex 32.4262 28.7604 19.9095
      vertex 49.2753 27.5646 15.701
    endloop
  endfacet
  facet normal 0.0695989 0.997563 -0.00483
    outer loop
      vertex 32.4262 28.7604 19.9095
      vertex 46.7378 27.7381 14.995
      vertex 32.1122 28.7762 18.6481
    endloop
  endfacet
  facet normal 0.0695841 0.997564 -0.00494654
    outer loop
      vertex 46.7378 27.7381 14.995
      vertex 49.2753 27.5646 15.701
      vertex 59.3722 26.8568 14.995
    endloop
  endfacet
  facet normal -0.0695866 -0.997564 0.00486662
    outer loop
      vertex 63.5432 8.52537 15.7058
      vertex 65.5156 8.45264 29.0004
      vertex 62.2296 8.61745 15.7976
    endloop
  endfacet
  facet normal -0.0695882 -0.997564 0.00486685
    outer loop
      vertex 65.5156 8.45264 29.0004
      vertex 63.5432 8.52537 15.7058
      vertex 66.7739 8.36333 28.6861
    endloop
  endfacet
  facet normal -0.0695765 -0.997565 0.00489758
    outer loop
      vertex 45.8359 9.7571 14.995
      vertex 31.1736 10.8043 19.9971
      vertex 30.8597 10.82 18.7356
    endloop
  endfacet
  facet normal -0.0695848 -0.997564 0.00487302
    outer loop
      vertex 31.1736 10.8043 19.9971
      vertex 45.8359 9.7571 14.995
      vertex 48.0228 9.60843 15.7886
    endloop
  endfacet
  facet normal -0.0695857 -0.997564 0.0048755
    outer loop
      vertex 56.6895 9 14.995
      vertex 48.0228 9.60843 15.7886
      vertex 45.8359 9.7571 14.995
    endloop
  endfacet
  facet normal -0.0695885 -0.997564 0.00484548
    outer loop
      vertex 48.0228 9.60843 15.7886
      vertex 56.6895 9 14.995
      vertex 56.7025 9 15.1817
    endloop
  endfacet
  facet normal -0.967913 0.0686995 0.241714
    outer loop
      vertex 46.5194 11.7143 14.995
      vertex 47.7734 25.6662 16.0511
      vertex 47.5106 25.6794 14.995
    endloop
  endfacet
  facet normal -0.967908 0.0686975 0.241735
    outer loop
      vertex 47.7734 25.6662 16.0511
      vertex 46.5194 11.7143 14.995
      vertex 46.7992 11.7003 16.1193
    endloop
  endfacet
  facet normal 0.96791 -0.0686959 -0.241725
    outer loop
      vertex 34.2228 26.6279 19.4357
      vertex 32.9347 12.6778 18.2424
      vertex 33.9089 26.6437 18.1743
    endloop
  endfacet
  facet normal 0.96791 -0.0686959 -0.241725
    outer loop
      vertex 32.9347 12.6778 18.2424
      vertex 34.2228 26.6279 19.4357
      vertex 33.2486 12.662 19.5038
    endloop
  endfacet
  facet normal -0.0695889 -0.997564 0.00482197
    outer loop
      vertex 33.9089 26.6437 18.1743
      vertex 38.5784 26.3188 18.3478
      vertex 34.2228 26.6279 19.4357
    endloop
  endfacet
  facet normal -0.069592 -0.997563 0.00490736
    outer loop
      vertex 38.5784 26.3188 18.3478
      vertex 33.9089 26.6437 18.1743
      vertex 38.2644 26.3345 17.0864
    endloop
  endfacet
  facet normal -0.0695947 -0.997564 0.00482895
    outer loop
      vertex 46.6376 25.7403 14.995
      vertex 43.4179 25.9753 17.139
      vertex 43.1039 25.9911 15.8776
    endloop
  endfacet
  facet normal -0.0695851 -0.997564 0.00484351
    outer loop
      vertex 43.4179 25.9753 17.139
      vertex 46.6376 25.7403 14.995
      vertex 47.7734 25.6662 16.0511
    endloop
  endfacet
  facet normal -0.0695895 -0.997564 0.00484829
    outer loop
      vertex 47.7734 25.6662 16.0511
      vertex 46.6376 25.7403 14.995
      vertex 47.5106 25.6794 14.995
    endloop
  endfacet
  facet normal 0.0695889 0.997564 -0.00482197
    outer loop
      vertex 37.6042 12.3529 18.4159
      vertex 32.9347 12.6778 18.2424
      vertex 33.2486 12.662 19.5038
    endloop
  endfacet
  facet normal 0.069592 0.997563 -0.00490736
    outer loop
      vertex 32.9347 12.6778 18.2424
      vertex 37.6042 12.3529 18.4159
      vertex 37.2902 12.3686 17.1545
    endloop
  endfacet
  facet normal 0.0695764 0.997565 -0.00487827
    outer loop
      vertex 45.9361 11.755 14.995
      vertex 42.4437 12.0094 17.2072
      vertex 46.7992 11.7003 16.1193
    endloop
  endfacet
  facet normal 0.0696053 0.997563 -0.00490056
    outer loop
      vertex 45.9361 11.755 14.995
      vertex 46.7992 11.7003 16.1193
      vertex 46.5194 11.7143 14.995
    endloop
  endfacet
  facet normal 0.069606 0.997563 -0.00483138
    outer loop
      vertex 42.4437 12.0094 17.2072
      vertex 45.9361 11.755 14.995
      vertex 42.1297 12.0252 15.9457
    endloop
  endfacet
  facet normal 0.967903 -0.0686924 -0.241754
    outer loop
      vertex 49.7769 26.5466 19.6858
      vertex 47.6976 10.634 15.8824
      vertex 48.8109 26.595 15.8045
    endloop
  endfacet
  facet normal 0.967903 -0.0686924 -0.241754
    outer loop
      vertex 47.6976 10.634 15.8824
      vertex 49.7769 26.5466 19.6858
      vertex 48.6636 10.5856 19.7637
    endloop
  endfacet
  facet normal 0.241502 -0.0121093 0.970325
    outer loop
      vertex 34.2905 27.6457 23.5539
      vertex 48.6636 10.5856 19.7637
      vertex 49.7769 26.5466 19.6858
    endloop
  endfacet
  facet normal 0.241495 -0.0121163 0.970327
    outer loop
      vertex 48.6636 10.5856 19.7637
      vertex 34.2905 27.6457 23.5539
      vertex 33.1771 11.6847 23.6317
    endloop
  endfacet
  facet normal -0.967902 0.0686969 0.241755
    outer loop
      vertex 32.2111 11.7332 19.7504
      vertex 34.2905 27.6457 23.5539
      vertex 33.3245 27.6942 19.6726
    endloop
  endfacet
  facet normal -0.967902 0.0686969 0.241755
    outer loop
      vertex 34.2905 27.6457 23.5539
      vertex 32.2111 11.7332 19.7504
      vertex 33.1771 11.6847 23.6317
    endloop
  endfacet
  facet normal 0.0695879 0.997564 -0.00484909
    outer loop
      vertex 38.648 27.3164 18.3429
      vertex 34.2905 27.6457 23.5539
      vertex 49.7769 26.5466 19.6858
    endloop
  endfacet
  facet normal 0.0695833 0.997564 -0.00485292
    outer loop
      vertex 34.2905 27.6457 23.5539
      vertex 38.648 27.3164 18.3429
      vertex 33.3245 27.6942 19.6726
    endloop
  endfacet
  facet normal 0.06959 0.997564 -0.0048667
    outer loop
      vertex 49.7769 26.5466 19.6858
      vertex 43.4875 26.9729 17.1342
      vertex 38.648 27.3164 18.3429
    endloop
  endfacet
  facet normal 0.0695961 0.997563 -0.00488181
    outer loop
      vertex 43.4875 26.9729 17.1342
      vertex 49.7769 26.5466 19.6858
      vertex 48.8109 26.595 15.8045
    endloop
  endfacet
  facet normal -0.069601 -0.997563 0.00485732
    outer loop
      vertex 37.5346 11.3553 18.4208
      vertex 33.1771 11.6847 23.6317
      vertex 32.2111 11.7332 19.7504
    endloop
  endfacet
  facet normal -0.0695813 -0.997564 0.00487385
    outer loop
      vertex 33.1771 11.6847 23.6317
      vertex 37.5346 11.3553 18.4208
      vertex 48.6636 10.5856 19.7637
    endloop
  endfacet
  facet normal -0.0695835 -0.997564 0.00489232
    outer loop
      vertex 42.3741 11.0118 17.212
      vertex 48.6636 10.5856 19.7637
      vertex 37.5346 11.3553 18.4208
    endloop
  endfacet
  facet normal -0.0695774 -0.997565 0.00487714
    outer loop
      vertex 48.6636 10.5856 19.7637
      vertex 42.3741 11.0118 17.212
      vertex 47.6976 10.634 15.8824
    endloop
  endfacet
  facet normal -0.995075 0.0698228 0.0703588
    outer loop
      vertex 58.9381 9.74534 14.995
      vertex 58.9472 9.8451 15.0247
      vertex 58.9451 9.8451 14.995
    endloop
  endfacet
  facet normal -0.995132 0.0701736 0.0691979
    outer loop
      vertex 58.9472 9.8451 15.0247
      vertex 58.9381 9.74534 14.995
      vertex 58.9402 9.74534 15.0252
    endloop
  endfacet
  facet normal 0.995127 -0.0697697 -0.0696696
    outer loop
      vertex 53.9715 10.1939 15.3726
      vertex 54.015 11.1914 14.995
      vertex 54.0411 11.1914 15.3678
    endloop
  endfacet
  facet normal 0.995165 -0.0691534 -0.0697484
    outer loop
      vertex 53.9381 10.0941 14.995
      vertex 53.9715 10.1939 15.3726
      vertex 53.9646 10.0941 15.3731
    endloop
  endfacet
  facet normal 0.995135 -0.0697402 -0.0695907
    outer loop
      vertex 53.9715 10.1939 15.3726
      vertex 53.9381 10.0941 14.995
      vertex 54.015 11.1914 14.995
    endloop
  endfacet
  facet normal 0.069585 0.997564 -0.00483869
    outer loop
      vertex 58.9381 9.74534 14.995
      vertex 53.9646 10.0941 15.3731
      vertex 58.9402 9.74534 15.0252
    endloop
  endfacet
  facet normal 0.0695821 0.997564 -0.00487682
    outer loop
      vertex 53.9646 10.0941 15.3731
      vertex 58.9381 9.74534 14.995
      vertex 53.9381 10.0941 14.995
    endloop
  endfacet
  facet normal 0.99509 -0.0701457 -0.0698192
    outer loop
      vertex 55.0849 26.1549 15.2948
      vertex 55.0709 26.2547 14.995
      vertex 55.0919 26.2547 15.2943
    endloop
  endfacet
  facet normal 0.995135 -0.0697697 -0.0695647
    outer loop
      vertex 54.994 25.1573 14.995
      vertex 55.0849 26.1549 15.2948
      vertex 55.0153 25.1573 15.2997
    endloop
  endfacet
  facet normal 0.995129 -0.0697334 -0.0696838
    outer loop
      vertex 55.0849 26.1549 15.2948
      vertex 54.994 25.1573 14.995
      vertex 55.0709 26.2547 14.995
    endloop
  endfacet
  facet normal -0.0695996 -0.997563 0.00488337
    outer loop
      vertex 59.3722 25.9546 14.995
      vertex 55.0919 26.2547 15.2943
      vertex 55.0709 26.2547 14.995
    endloop
  endfacet
  facet normal 0.0697547 0 0.997564
    outer loop
      vertex 59.3722 26.8568 14.995
      vertex 55.0919 26.2547 15.2943
      vertex 59.3722 25.9546 14.995
    endloop
  endfacet
  facet normal 0.0697595 0.000104861 0.997564
    outer loop
      vertex 55.0919 26.2547 15.2943
      vertex 49.6117 26.5386 15.6775
      vertex 55.0849 26.1549 15.2948
    endloop
  endfacet
  facet normal 0.069753 1.20872e-05 0.997564
    outer loop
      vertex 49.2753 27.5646 15.701
      vertex 55.0919 26.2547 15.2943
      vertex 59.3722 26.8568 14.995
    endloop
  endfacet
  facet normal 0.0697553 2.23402e-05 0.997564
    outer loop
      vertex 55.0919 26.2547 15.2943
      vertex 49.2753 27.5646 15.701
      vertex 49.6117 26.5386 15.6775
    endloop
  endfacet
  facet normal 0.0697064 6.22899e-06 0.997568
    outer loop
      vertex 49.2753 27.5646 15.701
      vertex 48.4983 10.5775 15.7554
      vertex 49.6117 26.5386 15.6775
    endloop
  endfacet
  facet normal 0.0696321 9.64286e-06 0.997573
    outer loop
      vertex 48.4983 10.5775 15.7554
      vertex 49.2753 27.5646 15.701
      vertex 48.0228 9.60843 15.7886
    endloop
  endfacet
  facet normal 0.0697824 0.000173169 0.997562
    outer loop
      vertex 53.9715 10.1939 15.3726
      vertex 48.4983 10.5775 15.7554
      vertex 53.9646 10.0941 15.3731
    endloop
  endfacet
  facet normal 0.0697199 0.000107702 0.997567
    outer loop
      vertex 58.9402 9.74534 15.0252
      vertex 59.3722 9.81531 14.995
      vertex 58.9472 9.8451 15.0247
    endloop
  endfacet
  facet normal 0.0697372 0 0.997565
    outer loop
      vertex 59.3722 9.81531 14.995
      vertex 58.9402 9.74534 15.0252
      vertex 59.3722 9 14.995
    endloop
  endfacet
  facet normal 0.0697626 1.47692e-05 0.997564
    outer loop
      vertex 58.9402 9.74534 15.0252
      vertex 56.7025 9 15.1817
      vertex 59.3722 9 14.995
    endloop
  endfacet
  facet normal 0.0697538 4.12387e-05 0.997564
    outer loop
      vertex 53.9646 10.0941 15.3731
      vertex 56.7025 9 15.1817
      vertex 58.9402 9.74534 15.0252
    endloop
  endfacet
  facet normal 0.0697624 -5.45953e-05 0.997564
    outer loop
      vertex 48.0228 9.60843 15.7886
      vertex 53.9646 10.0941 15.3731
      vertex 48.4983 10.5775 15.7554
    endloop
  endfacet
  facet normal 0.0697545 4.29223e-05 0.997564
    outer loop
      vertex 53.9646 10.0941 15.3731
      vertex 48.0228 9.60843 15.7886
      vertex 56.7025 9 15.1817
    endloop
  endfacet
  facet normal -0.0697556 3.46929e-06 -0.997564
    outer loop
      vertex 55.0153 25.1573 15.2997
      vertex 59.1254 25.8717 15.0123
      vertex 58.012 9.91065 15.0901
    endloop
  endfacet
  facet normal -0.0697492 -3.3605e-05 -0.997565
    outer loop
      vertex 59.1254 25.8717 15.0123
      vertex 55.0153 25.1573 15.2997
      vertex 55.0849 26.1549 15.2948
    endloop
  endfacet
  facet normal -0.0697627 2.05917e-06 -0.997564
    outer loop
      vertex 58.012 9.91065 15.0901
      vertex 54.0411 11.1914 15.3678
      vertex 55.0153 25.1573 15.2997
    endloop
  endfacet
  facet normal -0.0697422 6.59113e-05 -0.997565
    outer loop
      vertex 54.0411 11.1914 15.3678
      vertex 58.012 9.91065 15.0901
      vertex 53.9715 10.1939 15.3726
    endloop
  endfacet
  facet normal -0.0697477 1.00651e-06 -0.997565
    outer loop
      vertex 54.0411 11.1914 15.3678
      vertex 50.5372 25.4712 15.6128
      vertex 55.0153 25.1573 15.2997
    endloop
  endfacet
  facet normal -0.0697477 1.00651e-06 -0.997565
    outer loop
      vertex 50.5372 25.4712 15.6128
      vertex 54.0411 11.1914 15.3678
      vertex 49.563 11.5053 15.6809
    endloop
  endfacet
  facet normal 0.995134 -0.0697555 -0.0695853
    outer loop
      vertex 49.563 11.5053 15.6809
      vertex 50.494 25.4712 14.995
      vertex 50.5372 25.4712 15.6128
    endloop
  endfacet
  facet normal 0.99513 -0.0697579 -0.0696403
    outer loop
      vertex 50.494 25.4712 14.995
      vertex 49.563 11.5053 15.6809
      vertex 49.515 11.5053 14.995
    endloop
  endfacet
  facet normal -0.0695856 -0.997564 0.00486581
    outer loop
      vertex 54.994 25.1573 14.995
      vertex 50.5372 25.4712 15.6128
      vertex 50.494 25.4712 14.995
    endloop
  endfacet
  facet normal -0.0695858 -0.997564 0.00486439
    outer loop
      vertex 50.5372 25.4712 15.6128
      vertex 54.994 25.1573 14.995
      vertex 55.0153 25.1573 15.2997
    endloop
  endfacet
  facet normal 0.0695853 0.997564 -0.00487172
    outer loop
      vertex 54.015 11.1914 14.995
      vertex 49.563 11.5053 15.6809
      vertex 54.0411 11.1914 15.3678
    endloop
  endfacet
  facet normal 0.0695856 0.997564 -0.00486968
    outer loop
      vertex 49.563 11.5053 15.6809
      vertex 54.015 11.1914 14.995
      vertex 49.515 11.5053 14.995
    endloop
  endfacet
  facet normal 0.995134 -0.0697508 -0.0695873
    outer loop
      vertex 64.6995 9.46144 18.6322
      vertex 65.5639 25.4225 14.995
      vertex 65.8128 25.4225 18.5544
    endloop
  endfacet
  facet normal 0.995133 -0.0697544 -0.0696035
    outer loop
      vertex 65.5639 25.4225 14.995
      vertex 64.6995 9.46144 18.6322
      vertex 64.4451 9.46144 14.995
    endloop
  endfacet
  facet normal 0.069762 2.32744e-06 0.997564
    outer loop
      vertex 49.8907 26.5386 19.6678
      vertex 58.9929 9.86145 19.0313
      vertex 60.1063 25.8225 18.9534
    endloop
  endfacet
  facet normal 0.0697519 -3.21426e-06 0.997564
    outer loop
      vertex 58.9929 9.86145 19.0313
      vertex 49.8907 26.5386 19.6678
      vertex 48.7773 10.5775 19.7456
    endloop
  endfacet
  facet normal 0.0697603 -3.3637e-06 0.997564
    outer loop
      vertex 64.1483 25.5391 18.6708
      vertex 64.6995 9.46144 18.6322
      vertex 65.8128 25.4225 18.5544
    endloop
  endfacet
  facet normal 0.0697561 -3.50773e-06 0.997564
    outer loop
      vertex 64.6995 9.46144 18.6322
      vertex 64.1483 25.5391 18.6708
      vertex 63.0349 9.57812 18.7486
    endloop
  endfacet
  facet normal -0.995134 0.0697573 0.0695794
    outer loop
      vertex 48.4983 10.5775 15.7554
      vertex 49.8907 26.5386 19.6678
      vertex 49.6117 26.5386 15.6775
    endloop
  endfacet
  facet normal -0.995134 0.0697568 0.0695811
    outer loop
      vertex 49.8907 26.5386 19.6678
      vertex 48.4983 10.5775 15.7554
      vertex 48.7773 10.5775 19.7456
    endloop
  endfacet
  facet normal 0.0695932 0.997564 -0.00485368
    outer loop
      vertex 65.1288 25.49 22.6106
      vertex 62.5855 25.6981 28.9144
      vertex 66.4571 25.4233 27.9474
    endloop
  endfacet
  facet normal 0.0695793 0.997565 -0.00485934
    outer loop
      vertex 65.1288 25.49 22.6106
      vertex 60.1063 25.8225 18.9534
      vertex 62.5855 25.6981 28.9144
    endloop
  endfacet
  facet normal 0.0696011 0.997563 -0.00488947
    outer loop
      vertex 60.1063 25.8225 18.9534
      vertex 65.1288 25.49 22.6106
      vertex 64.1483 25.5391 18.6708
    endloop
  endfacet
  facet normal 0.0696035 0.997563 -0.00485554
    outer loop
      vertex 63.9213 25.5505 17.7589
      vertex 60.1063 25.8225 18.9534
      vertex 64.1483 25.5391 18.6708
    endloop
  endfacet
  facet normal 0.0695387 0.997567 -0.00488966
    outer loop
      vertex 65.1796 25.4612 17.4447
      vertex 64.1483 25.5391 18.6708
      vertex 65.8128 25.4225 18.5544
    endloop
  endfacet
  facet normal 0.0695988 0.997563 -0.00487033
    outer loop
      vertex 63.2334 25.585 14.995
      vertex 60.1063 25.8225 18.9534
      vertex 63.9213 25.5505 17.7589
    endloop
  endfacet
  facet normal 0.069587 0.997564 -0.00487454
    outer loop
      vertex 60.1063 25.8225 18.9534
      vertex 55.0849 26.1549 15.2948
      vertex 49.8907 26.5386 19.6678
    endloop
  endfacet
  facet normal 0.0695942 0.997564 -0.00486599
    outer loop
      vertex 49.8907 26.5386 19.6678
      vertex 55.0849 26.1549 15.2948
      vertex 49.6117 26.5386 15.6775
    endloop
  endfacet
  facet normal 0.0695795 0.997565 -0.00486422
    outer loop
      vertex 60.1063 25.8225 18.9534
      vertex 59.1254 25.8717 15.0123
      vertex 55.0849 26.1549 15.2948
    endloop
  endfacet
  facet normal 0.0696001 0.997563 -0.00486935
    outer loop
      vertex 60.1063 25.8225 18.9534
      vertex 63.2334 25.585 14.995
      vertex 59.1254 25.8717 15.0123
    endloop
  endfacet
  facet normal 0.069596 0.997559 -0.00576595
    outer loop
      vertex 59.1254 25.8717 15.0123
      vertex 63.2334 25.585 14.995
      vertex 59.1211 25.8719 14.995
    endloop
  endfacet
  facet normal 0.0695846 0.997564 -0.00485084
    outer loop
      vertex 64.1483 25.5391 18.6708
      vertex 65.1796 25.4612 17.4447
      vertex 63.9213 25.5505 17.7589
    endloop
  endfacet
  facet normal 0.0694851 0.997571 -0.00485892
    outer loop
      vertex 65.5639 25.4225 14.995
      vertex 65.1796 25.4612 17.4447
      vertex 65.8128 25.4225 18.5544
    endloop
  endfacet
  facet normal 0.0695487 0.997567 -0.00484887
    outer loop
      vertex 65.1796 25.4612 17.4447
      vertex 65.5639 25.4225 14.995
      vertex 64.5699 25.4918 14.995
    endloop
  endfacet
  facet normal -0.0695907 -0.997564 0.00478695
    outer loop
      vertex 58.9451 9.8451 14.995
      vertex 58.012 9.91065 15.0901
      vertex 57.9884 9.91184 14.995
    endloop
  endfacet
  facet normal -0.0695772 -0.997564 0.0049196
    outer loop
      vertex 58.012 9.91065 15.0901
      vertex 58.9451 9.8451 14.995
      vertex 58.9472 9.8451 15.0247
    endloop
  endfacet
  facet normal -0.0695835 -0.997564 0.00485593
    outer loop
      vertex 53.9715 10.1939 15.3726
      vertex 58.9929 9.86145 19.0313
      vertex 48.7773 10.5775 19.7456
    endloop
  endfacet
  facet normal -0.069579 -0.997565 0.00487185
    outer loop
      vertex 64.0662 9.5002 17.5225
      vertex 63.0349 9.57812 18.7486
      vertex 62.8079 9.5895 17.8368
    endloop
  endfacet
  facet normal -0.0695916 -0.997564 0.00486712
    outer loop
      vertex 58.012 9.91065 15.0901
      vertex 58.9929 9.86145 19.0313
      vertex 53.9715 10.1939 15.3726
    endloop
  endfacet
  facet normal -0.069576 -0.997565 0.00486485
    outer loop
      vertex 53.9715 10.1939 15.3726
      vertex 48.7773 10.5775 19.7456
      vertex 48.4983 10.5775 15.7554
    endloop
  endfacet
  facet normal -0.0695811 -0.997564 0.00486448
    outer loop
      vertex 58.9472 9.8451 15.0247
      vertex 58.9929 9.86145 19.0313
      vertex 58.012 9.91065 15.0901
    endloop
  endfacet
  facet normal -0.0695849 -0.997564 0.00487332
    outer loop
      vertex 58.9929 9.86145 19.0313
      vertex 62.8079 9.5895 17.8368
      vertex 63.0349 9.57812 18.7486
    endloop
  endfacet
  facet normal -0.0695834 -0.997564 0.00486451
    outer loop
      vertex 59.3722 9.81531 14.995
      vertex 58.9929 9.86145 19.0313
      vertex 58.9472 9.8451 15.0247
    endloop
  endfacet
  facet normal -0.0695878 -0.997564 0.0048641
    outer loop
      vertex 58.9929 9.86145 19.0313
      vertex 59.3722 9.81531 14.995
      vertex 62.8079 9.5895 17.8368
    endloop
  endfacet
  facet normal -0.0695889 -0.997564 0.00486546
    outer loop
      vertex 62.8079 9.5895 17.8368
      vertex 59.3722 9.81531 14.995
      vertex 62.1006 9.62498 14.995
    endloop
  endfacet
  facet normal -0.0695877 -0.997564 0.0048654
    outer loop
      vertex 61.4721 9.7371 28.9922
      vertex 64.0154 9.52894 22.6884
      vertex 65.3437 9.46231 28.0252
    endloop
  endfacet
  facet normal -0.069586 -0.997564 0.00486608
    outer loop
      vertex 58.9929 9.86145 19.0313
      vertex 64.0154 9.52894 22.6884
      vertex 61.4721 9.7371 28.9922
    endloop
  endfacet
  facet normal -0.0695855 -0.997564 0.00486531
    outer loop
      vertex 64.0154 9.52894 22.6884
      vertex 58.9929 9.86145 19.0313
      vertex 63.0349 9.57812 18.7486
    endloop
  endfacet
  facet normal -0.0695838 -0.997564 0.00486783
    outer loop
      vertex 63.0349 9.57812 18.7486
      vertex 64.0662 9.5002 17.5225
      vertex 64.6995 9.46144 18.6322
    endloop
  endfacet
  facet normal -0.0695821 -0.997564 0.00486684
    outer loop
      vertex 64.4451 9.46144 14.995
      vertex 64.0662 9.5002 17.5225
      vertex 63.4371 9.53175 14.995
    endloop
  endfacet
  facet normal -0.0695821 -0.997564 0.00486684
    outer loop
      vertex 64.0662 9.5002 17.5225
      vertex 64.4451 9.46144 14.995
      vertex 64.6995 9.46144 18.6322
    endloop
  endfacet
  facet normal -0.241498 0.0121715 -0.970325
    outer loop
      vertex 64.0154 9.52894 22.6884
      vertex 65.3433 10.4372 22.3693
      vertex 65.2667 9.33988 22.3746
    endloop
  endfacet
  facet normal -0.241504 0.0121809 -0.970323
    outer loop
      vertex 65.3433 10.4372 22.3693
      vertex 64.0154 9.52894 22.6884
      vertex 64.085 10.5265 22.6836
    endloop
  endfacet
  facet normal -0.241546 0.0118435 -0.970317
    outer loop
      vertex 64.0154 9.52894 22.6884
      vertex 65.2667 9.33988 22.3746
      vertex 64.0085 9.42918 22.6889
    endloop
  endfacet
  facet normal 0.241511 -0.0120832 0.970323
    outer loop
      vertex 62.8079 9.5895 17.8368
      vertex 64.0592 9.40044 17.523
      vertex 64.0662 9.5002 17.5225
    endloop
  endfacet
  facet normal 0.241546 -0.0118447 0.970317
    outer loop
      vertex 64.0592 9.40044 17.523
      vertex 62.8079 9.5895 17.8368
      vertex 62.801 9.48975 17.8373
    endloop
  endfacet
  facet normal 0.0695862 0.997564 -0.00486498
    outer loop
      vertex 65.2667 9.33988 22.3746
      vertex 62.801 9.48975 17.8373
      vertex 64.0085 9.42918 22.6889
    endloop
  endfacet
  facet normal 0.0695932 0.997564 -0.00486877
    outer loop
      vertex 62.801 9.48975 17.8373
      vertex 65.2667 9.33988 22.3746
      vertex 64.0592 9.40044 17.523
    endloop
  endfacet
  facet normal -0.241529 0.0121519 -0.970318
    outer loop
      vertex 65.1288 25.49 22.6106
      vertex 66.394 25.5004 22.2958
      vertex 66.3175 24.4031 22.3011
    endloop
  endfacet
  facet normal -0.241529 0.0120917 -0.970318
    outer loop
      vertex 66.394 25.5004 22.2958
      vertex 65.1288 25.49 22.6106
      vertex 65.1358 25.5897 22.6101
    endloop
  endfacet
  facet normal -0.241504 0.0121804 -0.970323
    outer loop
      vertex 65.1288 25.49 22.6106
      vertex 66.3175 24.4031 22.3011
      vertex 65.0592 24.4924 22.6154
    endloop
  endfacet
  facet normal 0.241546 -0.0118388 0.970317
    outer loop
      vertex 63.9283 25.6503 17.7585
      vertex 65.1796 25.4612 17.4447
      vertex 65.1865 25.561 17.4442
    endloop
  endfacet
  facet normal 0.241372 -0.0130407 0.970345
    outer loop
      vertex 65.1796 25.4612 17.4447
      vertex 63.9283 25.6503 17.7585
      vertex 63.9213 25.5505 17.7589
    endloop
  endfacet
  facet normal -0.0695877 -0.997564 0.00485917
    outer loop
      vertex 63.9283 25.6503 17.7585
      vertex 66.394 25.5004 22.2958
      vertex 65.1358 25.5897 22.6101
    endloop
  endfacet
  facet normal -0.0695877 -0.997564 0.00485917
    outer loop
      vertex 66.394 25.5004 22.2958
      vertex 63.9283 25.6503 17.7585
      vertex 65.1865 25.561 17.4442
    endloop
  endfacet
  facet normal 0.241527 -0.0121135 0.970318
    outer loop
      vertex 66.7682 26.4088 28.9128
      vertex 66.7739 8.36333 28.6861
      vertex 68.0264 26.3195 28.5985
    endloop
  endfacet
  facet normal 0.241509 -0.0121136 0.970323
    outer loop
      vertex 66.7739 8.36333 28.6861
      vertex 66.7682 26.4088 28.9128
      vertex 65.5156 8.45264 29.0004
    endloop
  endfacet
  facet normal -0.967905 0.0686404 0.24176
    outer loop
      vertex 62.2563 9 15.7958
      vertex 62.8079 9.5895 17.8368
      vertex 62.1006 9.62498 14.995
    endloop
  endfacet
  facet normal -0.967904 0.0681653 0.241897
    outer loop
      vertex 62.8079 9.5895 17.8368
      vertex 62.2563 9 15.7958
      vertex 62.801 9.48975 17.8373
    endloop
  endfacet
  facet normal -0.967913 0.0686079 0.241737
    outer loop
      vertex 62.2563 9 15.7958
      vertex 62.1006 9.62498 14.995
      vertex 62.0563 9 14.995
    endloop
  endfacet
  facet normal -0.967938 0.0681601 0.241765
    outer loop
      vertex 64.0154 9.52894 22.6884
      vertex 64.0085 9.42918 22.6889
      vertex 65.3437 9.46231 28.0252
    endloop
  endfacet
  facet normal -0.967903 0.068682 0.241756
    outer loop
      vertex 65.1358 25.5897 22.6101
      vertex 63.3042 26.5825 14.995
      vertex 63.9283 25.6503 17.7585
    endloop
  endfacet
  facet normal -0.967901 0.0686991 0.241762
    outer loop
      vertex 63.2334 25.585 14.995
      vertex 63.9283 25.6503 17.7585
      vertex 63.3042 26.5825 14.995
    endloop
  endfacet
  facet normal -0.967891 0.0688571 0.241755
    outer loop
      vertex 63.9283 25.6503 17.7585
      vertex 63.2334 25.585 14.995
      vertex 63.9213 25.5505 17.7589
    endloop
  endfacet
  facet normal -0.967901 0.0687001 0.241758
    outer loop
      vertex 63.3042 26.5825 14.995
      vertex 65.1358 25.5897 22.6101
      vertex 66.7682 26.4088 28.9128
    endloop
  endfacet
  facet normal -0.967867 0.069167 0.241761
    outer loop
      vertex 66.4571 25.4233 27.9474
      vertex 65.1358 25.5897 22.6101
      vertex 65.1288 25.49 22.6106
    endloop
  endfacet
  facet normal -0.967901 0.0687195 0.241756
    outer loop
      vertex 65.1358 25.5897 22.6101
      vertex 66.4571 25.4233 27.9474
      vertex 66.7682 26.4088 28.9128
    endloop
  endfacet
  facet normal -0.967897 0.0686967 0.241778
    outer loop
      vertex 65.3437 9.46231 28.0252
      vertex 66.7682 26.4088 28.9128
      vertex 66.4571 25.4233 27.9474
    endloop
  endfacet
  facet normal -0.967899 0.0686919 0.24177
    outer loop
      vertex 62.2296 8.61745 15.7976
      vertex 62.801 9.48975 17.8373
      vertex 62.2563 9 15.7958
    endloop
  endfacet
  facet normal -0.9679 0.0687252 0.241756
    outer loop
      vertex 62.801 9.48975 17.8373
      vertex 62.2296 8.61745 15.7976
      vertex 64.0085 9.42918 22.6889
    endloop
  endfacet
  facet normal -0.9679 0.0687287 0.241755
    outer loop
      vertex 65.5156 8.45264 29.0004
      vertex 64.0085 9.42918 22.6889
      vertex 62.2296 8.61745 15.7976
    endloop
  endfacet
  facet normal -0.967906 0.0686993 0.241742
    outer loop
      vertex 65.3437 9.46231 28.0252
      vertex 65.5156 8.45264 29.0004
      vertex 66.7682 26.4088 28.9128
    endloop
  endfacet
  facet normal -0.967902 0.0687107 0.241753
    outer loop
      vertex 64.0085 9.42918 22.6889
      vertex 65.5156 8.45264 29.0004
      vertex 65.3437 9.46231 28.0252
    endloop
  endfacet
  facet normal 0.967899 -0.0686953 -0.241768
    outer loop
      vertex 66.146 24.4379 26.9819
      vertex 65.1718 10.472 27.05
      vertex 64.085 10.5265 22.6836
    endloop
  endfacet
  facet normal 0.967907 -0.0686915 -0.24174
    outer loop
      vertex 65.0592 24.4924 22.6154
      vertex 64.1483 25.5391 18.6708
      vertex 65.1288 25.49 22.6106
    endloop
  endfacet
  facet normal 0.9679 -0.0686971 -0.241763
    outer loop
      vertex 64.085 10.5265 22.6836
      vertex 65.0592 24.4924 22.6154
      vertex 66.146 24.4379 26.9819
    endloop
  endfacet
  facet normal 0.967906 -0.0686974 -0.24174
    outer loop
      vertex 63.0349 9.57812 18.7486
      vertex 65.0592 24.4924 22.6154
      vertex 64.085 10.5265 22.6836
    endloop
  endfacet
  facet normal 0.967906 -0.0686972 -0.241741
    outer loop
      vertex 65.0592 24.4924 22.6154
      vertex 63.0349 9.57812 18.7486
      vertex 64.1483 25.5391 18.6708
    endloop
  endfacet
  facet normal 0.967906 -0.0686942 -0.241741
    outer loop
      vertex 63.0349 9.57812 18.7486
      vertex 64.085 10.5265 22.6836
      vertex 64.0154 9.52894 22.6884
    endloop
  endfacet
  facet normal 0.967898 -0.0687603 -0.241756
    outer loop
      vertex 64.6407 26.4893 14.995
      vertex 66.394 25.5004 22.2958
      vertex 65.1865 25.561 17.4442
    endloop
  endfacet
  facet normal 0.967903 -0.0686533 -0.241765
    outer loop
      vertex 67.4043 24.3486 26.6676
      vertex 66.394 25.5004 22.2958
      vertex 68.0264 26.3195 28.5985
    endloop
  endfacet
  facet normal 0.967904 -0.0686467 -0.241763
    outer loop
      vertex 66.394 25.5004 22.2958
      vertex 67.4043 24.3486 26.6676
      vertex 66.3175 24.4031 22.3011
    endloop
  endfacet
  facet normal 0.967912 -0.0687029 -0.241717
    outer loop
      vertex 68.0264 26.3195 28.5985
      vertex 66.43 10.3827 26.7357
      vertex 67.4043 24.3486 26.6676
    endloop
  endfacet
  facet normal 0.96791 -0.0688757 -0.241674
    outer loop
      vertex 64.0592 9.40044 17.523
      vertex 63.5432 8.52537 15.7058
      vertex 63.5764 9 15.7035
    endloop
  endfacet
  facet normal 0.967904 -0.0686612 -0.241761
    outer loop
      vertex 65.2667 9.33988 22.3746
      vertex 66.7739 8.36333 28.6861
      vertex 63.5432 8.52537 15.7058
    endloop
  endfacet
  facet normal 0.967903 -0.0686707 -0.241762
    outer loop
      vertex 66.43 10.3827 26.7357
      vertex 66.7739 8.36333 28.6861
      vertex 65.2667 9.33988 22.3746
    endloop
  endfacet
  facet normal 0.967895 -0.0686933 -0.241785
    outer loop
      vertex 66.7739 8.36333 28.6861
      vertex 66.43 10.3827 26.7357
      vertex 68.0264 26.3195 28.5985
    endloop
  endfacet
  facet normal 0.9679 -0.0687361 -0.241753
    outer loop
      vertex 66.394 25.5004 22.2958
      vertex 64.6407 26.4893 14.995
      vertex 68.0264 26.3195 28.5985
    endloop
  endfacet
  facet normal 0.967907 -0.0686996 -0.241735
    outer loop
      vertex 65.1865 25.561 17.4442
      vertex 64.5699 25.4918 14.995
      vertex 64.6407 26.4893 14.995
    endloop
  endfacet
  facet normal 0.967941 -0.068133 -0.24176
    outer loop
      vertex 64.5699 25.4918 14.995
      vertex 65.1865 25.561 17.4442
      vertex 65.1796 25.4612 17.4447
    endloop
  endfacet
  facet normal 0.967902 -0.0687334 -0.241747
    outer loop
      vertex 65.3433 10.4372 22.3693
      vertex 66.43 10.3827 26.7357
      vertex 65.2667 9.33988 22.3746
    endloop
  endfacet
  facet normal 0.967906 -0.0691274 -0.241618
    outer loop
      vertex 63.5764 9 15.7035
      vertex 64.0662 9.5002 17.5225
      vertex 64.0592 9.40044 17.523
    endloop
  endfacet
  facet normal 0.967902 -0.0687018 -0.241756
    outer loop
      vertex 63.5432 8.52537 15.7058
      vertex 64.0592 9.40044 17.523
      vertex 65.2667 9.33988 22.3746
    endloop
  endfacet
  facet normal 0.967907 -0.0685748 -0.24177
    outer loop
      vertex 64.0662 9.5002 17.5225
      vertex 63.5764 9 15.7035
      vertex 63.4371 9.53175 14.995
    endloop
  endfacet
  facet normal 0.967896 -0.0686219 -0.241803
    outer loop
      vertex 63.4371 9.53175 14.995
      vertex 63.5764 9 15.7035
      vertex 63.3994 9 14.995
    endloop
  endfacet
  facet normal -0.241509 0.0121169 -0.970323
    outer loop
      vertex 66.43 10.3827 26.7357
      vertex 66.146 24.4379 26.9819
      vertex 67.4043 24.3486 26.6676
    endloop
  endfacet
  facet normal -0.241527 0.0121164 -0.970318
    outer loop
      vertex 66.146 24.4379 26.9819
      vertex 66.43 10.3827 26.7357
      vertex 65.1718 10.472 27.05
    endloop
  endfacet
  facet normal -0.0695802 -0.997564 0.00486717
    outer loop
      vertex 65.0592 24.4924 22.6154
      vertex 67.4043 24.3486 26.6676
      vertex 66.146 24.4379 26.9819
    endloop
  endfacet
  facet normal -0.0695802 -0.997564 0.00486717
    outer loop
      vertex 67.4043 24.3486 26.6676
      vertex 65.0592 24.4924 22.6154
      vertex 66.3175 24.4031 22.3011
    endloop
  endfacet
  facet normal 0.0695853 0.997564 -0.00486857
    outer loop
      vertex 66.43 10.3827 26.7357
      vertex 64.085 10.5265 22.6836
      vertex 65.1718 10.472 27.05
    endloop
  endfacet
  facet normal 0.0695805 0.997564 -0.00486577
    outer loop
      vertex 64.085 10.5265 22.6836
      vertex 66.43 10.3827 26.7357
      vertex 65.3433 10.4372 22.3693
    endloop
  endfacet
  facet normal 0.241496 -0.0121164 0.970326
    outer loop
      vertex 62.5855 25.6981 28.9144
      vertex 65.3437 9.46231 28.0252
      vertex 66.4571 25.4233 27.9474
    endloop
  endfacet
  facet normal 0.241496 -0.0121164 0.970326
    outer loop
      vertex 65.3437 9.46231 28.0252
      vertex 62.5855 25.6981 28.9144
      vertex 61.4721 9.7371 28.9922
    endloop
  endfacet
  facet normal -0.967993 0.0686993 0.241394
    outer loop
      vertex 57.9884 9.91184 14.995
      vertex 59.1254 25.8717 15.0123
      vertex 59.1211 25.8719 14.995
    endloop
  endfacet
  facet normal -0.968067 0.0687049 0.241095
    outer loop
      vertex 59.1254 25.8717 15.0123
      vertex 57.9884 9.91184 14.995
      vertex 58.012 9.91065 15.0901
    endloop
  endfacet
  facet normal -0.967901 0.0686981 0.24176
    outer loop
      vertex 58.9929 9.86145 19.0313
      vertex 62.5855 25.6981 28.9144
      vertex 60.1063 25.8225 18.9534
    endloop
  endfacet
  facet normal -0.967901 0.0686968 0.241762
    outer loop
      vertex 62.5855 25.6981 28.9144
      vertex 58.9929 9.86145 19.0313
      vertex 61.4721 9.7371 28.9922
    endloop
  endfacet
  facet normal -0.970296 0 0.24192
    outer loop
      vertex 40.6563 -7 17.0512
      vertex 40.9708 -8 18.3126
      vertex 40.9708 -7 18.3126
    endloop
  endfacet
  facet normal -0.970296 0 0.24192
    outer loop
      vertex 40.6563 -8.1 17.0512
      vertex 40.9708 -8 18.3126
      vertex 40.6563 -7 17.0512
    endloop
  endfacet
  facet normal -0.970296 0 0.24192
    outer loop
      vertex 40.9708 -8 18.3126
      vertex 40.6563 -8.1 17.0512
      vertex 40.9708 -8.1 18.3126
    endloop
  endfacet
  facet normal 0.970296 0 -0.24192
    outer loop
      vertex 36.1194 -8 19.5222
      vertex 35.8049 -7 18.2608
      vertex 36.1194 -7 19.5222
    endloop
  endfacet
  facet normal 0.970296 0 -0.24192
    outer loop
      vertex 35.8049 -8.1 18.2608
      vertex 36.1194 -8 19.5222
      vertex 36.1194 -8.1 19.5222
    endloop
  endfacet
  facet normal 0.970296 0 -0.24192
    outer loop
      vertex 36.1194 -8 19.5222
      vertex 35.8049 -8.1 18.2608
      vertex 35.8049 -7 18.2608
    endloop
  endfacet
  facet normal 0 1 0
    outer loop
      vertex 40.9708 -8.1 18.3126
      vertex 35.8049 -8.1 18.2608
      vertex 36.1194 -8.1 19.5222
    endloop
  endfacet
  facet normal -0 1 0
    outer loop
      vertex 35.8049 -8.1 18.2608
      vertex 40.9708 -8.1 18.3126
      vertex 40.6563 -8.1 17.0512
    endloop
  endfacet
  facet normal -0.970296 0 0.24192
    outer loop
      vertex 40.6563 8.1 17.0512
      vertex 40.9708 8 18.3126
      vertex 40.9708 8.1 18.3126
    endloop
  endfacet
  facet normal -0.970296 0 0.24192
    outer loop
      vertex 40.6563 7 17.0512
      vertex 40.9708 8 18.3126
      vertex 40.6563 8.1 17.0512
    endloop
  endfacet
  facet normal -0.970296 0 0.24192
    outer loop
      vertex 40.9708 8 18.3126
      vertex 40.6563 7 17.0512
      vertex 40.9708 7 18.3126
    endloop
  endfacet
  facet normal 0.970296 0 -0.24192
    outer loop
      vertex 36.1194 8 19.5222
      vertex 35.8049 8.1 18.2608
      vertex 36.1194 8.1 19.5222
    endloop
  endfacet
  facet normal 0.970296 0 -0.24192
    outer loop
      vertex 35.8049 7 18.2608
      vertex 36.1194 8 19.5222
      vertex 36.1194 7 19.5222
    endloop
  endfacet
  facet normal 0.970296 0 -0.24192
    outer loop
      vertex 36.1194 8 19.5222
      vertex 35.8049 7 18.2608
      vertex 35.8049 8.1 18.2608
    endloop
  endfacet
  facet normal 0 -1 0
    outer loop
      vertex 35.8049 8.1 18.2608
      vertex 40.9708 8.1 18.3126
      vertex 36.1194 8.1 19.5222
    endloop
  endfacet
  facet normal 0 -1 0
    outer loop
      vertex 40.9708 8.1 18.3126
      vertex 35.8049 8.1 18.2608
      vertex 40.6563 8.1 17.0512
    endloop
  endfacet
  facet normal 0.970351 0 -0.241699
    outer loop
      vertex 46.9837 -9 15.5606
      vertex 46.9633 9 15.4787
      vertex 46.9837 9 15.5606
    endloop
  endfacet
  facet normal 0.970351 0 -0.241699
    outer loop
      vertex 46.9633 9 15.4787
      vertex 46.9837 -9 15.5606
      vertex 46.9633 -9 15.4787
    endloop
  endfacet
  facet normal 0.241924 0 0.970295
    outer loop
      vertex 36.1194 -8 19.5222
      vertex 30.7827 -8 20.8528
      vertex 36.1194 -8.1 19.5222
    endloop
  endfacet
  facet normal 0.241959 0 0.970287
    outer loop
      vertex 46.7033 9 16.8833
      vertex 46.3075 8 16.982
      vertex 46.7033 -9 16.8833
    endloop
  endfacet
  facet normal 0.241924 1.45844e-05 0.970295
    outer loop
      vertex 46.7033 9 16.8833
      vertex 40.9708 8.1 18.3126
      vertex 46.3075 8 16.982
    endloop
  endfacet
  facet normal 0.241924 1.64491e-05 0.970295
    outer loop
      vertex 46.7033 9 16.8833
      vertex 36.1194 8.1 19.5222
      vertex 40.9708 8.1 18.3126
    endloop
  endfacet
  facet normal 0.241924 0 0.970295
    outer loop
      vertex 36.1194 8.1 19.5222
      vertex 30.7827 8 20.8528
      vertex 36.1194 8 19.5222
    endloop
  endfacet
  facet normal 0.241923 2.29492e-05 0.970295
    outer loop
      vertex 29.8124 9 21.0947
      vertex 36.1194 8.1 19.5222
      vertex 46.7033 9 16.8833
    endloop
  endfacet
  facet normal 0.2419 0 0.970301
    outer loop
      vertex 30.7827 8 20.8528
      vertex 29.8124 9 21.0947
      vertex 30.7827 -8 20.8528
    endloop
  endfacet
  facet normal 0.241923 2.383e-05 0.970295
    outer loop
      vertex 36.1194 8.1 19.5222
      vertex 29.8124 9 21.0947
      vertex 30.7827 8 20.8528
    endloop
  endfacet
  facet normal 0.241959 -0 0.970287
    outer loop
      vertex 46.3075 -8 16.982
      vertex 46.7033 -9 16.8833
      vertex 46.3075 8 16.982
    endloop
  endfacet
  facet normal 0.241924 -0 0.970295
    outer loop
      vertex 40.9708 -8.1 18.3126
      vertex 46.3075 -8 16.982
      vertex 40.9708 -8 18.3126
    endloop
  endfacet
  facet normal 0.241924 -1.45844e-05 0.970295
    outer loop
      vertex 46.3075 -8 16.982
      vertex 40.9708 -8.1 18.3126
      vertex 46.7033 -9 16.8833
    endloop
  endfacet
  facet normal 0.241924 -1.64491e-05 0.970295
    outer loop
      vertex 36.1194 -8.1 19.5222
      vertex 46.7033 -9 16.8833
      vertex 40.9708 -8.1 18.3126
    endloop
  endfacet
  facet normal 0.241923 -2.383e-05 0.970295
    outer loop
      vertex 29.8124 -9 21.0947
      vertex 36.1194 -8.1 19.5222
      vertex 30.7827 -8 20.8528
    endloop
  endfacet
  facet normal 0.241923 -2.29492e-05 0.970295
    outer loop
      vertex 36.1194 -8.1 19.5222
      vertex 29.8124 -9 21.0947
      vertex 46.7033 -9 16.8833
    endloop
  endfacet
  facet normal 0.2419 -0 0.970301
    outer loop
      vertex 29.8124 -9 21.0947
      vertex 30.7827 -8 20.8528
      vertex 29.8124 9 21.0947
    endloop
  endfacet
  facet normal 0.241924 0 0.970295
    outer loop
      vertex 46.3075 8 16.982
      vertex 40.9708 8.1 18.3126
      vertex 40.9708 8 18.3126
    endloop
  endfacet
  facet normal -0.241908 0 -0.970299
    outer loop
      vertex 31.753 -7 20.6108
      vertex 36.1194 7 19.5222
      vertex 36.1194 -7 19.5222
    endloop
  endfacet
  facet normal -0.241908 0 -0.970299
    outer loop
      vertex 36.1194 7 19.5222
      vertex 31.753 -7 20.6108
      vertex 31.753 7 20.6108
    endloop
  endfacet
  facet normal -0.241924 0 -0.970295
    outer loop
      vertex 36.1194 -7 19.5222
      vertex 40.9708 -7 18.3126
      vertex 40.9708 -8 18.3126
    endloop
  endfacet
  facet normal -0.241924 0 -0.970295
    outer loop
      vertex 40.9708 -7 18.3126
      vertex 36.1194 -7 19.5222
      vertex 40.9708 7 18.3126
    endloop
  endfacet
  facet normal -0.241924 -0 -0.970295
    outer loop
      vertex 36.1194 -7 19.5222
      vertex 40.9708 -8 18.3126
      vertex 36.1194 -8 19.5222
    endloop
  endfacet
  facet normal -0.241924 -0 -0.970295
    outer loop
      vertex 36.1194 7 19.5222
      vertex 40.9708 7 18.3126
      vertex 36.1194 -7 19.5222
    endloop
  endfacet
  facet normal -0.241924 0 -0.970295
    outer loop
      vertex 40.9708 7 18.3126
      vertex 36.1194 7 19.5222
      vertex 40.9708 8 18.3126
    endloop
  endfacet
  facet normal -0.241924 0 -0.970295
    outer loop
      vertex 40.9708 8 18.3126
      vertex 36.1194 7 19.5222
      vertex 36.1194 8 19.5222
    endloop
  endfacet
  facet normal -0.241929 0 -0.970294
    outer loop
      vertex 40.9708 -7 18.3126
      vertex 45.3372 7 17.2239
      vertex 45.3372 -7 17.2239
    endloop
  endfacet
  facet normal -0.241929 0 -0.970294
    outer loop
      vertex 45.3372 7 17.2239
      vertex 40.9708 -7 18.3126
      vertex 40.9708 7 18.3126
    endloop
  endfacet
  facet normal -0.241847 0 -0.970314
    outer loop
      vertex 46.4991 -9 15.5944
      vertex 46.9633 9 15.4787
      vertex 46.9633 -9 15.4787
    endloop
  endfacet
  facet normal -0.241847 0 -0.970314
    outer loop
      vertex 46.9633 9 15.4787
      vertex 46.4991 -9 15.5944
      vertex 46.4991 9 15.5944
    endloop
  endfacet
  facet normal -0.241929 0 -0.970294
    outer loop
      vertex 35.8049 7 18.2608
      vertex 31.4385 7 19.3495
      vertex 35.8049 8.1 18.2608
    endloop
  endfacet
  facet normal -0.241922 0 -0.970296
    outer loop
      vertex 46.0278 -9 15.712
      vertex 45.0227 -7 15.9626
      vertex 46.0278 9 15.712
    endloop
  endfacet
  facet normal -0.24191 6.70443e-06 -0.970299
    outer loop
      vertex 46.0278 -9 15.712
      vertex 40.6563 -8.1 17.0512
      vertex 45.0227 -7 15.9626
    endloop
  endfacet
  facet normal -0.241924 -8.25613e-05 -0.970295
    outer loop
      vertex 46.0278 -9 15.712
      vertex 35.8049 -8.1 18.2608
      vertex 40.6563 -8.1 17.0512
    endloop
  endfacet
  facet normal -0.241929 0 -0.970294
    outer loop
      vertex 35.8049 -8.1 18.2608
      vertex 31.4385 -7 19.3495
      vertex 35.8049 -7 18.2608
    endloop
  endfacet
  facet normal -0.2419 0 -0.970301
    outer loop
      vertex 31.4385 -7 19.3495
      vertex 29.4979 -9 19.8333
      vertex 31.4385 7 19.3495
    endloop
  endfacet
  facet normal -0.241923 2.383e-05 -0.970295
    outer loop
      vertex 35.8049 -8.1 18.2608
      vertex 29.4979 -9 19.8333
      vertex 31.4385 -7 19.3495
    endloop
  endfacet
  facet normal -0.241918 -1.49129e-05 -0.970297
    outer loop
      vertex 29.4979 -9 19.8333
      vertex 35.8049 -8.1 18.2608
      vertex 46.0278 -9 15.712
    endloop
  endfacet
  facet normal -0.241922 -0 -0.970296
    outer loop
      vertex 45.0227 7 15.9626
      vertex 46.0278 9 15.712
      vertex 45.0227 -7 15.9626
    endloop
  endfacet
  facet normal -0.241908 -0 -0.970299
    outer loop
      vertex 40.6563 8.1 17.0512
      vertex 45.0227 7 15.9626
      vertex 40.6563 7 17.0512
    endloop
  endfacet
  facet normal -0.24191 -6.70443e-06 -0.970299
    outer loop
      vertex 45.0227 7 15.9626
      vertex 40.6563 8.1 17.0512
      vertex 46.0278 9 15.712
    endloop
  endfacet
  facet normal -0.241924 8.25613e-05 -0.970295
    outer loop
      vertex 35.8049 8.1 18.2608
      vertex 46.0278 9 15.712
      vertex 40.6563 8.1 17.0512
    endloop
  endfacet
  facet normal -0.241918 1.49129e-05 -0.970297
    outer loop
      vertex 35.8049 8.1 18.2608
      vertex 29.4979 9 19.8333
      vertex 46.0278 9 15.712
    endloop
  endfacet
  facet normal -0.241923 -2.383e-05 -0.970295
    outer loop
      vertex 31.4385 7 19.3495
      vertex 29.4979 9 19.8333
      vertex 35.8049 8.1 18.2608
    endloop
  endfacet
  facet normal -0.2419 -0 -0.970301
    outer loop
      vertex 29.4979 9 19.8333
      vertex 31.4385 7 19.3495
      vertex 29.4979 -9 19.8333
    endloop
  endfacet
  facet normal -0.241908 0 -0.970299
    outer loop
      vertex 45.0227 -7 15.9626
      vertex 40.6563 -8.1 17.0512
      vertex 40.6563 -7 17.0512
    endloop
  endfacet
  facet normal -0.970296 0 0.24192
    outer loop
      vertex 29.4979 -9 19.8333
      vertex 29.8124 9 21.0947
      vertex 29.4979 9 19.8333
    endloop
  endfacet
  facet normal -0.970296 0 0.24192
    outer loop
      vertex 29.8124 9 21.0947
      vertex 29.4979 -9 19.8333
      vertex 29.8124 -9 21.0947
    endloop
  endfacet
  facet normal 0 1 0
    outer loop
      vertex 62.0158 9 15.8126
      vertex 64.2363 9 30.0923
      vertex 65.4977 9 29.7778
    endloop
  endfacet
  facet normal 0 1 0
    outer loop
      vertex 64.2363 9 30.0923
      vertex 62.0158 9 15.8126
      vertex 60.699 9 15.9047
    endloop
  endfacet
  facet normal 0 1 -0
    outer loop
      vertex 46.0278 9 15.712
      vertex 29.8124 9 21.0947
      vertex 46.7033 9 16.8833
    endloop
  endfacet
  facet normal 0 1 0
    outer loop
      vertex 62.0563 9 14.995
      vertex 60.699 9 15.9047
      vertex 62.0158 9 15.8126
    endloop
  endfacet
  facet normal 0 1 0
    outer loop
      vertex 29.8124 9 21.0947
      vertex 46.0278 9 15.712
      vertex 29.4979 9 19.8333
    endloop
  endfacet
  facet normal 0 1 0
    outer loop
      vertex 60.699 9 15.9047
      vertex 56.7025 9 15.1817
      vertex 46.7033 9 16.8833
    endloop
  endfacet
  facet normal 0 1 -0
    outer loop
      vertex 62.0563 9 14.995
      vertex 62.0158 9 15.8126
      vertex 62.2563 9 15.7958
    endloop
  endfacet
  facet normal 0 1 -0
    outer loop
      vertex 55.0715 9 14.995
      vertex 46.7033 9 16.8833
      vertex 56.7025 9 15.1817
    endloop
  endfacet
  facet normal 0 1 0
    outer loop
      vertex 46.0278 9 15.712
      vertex 46.4991 9 15.5944
      vertex 46.0219 9 15.6278
    endloop
  endfacet
  facet normal 0 1 0
    outer loop
      vertex 46.7033 9 16.8833
      vertex 46.4991 9 15.5944
      vertex 46.0278 9 15.712
    endloop
  endfacet
  facet normal -0 1 0
    outer loop
      vertex 46.4991 9 15.5944
      vertex 46.7033 9 16.8833
      vertex 46.9837 9 15.5606
    endloop
  endfacet
  facet normal 0 1 0
    outer loop
      vertex 60.699 9 15.9047
      vertex 62.0563 9 14.995
      vertex 59.3722 9 14.995
    endloop
  endfacet
  facet normal 0 1 0
    outer loop
      vertex 60.699 9 15.9047
      vertex 59.3722 9 14.995
      vertex 56.7025 9 15.1817
    endloop
  endfacet
  facet normal 0 1 0
    outer loop
      vertex 46.4991 9 15.5944
      vertex 46.9837 9 15.5606
      vertex 46.9633 9 15.4787
    endloop
  endfacet
  facet normal 0 1 0
    outer loop
      vertex 55.0715 9 14.995
      vertex 56.7025 9 15.1817
      vertex 56.6895 9 14.995
    endloop
  endfacet
  facet normal 0 1 0
    outer loop
      vertex 46.7033 9 16.8833
      vertex 55.0715 9 14.995
      vertex 46.9837 9 15.5606
    endloop
  endfacet
  facet normal 0 1 -0
    outer loop
      vertex 64.0216 9 14.995
      vertex 63.5764 9 15.7035
      vertex 64.0688 9 15.669
    endloop
  endfacet
  facet normal 0 1 0
    outer loop
      vertex 63.5764 9 15.7035
      vertex 64.0216 9 14.995
      vertex 63.3994 9 14.995
    endloop
  endfacet
  facet normal 0 -1 0
    outer loop
      vertex 60.699 -9 15.9047
      vertex 55.0715 -9 14.995
      vertex 57.7001 -9 15.1119
    endloop
  endfacet
  facet normal 0 -1 0
    outer loop
      vertex 57.7001 -9 15.1119
      vertex 55.0715 -9 14.995
      vertex 57.6919 -9 14.995
    endloop
  endfacet
  facet normal 0 -1 0
    outer loop
      vertex 46.4991 -9 15.5944
      vertex 46.9633 -9 15.4787
      vertex 46.9837 -9 15.5606
    endloop
  endfacet
  facet normal 0 -1 0
    outer loop
      vertex 46.0278 -9 15.712
      vertex 29.8124 -9 21.0947
      vertex 29.4979 -9 19.8333
    endloop
  endfacet
  facet normal 0 -1 0
    outer loop
      vertex 55.0715 -9 14.995
      vertex 60.699 -9 15.9047
      vertex 46.7033 -9 16.8833
    endloop
  endfacet
  facet normal 0 -1 0
    outer loop
      vertex 29.8124 -9 21.0947
      vertex 46.0278 -9 15.712
      vertex 46.7033 -9 16.8833
    endloop
  endfacet
  facet normal 0 -1 0
    outer loop
      vertex 46.4991 -9 15.5944
      vertex 46.7033 -9 16.8833
      vertex 46.0278 -9 15.712
    endloop
  endfacet
  facet normal 0 -1 0
    outer loop
      vertex 55.0715 -9 14.995
      vertex 46.7033 -9 16.8833
      vertex 46.9837 -9 15.5606
    endloop
  endfacet
  facet normal 0 -1 0
    outer loop
      vertex 46.4991 -9 15.5944
      vertex 46.0278 -9 15.712
      vertex 46.0219 -9 15.6278
    endloop
  endfacet
  facet normal 0 -1 -0
    outer loop
      vertex 46.7033 -9 16.8833
      vertex 46.4991 -9 15.5944
      vertex 46.9837 -9 15.5606
    endloop
  endfacet
  facet normal 0 -1 0
    outer loop
      vertex 59.3722 -9 14.995
      vertex 60.699 -9 15.9047
      vertex 57.7001 -9 15.1119
    endloop
  endfacet
  facet normal 0 -1 -0
    outer loop
      vertex 60.699 -9 15.9047
      vertex 59.3722 -9 14.995
      vertex 62.0158 -9 15.8126
    endloop
  endfacet
  facet normal 0 -1 0
    outer loop
      vertex 63.0713 -9 14.995
      vertex 62.0158 -9 15.8126
      vertex 59.3722 -9 14.995
    endloop
  endfacet
  facet normal 0 -1 0
    outer loop
      vertex 62.0158 -9 15.8126
      vertex 63.0713 -9 14.995
      vertex 63.2539 -9 15.726
    endloop
  endfacet
  facet normal 0 -1 0
    outer loop
      vertex 62.0158 -9 15.8126
      vertex 64.2363 -9 30.0923
      vertex 60.699 -9 15.9047
    endloop
  endfacet
  facet normal 0 -1 -0
    outer loop
      vertex 64.2363 -9 30.0923
      vertex 62.0158 -9 15.8126
      vertex 65.4977 -9 29.7778
    endloop
  endfacet
  facet normal -0.970292 0 0.241938
    outer loop
      vertex 45.0227 -7 15.9626
      vertex 45.3372 7 17.2239
      vertex 45.0227 7 15.9626
    endloop
  endfacet
  facet normal -0.970292 0 0.241938
    outer loop
      vertex 45.3372 7 17.2239
      vertex 45.0227 -7 15.9626
      vertex 45.3372 -7 17.2239
    endloop
  endfacet
  facet normal 0.970292 0 -0.241938
    outer loop
      vertex 31.753 -7 20.6108
      vertex 31.4385 7 19.3495
      vertex 31.753 7 20.6108
    endloop
  endfacet
  facet normal 0.970292 0 -0.241938
    outer loop
      vertex 31.4385 7 19.3495
      vertex 31.753 -7 20.6108
      vertex 31.4385 -7 19.3495
    endloop
  endfacet
  facet normal 0 -1 0
    outer loop
      vertex 31.4385 7 19.3495
      vertex 36.1194 7 19.5222
      vertex 31.753 7 20.6108
    endloop
  endfacet
  facet normal 0 -1 0
    outer loop
      vertex 36.1194 7 19.5222
      vertex 31.4385 7 19.3495
      vertex 35.8049 7 18.2608
    endloop
  endfacet
  facet normal 0 -1 0
    outer loop
      vertex 40.6563 7 17.0512
      vertex 45.3372 7 17.2239
      vertex 40.9708 7 18.3126
    endloop
  endfacet
  facet normal 0 -1 0
    outer loop
      vertex 45.3372 7 17.2239
      vertex 40.6563 7 17.0512
      vertex 45.0227 7 15.9626
    endloop
  endfacet
  facet normal 0 1 0
    outer loop
      vertex 36.1194 -7 19.5222
      vertex 31.4385 -7 19.3495
      vertex 31.753 -7 20.6108
    endloop
  endfacet
  facet normal -0 1 0
    outer loop
      vertex 31.4385 -7 19.3495
      vertex 36.1194 -7 19.5222
      vertex 35.8049 -7 18.2608
    endloop
  endfacet
  facet normal 0 1 0
    outer loop
      vertex 45.3372 -7 17.2239
      vertex 40.6563 -7 17.0512
      vertex 40.9708 -7 18.3126
    endloop
  endfacet
  facet normal -0 1 0
    outer loop
      vertex 40.6563 -7 17.0512
      vertex 45.3372 -7 17.2239
      vertex 45.0227 -7 15.9626
    endloop
  endfacet
  facet normal 0.970295 0 -0.241924
    outer loop
      vertex 47.2752 -8 20.8632
      vertex 46.3075 8 16.982
      vertex 47.2752 8 20.8632
    endloop
  endfacet
  facet normal 0.970295 0 -0.241924
    outer loop
      vertex 46.3075 8 16.982
      vertex 47.2752 -8 20.8632
      vertex 46.3075 -8 16.982
    endloop
  endfacet
  facet normal 0.241924 0 0.970295
    outer loop
      vertex 31.7504 8 24.734
      vertex 47.2752 -8 20.8632
      vertex 47.2752 8 20.8632
    endloop
  endfacet
  facet normal 0.241924 0 0.970295
    outer loop
      vertex 47.2752 -8 20.8632
      vertex 31.7504 8 24.734
      vertex 31.7504 -8 24.734
    endloop
  endfacet
  facet normal -0.970295 0 0.241924
    outer loop
      vertex 30.7827 -8 20.8528
      vertex 31.7504 8 24.734
      vertex 30.7827 8 20.8528
    endloop
  endfacet
  facet normal -0.970295 0 0.241924
    outer loop
      vertex 31.7504 8 24.734
      vertex 30.7827 -8 20.8528
      vertex 31.7504 -8 24.734
    endloop
  endfacet
  facet normal 0 1 -0
    outer loop
      vertex 36.1194 8 19.5222
      vertex 31.7504 8 24.734
      vertex 47.2752 8 20.8632
    endloop
  endfacet
  facet normal 0 1 0
    outer loop
      vertex 31.7504 8 24.734
      vertex 36.1194 8 19.5222
      vertex 30.7827 8 20.8528
    endloop
  endfacet
  facet normal 0 1 0
    outer loop
      vertex 47.2752 8 20.8632
      vertex 40.9708 8 18.3126
      vertex 36.1194 8 19.5222
    endloop
  endfacet
  facet normal -0 1 0
    outer loop
      vertex 40.9708 8 18.3126
      vertex 47.2752 8 20.8632
      vertex 46.3075 8 16.982
    endloop
  endfacet
  facet normal 0 -1 0
    outer loop
      vertex 36.1194 -8 19.5222
      vertex 31.7504 -8 24.734
      vertex 30.7827 -8 20.8528
    endloop
  endfacet
  facet normal 0 -1 0
    outer loop
      vertex 31.7504 -8 24.734
      vertex 36.1194 -8 19.5222
      vertex 47.2752 -8 20.8632
    endloop
  endfacet
  facet normal 0 -1 0
    outer loop
      vertex 40.9708 -8 18.3126
      vertex 47.2752 -8 20.8632
      vertex 36.1194 -8 19.5222
    endloop
  endfacet
  facet normal 0 -1 0
    outer loop
      vertex 47.2752 -8 20.8632
      vertex 40.9708 -8 18.3126
      vertex 46.3075 -8 16.982
    endloop
  endfacet
  facet normal -0.997566 0 0.0697252
    outer loop
      vertex 57.5058 -8.1 14.995
      vertex 57.5846 -8 16.1224
      vertex 57.5058 -8 14.995
    endloop
  endfacet
  facet normal -0.997566 0 0.0697252
    outer loop
      vertex 57.5846 -8 16.1224
      vertex 57.5058 -8.1 14.995
      vertex 57.5846 -8.1 16.1224
    endloop
  endfacet
  facet normal 0.997563 0 -0.0697709
    outer loop
      vertex 52.5968 -8 16.4712
      vertex 52.5061 -7 15.1744
      vertex 52.5968 -7 16.4712
    endloop
  endfacet
  facet normal 0.997563 0 -0.0697709
    outer loop
      vertex 52.5061 -8.1 15.1744
      vertex 52.5968 -8 16.4712
      vertex 52.5968 -8.1 16.4712
    endloop
  endfacet
  facet normal 0.997563 0 -0.0697709
    outer loop
      vertex 52.5968 -8 16.4712
      vertex 52.5061 -8.1 15.1744
      vertex 52.5061 -7 15.1744
    endloop
  endfacet
  facet normal 0 1 -0
    outer loop
      vertex 55.0715 -8.1 14.995
      vertex 52.5968 -8.1 16.4712
      vertex 57.5846 -8.1 16.1224
    endloop
  endfacet
  facet normal 0 1 0
    outer loop
      vertex 55.0715 -8.1 14.995
      vertex 57.5846 -8.1 16.1224
      vertex 57.5058 -8.1 14.995
    endloop
  endfacet
  facet normal 0 1 0
    outer loop
      vertex 52.5968 -8.1 16.4712
      vertex 55.0715 -8.1 14.995
      vertex 52.5061 -8.1 15.1744
    endloop
  endfacet
  facet normal -0.997566 0 0.0697252
    outer loop
      vertex 57.5058 8 14.995
      vertex 57.5846 8.1 16.1224
      vertex 57.5058 8.1 14.995
    endloop
  endfacet
  facet normal -0.997566 0 0.0697252
    outer loop
      vertex 57.5846 8.1 16.1224
      vertex 57.5058 8 14.995
      vertex 57.5846 8 16.1224
    endloop
  endfacet
  facet normal 0.997563 0 -0.0697709
    outer loop
      vertex 52.5968 8 16.4712
      vertex 52.5061 8.1 15.1744
      vertex 52.5968 8.1 16.4712
    endloop
  endfacet
  facet normal 0.997563 0 -0.0697709
    outer loop
      vertex 52.5061 7 15.1744
      vertex 52.5968 8 16.4712
      vertex 52.5968 7 16.4712
    endloop
  endfacet
  facet normal 0.997563 0 -0.0697709
    outer loop
      vertex 52.5968 8 16.4712
      vertex 52.5061 7 15.1744
      vertex 52.5061 8.1 15.1744
    endloop
  endfacet
  facet normal 0 -1 0
    outer loop
      vertex 55.0715 8.1 14.995
      vertex 52.5968 8.1 16.4712
      vertex 52.5061 8.1 15.1744
    endloop
  endfacet
  facet normal 0 -1 0
    outer loop
      vertex 52.5968 8.1 16.4712
      vertex 55.0715 8.1 14.995
      vertex 57.5846 8.1 16.1224
    endloop
  endfacet
  facet normal 0 -1 0
    outer loop
      vertex 57.5846 8.1 16.1224
      vertex 55.0715 8.1 14.995
      vertex 57.5058 8.1 14.995
    endloop
  endfacet
  facet normal 0.997557 0 -0.0698586
    outer loop
      vertex 64.0688 -8.55846 15.669
      vertex 64.0216 9 14.995
      vertex 64.0688 9 15.669
    endloop
  endfacet
  facet normal 0.997557 0 -0.0698586
    outer loop
      vertex 64.0216 9 14.995
      vertex 64.0688 -8.55846 15.669
      vertex 64.0216 -8.55846 14.995
    endloop
  endfacet
  facet normal 0.0696847 -0.000169798 0.997569
    outer loop
      vertex 62.2563 9 15.7958
      vertex 62.0158 9 15.8126
      vertex 62.2296 8.61745 15.7976
    endloop
  endfacet
  facet normal 0.0698936 -5.49768e-05 0.997554
    outer loop
      vertex 63.5432 8.52537 15.7058
      vertex 64.0688 9 15.669
      vertex 63.5764 9 15.7035
    endloop
  endfacet
  facet normal 0.0702708 -0.000474748 0.997528
    outer loop
      vertex 63.0712 8 15.7388
      vertex 64.0688 9 15.669
      vertex 63.5432 8.52537 15.7058
    endloop
  endfacet
  facet normal 0.0697973 0 0.997561
    outer loop
      vertex 64.0688 9 15.669
      vertex 63.0712 8 15.7388
      vertex 64.0688 -8.55846 15.669
    endloop
  endfacet
  facet normal 0.0697973 0 0.997561
    outer loop
      vertex 64.0688 -8.55846 15.669
      vertex 63.0712 8 15.7388
      vertex 63.0712 -8 15.7388
    endloop
  endfacet
  facet normal 0.0697161 2.61091e-05 0.997567
    outer loop
      vertex 62.2296 8.61745 15.7976
      vertex 63.0712 8 15.7388
      vertex 63.5432 8.52537 15.7058
    endloop
  endfacet
  facet normal 0.0697558 8.04595e-05 0.997564
    outer loop
      vertex 62.2296 8.61745 15.7976
      vertex 62.0158 8 15.8126
      vertex 63.0712 8 15.7388
    endloop
  endfacet
  facet normal 0.069987 -0 0.997548
    outer loop
      vertex 62.0158 8 15.8126
      vertex 62.2296 8.61745 15.7976
      vertex 62.0158 9 15.8126
    endloop
  endfacet
  facet normal 0.069813 2.82189e-05 0.99756
    outer loop
      vertex 64.0688 -8.55846 15.669
      vertex 63.0712 -8 15.7388
      vertex 63.2272 -8.61745 15.7279
    endloop
  endfacet
  facet normal 0.0697558 1.36855e-05 0.997564
    outer loop
      vertex 62.0158 -8 15.8126
      vertex 63.2272 -8.61745 15.7279
      vertex 63.0712 -8 15.7388
    endloop
  endfacet
  facet normal 0.0697488 0 0.997565
    outer loop
      vertex 63.2272 -8.61745 15.7279
      vertex 62.0158 -8 15.8126
      vertex 62.0158 -9 15.8126
    endloop
  endfacet
  facet normal 0.0697754 -8.46054e-05 0.997563
    outer loop
      vertex 63.2272 -8.61745 15.7279
      vertex 62.0158 -9 15.8126
      vertex 63.2539 -9 15.726
    endloop
  endfacet
  facet normal 0.069731 0 0.997566
    outer loop
      vertex 60.699 9 15.9047
      vertex 57.5846 8.1 16.1224
      vertex 60.699 8 15.9047
    endloop
  endfacet
  facet normal 0.0697603 -0.000101925 0.997564
    outer loop
      vertex 60.699 9 15.9047
      vertex 52.5968 8.1 16.4712
      vertex 57.5846 8.1 16.1224
    endloop
  endfacet
  facet normal 0.0697636 0 0.997564
    outer loop
      vertex 52.5968 8.1 16.4712
      vertex 47.1102 8 16.8549
      vertex 52.5968 8 16.4712
    endloop
  endfacet
  facet normal 0.0697512 -1.97095e-05 0.997564
    outer loop
      vertex 46.7033 9 16.8833
      vertex 52.5968 8.1 16.4712
      vertex 60.699 9 15.9047
    endloop
  endfacet
  facet normal 0.0696266 0 0.997573
    outer loop
      vertex 47.1102 8 16.8549
      vertex 46.7033 9 16.8833
      vertex 47.1102 -8 16.8549
    endloop
  endfacet
  facet normal 0.0697626 5.5604e-05 0.997564
    outer loop
      vertex 52.5968 8.1 16.4712
      vertex 46.7033 9 16.8833
      vertex 47.1102 8 16.8549
    endloop
  endfacet
  facet normal 0.069731 0 0.997566
    outer loop
      vertex 60.699 8 15.9047
      vertex 57.5846 8.1 16.1224
      vertex 57.5846 8 16.1224
    endloop
  endfacet
  facet normal 0.0697636 0 0.997564
    outer loop
      vertex 52.5968 -8 16.4712
      vertex 47.1102 -8 16.8549
      vertex 52.5968 -8.1 16.4712
    endloop
  endfacet
  facet normal 0.069731 -0 0.997566
    outer loop
      vertex 57.5846 -8.1 16.1224
      vertex 60.699 -8 15.9047
      vertex 57.5846 -8 16.1224
    endloop
  endfacet
  facet normal 0.069731 0 0.997566
    outer loop
      vertex 60.699 -8 15.9047
      vertex 57.5846 -8.1 16.1224
      vertex 60.699 -9 15.9047
    endloop
  endfacet
  facet normal 0.0697603 0.000101925 0.997564
    outer loop
      vertex 52.5968 -8.1 16.4712
      vertex 60.699 -9 15.9047
      vertex 57.5846 -8.1 16.1224
    endloop
  endfacet
  facet normal 0.0697626 -5.5604e-05 0.997564
    outer loop
      vertex 46.7033 -9 16.8833
      vertex 52.5968 -8.1 16.4712
      vertex 47.1102 -8 16.8549
    endloop
  endfacet
  facet normal 0.0697512 1.97095e-05 0.997564
    outer loop
      vertex 52.5968 -8.1 16.4712
      vertex 46.7033 -9 16.8833
      vertex 60.699 -9 15.9047
    endloop
  endfacet
  facet normal 0.0696266 -0 0.997573
    outer loop
      vertex 46.7033 -9 16.8833
      vertex 47.1102 -8 16.8549
      vertex 46.7033 9 16.8833
    endloop
  endfacet
  facet normal -0.0697546 0 -0.997564
    outer loop
      vertex 48.1077 -7 16.7851
      vertex 52.5968 7 16.4712
      vertex 52.5968 -7 16.4712
    endloop
  endfacet
  facet normal -0.0697546 0 -0.997564
    outer loop
      vertex 52.5968 7 16.4712
      vertex 48.1077 -7 16.7851
      vertex 48.1077 7 16.7851
    endloop
  endfacet
  facet normal -0.0697505 -0 -0.997564
    outer loop
      vertex 52.5968 -7 16.4712
      vertex 56.6471 -8 16.188
      vertex 52.5968 -8 16.4712
    endloop
  endfacet
  facet normal -0.0697505 0 -0.997564
    outer loop
      vertex 56.6471 -8 16.188
      vertex 52.5968 -7 16.4712
      vertex 56.6471 8 16.188
    endloop
  endfacet
  facet normal -0.0697505 -0 -0.997564
    outer loop
      vertex 52.5968 7 16.4712
      vertex 56.6471 8 16.188
      vertex 52.5968 -7 16.4712
    endloop
  endfacet
  facet normal -0.0697505 0 -0.997564
    outer loop
      vertex 56.6471 8 16.188
      vertex 52.5968 7 16.4712
      vertex 52.5968 8 16.4712
    endloop
  endfacet
  facet normal -0.0698132 0 -0.99756
    outer loop
      vertex 60.699 -7 15.9047
      vertex 62.0736 7 15.8085
      vertex 62.0736 -7 15.8085
    endloop
  endfacet
  facet normal -0.0698132 0 -0.99756
    outer loop
      vertex 62.0736 7 15.8085
      vertex 60.699 -7 15.9047
      vertex 60.699 7 15.9047
    endloop
  endfacet
  facet normal -0.0698208 0 -0.99756
    outer loop
      vertex 46.0219 -9 15.6278
      vertex 46.4991 9 15.5944
      vertex 46.4991 -9 15.5944
    endloop
  endfacet
  facet normal -0.0698208 0 -0.99756
    outer loop
      vertex 46.4991 9 15.5944
      vertex 46.0219 -9 15.6278
      vertex 46.0219 9 15.6278
    endloop
  endfacet
  facet normal -0.0697602 0 -0.997564
    outer loop
      vertex 55.0715 -9 14.995
      vertex 52.5061 -8.1 15.1744
      vertex 55.0715 -8.1 14.995
    endloop
  endfacet
  facet normal -0.0697562 0 -0.997564
    outer loop
      vertex 52.5061 -8.1 15.1744
      vertex 48.0171 -7 15.4883
      vertex 52.5061 -7 15.1744
    endloop
  endfacet
  facet normal -0.0697621 -5.33385e-06 -0.997564
    outer loop
      vertex 46.9837 -9 15.5606
      vertex 52.5061 -8.1 15.1744
      vertex 55.0715 -9 14.995
    endloop
  endfacet
  facet normal -0.0697926 0 -0.997562
    outer loop
      vertex 48.0171 -7 15.4883
      vertex 46.9837 -9 15.5606
      vertex 48.0171 7 15.4883
    endloop
  endfacet
  facet normal -0.0697603 -1.68096e-05 -0.997564
    outer loop
      vertex 52.5061 -8.1 15.1744
      vertex 46.9837 -9 15.5606
      vertex 48.0171 -7 15.4883
    endloop
  endfacet
  facet normal -0.0697562 0 -0.997564
    outer loop
      vertex 52.5061 7 15.1744
      vertex 48.0171 7 15.4883
      vertex 52.5061 8.1 15.1744
    endloop
  endfacet
  facet normal -0.0697602 0 -0.997564
    outer loop
      vertex 52.5061 8.1 15.1744
      vertex 55.0715 9 14.995
      vertex 55.0715 8.1 14.995
    endloop
  endfacet
  facet normal -0.0697603 1.68096e-05 -0.997564
    outer loop
      vertex 46.9837 9 15.5606
      vertex 52.5061 8.1 15.1744
      vertex 48.0171 7 15.4883
    endloop
  endfacet
  facet normal -0.0697621 5.33385e-06 -0.997564
    outer loop
      vertex 52.5061 8.1 15.1744
      vertex 46.9837 9 15.5606
      vertex 55.0715 9 14.995
    endloop
  endfacet
  facet normal -0.0697926 -0 -0.997562
    outer loop
      vertex 46.9837 9 15.5606
      vertex 48.0171 7 15.4883
      vertex 46.9837 -9 15.5606
    endloop
  endfacet
  facet normal -0.997554 0 0.0698999
    outer loop
      vertex 46.0219 -9 15.6278
      vertex 46.0278 9 15.712
      vertex 46.0219 9 15.6278
    endloop
  endfacet
  facet normal -0.997554 0 0.0698999
    outer loop
      vertex 46.0278 9 15.712
      vertex 46.0219 -9 15.6278
      vertex 46.0278 -9 15.712
    endloop
  endfacet
  facet normal -0.997563 0 0.0697742
    outer loop
      vertex 62.0167 -7 14.995
      vertex 62.0736 7 15.8085
      vertex 62.0167 7 14.995
    endloop
  endfacet
  facet normal -0.997563 0 0.0697742
    outer loop
      vertex 62.0736 7 15.8085
      vertex 62.0167 -7 14.995
      vertex 62.0736 -7 15.8085
    endloop
  endfacet
  facet normal 0.997568 0 -0.0696944
    outer loop
      vertex 48.1077 -7 16.7851
      vertex 48.0171 7 15.4883
      vertex 48.1077 7 16.7851
    endloop
  endfacet
  facet normal 0.997568 0 -0.0696944
    outer loop
      vertex 48.0171 7 15.4883
      vertex 48.1077 -7 16.7851
      vertex 48.0171 -7 15.4883
    endloop
  endfacet
  facet normal 0 -1 0
    outer loop
      vertex 48.0171 7 15.4883
      vertex 52.5968 7 16.4712
      vertex 48.1077 7 16.7851
    endloop
  endfacet
  facet normal 0 -1 0
    outer loop
      vertex 52.5968 7 16.4712
      vertex 48.0171 7 15.4883
      vertex 52.5061 7 15.1744
    endloop
  endfacet
  facet normal 0 -1 0
    outer loop
      vertex 62.0167 7 14.995
      vertex 60.699 7 15.9047
      vertex 60.4722 7 14.995
    endloop
  endfacet
  facet normal 0 -1 0
    outer loop
      vertex 60.699 7 15.9047
      vertex 62.0167 7 14.995
      vertex 62.0736 7 15.8085
    endloop
  endfacet
  facet normal 0 1 0
    outer loop
      vertex 52.5968 -7 16.4712
      vertex 48.0171 -7 15.4883
      vertex 48.1077 -7 16.7851
    endloop
  endfacet
  facet normal -0 1 0
    outer loop
      vertex 48.0171 -7 15.4883
      vertex 52.5968 -7 16.4712
      vertex 52.5061 -7 15.1744
    endloop
  endfacet
  facet normal 0 1 -0
    outer loop
      vertex 62.0167 -7 14.995
      vertex 60.699 -7 15.9047
      vertex 62.0736 -7 15.8085
    endloop
  endfacet
  facet normal 0 1 0
    outer loop
      vertex 60.699 -7 15.9047
      vertex 62.0167 -7 14.995
      vertex 60.4722 -7 14.995
    endloop
  endfacet
  facet normal 0.997564 0 -0.069751
    outer loop
      vertex 63.3502 -8 19.729
      vertex 63.0712 8 15.7388
      vertex 63.3502 8 19.729
    endloop
  endfacet
  facet normal 0.997564 0 -0.069751
    outer loop
      vertex 63.0712 8 15.7388
      vertex 63.3502 -8 19.729
      vertex 63.0712 -8 15.7388
    endloop
  endfacet
  facet normal 0.0697475 0 0.997565
    outer loop
      vertex 47.3892 8 20.8451
      vertex 57.6298 -8 20.1291
      vertex 57.6298 8 20.1291
    endloop
  endfacet
  facet normal 0.0697475 0 0.997565
    outer loop
      vertex 57.6298 -8 20.1291
      vertex 47.3892 8 20.8451
      vertex 47.3892 -8 20.8451
    endloop
  endfacet
  facet normal 0.0697684 0 0.997563
    outer loop
      vertex 61.6816 8 19.8457
      vertex 63.3502 -8 19.729
      vertex 63.3502 8 19.729
    endloop
  endfacet
  facet normal 0.0697684 0 0.997563
    outer loop
      vertex 63.3502 -8 19.729
      vertex 61.6816 8 19.8457
      vertex 61.6816 -8 19.8457
    endloop
  endfacet
  facet normal -0.997564 0 0.069751
    outer loop
      vertex 47.1102 -8 16.8549
      vertex 47.3892 8 20.8451
      vertex 47.1102 8 16.8549
    endloop
  endfacet
  facet normal -0.997564 0 0.069751
    outer loop
      vertex 47.3892 8 20.8451
      vertex 47.1102 -8 16.8549
      vertex 47.3892 -8 20.8451
    endloop
  endfacet
  facet normal 0 1 -0
    outer loop
      vertex 62.6638 8 23.7854
      vertex 60.1132 8 30.0897
      vertex 63.9944 8 29.122
    endloop
  endfacet
  facet normal 0 1 0
    outer loop
      vertex 62.6638 8 23.7854
      vertex 57.6298 8 20.1291
      vertex 60.1132 8 30.0897
    endloop
  endfacet
  facet normal -0 1 0
    outer loop
      vertex 57.6298 8 20.1291
      vertex 62.6638 8 23.7854
      vertex 61.6816 8 19.8457
    endloop
  endfacet
  facet normal 0 1 -0
    outer loop
      vertex 61.4542 8 18.9339
      vertex 57.6298 8 20.1291
      vertex 61.6816 8 19.8457
    endloop
  endfacet
  facet normal 0 1 -0
    outer loop
      vertex 62.7156 8 18.6194
      vertex 61.6816 8 19.8457
      vertex 63.3502 8 19.729
    endloop
  endfacet
  facet normal 0 1 0
    outer loop
      vertex 57.5846 8 16.1224
      vertex 57.6298 8 20.1291
      vertex 61.4542 8 18.9339
    endloop
  endfacet
  facet normal 0 1 0
    outer loop
      vertex 57.6298 8 20.1291
      vertex 52.5968 8 16.4712
      vertex 47.3892 8 20.8451
    endloop
  endfacet
  facet normal 0 1 0
    outer loop
      vertex 47.3892 8 20.8451
      vertex 52.5968 8 16.4712
      vertex 47.1102 8 16.8549
    endloop
  endfacet
  facet normal 0 1 0
    outer loop
      vertex 57.6298 8 20.1291
      vertex 56.6471 8 16.188
      vertex 52.5968 8 16.4712
    endloop
  endfacet
  facet normal 0 1 0
    outer loop
      vertex 57.6298 8 20.1291
      vertex 57.5846 8 16.1224
      vertex 56.6471 8 16.188
    endloop
  endfacet
  facet normal -0 1 0
    outer loop
      vertex 57.5846 8 16.1224
      vertex 61.4542 8 18.9339
      vertex 60.699 8 15.9047
    endloop
  endfacet
  facet normal 0 1 0
    outer loop
      vertex 61.6816 8 19.8457
      vertex 62.7156 8 18.6194
      vertex 61.4542 8 18.9339
    endloop
  endfacet
  facet normal 0 1 -0
    outer loop
      vertex 63.0712 8 15.7388
      vertex 62.7156 8 18.6194
      vertex 63.3502 8 19.729
    endloop
  endfacet
  facet normal 0 1 0
    outer loop
      vertex 62.7156 8 18.6194
      vertex 63.0712 8 15.7388
      vertex 62.0158 8 15.8126
    endloop
  endfacet
  facet normal 0 1 -0
    outer loop
      vertex 57.5058 8 14.995
      vertex 56.6471 8 16.188
      vertex 57.5846 8 16.1224
    endloop
  endfacet
  facet normal 0 1 0
    outer loop
      vertex 56.6471 8 16.188
      vertex 57.5058 8 14.995
      vertex 56.3497 8 14.995
    endloop
  endfacet
  facet normal 0 -1 0
    outer loop
      vertex 57.5058 -8 14.995
      vertex 56.6471 -8 16.188
      vertex 56.3497 -8 14.995
    endloop
  endfacet
  facet normal 0 -1 0
    outer loop
      vertex 56.6471 -8 16.188
      vertex 57.5058 -8 14.995
      vertex 57.5846 -8 16.1224
    endloop
  endfacet
  facet normal 0 -1 0
    outer loop
      vertex 52.5968 -8 16.4712
      vertex 57.6298 -8 20.1291
      vertex 47.3892 -8 20.8451
    endloop
  endfacet
  facet normal 0 -1 0
    outer loop
      vertex 56.6471 -8 16.188
      vertex 57.6298 -8 20.1291
      vertex 52.5968 -8 16.4712
    endloop
  endfacet
  facet normal 0 -1 0
    outer loop
      vertex 62.7156 -8 18.6194
      vertex 61.6816 -8 19.8457
      vertex 61.4542 -8 18.9339
    endloop
  endfacet
  facet normal 0 -1 0
    outer loop
      vertex 52.5968 -8 16.4712
      vertex 47.3892 -8 20.8451
      vertex 47.1102 -8 16.8549
    endloop
  endfacet
  facet normal 0 -1 0
    outer loop
      vertex 57.5846 -8 16.1224
      vertex 57.6298 -8 20.1291
      vertex 56.6471 -8 16.188
    endloop
  endfacet
  facet normal 0 -1 0
    outer loop
      vertex 57.6298 -8 20.1291
      vertex 61.4542 -8 18.9339
      vertex 61.6816 -8 19.8457
    endloop
  endfacet
  facet normal 0 -1 -0
    outer loop
      vertex 57.6298 -8 20.1291
      vertex 57.5846 -8 16.1224
      vertex 61.4542 -8 18.9339
    endloop
  endfacet
  facet normal 0 -1 0
    outer loop
      vertex 61.4542 -8 18.9339
      vertex 57.5846 -8 16.1224
      vertex 60.699 -8 15.9047
    endloop
  endfacet
  facet normal 0 -1 0
    outer loop
      vertex 60.1132 -8 30.0897
      vertex 62.6638 -8 23.7854
      vertex 63.9944 -8 29.122
    endloop
  endfacet
  facet normal 0 -1 0
    outer loop
      vertex 57.6298 -8 20.1291
      vertex 62.6638 -8 23.7854
      vertex 60.1132 -8 30.0897
    endloop
  endfacet
  facet normal 0 -1 0
    outer loop
      vertex 62.6638 -8 23.7854
      vertex 57.6298 -8 20.1291
      vertex 61.6816 -8 19.8457
    endloop
  endfacet
  facet normal 0 -1 0
    outer loop
      vertex 61.6816 -8 19.8457
      vertex 62.7156 -8 18.6194
      vertex 63.3502 -8 19.729
    endloop
  endfacet
  facet normal 0 -1 0
    outer loop
      vertex 63.0712 -8 15.7388
      vertex 62.7156 -8 18.6194
      vertex 62.0158 -8 15.8126
    endloop
  endfacet
  facet normal 0 -1 0
    outer loop
      vertex 62.7156 -8 18.6194
      vertex 63.0712 -8 15.7388
      vertex 63.3502 -8 19.729
    endloop
  endfacet
  facet normal -0.24192 -0 -0.970296
    outer loop
      vertex 62.6638 -8 23.7854
      vertex 63.9252 -8.1 23.4709
      vertex 62.6638 -8.1 23.7854
    endloop
  endfacet
  facet normal -0.24192 0 -0.970296
    outer loop
      vertex 63.9252 -8.1 23.4709
      vertex 62.6638 -8 23.7854
      vertex 63.9252 -7 23.4709
    endloop
  endfacet
  facet normal -0.24192 0 -0.970296
    outer loop
      vertex 63.9252 -7 23.4709
      vertex 62.6638 -8 23.7854
      vertex 62.6638 -7 23.7854
    endloop
  endfacet
  facet normal 0.24192 0 0.970296
    outer loop
      vertex 61.4542 -8 18.9339
      vertex 62.7156 -8.1 18.6194
      vertex 62.7156 -8 18.6194
    endloop
  endfacet
  facet normal 0.24192 0 0.970296
    outer loop
      vertex 62.7156 -8.1 18.6194
      vertex 61.4542 -8 18.9339
      vertex 61.4542 -8.1 18.9339
    endloop
  endfacet
  facet normal 0 1 0
    outer loop
      vertex 63.9252 -8.1 23.4709
      vertex 61.4542 -8.1 18.9339
      vertex 62.6638 -8.1 23.7854
    endloop
  endfacet
  facet normal -0 1 0
    outer loop
      vertex 61.4542 -8.1 18.9339
      vertex 63.9252 -8.1 23.4709
      vertex 62.7156 -8.1 18.6194
    endloop
  endfacet
  facet normal -0.24192 -0 -0.970296
    outer loop
      vertex 62.6638 8 23.7854
      vertex 63.9252 7 23.4709
      vertex 62.6638 7 23.7854
    endloop
  endfacet
  facet normal -0.24192 0 -0.970296
    outer loop
      vertex 63.9252 7 23.4709
      vertex 62.6638 8 23.7854
      vertex 63.9252 8.1 23.4709
    endloop
  endfacet
  facet normal -0.24192 0 -0.970296
    outer loop
      vertex 63.9252 8.1 23.4709
      vertex 62.6638 8 23.7854
      vertex 62.6638 8.1 23.7854
    endloop
  endfacet
  facet normal 0.24192 0 0.970296
    outer loop
      vertex 61.4542 8.1 18.9339
      vertex 62.7156 8 18.6194
      vertex 62.7156 8.1 18.6194
    endloop
  endfacet
  facet normal 0.24192 0 0.970296
    outer loop
      vertex 62.7156 8 18.6194
      vertex 61.4542 8.1 18.9339
      vertex 61.4542 8 18.9339
    endloop
  endfacet
  facet normal 0 -1 0
    outer loop
      vertex 61.4542 8.1 18.9339
      vertex 63.9252 8.1 23.4709
      vertex 62.6638 8.1 23.7854
    endloop
  endfacet
  facet normal 0 -1 0
    outer loop
      vertex 63.9252 8.1 23.4709
      vertex 61.4542 8.1 18.9339
      vertex 62.7156 8.1 18.6194
    endloop
  endfacet
  facet normal 0.24192 0 0.970296
    outer loop
      vertex 64.2363 9 30.0923
      vertex 65.4977 -9 29.7778
      vertex 65.4977 9 29.7778
    endloop
  endfacet
  facet normal 0.24192 0 0.970296
    outer loop
      vertex 65.4977 -9 29.7778
      vertex 64.2363 9 30.0923
      vertex 64.2363 -9 30.0923
    endloop
  endfacet
  facet normal -0.970301 0 0.241902
    outer loop
      vertex 60.699 -8 15.9047
      vertex 61.4542 -8.1 18.9339
      vertex 61.4542 -8 18.9339
    endloop
  endfacet
  facet normal -0.970296 -5.94487e-05 0.241919
    outer loop
      vertex 61.4542 -8.1 18.9339
      vertex 60.699 -9 15.9047
      vertex 62.6638 -8.1 23.7854
    endloop
  endfacet
  facet normal -0.970301 0 0.241902
    outer loop
      vertex 60.699 -9 15.9047
      vertex 61.4542 -8.1 18.9339
      vertex 60.699 -8 15.9047
    endloop
  endfacet
  facet normal -0.970294 0 0.241928
    outer loop
      vertex 62.6638 -8 23.7854
      vertex 62.6638 -8.1 23.7854
      vertex 63.9944 -8 29.122
    endloop
  endfacet
  facet normal -0.970296 5.94487e-05 0.241919
    outer loop
      vertex 62.6638 8.1 23.7854
      vertex 60.699 9 15.9047
      vertex 61.4542 8.1 18.9339
    endloop
  endfacet
  facet normal -0.970301 0 0.241902
    outer loop
      vertex 60.699 8 15.9047
      vertex 61.4542 8.1 18.9339
      vertex 60.699 9 15.9047
    endloop
  endfacet
  facet normal -0.970301 0 0.241902
    outer loop
      vertex 61.4542 8.1 18.9339
      vertex 60.699 8 15.9047
      vertex 61.4542 8 18.9339
    endloop
  endfacet
  facet normal -0.970297 4.58695e-05 0.241918
    outer loop
      vertex 60.699 9 15.9047
      vertex 62.6638 8.1 23.7854
      vertex 64.2363 9 30.0923
    endloop
  endfacet
  facet normal -0.970294 0 0.241928
    outer loop
      vertex 63.9944 8 29.122
      vertex 62.6638 8.1 23.7854
      vertex 62.6638 8 23.7854
    endloop
  endfacet
  facet normal -0.970294 -2.81501e-05 0.241928
    outer loop
      vertex 62.6638 8.1 23.7854
      vertex 63.9944 8 29.122
      vertex 64.2363 9 30.0923
    endloop
  endfacet
  facet normal -0.970301 0 0.2419
    outer loop
      vertex 63.9944 -8 29.122
      vertex 64.2363 9 30.0923
      vertex 63.9944 8 29.122
    endloop
  endfacet
  facet normal -0.970297 -4.58695e-05 0.241918
    outer loop
      vertex 64.2363 -9 30.0923
      vertex 62.6638 -8.1 23.7854
      vertex 60.699 -9 15.9047
    endloop
  endfacet
  facet normal -0.970301 0 0.2419
    outer loop
      vertex 63.9944 -8 29.122
      vertex 64.2363 -9 30.0923
      vertex 64.2363 9 30.0923
    endloop
  endfacet
  facet normal -0.970294 2.81501e-05 0.241928
    outer loop
      vertex 62.6638 -8.1 23.7854
      vertex 64.2363 -9 30.0923
      vertex 63.9944 -8 29.122
    endloop
  endfacet
  facet normal 0.970299 0 -0.241908
    outer loop
      vertex 60.699 -7 15.9047
      vertex 60.4722 7 14.995
      vertex 60.699 7 15.9047
    endloop
  endfacet
  facet normal 0.970299 0 -0.241908
    outer loop
      vertex 60.4722 7 14.995
      vertex 60.699 -7 15.9047
      vertex 60.4722 -7 14.995
    endloop
  endfacet
  facet normal 0.970293 0 -0.241934
    outer loop
      vertex 63.7525 7 28.1517
      vertex 63.7525 -7 28.1517
      vertex 62.6638 7 23.7854
    endloop
  endfacet
  facet normal 0.9703 0 -0.241904
    outer loop
      vertex 62.6638 7 23.7854
      vertex 61.6816 8 19.8457
      vertex 62.6638 8 23.7854
    endloop
  endfacet
  facet normal 0.970293 0 -0.241934
    outer loop
      vertex 62.6638 -7 23.7854
      vertex 62.6638 7 23.7854
      vertex 63.7525 -7 28.1517
    endloop
  endfacet
  facet normal 0.9703 0 -0.241904
    outer loop
      vertex 62.6638 7 23.7854
      vertex 62.6638 -7 23.7854
      vertex 61.6816 8 19.8457
    endloop
  endfacet
  facet normal 0.9703 0 -0.241904
    outer loop
      vertex 61.6816 -8 19.8457
      vertex 62.6638 -7 23.7854
      vertex 62.6638 -8 23.7854
    endloop
  endfacet
  facet normal 0.9703 0 -0.241904
    outer loop
      vertex 62.6638 -7 23.7854
      vertex 61.6816 -8 19.8457
      vertex 61.6816 8 19.8457
    endloop
  endfacet
  facet normal 0.970296 -2.17618e-05 -0.241921
    outer loop
      vertex 65.4977 9 29.7778
      vertex 63.9252 8.1 23.4709
      vertex 62.0158 9 15.8126
    endloop
  endfacet
  facet normal 0.970294 2.81501e-05 -0.241928
    outer loop
      vertex 65.4977 9 29.7778
      vertex 65.0139 7 27.8372
      vertex 63.9252 8.1 23.4709
    endloop
  endfacet
  facet normal 0.970301 0 -0.2419
    outer loop
      vertex 65.4977 9 29.7778
      vertex 65.0139 -7 27.8372
      vertex 65.0139 7 27.8372
    endloop
  endfacet
  facet normal 0.970293 0 -0.241934
    outer loop
      vertex 65.0139 -7 27.8372
      vertex 63.9252 -8.1 23.4709
      vertex 63.9252 -7 23.4709
    endloop
  endfacet
  facet normal 0.970296 2.17618e-05 -0.241921
    outer loop
      vertex 62.0158 -9 15.8126
      vertex 63.9252 -8.1 23.4709
      vertex 65.4977 -9 29.7778
    endloop
  endfacet
  facet normal 0.970294 -2.81501e-05 -0.241928
    outer loop
      vertex 65.0139 -7 27.8372
      vertex 65.4977 -9 29.7778
      vertex 63.9252 -8.1 23.4709
    endloop
  endfacet
  facet normal 0.970301 0 -0.2419
    outer loop
      vertex 65.4977 -9 29.7778
      vertex 65.0139 -7 27.8372
      vertex 65.4977 9 29.7778
    endloop
  endfacet
  facet normal 0.970296 -5.68442e-06 -0.241919
    outer loop
      vertex 62.7156 8.1 18.6194
      vertex 62.0158 9 15.8126
      vertex 63.9252 8.1 23.4709
    endloop
  endfacet
  facet normal 0.970297 0 -0.241917
    outer loop
      vertex 62.0158 8 15.8126
      vertex 62.7156 8.1 18.6194
      vertex 62.7156 8 18.6194
    endloop
  endfacet
  facet normal 0.970297 0 -0.241917
    outer loop
      vertex 62.7156 8.1 18.6194
      vertex 62.0158 8 15.8126
      vertex 62.0158 9 15.8126
    endloop
  endfacet
  facet normal 0.970293 0 -0.241934
    outer loop
      vertex 63.9252 8.1 23.4709
      vertex 65.0139 7 27.8372
      vertex 63.9252 7 23.4709
    endloop
  endfacet
  facet normal 0.970297 0 -0.241917
    outer loop
      vertex 62.7156 -8.1 18.6194
      vertex 62.0158 -8 15.8126
      vertex 62.7156 -8 18.6194
    endloop
  endfacet
  facet normal 0.970296 5.68442e-06 -0.241919
    outer loop
      vertex 63.9252 -8.1 23.4709
      vertex 62.0158 -9 15.8126
      vertex 62.7156 -8.1 18.6194
    endloop
  endfacet
  facet normal 0.970297 0 -0.241917
    outer loop
      vertex 62.7156 -8.1 18.6194
      vertex 62.0158 -9 15.8126
      vertex 62.0158 -8 15.8126
    endloop
  endfacet
  facet normal -0.24192 0 -0.970296
    outer loop
      vertex 63.7525 -7 28.1517
      vertex 65.0139 7 27.8372
      vertex 65.0139 -7 27.8372
    endloop
  endfacet
  facet normal -0.24192 0 -0.970296
    outer loop
      vertex 65.0139 7 27.8372
      vertex 63.7525 -7 28.1517
      vertex 63.7525 7 28.1517
    endloop
  endfacet
  facet normal 0 -1 0
    outer loop
      vertex 62.6638 7 23.7854
      vertex 65.0139 7 27.8372
      vertex 63.7525 7 28.1517
    endloop
  endfacet
  facet normal 0 -1 0
    outer loop
      vertex 65.0139 7 27.8372
      vertex 62.6638 7 23.7854
      vertex 63.9252 7 23.4709
    endloop
  endfacet
  facet normal 0 1 0
    outer loop
      vertex 65.0139 -7 27.8372
      vertex 62.6638 -7 23.7854
      vertex 63.7525 -7 28.1517
    endloop
  endfacet
  facet normal -0 1 0
    outer loop
      vertex 62.6638 -7 23.7854
      vertex 65.0139 -7 27.8372
      vertex 63.9252 -7 23.4709
    endloop
  endfacet
  facet normal 0.241924 0 0.970295
    outer loop
      vertex 60.1132 8 30.0897
      vertex 63.9944 -8 29.122
      vertex 63.9944 8 29.122
    endloop
  endfacet
  facet normal 0.241924 0 0.970295
    outer loop
      vertex 63.9944 -8 29.122
      vertex 60.1132 8 30.0897
      vertex 60.1132 -8 30.0897
    endloop
  endfacet
  facet normal -0.970305 0 0.241885
    outer loop
      vertex 56.3497 -8 14.995
      vertex 56.6471 8 16.188
      vertex 56.3497 8 14.995
    endloop
  endfacet
  facet normal -0.970305 0 0.241885
    outer loop
      vertex 56.6471 8 16.188
      vertex 56.3497 -8 14.995
      vertex 56.6471 -8 16.188
    endloop
  endfacet
  facet normal -0.970297 0 0.241917
    outer loop
      vertex 57.6298 -8 20.1291
      vertex 60.1132 8 30.0897
      vertex 57.6298 8 20.1291
    endloop
  endfacet
  facet normal -0.970297 0 0.241917
    outer loop
      vertex 60.1132 8 30.0897
      vertex 57.6298 -8 20.1291
      vertex 60.1132 -8 30.0897
    endloop
  endfacet
  facet normal -0.967897 -0.0686184 0.241798
    outer loop
      vertex 44.1015 -25.9911 15.8079
      vertex 44.485 -26.9729 17.0644
      vertex 44.4155 -25.9753 17.0693
    endloop
  endfacet
  facet normal -0.967903 -0.0686686 0.24176
    outer loop
      vertex 44.178 -27.0884 15.8025
      vertex 44.485 -26.9729 17.0644
      vertex 44.1015 -25.9911 15.8079
    endloop
  endfacet
  facet normal -0.967859 -0.0691666 0.241795
    outer loop
      vertex 44.485 -26.9729 17.0644
      vertex 44.178 -27.0884 15.8025
      vertex 44.492 -27.0726 17.0639
    endloop
  endfacet
  facet normal 0.967914 0.0687161 -0.241702
    outer loop
      vertex 39.6455 -27.3164 18.2732
      vertex 39.262 -26.3345 17.0166
      vertex 39.5759 -26.3188 18.2781
    endloop
  endfacet
  facet normal 0.967859 0.0691666 -0.241795
    outer loop
      vertex 39.3385 -27.4319 17.0113
      vertex 39.6455 -27.3164 18.2732
      vertex 39.6525 -27.4161 18.2727
    endloop
  endfacet
  facet normal 0.967906 0.0686405 -0.241758
    outer loop
      vertex 39.6455 -27.3164 18.2732
      vertex 39.3385 -27.4319 17.0113
      vertex 39.262 -26.3345 17.0166
    endloop
  endfacet
  facet normal -0.069599 0.997563 0.00483002
    outer loop
      vertex 44.492 -27.0726 17.0639
      vertex 39.3385 -27.4319 17.0113
      vertex 39.6525 -27.4161 18.2727
    endloop
  endfacet
  facet normal -0.069599 0.997563 0.00483002
    outer loop
      vertex 39.3385 -27.4319 17.0113
      vertex 44.492 -27.0726 17.0639
      vertex 44.178 -27.0884 15.8025
    endloop
  endfacet
  facet normal -0.967865 -0.0691669 0.241772
    outer loop
      vertex 43.0507 -10.9278 15.8813
      vertex 43.3717 -11.0118 17.1423
      vertex 43.3647 -10.9121 17.1428
    endloop
  endfacet
  facet normal -0.967887 -0.0687277 0.241807
    outer loop
      vertex 43.1273 -12.0252 15.876
      vertex 43.3717 -11.0118 17.1423
      vertex 43.0507 -10.9278 15.8813
    endloop
  endfacet
  facet normal -0.967915 -0.0686193 0.241726
    outer loop
      vertex 43.3717 -11.0118 17.1423
      vertex 43.1273 -12.0252 15.876
      vertex 43.4412 -12.0094 17.1374
    endloop
  endfacet
  facet normal 0.967928 0.0682006 -0.241795
    outer loop
      vertex 38.5321 -11.3553 18.351
      vertex 38.2112 -11.2713 17.0901
      vertex 38.5252 -11.2556 18.3515
    endloop
  endfacet
  facet normal 0.967912 0.0686918 -0.24172
    outer loop
      vertex 38.2878 -12.3686 17.0848
      vertex 38.5321 -11.3553 18.351
      vertex 38.6017 -12.3529 18.3462
    endloop
  endfacet
  facet normal 0.9679 0.0687346 -0.241752
    outer loop
      vertex 38.5321 -11.3553 18.351
      vertex 38.2878 -12.3686 17.0848
      vertex 38.2112 -11.2713 17.0901
    endloop
  endfacet
  facet normal 0.0695806 -0.997564 -0.00490451
    outer loop
      vertex 38.2112 -11.2713 17.0901
      vertex 43.3647 -10.9121 17.1428
      vertex 38.5252 -11.2556 18.3515
    endloop
  endfacet
  facet normal 0.0695806 -0.997564 -0.00490412
    outer loop
      vertex 43.3647 -10.9121 17.1428
      vertex 38.2112 -11.2713 17.0901
      vertex 43.0507 -10.9278 15.8813
    endloop
  endfacet
  facet normal 0.241491 0.012089 0.970328
    outer loop
      vertex 49.8085 -26.595 15.7348
      vertex 44.485 -26.9729 17.0644
      vertex 44.492 -27.0726 17.0639
    endloop
  endfacet
  facet normal 0.241549 0.0121165 0.970313
    outer loop
      vertex 49.0203 -9.60843 15.7189
      vertex 49.8085 -26.595 15.7348
      vertex 50.2729 -27.5646 15.6313
    endloop
  endfacet
  facet normal 0.241398 0.0121095 0.970351
    outer loop
      vertex 49.0203 -9.60843 15.7189
      vertex 48.6951 -10.634 15.8126
      vertex 49.8085 -26.595 15.7348
    endloop
  endfacet
  facet normal 0.241514 0.0120702 0.970322
    outer loop
      vertex 43.3647 -10.9121 17.1428
      vertex 48.6951 -10.634 15.8126
      vertex 49.0203 -9.60843 15.7189
    endloop
  endfacet
  facet normal 0.241513 0.0120906 0.970322
    outer loop
      vertex 48.6951 -10.634 15.8126
      vertex 43.3647 -10.9121 17.1428
      vertex 43.3717 -11.0118 17.1423
    endloop
  endfacet
  facet normal 0.241479 0.0122314 0.970329
    outer loop
      vertex 49.0203 -9.60843 15.7189
      vertex 38.5252 -11.2556 18.3515
      vertex 43.3647 -10.9121 17.1428
    endloop
  endfacet
  facet normal 0.2415 0.0120863 0.970325
    outer loop
      vertex 32.1712 -10.8043 19.9273
      vertex 38.5252 -11.2556 18.3515
      vertex 49.0203 -9.60843 15.7189
    endloop
  endfacet
  facet normal 0.241504 0.0121417 0.970324
    outer loop
      vertex 38.5252 -11.2556 18.3515
      vertex 32.1712 -10.8043 19.9273
      vertex 33.2087 -11.7332 19.6807
    endloop
  endfacet
  facet normal 0.241492 0.0120872 0.970328
    outer loop
      vertex 44.492 -27.0726 17.0639
      vertex 50.2729 -27.5646 15.6313
      vertex 49.8085 -26.595 15.7348
    endloop
  endfacet
  facet normal 0.2415 0.0121956 0.970324
    outer loop
      vertex 39.6525 -27.4161 18.2727
      vertex 50.2729 -27.5646 15.6313
      vertex 44.492 -27.0726 17.0639
    endloop
  endfacet
  facet normal 0.241496 0.0120893 0.970327
    outer loop
      vertex 34.3221 -27.6942 19.6028
      vertex 39.6525 -27.4161 18.2727
      vertex 39.6455 -27.3164 18.2732
    endloop
  endfacet
  facet normal 0.241495 0.0121098 0.970327
    outer loop
      vertex 33.4237 -28.7604 19.8397
      vertex 39.6525 -27.4161 18.2727
      vertex 34.3221 -27.6942 19.6028
    endloop
  endfacet
  facet normal 0.241499 0.0120901 0.970326
    outer loop
      vertex 39.6525 -27.4161 18.2727
      vertex 33.4237 -28.7604 19.8397
      vertex 50.2729 -27.5646 15.6313
    endloop
  endfacet
  facet normal 0.241494 0.0121102 0.970327
    outer loop
      vertex 33.2087 -11.7332 19.6807
      vertex 33.4237 -28.7604 19.8397
      vertex 34.3221 -27.6942 19.6028
    endloop
  endfacet
  facet normal 0.241477 0.01211 0.970331
    outer loop
      vertex 33.4237 -28.7604 19.8397
      vertex 33.2087 -11.7332 19.6807
      vertex 32.1712 -10.8043 19.9273
    endloop
  endfacet
  facet normal 0.241529 0.0118495 0.970321
    outer loop
      vertex 38.5321 -11.3553 18.351
      vertex 38.5252 -11.2556 18.3515
      vertex 33.2087 -11.7332 19.6807
    endloop
  endfacet
  facet normal -0.241483 -0.0121133 -0.970329
    outer loop
      vertex 35.2204 -26.6279 19.3659
      vertex 38.6017 -12.3529 18.3462
      vertex 39.5759 -26.3188 18.2781
    endloop
  endfacet
  facet normal -0.241505 -0.0121079 -0.970324
    outer loop
      vertex 38.6017 -12.3529 18.3462
      vertex 35.2204 -26.6279 19.3659
      vertex 34.2462 -12.662 19.4341
    endloop
  endfacet
  facet normal -0.241505 -0.0120589 -0.970325
    outer loop
      vertex 39.5759 -26.3188 18.2781
      vertex 44.4155 -25.9753 17.0693
      vertex 44.485 -26.9729 17.0644
    endloop
  endfacet
  facet normal -0.241501 -0.0121163 -0.970325
    outer loop
      vertex 44.4155 -25.9753 17.0693
      vertex 39.5759 -26.3188 18.2781
      vertex 43.4412 -12.0094 17.1374
    endloop
  endfacet
  facet normal -0.241508 -0.0120834 -0.970324
    outer loop
      vertex 39.5759 -26.3188 18.2781
      vertex 44.485 -26.9729 17.0644
      vertex 39.6455 -27.3164 18.2732
    endloop
  endfacet
  facet normal -0.241506 -0.0121149 -0.970324
    outer loop
      vertex 38.6017 -12.3529 18.3462
      vertex 43.4412 -12.0094 17.1374
      vertex 39.5759 -26.3188 18.2781
    endloop
  endfacet
  facet normal -0.241509 -0.0120593 -0.970324
    outer loop
      vertex 43.4412 -12.0094 17.1374
      vertex 38.6017 -12.3529 18.3462
      vertex 43.3717 -11.0118 17.1423
    endloop
  endfacet
  facet normal -0.241478 -0.0121785 -0.97033
    outer loop
      vertex 43.3717 -11.0118 17.1423
      vertex 38.6017 -12.3529 18.3462
      vertex 38.5321 -11.3553 18.351
    endloop
  endfacet
  facet normal -0.241504 -0.0121148 -0.970324
    outer loop
      vertex 44.4155 -25.9753 17.0693
      vertex 47.7968 -11.7003 16.0495
      vertex 48.771 -25.6662 15.9814
    endloop
  endfacet
  facet normal -0.241499 -0.0121162 -0.970325
    outer loop
      vertex 47.7968 -11.7003 16.0495
      vertex 44.4155 -25.9753 17.0693
      vertex 43.4412 -12.0094 17.1374
    endloop
  endfacet
  facet normal -0.241496 -0.0121117 -0.970326
    outer loop
      vertex 47.4561 -27.758 14.995
      vertex 44.178 -27.0884 15.8025
      vertex 47.3559 -25.7601 14.995
    endloop
  endfacet
  facet normal -0.241503 -0.0121488 -0.970324
    outer loop
      vertex 47.4561 -27.758 14.995
      vertex 39.3385 -27.4319 17.0113
      vertex 44.178 -27.0884 15.8025
    endloop
  endfacet
  facet normal -0.241496 -0.0121485 -0.970326
    outer loop
      vertex 39.3385 -27.4319 17.0113
      vertex 34.9064 -26.6437 18.1045
      vertex 39.262 -26.3345 17.0166
    endloop
  endfacet
  facet normal -0.241513 -0.0121154 -0.970322
    outer loop
      vertex 34.9064 -26.6437 18.1045
      vertex 33.1098 -28.7762 18.5783
      vertex 33.9322 -12.6778 18.1726
    endloop
  endfacet
  facet normal -0.241494 -0.0121328 -0.970327
    outer loop
      vertex 39.3385 -27.4319 17.0113
      vertex 33.1098 -28.7762 18.5783
      vertex 34.9064 -26.6437 18.1045
    endloop
  endfacet
  facet normal -0.241501 -0.0120957 -0.970325
    outer loop
      vertex 33.1098 -28.7762 18.5783
      vertex 39.3385 -27.4319 17.0113
      vertex 47.4561 -27.758 14.995
    endloop
  endfacet
  facet normal -0.241516 -0.0120625 -0.970322
    outer loop
      vertex 47.3559 -25.7601 14.995
      vertex 44.178 -27.0884 15.8025
      vertex 44.1015 -25.9911 15.8079
    endloop
  endfacet
  facet normal -0.241474 -0.01217 -0.970331
    outer loop
      vertex 38.2878 -12.3686 17.0848
      vertex 33.9322 -12.6778 18.1726
      vertex 38.2112 -11.2713 17.0901
    endloop
  endfacet
  facet normal -0.241504 -0.012171 -0.970324
    outer loop
      vertex 43.0507 -10.9278 15.8813
      vertex 46.6544 -11.7748 14.995
      vertex 43.1273 -12.0252 15.876
    endloop
  endfacet
  facet normal -0.241491 -0.0121116 -0.970328
    outer loop
      vertex 46.6544 -11.7748 14.995
      vertex 43.0507 -10.9278 15.8813
      vertex 46.5542 -9.77693 14.995
    endloop
  endfacet
  facet normal -0.24151 -0.0120492 -0.970323
    outer loop
      vertex 38.2112 -11.2713 17.0901
      vertex 46.5542 -9.77693 14.995
      vertex 43.0507 -10.9278 15.8813
    endloop
  endfacet
  facet normal -0.241501 -0.0121006 -0.970325
    outer loop
      vertex 38.2112 -11.2713 17.0901
      vertex 31.8572 -10.82 18.6659
      vertex 46.5542 -9.77693 14.995
    endloop
  endfacet
  facet normal -0.2415 -0.012085 -0.970325
    outer loop
      vertex 33.9322 -12.6778 18.1726
      vertex 31.8572 -10.82 18.6659
      vertex 38.2112 -11.2713 17.0901
    endloop
  endfacet
  facet normal -0.241525 -0.0121147 -0.970319
    outer loop
      vertex 31.8572 -10.82 18.6659
      vertex 33.9322 -12.6778 18.1726
      vertex 33.1098 -28.7762 18.5783
    endloop
  endfacet
  facet normal -0.967893 -0.0686935 0.241792
    outer loop
      vertex 31.8572 -10.82 18.6659
      vertex 33.4237 -28.7604 19.8397
      vertex 32.1712 -10.8043 19.9273
    endloop
  endfacet
  facet normal -0.96791 -0.0686993 0.241725
    outer loop
      vertex 33.4237 -28.7604 19.8397
      vertex 31.8572 -10.82 18.6659
      vertex 33.1098 -28.7762 18.5783
    endloop
  endfacet
  facet normal -0.0695938 0.997564 0.00486767
    outer loop
      vertex 64.0688 -8.55846 15.669
      vertex 66.5132 -8.45264 28.9306
      vertex 67.7714 -8.36333 28.6164
    endloop
  endfacet
  facet normal -0.0695815 0.997564 0.00486537
    outer loop
      vertex 66.5132 -8.45264 28.9306
      vertex 64.0688 -8.55846 15.669
      vertex 63.2272 -8.61745 15.7279
    endloop
  endfacet
  facet normal -0.0695938 0.997564 0.00486766
    outer loop
      vertex 64.3813 -8.53337 14.995
      vertex 64.0688 -8.55846 15.669
      vertex 67.7714 -8.36333 28.6164
    endloop
  endfacet
  facet normal -0.0695827 0.997564 0.00487285
    outer loop
      vertex 64.0688 -8.55846 15.669
      vertex 64.3813 -8.53337 14.995
      vertex 64.0216 -8.55846 14.995
    endloop
  endfacet
  facet normal -0.0695877 0.997564 0.00486342
    outer loop
      vertex 46.5542 -9.77693 14.995
      vertex 32.1712 -10.8043 19.9273
      vertex 49.0203 -9.60843 15.7189
    endloop
  endfacet
  facet normal -0.0695851 0.997564 0.00488108
    outer loop
      vertex 57.6919 -9 14.995
      vertex 49.0203 -9.60843 15.7189
      vertex 57.7001 -9 15.1119
    endloop
  endfacet
  facet normal -0.0695742 0.997565 0.00490291
    outer loop
      vertex 32.1712 -10.8043 19.9273
      vertex 46.5542 -9.77693 14.995
      vertex 31.8572 -10.82 18.6659
    endloop
  endfacet
  facet normal -0.0695868 0.997564 0.00486059
    outer loop
      vertex 46.5542 -9.77693 14.995
      vertex 49.0203 -9.60843 15.7189
      vertex 57.6919 -9 14.995
    endloop
  endfacet
  facet normal 0.0696389 -0.99756 -0.00487715
    outer loop
      vertex 65.6556 -26.4884 14.995
      vertex 67.7657 -26.4088 28.8431
      vertex 64.3191 -26.5817 14.995
    endloop
  endfacet
  facet normal 0.06958 -0.997564 -0.00486814
    outer loop
      vertex 67.7657 -26.4088 28.8431
      vertex 65.6556 -26.4884 14.995
      vertex 69.024 -26.3195 28.5288
    endloop
  endfacet
  facet normal 0.0695953 -0.997564 -0.00482358
    outer loop
      vertex 47.4561 -27.758 14.995
      vertex 33.4237 -28.7604 19.8397
      vertex 33.1098 -28.7762 18.5783
    endloop
  endfacet
  facet normal 0.0695872 -0.997564 -0.00484718
    outer loop
      vertex 33.4237 -28.7604 19.8397
      vertex 47.4561 -27.758 14.995
      vertex 50.2729 -27.5646 15.6313
    endloop
  endfacet
  facet normal 0.0695928 -0.997564 -0.00487217
    outer loop
      vertex 50.2729 -27.5646 15.6313
      vertex 47.4561 -27.758 14.995
      vertex 59.3722 -26.9267 14.995
    endloop
  endfacet
  facet normal -0.967893 -0.068695 0.241794
    outer loop
      vertex 47.5343 -11.7134 14.995
      vertex 48.771 -25.6662 15.9814
      vertex 47.7968 -11.7003 16.0495
    endloop
  endfacet
  facet normal -0.967903 -0.0686988 0.241753
    outer loop
      vertex 48.771 -25.6662 15.9814
      vertex 47.5343 -11.7134 14.995
      vertex 48.5255 -25.6785 14.995
    endloop
  endfacet
  facet normal 0.967896 0.0686969 -0.24178
    outer loop
      vertex 35.2204 -26.6279 19.3659
      vertex 33.9322 -12.6778 18.1726
      vertex 34.2462 -12.662 19.4341
    endloop
  endfacet
  facet normal 0.967892 0.068695 -0.241798
    outer loop
      vertex 33.9322 -12.6778 18.1726
      vertex 35.2204 -26.6279 19.3659
      vertex 34.9064 -26.6437 18.1045
    endloop
  endfacet
  facet normal 0.0695892 -0.997564 -0.00482718
    outer loop
      vertex 33.9322 -12.6778 18.1726
      vertex 38.6017 -12.3529 18.3462
      vertex 34.2462 -12.662 19.4341
    endloop
  endfacet
  facet normal 0.0695919 -0.997564 -0.00490181
    outer loop
      vertex 38.6017 -12.3529 18.3462
      vertex 33.9322 -12.6778 18.1726
      vertex 38.2878 -12.3686 17.0848
    endloop
  endfacet
  facet normal 0.0696141 -0.997562 -0.00482827
    outer loop
      vertex 46.6544 -11.7748 14.995
      vertex 43.4412 -12.0094 17.1374
      vertex 43.1273 -12.0252 15.876
    endloop
  endfacet
  facet normal 0.0695712 -0.997565 -0.00489289
    outer loop
      vertex 43.4412 -12.0094 17.1374
      vertex 46.6544 -11.7748 14.995
      vertex 47.7968 -11.7003 16.0495
    endloop
  endfacet
  facet normal 0.0696105 -0.997562 -0.00493571
    outer loop
      vertex 47.7968 -11.7003 16.0495
      vertex 46.6544 -11.7748 14.995
      vertex 47.5343 -11.7134 14.995
    endloop
  endfacet
  facet normal -0.0695892 0.997564 0.00482756
    outer loop
      vertex 39.5759 -26.3188 18.2781
      vertex 34.9064 -26.6437 18.1045
      vertex 35.2204 -26.6279 19.3659
    endloop
  endfacet
  facet normal -0.0695919 0.997564 0.00490142
    outer loop
      vertex 34.9064 -26.6437 18.1045
      vertex 39.5759 -26.3188 18.2781
      vertex 39.262 -26.3345 17.0166
    endloop
  endfacet
  facet normal -0.0695812 0.997564 0.00485914
    outer loop
      vertex 47.3559 -25.7601 14.995
      vertex 44.4155 -25.9753 17.0693
      vertex 48.771 -25.6662 15.9814
    endloop
  endfacet
  facet normal -0.0695974 0.997563 0.00488254
    outer loop
      vertex 47.3559 -25.7601 14.995
      vertex 48.771 -25.6662 15.9814
      vertex 48.5255 -25.6785 14.995
    endloop
  endfacet
  facet normal -0.0696013 0.997563 0.00483058
    outer loop
      vertex 44.4155 -25.9753 17.0693
      vertex 47.3559 -25.7601 14.995
      vertex 44.1015 -25.9911 15.8079
    endloop
  endfacet
  facet normal 0.967903 0.0686969 -0.241754
    outer loop
      vertex 50.7745 -26.5466 19.6161
      vertex 48.6951 -10.634 15.8126
      vertex 49.6611 -10.5856 19.6939
    endloop
  endfacet
  facet normal 0.967903 0.0686969 -0.241754
    outer loop
      vertex 48.6951 -10.634 15.8126
      vertex 50.7745 -26.5466 19.6161
      vertex 49.8085 -26.595 15.7348
    endloop
  endfacet
  facet normal 0.241496 0.0121164 0.970326
    outer loop
      vertex 49.6611 -10.5856 19.6939
      vertex 35.2881 -27.6457 23.4841
      vertex 50.7745 -26.5466 19.6161
    endloop
  endfacet
  facet normal 0.241502 0.0121108 0.970325
    outer loop
      vertex 35.2881 -27.6457 23.4841
      vertex 49.6611 -10.5856 19.6939
      vertex 34.1747 -11.6847 23.562
    endloop
  endfacet
  facet normal -0.967902 -0.0686984 0.241755
    outer loop
      vertex 33.2087 -11.7332 19.6807
      vertex 35.2881 -27.6457 23.4841
      vertex 34.1747 -11.6847 23.562
    endloop
  endfacet
  facet normal -0.967902 -0.0686984 0.241755
    outer loop
      vertex 35.2881 -27.6457 23.4841
      vertex 33.2087 -11.7332 19.6807
      vertex 34.3221 -27.6942 19.6028
    endloop
  endfacet
  facet normal -0.0695814 0.997564 0.00487498
    outer loop
      vertex 38.5321 -11.3553 18.351
      vertex 34.1747 -11.6847 23.562
      vertex 49.6611 -10.5856 19.6939
    endloop
  endfacet
  facet normal -0.0696021 0.997563 0.00485761
    outer loop
      vertex 34.1747 -11.6847 23.562
      vertex 38.5321 -11.3553 18.351
      vertex 33.2087 -11.7332 19.6807
    endloop
  endfacet
  facet normal -0.0695831 0.997564 0.00488871
    outer loop
      vertex 49.6611 -10.5856 19.6939
      vertex 43.3717 -11.0118 17.1423
      vertex 38.5321 -11.3553 18.351
    endloop
  endfacet
  facet normal -0.0695785 0.997565 0.00487742
    outer loop
      vertex 43.3717 -11.0118 17.1423
      vertex 49.6611 -10.5856 19.6939
      vertex 48.6951 -10.634 15.8126
    endloop
  endfacet
  facet normal 0.0695846 -0.997564 -0.00485325
    outer loop
      vertex 39.6455 -27.3164 18.2732
      vertex 35.2881 -27.6457 23.4841
      vertex 34.3221 -27.6942 19.6028
    endloop
  endfacet
  facet normal 0.0695875 -0.997564 -0.00485086
    outer loop
      vertex 35.2881 -27.6457 23.4841
      vertex 39.6455 -27.3164 18.2732
      vertex 50.7745 -26.5466 19.6161
    endloop
  endfacet
  facet normal 0.0695895 -0.997564 -0.00486812
    outer loop
      vertex 44.485 -26.9729 17.0644
      vertex 50.7745 -26.5466 19.6161
      vertex 39.6455 -27.3164 18.2732
    endloop
  endfacet
  facet normal 0.069595 -0.997563 -0.00488152
    outer loop
      vertex 50.7745 -26.5466 19.6161
      vertex 44.485 -26.9729 17.0644
      vertex 49.8085 -26.595 15.7348
    endloop
  endfacet
  facet normal 0.995141 0.0697697 -0.0694777
    outer loop
      vertex 56.0825 -26.1549 15.225
      vertex 55.9965 -25.1573 14.995
      vertex 56.0129 -25.1573 15.2299
    endloop
  endfacet
  facet normal 0.995197 0.0690842 -0.0693517
    outer loop
      vertex 56.0734 -26.2547 14.995
      vertex 56.0825 -26.1549 15.225
      vertex 56.0894 -26.2547 15.2246
    endloop
  endfacet
  facet normal 0.995133 0.0697336 -0.069631
    outer loop
      vertex 56.0825 -26.1549 15.225
      vertex 56.0734 -26.2547 14.995
      vertex 55.9965 -25.1573 14.995
    endloop
  endfacet
  facet normal -0.0696128 0.997562 0.00485107
    outer loop
      vertex 56.0894 -26.2547 15.2246
      vertex 59.3722 -26.0245 14.995
      vertex 56.0734 -26.2547 14.995
    endloop
  endfacet
  facet normal 0.995121 0.0701457 -0.0693746
    outer loop
      vertex 54.9691 -10.1939 15.3029
      vertex 54.9406 -10.0941 14.995
      vertex 54.9621 -10.0941 15.3034
    endloop
  endfacet
  facet normal 0.99513 0.0697766 -0.0696262
    outer loop
      vertex 55.0175 -11.1914 14.995
      vertex 54.9691 -10.1939 15.3029
      vertex 55.0387 -11.1914 15.298
    endloop
  endfacet
  facet normal 0.995141 0.0697406 -0.0695076
    outer loop
      vertex 54.9691 -10.1939 15.3029
      vertex 55.0175 -11.1914 14.995
      vertex 54.9406 -10.0941 14.995
    endloop
  endfacet
  facet normal 0.0695815 -0.997564 -0.00485085
    outer loop
      vertex 59.3722 -9.78499 14.995
      vertex 54.9621 -10.0941 15.3034
      vertex 54.9406 -10.0941 14.995
    endloop
  endfacet
  facet normal 0.0697419 0 0.997565
    outer loop
      vertex 57.7001 -9 15.1119
      vertex 59.3722 -9.78499 14.995
      vertex 59.3722 -9 14.995
    endloop
  endfacet
  facet normal 0.0697577 3.38351e-05 0.997564
    outer loop
      vertex 57.7001 -9 15.1119
      vertex 54.9621 -10.0941 15.3034
      vertex 59.3722 -9.78499 14.995
    endloop
  endfacet
  facet normal 0.0697602 2.74784e-05 0.997564
    outer loop
      vertex 49.0203 -9.60843 15.7189
      vertex 54.9621 -10.0941 15.3034
      vertex 57.7001 -9 15.1119
    endloop
  endfacet
  facet normal 0.0697543 -4.51473e-05 0.997564
    outer loop
      vertex 54.9621 -10.0941 15.3034
      vertex 49.0203 -9.60843 15.7189
      vertex 49.4959 -10.5775 15.6856
    endloop
  endfacet
  facet normal 0.0697595 -0.000104861 0.997564
    outer loop
      vertex 54.9691 -10.1939 15.3029
      vertex 54.9621 -10.0941 15.3034
      vertex 49.4959 -10.5775 15.6856
    endloop
  endfacet
  facet normal 0.0697699 0 0.997563
    outer loop
      vertex 56.0894 -26.2547 15.2246
      vertex 59.3722 -26.9267 14.995
      vertex 59.3722 -26.0245 14.995
    endloop
  endfacet
  facet normal 0.0697118 0.000821487 0.997567
    outer loop
      vertex 50.6092 -26.5386 15.6078
      vertex 56.0894 -26.2547 15.2246
      vertex 56.0825 -26.1549 15.225
    endloop
  endfacet
  facet normal 0.0697549 -1.5424e-05 0.997564
    outer loop
      vertex 50.2729 -27.5646 15.6313
      vertex 56.0894 -26.2547 15.2246
      vertex 50.6092 -26.5386 15.6078
    endloop
  endfacet
  facet normal 0.0697611 -4.29755e-05 0.997564
    outer loop
      vertex 56.0894 -26.2547 15.2246
      vertex 50.2729 -27.5646 15.6313
      vertex 59.3722 -26.9267 14.995
    endloop
  endfacet
  facet normal 0.0697088 -2.43647e-07 0.997567
    outer loop
      vertex 49.4959 -10.5775 15.6856
      vertex 50.2729 -27.5646 15.6313
      vertex 50.6092 -26.5386 15.6078
    endloop
  endfacet
  facet normal 0.0698594 6.6748e-06 0.997557
    outer loop
      vertex 50.2729 -27.5646 15.6313
      vertex 49.4959 -10.5775 15.6856
      vertex 49.0203 -9.60843 15.7189
    endloop
  endfacet
  facet normal -0.069758 5.41605e-06 -0.997564
    outer loop
      vertex 50.5606 -11.5053 15.6112
      vertex 59.3722 -15.1084 14.995
      vertex 51.5348 -25.4712 15.543
    endloop
  endfacet
  facet normal -0.0697685 -2.04727e-05 -0.997563
    outer loop
      vertex 59.3722 -15.1084 14.995
      vertex 50.5606 -11.5053 15.6112
      vertex 55.0387 -11.1914 15.298
    endloop
  endfacet
  facet normal -0.069755 0 -0.997564
    outer loop
      vertex 56.0129 -25.1573 15.2299
      vertex 59.3722 -15.1084 14.995
      vertex 59.3722 -25.9243 14.995
    endloop
  endfacet
  facet normal -0.0697473 3.37366e-05 -0.997565
    outer loop
      vertex 56.0129 -25.1573 15.2299
      vertex 59.3722 -25.9243 14.995
      vertex 56.0825 -26.1549 15.225
    endloop
  endfacet
  facet normal -0.0697476 -2.47113e-06 -0.997565
    outer loop
      vertex 51.5348 -25.4712 15.543
      vertex 59.3722 -15.1084 14.995
      vertex 56.0129 -25.1573 15.2299
    endloop
  endfacet
  facet normal -0.0697415 9.60027e-06 -0.997565
    outer loop
      vertex 59.3722 -15.1084 14.995
      vertex 55.0387 -11.1914 15.298
      vertex 59.0096 -9.91065 15.0204
    endloop
  endfacet
  facet normal -0.0697492 3.36084e-05 -0.997565
    outer loop
      vertex 59.0096 -9.91065 15.0204
      vertex 55.0387 -11.1914 15.298
      vertex 54.9691 -10.1939 15.3029
    endloop
  endfacet
  facet normal 0.995133 0.069756 -0.0696044
    outer loop
      vertex 51.5348 -25.4712 15.543
      vertex 50.5175 -11.5053 14.995
      vertex 50.5606 -11.5053 15.6112
    endloop
  endfacet
  facet normal 0.995136 0.0697584 -0.0695506
    outer loop
      vertex 50.5175 -11.5053 14.995
      vertex 51.5348 -25.4712 15.543
      vertex 51.4965 -25.4712 14.995
    endloop
  endfacet
  facet normal 0.0695856 -0.997564 -0.00486716
    outer loop
      vertex 55.0175 -11.1914 14.995
      vertex 50.5606 -11.5053 15.6112
      vertex 50.5175 -11.5053 14.995
    endloop
  endfacet
  facet normal 0.0695854 -0.997564 -0.00486868
    outer loop
      vertex 50.5606 -11.5053 15.6112
      vertex 55.0175 -11.1914 14.995
      vertex 55.0387 -11.1914 15.298
    endloop
  endfacet
  facet normal -0.0695863 0.997564 0.0048583
    outer loop
      vertex 55.9965 -25.1573 14.995
      vertex 51.5348 -25.4712 15.543
      vertex 56.0129 -25.1573 15.2299
    endloop
  endfacet
  facet normal -0.0695856 0.997564 0.00486338
    outer loop
      vertex 51.5348 -25.4712 15.543
      vertex 55.9965 -25.1573 14.995
      vertex 51.4965 -25.4712 14.995
    endloop
  endfacet
  facet normal 0.995135 0.0697575 -0.0695688
    outer loop
      vertex 66.8104 -25.4225 18.4846
      vertex 65.4476 -9.46144 14.995
      vertex 65.697 -9.46144 18.5625
    endloop
  endfacet
  facet normal 0.995134 0.0697545 -0.0695818
    outer loop
      vertex 65.4476 -9.46144 14.995
      vertex 66.8104 -25.4225 18.4846
      vertex 66.5664 -25.4225 14.995
    endloop
  endfacet
  facet normal 0.0697519 3.21426e-06 0.997564
    outer loop
      vertex 59.9905 -9.86145 18.9615
      vertex 50.8883 -26.5386 19.598
      vertex 61.1039 -25.8225 18.8837
    endloop
  endfacet
  facet normal 0.069762 -2.32743e-06 0.997564
    outer loop
      vertex 50.8883 -26.5386 19.598
      vertex 59.9905 -9.86145 18.9615
      vertex 49.7749 -10.5775 19.6759
    endloop
  endfacet
  facet normal 0.0697566 -2.71187e-06 0.997564
    outer loop
      vertex 65.697 -9.46144 18.5625
      vertex 65.1458 -25.5391 18.601
      vertex 66.8104 -25.4225 18.4846
    endloop
  endfacet
  facet normal 0.0697566 -2.71188e-06 0.997564
    outer loop
      vertex 65.1458 -25.5391 18.601
      vertex 65.697 -9.46144 18.5625
      vertex 64.0324 -9.57812 18.6789
    endloop
  endfacet
  facet normal -0.995135 -0.0697506 0.0695794
    outer loop
      vertex 50.6092 -26.5386 15.6078
      vertex 49.7749 -10.5775 19.6759
      vertex 49.4959 -10.5775 15.6856
    endloop
  endfacet
  facet normal -0.995133 -0.0697573 0.0696059
    outer loop
      vertex 49.7749 -10.5775 19.6759
      vertex 50.6092 -26.5386 15.6078
      vertex 50.8883 -26.5386 19.598
    endloop
  endfacet
  facet normal -0.069588 0.997564 0.00486417
    outer loop
      vertex 65.013 -9.52894 22.6187
      vertex 62.4696 -9.7371 28.9225
      vertex 66.3412 -9.46231 27.9555
    endloop
  endfacet
  facet normal -0.0695855 0.997564 0.0048652
    outer loop
      vertex 65.013 -9.52894 22.6187
      vertex 59.9905 -9.86145 18.9615
      vertex 62.4696 -9.7371 28.9225
    endloop
  endfacet
  facet normal -0.0695871 0.997564 0.00486749
    outer loop
      vertex 59.9905 -9.86145 18.9615
      vertex 65.013 -9.52894 22.6187
      vertex 64.0324 -9.57812 18.6789
    endloop
  endfacet
  facet normal -0.0695873 0.997564 0.00486574
    outer loop
      vertex 63.8055 -9.5895 17.767
      vertex 59.9905 -9.86145 18.9615
      vertex 64.0324 -9.57812 18.6789
    endloop
  endfacet
  facet normal -0.0695842 0.997564 0.0048618
    outer loop
      vertex 65.0638 -9.5002 17.4528
      vertex 64.0324 -9.57812 18.6789
      vertex 65.697 -9.46144 18.5625
    endloop
  endfacet
  facet normal -0.0695878 0.997564 0.00486398
    outer loop
      vertex 63.1156 -9.62411 14.995
      vertex 59.9905 -9.86145 18.9615
      vertex 63.8055 -9.5895 17.767
    endloop
  endfacet
  facet normal -0.0695835 0.997564 0.00485599
    outer loop
      vertex 59.9905 -9.86145 18.9615
      vertex 54.9691 -10.1939 15.3029
      vertex 49.7749 -10.5775 19.6759
    endloop
  endfacet
  facet normal -0.0695761 0.997565 0.00486473
    outer loop
      vertex 49.7749 -10.5775 19.6759
      vertex 54.9691 -10.1939 15.3029
      vertex 49.4959 -10.5775 15.6856
    endloop
  endfacet
  facet normal -0.0695916 0.997564 0.00486724
    outer loop
      vertex 59.9905 -9.86145 18.9615
      vertex 59.0096 -9.91065 15.0204
      vertex 54.9691 -10.1939 15.3029
    endloop
  endfacet
  facet normal -0.0695856 0.997564 0.00486574
    outer loop
      vertex 59.9905 -9.86145 18.9615
      vertex 63.1156 -9.62411 14.995
      vertex 59.0096 -9.91065 15.0204
    endloop
  endfacet
  facet normal -0.0695867 0.997565 0.00469195
    outer loop
      vertex 59.0096 -9.91065 15.0204
      vertex 63.1156 -9.62411 14.995
      vertex 59.0033 -9.91097 14.995
    endloop
  endfacet
  facet normal -0.0695813 0.997564 0.00486426
    outer loop
      vertex 64.0324 -9.57812 18.6789
      vertex 65.0638 -9.5002 17.4528
      vertex 63.8055 -9.5895 17.767
    endloop
  endfacet
  facet normal -0.0695897 0.997564 0.00486494
    outer loop
      vertex 65.4476 -9.46144 14.995
      vertex 65.0638 -9.5002 17.4528
      vertex 65.697 -9.46144 18.5625
    endloop
  endfacet
  facet normal -0.069584 0.997564 0.00486584
    outer loop
      vertex 65.0638 -9.5002 17.4528
      vertex 65.4476 -9.46144 14.995
      vertex 64.4521 -9.53088 14.995
    endloop
  endfacet
  facet normal 0.0696055 -0.997563 -0.00484895
    outer loop
      vertex 64.9189 -25.5505 17.6892
      vertex 65.1458 -25.5391 18.601
      vertex 61.1039 -25.8225 18.8837
    endloop
  endfacet
  facet normal 0.0695871 -0.997564 -0.00487448
    outer loop
      vertex 56.0825 -26.1549 15.225
      vertex 61.1039 -25.8225 18.8837
      vertex 50.8883 -26.5386 19.598
    endloop
  endfacet
  facet normal 0.0695859 -0.997564 -0.00484407
    outer loop
      vertex 66.1772 -25.4612 17.3749
      vertex 65.1458 -25.5391 18.601
      vertex 64.9189 -25.5505 17.6892
    endloop
  endfacet
  facet normal 0.0695927 -0.997564 -0.00486776
    outer loop
      vertex 56.0825 -26.1549 15.225
      vertex 50.8883 -26.5386 19.598
      vertex 50.6092 -26.5386 15.6078
    endloop
  endfacet
  facet normal 0.0695861 -0.997564 -0.00487316
    outer loop
      vertex 61.1039 -25.8225 18.8837
      vertex 56.0825 -26.1549 15.225
      vertex 59.3722 -25.9243 14.995
    endloop
  endfacet
  facet normal 0.0695785 -0.997565 -0.00486975
    outer loop
      vertex 64.2483 -25.5842 14.995
      vertex 61.1039 -25.8225 18.8837
      vertex 59.3722 -25.9243 14.995
    endloop
  endfacet
  facet normal 0.069606 -0.997563 -0.00484742
    outer loop
      vertex 61.1039 -25.8225 18.8837
      vertex 64.2483 -25.5842 14.995
      vertex 64.9189 -25.5505 17.6892
    endloop
  endfacet
  facet normal 0.0695935 -0.997564 -0.00485245
    outer loop
      vertex 63.583 -25.6981 28.8446
      vertex 66.1264 -25.49 22.5408
      vertex 67.4546 -25.4233 27.8776
    endloop
  endfacet
  facet normal 0.0695786 -0.997565 -0.00485851
    outer loop
      vertex 61.1039 -25.8225 18.8837
      vertex 66.1264 -25.49 22.5408
      vertex 63.583 -25.6981 28.8446
    endloop
  endfacet
  facet normal 0.0696025 -0.997563 -0.00489159
    outer loop
      vertex 66.1264 -25.49 22.5408
      vertex 61.1039 -25.8225 18.8837
      vertex 65.1458 -25.5391 18.601
    endloop
  endfacet
  facet normal 0.0695347 -0.997568 -0.00488737
    outer loop
      vertex 65.1458 -25.5391 18.601
      vertex 66.1772 -25.4612 17.3749
      vertex 66.8104 -25.4225 18.4846
    endloop
  endfacet
  facet normal 0.0695128 -0.997569 -0.0048538
    outer loop
      vertex 66.5664 -25.4225 14.995
      vertex 66.1772 -25.4612 17.3749
      vertex 65.5848 -25.4909 14.995
    endloop
  endfacet
  facet normal 0.0694843 -0.997571 -0.00485849
    outer loop
      vertex 66.1772 -25.4612 17.3749
      vertex 66.5664 -25.4225 14.995
      vertex 66.8104 -25.4225 18.4846
    endloop
  endfacet
  facet normal -0.241527 -0.0118493 -0.970322
    outer loop
      vertex 66.1264 -25.49 22.5408
      vertex 67.3916 -25.5004 22.226
      vertex 66.1333 -25.5897 22.5403
    endloop
  endfacet
  facet normal -0.241528 -0.0120634 -0.970319
    outer loop
      vertex 67.3916 -25.5004 22.226
      vertex 66.1264 -25.49 22.5408
      vertex 67.3151 -24.4031 22.2314
    endloop
  endfacet
  facet normal -0.241511 -0.0120836 -0.970323
    outer loop
      vertex 67.3151 -24.4031 22.2314
      vertex 66.1264 -25.49 22.5408
      vertex 66.0568 -24.4924 22.5457
    endloop
  endfacet
  facet normal 0.241528 0.0118375 0.970322
    outer loop
      vertex 66.1772 -25.4612 17.3749
      vertex 64.9258 -25.6503 17.6887
      vertex 66.1841 -25.561 17.3744
    endloop
  endfacet
  facet normal 0.241528 0.0118375 0.970322
    outer loop
      vertex 64.9258 -25.6503 17.6887
      vertex 66.1772 -25.4612 17.3749
      vertex 64.9189 -25.5505 17.6892
    endloop
  endfacet
  facet normal -0.0695825 0.997564 0.00485788
    outer loop
      vertex 67.3916 -25.5004 22.226
      vertex 64.9258 -25.6503 17.6887
      vertex 66.1333 -25.5897 22.5403
    endloop
  endfacet
  facet normal -0.0695825 0.997564 0.00485788
    outer loop
      vertex 64.9258 -25.6503 17.6887
      vertex 67.3916 -25.5004 22.226
      vertex 66.1841 -25.561 17.3744
    endloop
  endfacet
  facet normal -0.241511 -0.0120841 -0.970323
    outer loop
      vertex 65.013 -9.52894 22.6187
      vertex 66.3409 -10.4372 22.2995
      vertex 65.0826 -10.5265 22.6138
    endloop
  endfacet
  facet normal -0.241511 -0.012084 -0.970323
    outer loop
      vertex 66.3409 -10.4372 22.2995
      vertex 65.013 -9.52894 22.6187
      vertex 66.2643 -9.33988 22.3049
    endloop
  endfacet
  facet normal -0.241511 -0.0120832 -0.970323
    outer loop
      vertex 66.2643 -9.33988 22.3049
      vertex 65.013 -9.52894 22.6187
      vertex 65.006 -9.42918 22.6192
    endloop
  endfacet
  facet normal 0.241371 0.0130459 0.970345
    outer loop
      vertex 65.0568 -9.40044 17.4532
      vertex 63.8055 -9.5895 17.767
      vertex 65.0638 -9.5002 17.4528
    endloop
  endfacet
  facet normal 0.241511 0.0120844 0.970323
    outer loop
      vertex 63.8055 -9.5895 17.767
      vertex 65.0568 -9.40044 17.4532
      vertex 63.7985 -9.48975 17.7675
    endloop
  endfacet
  facet normal 0.0695811 -0.997564 -0.00486359
    outer loop
      vertex 63.7985 -9.48975 17.7675
      vertex 66.2643 -9.33988 22.3049
      vertex 65.006 -9.42918 22.6192
    endloop
  endfacet
  facet normal 0.069588 -0.997564 -0.00486738
    outer loop
      vertex 66.2643 -9.33988 22.3049
      vertex 63.7985 -9.48975 17.7675
      vertex 65.0568 -9.40044 17.4532
    endloop
  endfacet
  facet normal 0.241509 0.0121136 0.970323
    outer loop
      vertex 67.7714 -8.36333 28.6164
      vertex 67.7657 -26.4088 28.8431
      vertex 69.024 -26.3195 28.5288
    endloop
  endfacet
  facet normal 0.241454 0.0121138 0.970337
    outer loop
      vertex 67.7657 -26.4088 28.8431
      vertex 67.7714 -8.36333 28.6164
      vertex 66.5132 -8.45264 28.9306
    endloop
  endfacet
  facet normal -0.967937 -0.0681328 0.241777
    outer loop
      vertex 64.2483 -25.5842 14.995
      vertex 64.9258 -25.6503 17.6887
      vertex 64.9189 -25.5505 17.6892
    endloop
  endfacet
  facet normal -0.967903 -0.0686992 0.241754
    outer loop
      vertex 64.3191 -26.5817 14.995
      vertex 64.9258 -25.6503 17.6887
      vertex 64.2483 -25.5842 14.995
    endloop
  endfacet
  facet normal -0.967902 -0.0687028 0.241755
    outer loop
      vertex 64.9258 -25.6503 17.6887
      vertex 64.3191 -26.5817 14.995
      vertex 67.7657 -26.4088 28.8431
    endloop
  endfacet
  facet normal -0.967875 -0.0691259 0.241744
    outer loop
      vertex 65.006 -9.42918 22.6192
      vertex 65.013 -9.52894 22.6187
      vertex 66.3412 -9.46231 27.9555
    endloop
  endfacet
  facet normal -0.967897 -0.0687024 0.241776
    outer loop
      vertex 63.1156 -9.62411 14.995
      vertex 63.2539 -9 15.726
      vertex 63.0713 -9 14.995
    endloop
  endfacet
  facet normal -0.967911 -0.0685826 0.241752
    outer loop
      vertex 63.2539 -9 15.726
      vertex 63.7985 -9.48975 17.7675
      vertex 65.006 -9.42918 22.6192
    endloop
  endfacet
  facet normal -0.967905 -0.068672 0.241751
    outer loop
      vertex 63.8055 -9.5895 17.767
      vertex 63.2539 -9 15.726
      vertex 63.1156 -9.62411 14.995
    endloop
  endfacet
  facet normal -0.967906 -0.0691343 0.241618
    outer loop
      vertex 63.2539 -9 15.726
      vertex 63.8055 -9.5895 17.767
      vertex 63.7985 -9.48975 17.7675
    endloop
  endfacet
  facet normal -0.967902 -0.0687552 0.241739
    outer loop
      vertex 65.006 -9.42918 22.6192
      vertex 63.2272 -8.61745 15.7279
      vertex 63.2539 -9 15.726
    endloop
  endfacet
  facet normal -0.967908 -0.0686074 0.241758
    outer loop
      vertex 63.2272 -8.61745 15.7279
      vertex 65.006 -9.42918 22.6192
      vertex 66.5132 -8.45264 28.9306
    endloop
  endfacet
  facet normal -0.96791 -0.0685922 0.241756
    outer loop
      vertex 66.3412 -9.46231 27.9555
      vertex 66.5132 -8.45264 28.9306
      vertex 65.006 -9.42918 22.6192
    endloop
  endfacet
  facet normal -0.967903 -0.0686985 0.241753
    outer loop
      vertex 67.7657 -26.4088 28.8431
      vertex 66.3412 -9.46231 27.9555
      vertex 67.4546 -25.4233 27.8776
    endloop
  endfacet
  facet normal -0.967939 -0.0682011 0.241749
    outer loop
      vertex 66.1333 -25.5897 22.5403
      vertex 67.4546 -25.4233 27.8776
      vertex 66.1264 -25.49 22.5408
    endloop
  endfacet
  facet normal -0.967879 -0.0686912 0.241853
    outer loop
      vertex 66.3412 -9.46231 27.9555
      vertex 67.7657 -26.4088 28.8431
      vertex 66.5132 -8.45264 28.9306
    endloop
  endfacet
  facet normal -0.967903 -0.0686958 0.241755
    outer loop
      vertex 66.1333 -25.5897 22.5403
      vertex 67.7657 -26.4088 28.8431
      vertex 67.4546 -25.4233 27.8776
    endloop
  endfacet
  facet normal -0.967903 -0.0686883 0.241756
    outer loop
      vertex 67.7657 -26.4088 28.8431
      vertex 66.1333 -25.5897 22.5403
      vertex 64.9258 -25.6503 17.6887
    endloop
  endfacet
  facet normal 0.967906 0.0686974 -0.241742
    outer loop
      vertex 66.1693 -10.472 26.9803
      vertex 67.1435 -24.4379 26.9121
      vertex 65.0826 -10.5265 22.6138
    endloop
  endfacet
  facet normal 0.967899 0.0687181 -0.241764
    outer loop
      vertex 65.0826 -10.5265 22.6138
      vertex 64.0324 -9.57812 18.6789
      vertex 65.013 -9.52894 22.6187
    endloop
  endfacet
  facet normal 0.967905 0.0686956 -0.241747
    outer loop
      vertex 66.0568 -24.4924 22.5457
      vertex 65.0826 -10.5265 22.6138
      vertex 67.1435 -24.4379 26.9121
    endloop
  endfacet
  facet normal 0.967899 0.0686953 -0.241769
    outer loop
      vertex 65.0826 -10.5265 22.6138
      vertex 66.0568 -24.4924 22.5457
      vertex 64.0324 -9.57812 18.6789
    endloop
  endfacet
  facet normal 0.967899 0.0687153 -0.241763
    outer loop
      vertex 65.1458 -25.5391 18.601
      vertex 66.0568 -24.4924 22.5457
      vertex 66.1264 -25.49 22.5408
    endloop
  endfacet
  facet normal 0.967902 0.0686984 -0.241759
    outer loop
      vertex 66.0568 -24.4924 22.5457
      vertex 65.1458 -25.5391 18.601
      vertex 64.0324 -9.57812 18.6789
    endloop
  endfacet
  facet normal 0.967905 0.0686865 -0.24175
    outer loop
      vertex 67.7714 -8.36333 28.6164
      vertex 66.2643 -9.33988 22.3049
      vertex 64.3813 -8.53337 14.995
    endloop
  endfacet
  facet normal 0.967902 0.0687096 -0.241753
    outer loop
      vertex 67.7714 -8.36333 28.6164
      vertex 67.4276 -10.3827 26.666
      vertex 66.2643 -9.33988 22.3049
    endloop
  endfacet
  facet normal 0.967905 0.0686992 -0.241743
    outer loop
      vertex 69.024 -26.3195 28.5288
      vertex 67.4276 -10.3827 26.666
      vertex 67.7714 -8.36333 28.6164
    endloop
  endfacet
  facet normal 0.967908 0.0686689 -0.241742
    outer loop
      vertex 68.4018 -24.3486 26.5979
      vertex 67.3916 -25.5004 22.226
      vertex 67.3151 -24.4031 22.2314
    endloop
  endfacet
  facet normal 0.967903 0.0686867 -0.241757
    outer loop
      vertex 65.6556 -26.4884 14.995
      vertex 67.3916 -25.5004 22.226
      vertex 69.024 -26.3195 28.5288
    endloop
  endfacet
  facet normal 0.967902 0.0687138 -0.241753
    outer loop
      vertex 68.4018 -24.3486 26.5979
      vertex 69.024 -26.3195 28.5288
      vertex 67.3916 -25.5004 22.226
    endloop
  endfacet
  facet normal 0.967899 0.0686953 -0.241771
    outer loop
      vertex 67.4276 -10.3827 26.666
      vertex 69.024 -26.3195 28.5288
      vertex 68.4018 -24.3486 26.5979
    endloop
  endfacet
  facet normal 0.967905 0.0686761 -0.241751
    outer loop
      vertex 65.0568 -9.40044 17.4532
      vertex 64.3813 -8.53337 14.995
      vertex 66.2643 -9.33988 22.3049
    endloop
  endfacet
  facet normal 0.967891 0.0688847 -0.24175
    outer loop
      vertex 64.4521 -9.53088 14.995
      vertex 65.0568 -9.40044 17.4532
      vertex 65.0638 -9.5002 17.4528
    endloop
  endfacet
  facet normal 0.967905 0.0686988 -0.241743
    outer loop
      vertex 65.0568 -9.40044 17.4532
      vertex 64.4521 -9.53088 14.995
      vertex 64.3813 -8.53337 14.995
    endloop
  endfacet
  facet normal 0.967902 0.0687554 -0.241742
    outer loop
      vertex 66.2643 -9.33988 22.3049
      vertex 67.4276 -10.3827 26.666
      vertex 66.3409 -10.4372 22.2995
    endloop
  endfacet
  facet normal 0.967934 0.0681327 -0.241787
    outer loop
      vertex 66.1841 -25.561 17.3744
      vertex 65.5848 -25.4909 14.995
      vertex 66.1772 -25.4612 17.3749
    endloop
  endfacet
  facet normal 0.967903 0.0686849 -0.241756
    outer loop
      vertex 67.3916 -25.5004 22.226
      vertex 65.6556 -26.4884 14.995
      vertex 66.1841 -25.561 17.3744
    endloop
  endfacet
  facet normal 0.967901 0.0686991 -0.241761
    outer loop
      vertex 66.1841 -25.561 17.3744
      vertex 65.6556 -26.4884 14.995
      vertex 65.5848 -25.4909 14.995
    endloop
  endfacet
  facet normal -0.241437 -0.01211 -0.970341
    outer loop
      vertex 67.1435 -24.4379 26.9121
      vertex 67.4276 -10.3827 26.666
      vertex 68.4018 -24.3486 26.5979
    endloop
  endfacet
  facet normal -0.241509 -0.0121082 -0.970323
    outer loop
      vertex 67.4276 -10.3827 26.666
      vertex 67.1435 -24.4379 26.9121
      vertex 66.1693 -10.472 26.9803
    endloop
  endfacet
  facet normal 0.0695806 -0.997564 -0.00486567
    outer loop
      vertex 65.0826 -10.5265 22.6138
      vertex 67.4276 -10.3827 26.666
      vertex 66.1693 -10.472 26.9803
    endloop
  endfacet
  facet normal 0.0695806 -0.997564 -0.00486567
    outer loop
      vertex 67.4276 -10.3827 26.666
      vertex 65.0826 -10.5265 22.6138
      vertex 66.3409 -10.4372 22.2995
    endloop
  endfacet
  facet normal -0.0695809 0.997564 0.00486586
    outer loop
      vertex 68.4018 -24.3486 26.5979
      vertex 66.0568 -24.4924 22.5457
      vertex 67.1435 -24.4379 26.9121
    endloop
  endfacet
  facet normal -0.0695806 0.997564 0.00486567
    outer loop
      vertex 66.0568 -24.4924 22.5457
      vertex 68.4018 -24.3486 26.5979
      vertex 67.3151 -24.4031 22.2314
    endloop
  endfacet
  facet normal 0.241496 0.0121104 0.970326
    outer loop
      vertex 66.3412 -9.46231 27.9555
      vertex 63.583 -25.6981 28.8446
      vertex 67.4546 -25.4233 27.8776
    endloop
  endfacet
  facet normal 0.241496 0.0121104 0.970326
    outer loop
      vertex 63.583 -25.6981 28.8446
      vertex 66.3412 -9.46231 27.9555
      vertex 62.4696 -9.7371 28.9225
    endloop
  endfacet
  facet normal -0.968094 -0.0687128 0.240983
    outer loop
      vertex 59.0096 -9.91065 15.0204
      vertex 59.0033 -9.91097 14.995
      vertex 59.3722 -15.1084 14.995
    endloop
  endfacet
  facet normal -0.967904 -0.0686985 0.24175
    outer loop
      vertex 59.9905 -9.86145 18.9615
      vertex 63.583 -25.6981 28.8446
      vertex 62.4696 -9.7371 28.9225
    endloop
  endfacet
  facet normal -0.967903 -0.0686967 0.241753
    outer loop
      vertex 63.583 -25.6981 28.8446
      vertex 59.9905 -9.86145 18.9615
      vertex 61.1039 -25.8225 18.8837
    endloop
  endfacet
  facet normal 0.960727 0.137032 -0.241302
    outer loop
      vertex 47.1823 -46.5873 15.7413
      vertex 46.8563 -45.6159 14.995
      vertex 47.0435 -45.5971 15.751
    endloop
  endfacet
  facet normal 0.960698 0.137323 -0.241249
    outer loop
      vertex 47.0117 -46.7049 14.995
      vertex 47.1823 -46.5873 15.7413
      vertex 47.1962 -46.6863 15.7403
    endloop
  endfacet
  facet normal 0.960737 0.137097 -0.241223
    outer loop
      vertex 47.1823 -46.5873 15.7413
      vertex 47.0117 -46.7049 14.995
      vertex 46.8563 -45.6159 14.995
    endloop
  endfacet
  facet normal -0.138842 0.990268 0.00965692
    outer loop
      vertex 47.1962 -46.6863 15.7403
      vertex 50.1642 -46.2629 14.995
      vertex 47.0117 -46.7049 14.995
    endloop
  endfacet
  facet normal 0.960684 0.137321 -0.241306
    outer loop
      vertex 44.961 -30.743 15.8966
      vertex 44.7236 -30.6665 14.995
      vertex 44.9471 -30.644 15.8976
    endloop
  endfacet
  facet normal 0.960741 0.13702 -0.241253
    outer loop
      vertex 44.879 -31.7555 14.995
      vertex 44.961 -30.743 15.8966
      vertex 45.0998 -31.7333 15.8869
    endloop
  endfacet
  facet normal 0.96071 0.137093 -0.241332
    outer loop
      vertex 44.961 -30.743 15.8966
      vertex 44.879 -31.7555 14.995
      vertex 44.7236 -30.6665 14.995
    endloop
  endfacet
  facet normal 0.138847 -0.990266 -0.00969564
    outer loop
      vertex 48.5414 -30.1312 14.995
      vertex 44.9471 -30.644 15.8976
      vertex 44.7236 -30.6665 14.995
    endloop
  endfacet
  facet normal 0.24024 0.0241795 0.970412
    outer loop
      vertex 48.4512 -29.235 14.995
      vertex 44.9471 -30.644 15.8976
      vertex 48.5414 -30.1312 14.995
    endloop
  endfacet
  facet normal 0.240239 0.0241812 0.970412
    outer loop
      vertex 38.5774 -30.6436 17.4745
      vertex 44.9471 -30.644 15.8976
      vertex 48.4512 -29.235 14.995
    endloop
  endfacet
  facet normal 0.24024 0.0241061 0.970414
    outer loop
      vertex 44.9471 -30.644 15.8976
      vertex 38.5774 -30.6436 17.4745
      vertex 39.6769 -31.4969 17.2235
    endloop
  endfacet
  facet normal 0.240267 0.0239324 0.970412
    outer loop
      vertex 44.961 -30.743 15.8966
      vertex 44.9471 -30.644 15.8976
      vertex 39.6769 -31.4969 17.2235
    endloop
  endfacet
  facet normal 0.240233 0.0241788 0.970414
    outer loop
      vertex 47.1962 -46.6863 15.7403
      vertex 50.2544 -47.1591 14.995
      vertex 50.1642 -46.2629 14.995
    endloop
  endfacet
  facet normal 0.240272 0.023933 0.970411
    outer loop
      vertex 41.8983 -47.3411 17.0682
      vertex 47.1962 -46.6863 15.7403
      vertex 47.1823 -46.5873 15.7413
    endloop
  endfacet
  facet normal 0.24025 0.0241167 0.970412
    outer loop
      vertex 41.0764 -48.4685 17.2997
      vertex 47.1962 -46.6863 15.7403
      vertex 41.8983 -47.3411 17.0682
    endloop
  endfacet
  facet normal 0.240233 0.0241762 0.970414
    outer loop
      vertex 47.1962 -46.6863 15.7403
      vertex 41.0764 -48.4685 17.2997
      vertex 50.2544 -47.1591 14.995
    endloop
  endfacet
  facet normal 0.240189 0.0241634 0.970425
    outer loop
      vertex 39.6769 -31.4969 17.2235
      vertex 41.0764 -48.4685 17.2997
      vertex 41.8983 -47.3411 17.0682
    endloop
  endfacet
  facet normal 0.240287 0.0241714 0.970401
    outer loop
      vertex 41.0764 -48.4685 17.2997
      vertex 39.6769 -31.4969 17.2235
      vertex 38.5774 -30.6436 17.4745
    endloop
  endfacet
  facet normal -0.240228 -0.0241674 -0.970416
    outer loop
      vertex 42.7202 -46.2138 16.8366
      vertex 45.0998 -31.7333 15.8869
      vertex 47.0435 -45.5971 15.751
    endloop
  endfacet
  facet normal -0.240228 -0.0241675 -0.970416
    outer loop
      vertex 45.0998 -31.7333 15.8869
      vertex 42.7202 -46.2138 16.8366
      vertex 40.7765 -32.3501 16.9725
    endloop
  endfacet
  facet normal -0.240241 -0.0241694 -0.970412
    outer loop
      vertex 47.0435 -45.5971 15.751
      vertex 50.1542 -46.1634 14.995
      vertex 47.1823 -46.5873 15.7413
    endloop
  endfacet
  facet normal -0.240241 -0.024168 -0.970412
    outer loop
      vertex 50.1542 -46.1634 14.995
      vertex 47.0435 -45.5971 15.751
      vertex 48.5514 -30.2308 14.995
    endloop
  endfacet
  facet normal -0.240236 -0.0241685 -0.970414
    outer loop
      vertex 45.0998 -31.7333 15.8869
      vertex 48.5514 -30.2308 14.995
      vertex 47.0435 -45.5971 15.751
    endloop
  endfacet
  facet normal -0.240237 -0.0241663 -0.970413
    outer loop
      vertex 48.5514 -30.2308 14.995
      vertex 45.0998 -31.7333 15.8869
      vertex 44.961 -30.743 15.8966
    endloop
  endfacet
  facet normal -0.240247 -0.0241754 -0.970411
    outer loop
      vertex 44.9183 -47.9072 14.995
      vertex 42.4079 -46.2452 15.5751
      vertex 44.7179 -45.9157 14.995
    endloop
  endfacet
  facet normal -0.240241 -0.024167 -0.970412
    outer loop
      vertex 40.7641 -48.4999 16.0382
      vertex 42.4079 -46.2452 15.5751
      vertex 44.9183 -47.9072 14.995
    endloop
  endfacet
  facet normal -0.240239 -0.0241691 -0.970413
    outer loop
      vertex 40.7641 -48.4999 16.0382
      vertex 40.4642 -32.3815 15.711
      vertex 42.4079 -46.2452 15.5751
    endloop
  endfacet
  facet normal -0.240231 -0.024169 -0.970415
    outer loop
      vertex 40.4642 -32.3815 15.711
      vertex 40.7641 -48.4999 16.0382
      vertex 38.2651 -30.6751 16.2129
    endloop
  endfacet
  facet normal -0.240237 -0.0241612 -0.970414
    outer loop
      vertex 40.4642 -32.3815 15.711
      vertex 43.1152 -29.9831 14.995
      vertex 43.3155 -31.9747 14.995
    endloop
  endfacet
  facet normal -0.240231 -0.0241682 -0.970415
    outer loop
      vertex 43.1152 -29.9831 14.995
      vertex 40.4642 -32.3815 15.711
      vertex 38.2651 -30.6751 16.2129
    endloop
  endfacet
  facet normal -0.960737 -0.137058 0.241246
    outer loop
      vertex 38.2651 -30.6751 16.2129
      vertex 41.0764 -48.4685 17.2997
      vertex 38.5774 -30.6436 17.4745
    endloop
  endfacet
  facet normal -0.960735 -0.137058 0.241253
    outer loop
      vertex 41.0764 -48.4685 17.2997
      vertex 38.2651 -30.6751 16.2129
      vertex 40.7641 -48.4999 16.0382
    endloop
  endfacet
  facet normal -0.138857 0.990265 0.00971264
    outer loop
      vertex 71.1536 -26.0522 14.995
      vertex 72.674 -25.9518 26.495
      vertex 73.9229 -25.7736 26.1813
    endloop
  endfacet
  facet normal -0.138843 0.990267 0.00971084
    outer loop
      vertex 72.674 -25.9518 26.495
      vertex 71.1536 -26.0522 14.995
      vertex 69.827 -26.2382 14.995
    endloop
  endfacet
  facet normal -0.138834 0.990268 0.00970761
    outer loop
      vertex 43.1152 -29.9831 14.995
      vertex 38.5774 -30.6436 17.4745
      vertex 48.4512 -29.235 14.995
    endloop
  endfacet
  facet normal -0.138865 0.990264 0.00964988
    outer loop
      vertex 38.5774 -30.6436 17.4745
      vertex 43.1152 -29.9831 14.995
      vertex 38.2651 -30.6751 16.2129
    endloop
  endfacet
  facet normal 0.138843 -0.990267 -0.00970587
    outer loop
      vertex 73.6959 -43.8727 14.995
      vertex 75.173 -43.7766 26.3202
      vertex 72.3693 -44.0587 14.995
    endloop
  endfacet
  facet normal 0.138859 -0.990265 -0.0097079
    outer loop
      vertex 75.173 -43.7766 26.3202
      vertex 73.6959 -43.8727 14.995
      vertex 76.4219 -43.5984 26.0066
    endloop
  endfacet
  facet normal 0.138844 -0.990266 -0.0097239
    outer loop
      vertex 44.9183 -47.9072 14.995
      vertex 41.0764 -48.4685 17.2997
      vertex 40.7641 -48.4999 16.0382
    endloop
  endfacet
  facet normal 0.138832 -0.990268 -0.00974538
    outer loop
      vertex 41.0764 -48.4685 17.2997
      vertex 44.9183 -47.9072 14.995
      vertex 50.2544 -47.1591 14.995
    endloop
  endfacet
  facet normal 0.960735 0.137061 -0.241253
    outer loop
      vertex 42.7202 -46.2138 16.8366
      vertex 40.4642 -32.3815 15.711
      vertex 40.7765 -32.3501 16.9725
    endloop
  endfacet
  facet normal 0.960735 0.137061 -0.241253
    outer loop
      vertex 40.4642 -32.3815 15.711
      vertex 42.7202 -46.2138 16.8366
      vertex 42.4079 -46.2452 15.5751
    endloop
  endfacet
  facet normal 0.138841 -0.990267 -0.0097232
    outer loop
      vertex 43.3155 -31.9747 14.995
      vertex 40.7765 -32.3501 16.9725
      vertex 40.4642 -32.3815 15.711
    endloop
  endfacet
  facet normal 0.138837 -0.990267 -0.00972861
    outer loop
      vertex 40.7765 -32.3501 16.9725
      vertex 43.3155 -31.9747 14.995
      vertex 45.0998 -31.7333 15.8869
    endloop
  endfacet
  facet normal 0.138834 -0.990268 -0.00972146
    outer loop
      vertex 45.0998 -31.7333 15.8869
      vertex 43.3155 -31.9747 14.995
      vertex 44.879 -31.7555 14.995
    endloop
  endfacet
  facet normal -0.13882 0.99027 0.00970839
    outer loop
      vertex 44.7179 -45.9157 14.995
      vertex 42.7202 -46.2138 16.8366
      vertex 47.0435 -45.5971 15.751
    endloop
  endfacet
  facet normal -0.138834 0.990268 0.0097522
    outer loop
      vertex 44.7179 -45.9157 14.995
      vertex 47.0435 -45.5971 15.751
      vertex 46.8563 -45.6159 14.995
    endloop
  endfacet
  facet normal -0.138813 0.990271 0.00971604
    outer loop
      vertex 42.7202 -46.2138 16.8366
      vertex 44.7179 -45.9157 14.995
      vertex 42.4079 -46.2452 15.5751
    endloop
  endfacet
  facet normal 0.960737 0.137062 -0.241243
    outer loop
      vertex 58.231 -45.0515 17.0898
      vertex 55.4526 -29.2633 14.995
      vertex 56.0096 -29.2072 17.2451
    endloop
  endfacet
  facet normal 0.960733 0.137059 -0.24126
    outer loop
      vertex 55.4526 -29.2633 14.995
      vertex 58.231 -45.0515 17.0898
      vertex 57.7124 -45.1037 14.995
    endloop
  endfacet
  facet normal 0.240232 0.0241693 0.970415
    outer loop
      vertex 56.0096 -29.2072 17.2451
      vertex 42.8592 -47.2445 20.9498
      vertex 58.231 -45.0515 17.0898
    endloop
  endfacet
  facet normal 0.24024 0.0241629 0.970413
    outer loop
      vertex 42.8592 -47.2445 20.9498
      vertex 56.0096 -29.2072 17.2451
      vertex 40.6379 -31.4002 21.1052
    endloop
  endfacet
  facet normal -0.960732 -0.137057 0.241265
    outer loop
      vertex 39.6769 -31.4969 17.2235
      vertex 42.8592 -47.2445 20.9498
      vertex 40.6379 -31.4002 21.1052
    endloop
  endfacet
  facet normal -0.960737 -0.137063 0.241244
    outer loop
      vertex 42.8592 -47.2445 20.9498
      vertex 39.6769 -31.4969 17.2235
      vertex 41.8983 -47.3411 17.0682
    endloop
  endfacet
  facet normal -0.138838 0.990267 0.00970874
    outer loop
      vertex 48.5514 -30.2308 14.995
      vertex 40.6379 -31.4002 21.1052
      vertex 56.0096 -29.2072 17.2451
    endloop
  endfacet
  facet normal -0.138847 0.990266 0.00970544
    outer loop
      vertex 40.6379 -31.4002 21.1052
      vertex 44.961 -30.743 15.8966
      vertex 39.6769 -31.4969 17.2235
    endloop
  endfacet
  facet normal -0.138829 0.990269 0.0096767
    outer loop
      vertex 48.5514 -30.2308 14.995
      vertex 56.0096 -29.2072 17.2451
      vertex 55.4526 -29.2633 14.995
    endloop
  endfacet
  facet normal -0.138829 0.990269 0.00972117
    outer loop
      vertex 40.6379 -31.4002 21.1052
      vertex 48.5514 -30.2308 14.995
      vertex 44.961 -30.743 15.8966
    endloop
  endfacet
  facet normal 0.138827 -0.990269 -0.0097226
    outer loop
      vertex 47.1823 -46.5873 15.7413
      vertex 42.8592 -47.2445 20.9498
      vertex 41.8983 -47.3411 17.0682
    endloop
  endfacet
  facet normal 0.138801 -0.990272 -0.00974452
    outer loop
      vertex 50.1542 -46.1634 14.995
      vertex 42.8592 -47.2445 20.9498
      vertex 47.1823 -46.5873 15.7413
    endloop
  endfacet
  facet normal 0.138841 -0.990267 -0.00969556
    outer loop
      vertex 42.8592 -47.2445 20.9498
      vertex 50.1542 -46.1634 14.995
      vertex 58.231 -45.0515 17.0898
    endloop
  endfacet
  facet normal 0.138841 -0.990267 -0.00969585
    outer loop
      vertex 58.231 -45.0515 17.0898
      vertex 50.1542 -46.1634 14.995
      vertex 57.7124 -45.1037 14.995
    endloop
  endfacet
  facet normal 0.987856 0.139171 -0.0690772
    outer loop
      vertex 74.1496 -42.8088 15.9665
      vertex 71.8495 -26.9645 14.995
      vertex 71.9283 -26.9645 16.1219
    endloop
  endfacet
  facet normal 0.987858 0.139173 -0.0690433
    outer loop
      vertex 71.8495 -26.9645 14.995
      vertex 74.1496 -42.8088 15.9665
      vertex 74.0817 -42.8088 14.995
    endloop
  endfacet
  facet normal 0.0697542 1.47374e-06 0.997564
    outer loop
      vertex 66.2635 -27.7625 16.518
      vertex 58.3439 -45.0355 17.0718
      vertex 68.4848 -43.6068 16.3627
    endloop
  endfacet
  facet normal 0.0697542 1.47374e-06 0.997564
    outer loop
      vertex 58.3439 -45.0355 17.0718
      vertex 66.2635 -27.7625 16.518
      vertex 56.1226 -29.1912 17.2271
    endloop
  endfacet
  facet normal 0.0697883 -2.54077e-08 0.997562
    outer loop
      vertex 71.9283 -26.9645 16.1219
      vertex 72.4972 -43.0416 16.0821
      vertex 74.1496 -42.8088 15.9665
    endloop
  endfacet
  facet normal 0.0697243 -2.29965e-06 0.997566
    outer loop
      vertex 72.4972 -43.0416 16.0821
      vertex 71.9283 -26.9645 16.1219
      vertex 70.2758 -27.1973 16.2374
    endloop
  endfacet
  facet normal -0.987855 -0.139172 0.0690848
    outer loop
      vertex 58.1987 -45.0355 14.995
      vertex 56.1226 -29.1912 17.2271
      vertex 55.9665 -29.1912 14.995
    endloop
  endfacet
  facet normal -0.987857 -0.13917 0.0690663
    outer loop
      vertex 56.1226 -29.1912 17.2271
      vertex 58.1987 -45.0355 14.995
      vertex 58.3439 -45.0355 17.0718
    endloop
  endfacet
  facet normal -0.138847 0.990266 0.00971516
    outer loop
      vertex 71.2513 -27.0991 20.1776
      vertex 68.7296 -27.5145 26.4798
      vertex 72.5726 -26.9662 25.5148
    endloop
  endfacet
  facet normal -0.13884 0.990267 0.00971786
    outer loop
      vertex 71.2513 -27.0991 20.1776
      vertex 66.2635 -27.7625 16.518
      vertex 68.7296 -27.5145 26.4798
    endloop
  endfacet
  facet normal -0.138819 0.99027 0.00968811
    outer loop
      vertex 66.2635 -27.7625 16.518
      vertex 71.2513 -27.0991 20.1776
      vertex 70.2758 -27.1973 16.2374
    endloop
  endfacet
  facet normal -0.138817 0.99027 0.00970715
    outer loop
      vertex 70.0501 -27.22 15.3255
      vertex 66.2635 -27.7625 16.518
      vertex 70.2758 -27.1973 16.2374
    endloop
  endfacet
  facet normal -0.138826 0.990269 0.00974337
    outer loop
      vertex 71.299 -27.0418 15.0119
      vertex 70.2758 -27.1973 16.2374
      vertex 71.9283 -26.9645 16.1219
    endloop
  endfacet
  facet normal -0.138794 0.990273 0.00978249
    outer loop
      vertex 69.9683 -27.2282 14.995
      vertex 66.2635 -27.7625 16.518
      vertex 70.0501 -27.22 15.3255
    endloop
  endfacet
  facet normal -0.138832 0.990269 0.0096887
    outer loop
      vertex 55.9665 -29.1912 14.995
      vertex 66.2635 -27.7625 16.518
      vertex 69.9683 -27.2282 14.995
    endloop
  endfacet
  facet normal -0.138835 0.990268 0.0097093
    outer loop
      vertex 66.2635 -27.7625 16.518
      vertex 55.9665 -29.1912 14.995
      vertex 56.1226 -29.1912 17.2271
    endloop
  endfacet
  facet normal -0.138857 0.990265 0.00971698
    outer loop
      vertex 70.2758 -27.1973 16.2374
      vertex 71.299 -27.0418 15.0119
      vertex 70.0501 -27.22 15.3255
    endloop
  endfacet
  facet normal -0.138755 0.990279 0.00970263
    outer loop
      vertex 71.8495 -26.9645 14.995
      vertex 71.299 -27.0418 15.0119
      vertex 71.9283 -26.9645 16.1219
    endloop
  endfacet
  facet normal -0.138739 0.990276 0.01022
    outer loop
      vertex 71.299 -27.0418 15.0119
      vertex 71.8495 -26.9645 14.995
      vertex 71.2949 -27.0422 14.995
    endloop
  endfacet
  facet normal 0.138804 -0.990272 -0.00971889
    outer loop
      vertex 72.969 -42.9648 14.995
      vertex 72.4972 -43.0416 16.0821
      vertex 72.2714 -43.0643 15.1702
    endloop
  endfacet
  facet normal 0.138813 -0.990271 -0.00972127
    outer loop
      vertex 68.4848 -43.6068 16.3627
      vertex 72.2714 -43.0643 15.1702
      vertex 72.4972 -43.0416 16.0821
    endloop
  endfacet
  facet normal 0.138835 -0.990268 -0.00970669
    outer loop
      vertex 58.1987 -45.0355 14.995
      vertex 68.4848 -43.6068 16.3627
      vertex 58.3439 -45.0355 17.0718
    endloop
  endfacet
  facet normal 0.138834 -0.990268 -0.00969863
    outer loop
      vertex 68.4848 -43.6068 16.3627
      vertex 58.1987 -45.0355 14.995
      vertex 72.2281 -43.0686 14.995
    endloop
  endfacet
  facet normal 0.138732 -0.99028 -0.00998228
    outer loop
      vertex 68.4848 -43.6068 16.3627
      vertex 72.2281 -43.0686 14.995
      vertex 72.2714 -43.0643 15.1702
    endloop
  endfacet
  facet normal 0.138826 -0.990269 -0.00970985
    outer loop
      vertex 70.951 -43.3587 26.3245
      vertex 73.4726 -42.9434 20.0222
      vertex 74.7939 -42.8105 25.3595
    endloop
  endfacet
  facet normal 0.138832 -0.990268 -0.00970736
    outer loop
      vertex 68.4848 -43.6068 16.3627
      vertex 73.4726 -42.9434 20.0222
      vertex 70.951 -43.3587 26.3245
    endloop
  endfacet
  facet normal 0.138816 -0.990271 -0.00968406
    outer loop
      vertex 73.4726 -42.9434 20.0222
      vertex 68.4848 -43.6068 16.3627
      vertex 72.4972 -43.0416 16.0821
    endloop
  endfacet
  facet normal 0.138836 -0.990268 -0.00970451
    outer loop
      vertex 72.4972 -43.0416 16.0821
      vertex 72.969 -42.9648 14.995
      vertex 74.1496 -42.8088 15.9665
    endloop
  endfacet
  facet normal 0.138835 -0.990268 -0.00970345
    outer loop
      vertex 74.1496 -42.8088 15.9665
      vertex 72.969 -42.9648 14.995
      vertex 74.0817 -42.8088 14.995
    endloop
  endfacet
  facet normal -0.24018 -0.0248752 -0.97041
    outer loop
      vertex 73.4726 -42.9434 20.0222
      vertex 74.7355 -42.8643 19.7076
      vertex 73.4865 -43.0425 20.0213
    endloop
  endfacet
  facet normal -0.240226 -0.0241651 -0.970416
    outer loop
      vertex 74.7355 -42.8643 19.7076
      vertex 73.4726 -42.9434 20.0222
      vertex 74.5827 -41.775 19.7183
    endloop
  endfacet
  facet normal -0.240224 -0.0241669 -0.970417
    outer loop
      vertex 74.5827 -41.775 19.7183
      vertex 73.4726 -42.9434 20.0222
      vertex 73.3338 -41.9532 20.0319
    endloop
  endfacet
  facet normal 0.24027 0.0241477 0.970406
    outer loop
      vertex 72.2714 -43.0643 15.1702
      vertex 72.979 -43.0643 14.995
      vertex 72.969 -42.9648 14.995
    endloop
  endfacet
  facet normal 0.240271 0.0239329 0.970411
    outer loop
      vertex 72.979 -43.0643 14.995
      vertex 72.2714 -43.0643 15.1702
      vertex 72.2853 -43.1633 15.1692
    endloop
  endfacet
  facet normal -0.138843 0.990267 0.00972494
    outer loop
      vertex 73.5688 -42.9816 14.995
      vertex 73.4865 -43.0425 20.0213
      vertex 74.7355 -42.8643 19.7076
    endloop
  endfacet
  facet normal -0.138852 0.990265 0.00972478
    outer loop
      vertex 72.979 -43.0643 14.995
      vertex 73.4865 -43.0425 20.0213
      vertex 73.5688 -42.9816 14.995
    endloop
  endfacet
  facet normal -0.13888 0.990261 0.00972765
    outer loop
      vertex 73.4865 -43.0425 20.0213
      vertex 72.979 -43.0643 14.995
      vertex 72.2853 -43.1633 15.1692
    endloop
  endfacet
  facet normal -0.24022 -0.0240659 -0.97042
    outer loop
      vertex 71.2513 -27.0991 20.1776
      vertex 72.6391 -27.9112 19.8542
      vertex 71.3901 -28.0894 20.1678
    endloop
  endfacet
  facet normal -0.240279 -0.0241727 -0.970403
    outer loop
      vertex 72.6391 -27.9112 19.8542
      vertex 71.2513 -27.0991 20.1776
      vertex 72.4863 -26.8219 19.8649
    endloop
  endfacet
  facet normal -0.240123 -0.0248921 -0.970423
    outer loop
      vertex 72.4863 -26.8219 19.8649
      vertex 71.2513 -27.0991 20.1776
      vertex 71.2374 -27.0001 20.1785
    endloop
  endfacet
  facet normal 0.240156 0.0246543 0.970421
    outer loop
      vertex 71.2852 -26.9428 15.0128
      vertex 70.0501 -27.22 15.3255
      vertex 71.299 -27.0418 15.0119
    endloop
  endfacet
  facet normal 0.240311 0.0239387 0.970401
    outer loop
      vertex 70.0501 -27.22 15.3255
      vertex 71.2852 -26.9428 15.0128
      vertex 70.0362 -27.121 15.3265
    endloop
  endfacet
  facet normal 0.13886 -0.990264 -0.00970236
    outer loop
      vertex 70.0362 -27.121 15.3265
      vertex 72.4863 -26.8219 19.8649
      vertex 71.2374 -27.0001 20.1785
    endloop
  endfacet
  facet normal 0.13885 -0.990266 -0.00969672
    outer loop
      vertex 72.4863 -26.8219 19.8649
      vertex 70.0362 -27.121 15.3265
      vertex 71.2852 -26.9428 15.0128
    endloop
  endfacet
  facet normal 0.240224 0.0241679 0.970417
    outer loop
      vertex 73.9229 -25.7736 26.1813
      vertex 75.173 -43.7766 26.3202
      vertex 76.4219 -43.5984 26.0066
    endloop
  endfacet
  facet normal 0.240297 0.0241728 0.970398
    outer loop
      vertex 75.173 -43.7766 26.3202
      vertex 73.9229 -25.7736 26.1813
      vertex 72.674 -25.9518 26.495
    endloop
  endfacet
  facet normal -0.960802 -0.137333 0.240829
    outer loop
      vertex 72.2281 -43.0686 14.995
      vertex 72.2853 -43.1633 15.1692
      vertex 72.2714 -43.0643 15.1702
    endloop
  endfacet
  facet normal -0.960732 -0.137075 0.241256
    outer loop
      vertex 73.4865 -43.0425 20.0213
      vertex 72.3693 -44.0587 14.995
      vertex 75.173 -43.7766 26.3202
    endloop
  endfacet
  facet normal -0.960804 -0.137022 0.240999
    outer loop
      vertex 72.3693 -44.0587 14.995
      vertex 72.2853 -43.1633 15.1692
      vertex 72.2281 -43.0686 14.995
    endloop
  endfacet
  facet normal -0.96073 -0.137087 0.241256
    outer loop
      vertex 72.674 -25.9518 26.495
      vertex 71.2374 -27.0001 20.1785
      vertex 72.5726 -26.9662 25.5148
    endloop
  endfacet
  facet normal -0.960731 -0.137071 0.241262
    outer loop
      vertex 69.827 -26.2382 14.995
      vertex 70.0362 -27.121 15.3265
      vertex 71.2374 -27.0001 20.1785
    endloop
  endfacet
  facet normal -0.960756 -0.137126 0.241132
    outer loop
      vertex 69.9683 -27.2282 14.995
      vertex 70.0362 -27.121 15.3265
      vertex 69.827 -26.2382 14.995
    endloop
  endfacet
  facet normal -0.960714 -0.137324 0.241187
    outer loop
      vertex 70.0362 -27.121 15.3265
      vertex 69.9683 -27.2282 14.995
      vertex 70.0501 -27.22 15.3255
    endloop
  endfacet
  facet normal -0.960729 -0.137097 0.241257
    outer loop
      vertex 71.2374 -27.0001 20.1785
      vertex 72.674 -25.9518 26.495
      vertex 69.827 -26.2382 14.995
    endloop
  endfacet
  facet normal -0.960727 -0.137055 0.241286
    outer loop
      vertex 75.173 -43.7766 26.3202
      vertex 72.5726 -26.9662 25.5148
      vertex 74.7939 -42.8105 25.3595
    endloop
  endfacet
  facet normal -0.960751 -0.136948 0.241253
    outer loop
      vertex 73.4865 -43.0425 20.0213
      vertex 74.7939 -42.8105 25.3595
      vertex 73.4726 -42.9434 20.0222
    endloop
  endfacet
  facet normal -0.960741 -0.13706 0.241229
    outer loop
      vertex 72.5726 -26.9662 25.5148
      vertex 75.173 -43.7766 26.3202
      vertex 72.674 -25.9518 26.495
    endloop
  endfacet
  facet normal -0.960731 -0.137087 0.241254
    outer loop
      vertex 73.4865 -43.0425 20.0213
      vertex 75.173 -43.7766 26.3202
      vertex 74.7939 -42.8105 25.3595
    endloop
  endfacet
  facet normal -0.960734 -0.137065 0.241254
    outer loop
      vertex 72.3693 -44.0587 14.995
      vertex 73.4865 -43.0425 20.0213
      vertex 72.2853 -43.1633 15.1692
    endloop
  endfacet
  facet normal -0.960731 -0.137084 0.241256
    outer loop
      vertex 72.5726 -26.9662 25.5148
      vertex 71.2374 -27.0001 20.1785
      vertex 71.2513 -27.0991 20.1776
    endloop
  endfacet
  facet normal 0.960735 0.137054 -0.241258
    outer loop
      vertex 72.4712 -27.9807 24.5347
      vertex 74.4148 -41.8444 24.3988
      vertex 71.3901 -28.0894 20.1678
    endloop
  endfacet
  facet normal 0.960733 0.137044 -0.24127
    outer loop
      vertex 71.3901 -28.0894 20.1678
      vertex 70.2758 -27.1973 16.2374
      vertex 71.2513 -27.0991 20.1776
    endloop
  endfacet
  facet normal 0.960738 0.13706 -0.24124
    outer loop
      vertex 73.3338 -41.9532 20.0319
      vertex 71.3901 -28.0894 20.1678
      vertex 74.4148 -41.8444 24.3988
    endloop
  endfacet
  facet normal 0.960732 0.137059 -0.241266
    outer loop
      vertex 71.3901 -28.0894 20.1678
      vertex 73.3338 -41.9532 20.0319
      vertex 70.2758 -27.1973 16.2374
    endloop
  endfacet
  facet normal 0.960739 0.137034 -0.241253
    outer loop
      vertex 72.4972 -43.0416 16.0821
      vertex 73.3338 -41.9532 20.0319
      vertex 73.4726 -42.9434 20.0222
    endloop
  endfacet
  facet normal 0.960733 0.137061 -0.24126
    outer loop
      vertex 73.3338 -41.9532 20.0319
      vertex 72.4972 -43.0416 16.0821
      vertex 70.2758 -27.1973 16.2374
    endloop
  endfacet
  facet normal 0.960736 0.137049 -0.241255
    outer loop
      vertex 73.9229 -25.7736 26.1813
      vertex 72.4863 -26.8219 19.8649
      vertex 71.1536 -26.0522 14.995
    endloop
  endfacet
  facet normal 0.960735 0.137056 -0.241256
    outer loop
      vertex 73.9229 -25.7736 26.1813
      vertex 73.7201 -27.8025 24.2211
      vertex 72.4863 -26.8219 19.8649
    endloop
  endfacet
  facet normal 0.960734 0.137057 -0.241257
    outer loop
      vertex 76.4219 -43.5984 26.0066
      vertex 73.7201 -27.8025 24.2211
      vertex 73.9229 -25.7736 26.1813
    endloop
  endfacet
  facet normal 0.960723 0.137134 -0.24126
    outer loop
      vertex 75.6638 -41.6662 24.0852
      vertex 74.7355 -42.8643 19.7076
      vertex 74.5827 -41.775 19.7183
    endloop
  endfacet
  facet normal 0.960739 0.137061 -0.241234
    outer loop
      vertex 73.7201 -27.8025 24.2211
      vertex 76.4219 -43.5984 26.0066
      vertex 75.6638 -41.6662 24.0852
    endloop
  endfacet
  facet normal 0.960739 0.137054 -0.241241
    outer loop
      vertex 76.4219 -43.5984 26.0066
      vertex 74.7355 -42.8643 19.7076
      vertex 75.6638 -41.6662 24.0852
    endloop
  endfacet
  facet normal 0.960746 0.136981 -0.241252
    outer loop
      vertex 73.6959 -43.8727 14.995
      vertex 74.7355 -42.8643 19.7076
      vertex 76.4219 -43.5984 26.0066
    endloop
  endfacet
  facet normal 0.960737 0.137032 -0.241261
    outer loop
      vertex 74.7355 -42.8643 19.7076
      vertex 73.6959 -43.8727 14.995
      vertex 73.5688 -42.9816 14.995
    endloop
  endfacet
  facet normal 0.960727 0.137141 -0.241238
    outer loop
      vertex 71.2852 -26.9428 15.0128
      vertex 71.1536 -26.0522 14.995
      vertex 72.4863 -26.8219 19.8649
    endloop
  endfacet
  facet normal 0.962004 0.136249 -0.23661
    outer loop
      vertex 71.2949 -27.0422 14.995
      vertex 71.2852 -26.9428 15.0128
      vertex 71.299 -27.0418 15.0119
    endloop
  endfacet
  facet normal 0.96051 0.137091 -0.242129
    outer loop
      vertex 71.2852 -26.9428 15.0128
      vertex 71.2949 -27.0422 14.995
      vertex 71.1536 -26.0522 14.995
    endloop
  endfacet
  facet normal 0.960729 0.137134 -0.241236
    outer loop
      vertex 72.4863 -26.8219 19.8649
      vertex 73.7201 -27.8025 24.2211
      vertex 72.6391 -27.9112 19.8542
    endloop
  endfacet
  facet normal -0.240206 -0.0241645 -0.970421
    outer loop
      vertex 74.4148 -41.8444 24.3988
      vertex 73.7201 -27.8025 24.2211
      vertex 75.6638 -41.6662 24.0852
    endloop
  endfacet
  facet normal -0.240224 -0.0241653 -0.970417
    outer loop
      vertex 73.7201 -27.8025 24.2211
      vertex 74.4148 -41.8444 24.3988
      vertex 72.4712 -27.9807 24.5347
    endloop
  endfacet
  facet normal 0.138854 -0.990265 -0.00972624
    outer loop
      vertex 71.3901 -28.0894 20.1678
      vertex 73.7201 -27.8025 24.2211
      vertex 72.4712 -27.9807 24.5347
    endloop
  endfacet
  facet normal 0.138845 -0.990266 -0.00972067
    outer loop
      vertex 73.7201 -27.8025 24.2211
      vertex 71.3901 -28.0894 20.1678
      vertex 72.6391 -27.9112 19.8542
    endloop
  endfacet
  facet normal -0.13885 0.990266 0.00969932
    outer loop
      vertex 75.6638 -41.6662 24.0852
      vertex 73.3338 -41.9532 20.0319
      vertex 74.4148 -41.8444 24.3988
    endloop
  endfacet
  facet normal -0.13886 0.990265 0.00970489
    outer loop
      vertex 73.3338 -41.9532 20.0319
      vertex 75.6638 -41.6662 24.0852
      vertex 74.5827 -41.775 19.7183
    endloop
  endfacet
  facet normal 0.240235 0.0241683 0.970414
    outer loop
      vertex 72.5726 -26.9662 25.5148
      vertex 70.951 -43.3587 26.3245
      vertex 74.7939 -42.8105 25.3595
    endloop
  endfacet
  facet normal 0.240229 0.024169 0.970415
    outer loop
      vertex 70.951 -43.3587 26.3245
      vertex 72.5726 -26.9662 25.5148
      vertex 68.7296 -27.5145 26.4798
    endloop
  endfacet
  facet normal -0.960736 -0.137062 0.241248
    outer loop
      vertex 66.2635 -27.7625 16.518
      vertex 70.951 -43.3587 26.3245
      vertex 68.7296 -27.5145 26.4798
    endloop
  endfacet
  facet normal -0.960734 -0.137055 0.241258
    outer loop
      vertex 70.951 -43.3587 26.3245
      vertex 66.2635 -27.7625 16.518
      vertex 68.4848 -43.6068 16.3627
    endloop
  endfacet
  facet normal 1 -0 0
    outer loop
      vertex -22 -52 33
      vertex -22 52 17.005
      vertex -22 52 33
    endloop
  endfacet
  facet normal 1 0 0
    outer loop
      vertex -22 52 17.005
      vertex -22 -52 33
      vertex -22 -52 17.005
    endloop
  endfacet
  facet normal -0.659478 0.751724 0
    outer loop
      vertex -84.9763 54.3801 0
      vertex -85.2713 54.1213 33
      vertex -84.9763 54.3801 33
    endloop
  endfacet
  facet normal -0.659478 0.751724 0
    outer loop
      vertex -85.2713 54.1213 33
      vertex -84.9763 54.3801 0
      vertex -85.2713 54.1213 0
    endloop
  endfacet
  facet normal 0.19494 -0.980815 0
    outer loop
      vertex -24.6084 -54.9743 0
      vertex -24.2235 -54.8978 33
      vertex -24.6084 -54.9743 33
    endloop
  endfacet
  facet normal 0.19494 -0.980815 0
    outer loop
      vertex -24.2235 -54.8978 33
      vertex -24.6084 -54.9743 0
      vertex -24.2235 -54.8978 0
    endloop
  endfacet
  facet normal 0.442211 0.896911 -0
    outer loop
      vertex -23.5 54.5981 17
      vertex -23.8519 54.7716 33
      vertex -23.5 54.5981 33
    endloop
  endfacet
  facet normal 0.442211 0.896911 0
    outer loop
      vertex -23.8519 54.7716 0
      vertex -23.5 54.5981 17
      vertex -23.5 54.5981 0
    endloop
  endfacet
  facet normal 0.442211 0.896911 0
    outer loop
      vertex -23.5 54.5981 17
      vertex -23.8519 54.7716 0
      vertex -23.8519 54.7716 33
    endloop
  endfacet
  facet normal -0.659478 -0.751724 0
    outer loop
      vertex -85.2713 -54.1213 0
      vertex -84.9763 -54.3801 33
      vertex -85.2713 -54.1213 33
    endloop
  endfacet
  facet normal -0.659478 -0.751724 -0
    outer loop
      vertex -84.9763 -54.3801 33
      vertex -85.2713 -54.1213 0
      vertex -84.9763 -54.3801 0
    endloop
  endfacet
  facet normal 0.555523 -0.831501 0
    outer loop
      vertex -23.5 -54.5981 17
      vertex -23.1737 -54.3801 33
      vertex -23.5 -54.5981 33
    endloop
  endfacet
  facet normal 0.555523 -0.831501 0
    outer loop
      vertex -23.1737 -54.3801 33
      vertex -23.5 -54.5981 17
      vertex -23.1737 -54.3801 17
    endloop
  endfacet
  facet normal -0.751724 -0.659478 0
    outer loop
      vertex -85.2713 -54.1213 0
      vertex -85.5301 -53.8263 33
      vertex -85.5301 -53.8263 0
    endloop
  endfacet
  facet normal -0.751724 -0.659478 0
    outer loop
      vertex -85.5301 -53.8263 33
      vertex -85.2713 -54.1213 0
      vertex -85.2713 -54.1213 33
    endloop
  endfacet
  facet normal 0 -1 0
    outer loop
      vertex -83.15 -55 0
      vertex -25 -55 33
      vertex -83.15 -55 33
    endloop
  endfacet
  facet normal 0 -1 -0
    outer loop
      vertex -25 -55 33
      vertex -83.15 -55 0
      vertex -25 -55 0
    endloop
  endfacet
  facet normal 0.831501 0.555523 0
    outer loop
      vertex -22.4019 53.5 33
      vertex -22.6199 53.8263 17
      vertex -22.6199 53.8263 33
    endloop
  endfacet
  facet normal 0.831501 0.555523 0
    outer loop
      vertex -22.6199 53.8263 17
      vertex -22.4019 53.5 33
      vertex -22.4019 53.5 17
    endloop
  endfacet
  facet normal -0.19494 0.980815 0
    outer loop
      vertex -83.5416 54.9743 0
      vertex -83.9265 54.8978 33
      vertex -83.5416 54.9743 33
    endloop
  endfacet
  facet normal -0.19494 0.980815 0
    outer loop
      vertex -83.9265 54.8978 33
      vertex -83.5416 54.9743 0
      vertex -83.9265 54.8978 0
    endloop
  endfacet
  facet normal 0 1 0
    outer loop
      vertex -25 55 33
      vertex -54 55 23.15
      vertex -83.15 55 33
    endloop
  endfacet
  facet normal 0 1 -0
    outer loop
      vertex -51.85 55 21
      vertex -54 55 23.15
      vertex -25 55 33
    endloop
  endfacet
  facet normal 0 1 -0
    outer loop
      vertex -53.15 55 21
      vertex -54 55 21.85
      vertex -51.85 55 21
    endloop
  endfacet
  facet normal 0 1 0
    outer loop
      vertex -54 55 23.15
      vertex -51.85 55 21
      vertex -54 55 21.85
    endloop
  endfacet
  facet normal 0 1 -0
    outer loop
      vertex -25 55 0
      vertex -51.85 55 21
      vertex -25 55 33
    endloop
  endfacet
  facet normal 0 1 0
    outer loop
      vertex -51.85 55 9
      vertex -54 55 8.15
      vertex -53.15 55 9
    endloop
  endfacet
  facet normal 0 1 0
    outer loop
      vertex -51.85 55 9
      vertex -54 55 6.85
      vertex -54 55 8.15
    endloop
  endfacet
  facet normal 0 1 0
    outer loop
      vertex -51.85 55 21
      vertex -25 55 0
      vertex -51.85 55 9
    endloop
  endfacet
  facet normal 0 1 0
    outer loop
      vertex -83.15 55 0
      vertex -54 55 6.85
      vertex -25 55 0
    endloop
  endfacet
  facet normal 0 1 0
    outer loop
      vertex -51.85 55 9
      vertex -25 55 0
      vertex -54 55 6.85
    endloop
  endfacet
  facet normal 0 1 -0
    outer loop
      vertex -66 55 23.15
      vertex -83.15 55 33
      vertex -54 55 23.15
    endloop
  endfacet
  facet normal 0 1 -0
    outer loop
      vertex -66 55 21.85
      vertex -83.15 55 33
      vertex -66 55 23.15
    endloop
  endfacet
  facet normal 0 1 0
    outer loop
      vertex -54 55 21.85
      vertex -53.15 55 21
      vertex -66 55 21.85
    endloop
  endfacet
  facet normal 0 1 -0
    outer loop
      vertex -53.15 55 9
      vertex -66 55 21.85
      vertex -53.15 55 21
    endloop
  endfacet
  facet normal 0 1 0
    outer loop
      vertex -66 55 8.15
      vertex -66 55 21.85
      vertex -53.15 55 9
    endloop
  endfacet
  facet normal 0 1 0
    outer loop
      vertex -66 55 8.15
      vertex -53.15 55 9
      vertex -54 55 8.15
    endloop
  endfacet
  facet normal 0 1 0
    outer loop
      vertex -83.15 55 0
      vertex -66 55 21.85
      vertex -66 55 8.15
    endloop
  endfacet
  facet normal 0 1 0
    outer loop
      vertex -83.15 55 0
      vertex -66 55 8.15
      vertex -66 55 6.85
    endloop
  endfacet
  facet normal 0 1 0
    outer loop
      vertex -66 55 21.85
      vertex -83.15 55 0
      vertex -83.15 55 33
    endloop
  endfacet
  facet normal 0 1 0
    outer loop
      vertex -54 55 6.85
      vertex -83.15 55 0
      vertex -66 55 6.85
    endloop
  endfacet
  facet normal -0.0654873 -0.997853 0
    outer loop
      vertex -83.5416 -54.9743 0
      vertex -83.15 -55 33
      vertex -83.5416 -54.9743 33
    endloop
  endfacet
  facet normal -0.0654873 -0.997853 -0
    outer loop
      vertex -83.15 -55 33
      vertex -83.5416 -54.9743 0
      vertex -83.15 -55 0
    endloop
  endfacet
  facet normal -1 0 0
    outer loop
      vertex -86.15 -42.5 0
      vertex -86.15 -52 0
      vertex -86.15 -42.5 8.005
    endloop
  endfacet
  facet normal -1 0 0
    outer loop
      vertex -86.15 42.5 8.005
      vertex -86.15 -2 10
      vertex -86.15 18 10
    endloop
  endfacet
  facet normal -1 -0 0
    outer loop
      vertex -86.15 -2 10
      vertex -86.15 -42.5 8.005
      vertex -86.15 -2 30
    endloop
  endfacet
  facet normal -1 0 0
    outer loop
      vertex -86.15 -42.5 8.005
      vertex -86.15 -2 10
      vertex -86.15 42.5 8.005
    endloop
  endfacet
  facet normal -1 0 0
    outer loop
      vertex -86.15 42.5 8.005
      vertex -86.15 52 0
      vertex -86.15 42.5 0
    endloop
  endfacet
  facet normal -1 0 0
    outer loop
      vertex -86.15 52 0
      vertex -86.15 42.5 8.005
      vertex -86.15 52 33
    endloop
  endfacet
  facet normal -1 0 0
    outer loop
      vertex -86.15 18 30
      vertex -86.15 42.5 8.005
      vertex -86.15 18 10
    endloop
  endfacet
  facet normal -1 0 0
    outer loop
      vertex -86.15 42.5 8.005
      vertex -86.15 18 30
      vertex -86.15 52 33
    endloop
  endfacet
  facet normal -1 0 0
    outer loop
      vertex -86.15 -2 30
      vertex -86.15 52 33
      vertex -86.15 18 30
    endloop
  endfacet
  facet normal -1 0 0
    outer loop
      vertex -86.15 -2 30
      vertex -86.15 -52 33
      vertex -86.15 52 33
    endloop
  endfacet
  facet normal -1 0 0
    outer loop
      vertex -86.15 -42.5 8.005
      vertex -86.15 -52 33
      vertex -86.15 -2 30
    endloop
  endfacet
  facet normal -1 0 0
    outer loop
      vertex -86.15 -52 33
      vertex -86.15 -42.5 8.005
      vertex -86.15 -52 0
    endloop
  endfacet
  facet normal -1 0 0
    outer loop
      vertex -86.15 0 12
      vertex -86.15 16 28
      vertex -86.15 16 12
    endloop
  endfacet
  facet normal -1 -0 0
    outer loop
      vertex -86.15 16 28
      vertex -86.15 0 12
      vertex -86.15 0 28
    endloop
  endfacet
  facet normal -0.980815 0.19494 0
    outer loop
      vertex -86.1243 52.3916 0
      vertex -86.0478 52.7765 33
      vertex -86.0478 52.7765 0
    endloop
  endfacet
  facet normal -0.980815 0.19494 0
    outer loop
      vertex -86.0478 52.7765 33
      vertex -86.1243 52.3916 0
      vertex -86.1243 52.3916 33
    endloop
  endfacet
  facet normal 0.19494 0.980815 -0
    outer loop
      vertex -24.2235 54.8978 0
      vertex -24.6084 54.9743 33
      vertex -24.2235 54.8978 33
    endloop
  endfacet
  facet normal 0.19494 0.980815 0
    outer loop
      vertex -24.6084 54.9743 33
      vertex -24.2235 54.8978 0
      vertex -24.6084 54.9743 0
    endloop
  endfacet
  facet normal 0.896961 -0.44211 0
    outer loop
      vertex -22.4019 -53.5 33
      vertex -22.2284 -53.148 17
      vertex -22.2284 -53.148 33
    endloop
  endfacet
  facet normal 0.896961 -0.44211 0
    outer loop
      vertex -22.2284 -53.148 17
      vertex -22.4019 -53.5 33
      vertex -22.4019 -53.5 17
    endloop
  endfacet
  facet normal 0.946858 0.321651 0
    outer loop
      vertex -22.1022 52.7765 33
      vertex -22.2284 53.148 17
      vertex -22.2284 53.148 33
    endloop
  endfacet
  facet normal 0.946858 0.321651 0
    outer loop
      vertex -22.2284 53.148 17
      vertex -22.1022 52.7765 33
      vertex -22.1022 52.7765 17
    endloop
  endfacet
  facet normal -0.44211 -0.896961 0
    outer loop
      vertex -84.65 -54.5981 0
      vertex -84.298 -54.7716 33
      vertex -84.65 -54.5981 33
    endloop
  endfacet
  facet normal -0.44211 -0.896961 -0
    outer loop
      vertex -84.298 -54.7716 33
      vertex -84.65 -54.5981 0
      vertex -84.298 -54.7716 0
    endloop
  endfacet
  facet normal -0.946858 0.321651 0
    outer loop
      vertex -86.0478 52.7765 0
      vertex -85.9216 53.148 33
      vertex -85.9216 53.148 0
    endloop
  endfacet
  facet normal -0.946858 0.321651 0
    outer loop
      vertex -85.9216 53.148 33
      vertex -86.0478 52.7765 0
      vertex -86.0478 52.7765 33
    endloop
  endfacet
  facet normal -0.831501 0.555523 0
    outer loop
      vertex -85.7481 53.5 0
      vertex -85.5301 53.8263 33
      vertex -85.5301 53.8263 0
    endloop
  endfacet
  facet normal -0.831501 0.555523 0
    outer loop
      vertex -85.5301 53.8263 33
      vertex -85.7481 53.5 0
      vertex -85.7481 53.5 33
    endloop
  endfacet
  facet normal 0.321574 -0.946885 0
    outer loop
      vertex -24.2235 -54.8978 0
      vertex -23.8519 -54.7716 33
      vertex -24.2235 -54.8978 33
    endloop
  endfacet
  facet normal 0.321574 -0.946885 0
    outer loop
      vertex -23.8519 -54.7716 33
      vertex -24.2235 -54.8978 0
      vertex -23.8519 -54.7716 0
    endloop
  endfacet
  facet normal 0.980893 -0.19455 0
    outer loop
      vertex -22.0257 -52.3916 33
      vertex -22.0472 -52.5 17.005
      vertex -22.0257 -52.3916 17.005
    endloop
  endfacet
  facet normal 0.980815 -0.19494 2.74817e-06
    outer loop
      vertex -22.1022 -52.7765 33
      vertex -22.0472 -52.5 17.005
      vertex -22.0257 -52.3916 33
    endloop
  endfacet
  facet normal 0.980785 -0.195093 0
    outer loop
      vertex -22.1022 -52.7765 17
      vertex -22.0472 -52.5 17.005
      vertex -22.1022 -52.7765 33
    endloop
  endfacet
  facet normal 0.980785 -0.195093 0
    outer loop
      vertex -22.0472 -52.5 17.005
      vertex -22.1022 -52.7765 17
      vertex -22.0472 -52.5 17
    endloop
  endfacet
  facet normal 0.997853 -0.0654873 0
    outer loop
      vertex -22.0257 -52.3916 33
      vertex -22 -52 17.005
      vertex -22 -52 33
    endloop
  endfacet
  facet normal 0.997853 -0.0654873 0
    outer loop
      vertex -22 -52 17.005
      vertex -22.0257 -52.3916 33
      vertex -22.0257 -52.3916 17.005
    endloop
  endfacet
  facet normal 0 0 1
    outer loop
      vertex -27.5 52.5 33
      vertex -22 52 33
      vertex -22.0257 52.3916 33
    endloop
  endfacet
  facet normal 0 0 1
    outer loop
      vertex -22 52 33
      vertex -27.5 52.5 33
      vertex -22 -52 33
    endloop
  endfacet
  facet normal -0 0 1
    outer loop
      vertex -27.5 52.5 33
      vertex -22.0257 52.3916 33
      vertex -22.1022 52.7765 33
    endloop
  endfacet
  facet normal 0 0 1
    outer loop
      vertex -27.5 -52.5 33
      vertex -22 -52 33
      vertex -27.5 52.5 33
    endloop
  endfacet
  facet normal 0 0 1
    outer loop
      vertex -27.5 52.5 33
      vertex -22.1022 52.7765 33
      vertex -22.2284 53.148 33
    endloop
  endfacet
  facet normal 0 0 1
    outer loop
      vertex -22 -52 33
      vertex -27.5 -52.5 33
      vertex -22.0257 -52.3916 33
    endloop
  endfacet
  facet normal 0 0 1
    outer loop
      vertex -27.5 52.5 33
      vertex -22.2284 53.148 33
      vertex -22.4019 53.5 33
    endloop
  endfacet
  facet normal 0 0 1
    outer loop
      vertex -22.0257 -52.3916 33
      vertex -27.5 -52.5 33
      vertex -22.1022 -52.7765 33
    endloop
  endfacet
  facet normal 0 0 1
    outer loop
      vertex -27.5 52.5 33
      vertex -22.4019 53.5 33
      vertex -22.6199 53.8263 33
    endloop
  endfacet
  facet normal 0 0 1
    outer loop
      vertex -22.1022 -52.7765 33
      vertex -27.5 -52.5 33
      vertex -22.2284 -53.148 33
    endloop
  endfacet
  facet normal 0 0 1
    outer loop
      vertex -27.5 52.5 33
      vertex -22.6199 53.8263 33
      vertex -22.8787 54.1213 33
    endloop
  endfacet
  facet normal 0 0 1
    outer loop
      vertex -22.2284 -53.148 33
      vertex -27.5 -52.5 33
      vertex -22.4019 -53.5 33
    endloop
  endfacet
  facet normal 0 0 1
    outer loop
      vertex -27.5 52.5 33
      vertex -22.8787 54.1213 33
      vertex -23.1737 54.3801 33
    endloop
  endfacet
  facet normal 0 0 1
    outer loop
      vertex -22.4019 -53.5 33
      vertex -27.5 -52.5 33
      vertex -22.6199 -53.8263 33
    endloop
  endfacet
  facet normal 0 0 1
    outer loop
      vertex -27.5 52.5 33
      vertex -23.1737 54.3801 33
      vertex -23.5 54.5981 33
    endloop
  endfacet
  facet normal 0 0 1
    outer loop
      vertex -22.6199 -53.8263 33
      vertex -27.5 -52.5 33
      vertex -22.8787 -54.1213 33
    endloop
  endfacet
  facet normal 0 0 1
    outer loop
      vertex -27.5 52.5 33
      vertex -23.5 54.5981 33
      vertex -23.8519 54.7716 33
    endloop
  endfacet
  facet normal 0 0 1
    outer loop
      vertex -22.8787 -54.1213 33
      vertex -27.5 -52.5 33
      vertex -23.1737 -54.3801 33
    endloop
  endfacet
  facet normal 0 0 1
    outer loop
      vertex -27.5 52.5 33
      vertex -23.8519 54.7716 33
      vertex -24.2235 54.8978 33
    endloop
  endfacet
  facet normal 0 0 1
    outer loop
      vertex -23.1737 -54.3801 33
      vertex -27.5 -52.5 33
      vertex -23.5 -54.5981 33
    endloop
  endfacet
  facet normal 0 0 1
    outer loop
      vertex -27.5 52.5 33
      vertex -24.2235 54.8978 33
      vertex -24.6084 54.9743 33
    endloop
  endfacet
  facet normal 0 0 1
    outer loop
      vertex -23.5 -54.5981 33
      vertex -27.5 -52.5 33
      vertex -23.8519 -54.7716 33
    endloop
  endfacet
  facet normal 0 0 1
    outer loop
      vertex -27.5 52.5 33
      vertex -24.6084 54.9743 33
      vertex -25 55 33
    endloop
  endfacet
  facet normal 0 0 1
    outer loop
      vertex -23.8519 -54.7716 33
      vertex -27.5 -52.5 33
      vertex -24.2235 -54.8978 33
    endloop
  endfacet
  facet normal 0 0 1
    outer loop
      vertex -24.2235 -54.8978 33
      vertex -27.5 -52.5 33
      vertex -24.6084 -54.9743 33
    endloop
  endfacet
  facet normal -0 0 1
    outer loop
      vertex -83.15 55 33
      vertex -27.5 52.5 33
      vertex -25 55 33
    endloop
  endfacet
  facet normal 0 0 1
    outer loop
      vertex -83.65 52.5 33
      vertex -83.15 55 33
      vertex -83.5416 54.9743 33
    endloop
  endfacet
  facet normal 0 0 1
    outer loop
      vertex -83.15 55 33
      vertex -83.65 52.5 33
      vertex -27.5 52.5 33
    endloop
  endfacet
  facet normal -0 0 1
    outer loop
      vertex -84.298 54.7716 33
      vertex -83.65 52.5 33
      vertex -83.9265 54.8978 33
    endloop
  endfacet
  facet normal -0 0 1
    outer loop
      vertex -83.9265 54.8978 33
      vertex -83.65 52.5 33
      vertex -83.5416 54.9743 33
    endloop
  endfacet
  facet normal 0 0 1
    outer loop
      vertex -24.6084 -54.9743 33
      vertex -27.5 -52.5 33
      vertex -25 -55 33
    endloop
  endfacet
  facet normal 0 0 1
    outer loop
      vertex -27.5 -52.5 33
      vertex -83.15 -55 33
      vertex -25 -55 33
    endloop
  endfacet
  facet normal -0 0 1
    outer loop
      vertex -83.65 -52.5 33
      vertex -83.15 -55 33
      vertex -27.5 -52.5 33
    endloop
  endfacet
  facet normal 0 0 1
    outer loop
      vertex -83.15 -55 33
      vertex -83.65 -52.5 33
      vertex -83.5416 -54.9743 33
    endloop
  endfacet
  facet normal 0 0 1
    outer loop
      vertex -83.65 -52.5 33
      vertex -83.9265 -54.8978 33
      vertex -83.5416 -54.9743 33
    endloop
  endfacet
  facet normal 0 0 1
    outer loop
      vertex -83.65 52.5 33
      vertex -86.15 52 33
      vertex -83.65 -52.5 33
    endloop
  endfacet
  facet normal -0 0 1
    outer loop
      vertex -84.65 54.5981 33
      vertex -83.65 52.5 33
      vertex -84.298 54.7716 33
    endloop
  endfacet
  facet normal -0 0 1
    outer loop
      vertex -86.15 -52 33
      vertex -83.65 -52.5 33
      vertex -86.15 52 33
    endloop
  endfacet
  facet normal -0 0 1
    outer loop
      vertex -84.9763 54.3801 33
      vertex -83.65 52.5 33
      vertex -84.65 54.5981 33
    endloop
  endfacet
  facet normal -0 -0 1
    outer loop
      vertex -86.1243 -52.3916 33
      vertex -83.65 -52.5 33
      vertex -86.15 -52 33
    endloop
  endfacet
  facet normal -0 0 1
    outer loop
      vertex -85.2713 54.1213 33
      vertex -83.65 52.5 33
      vertex -84.9763 54.3801 33
    endloop
  endfacet
  facet normal 0 0 1
    outer loop
      vertex -83.65 -52.5 33
      vertex -84.298 -54.7716 33
      vertex -83.9265 -54.8978 33
    endloop
  endfacet
  facet normal -0 0 1
    outer loop
      vertex -85.5301 53.8263 33
      vertex -83.65 52.5 33
      vertex -85.2713 54.1213 33
    endloop
  endfacet
  facet normal 0 0 1
    outer loop
      vertex -83.65 -52.5 33
      vertex -84.65 -54.5981 33
      vertex -84.298 -54.7716 33
    endloop
  endfacet
  facet normal -0 0 1
    outer loop
      vertex -85.7481 53.5 33
      vertex -83.65 52.5 33
      vertex -85.5301 53.8263 33
    endloop
  endfacet
  facet normal 0 0 1
    outer loop
      vertex -83.65 -52.5 33
      vertex -84.9763 -54.3801 33
      vertex -84.65 -54.5981 33
    endloop
  endfacet
  facet normal -0 0 1
    outer loop
      vertex -85.9216 53.148 33
      vertex -83.65 52.5 33
      vertex -85.7481 53.5 33
    endloop
  endfacet
  facet normal 0 0 1
    outer loop
      vertex -83.65 -52.5 33
      vertex -85.2713 -54.1213 33
      vertex -84.9763 -54.3801 33
    endloop
  endfacet
  facet normal -0 0 1
    outer loop
      vertex -86.0478 52.7765 33
      vertex -83.65 52.5 33
      vertex -85.9216 53.148 33
    endloop
  endfacet
  facet normal 0 0 1
    outer loop
      vertex -83.65 -52.5 33
      vertex -85.5301 -53.8263 33
      vertex -85.2713 -54.1213 33
    endloop
  endfacet
  facet normal 0 0 1
    outer loop
      vertex -86.1243 52.3916 33
      vertex -83.65 52.5 33
      vertex -86.0478 52.7765 33
    endloop
  endfacet
  facet normal 0 0 1
    outer loop
      vertex -83.65 -52.5 33
      vertex -85.7481 -53.5 33
      vertex -85.5301 -53.8263 33
    endloop
  endfacet
  facet normal 0 0 1
    outer loop
      vertex -83.65 52.5 33
      vertex -86.1243 52.3916 33
      vertex -86.15 52 33
    endloop
  endfacet
  facet normal 0 0 1
    outer loop
      vertex -83.65 -52.5 33
      vertex -85.9216 -53.148 33
      vertex -85.7481 -53.5 33
    endloop
  endfacet
  facet normal 0 0 1
    outer loop
      vertex -83.65 -52.5 33
      vertex -86.0478 -52.7765 33
      vertex -85.9216 -53.148 33
    endloop
  endfacet
  facet normal 0 0 1
    outer loop
      vertex -83.65 -52.5 33
      vertex -86.1243 -52.3916 33
      vertex -86.0478 -52.7765 33
    endloop
  endfacet
  facet normal -0.997853 0.0654873 0
    outer loop
      vertex -86.15 52 0
      vertex -86.1243 52.3916 33
      vertex -86.1243 52.3916 0
    endloop
  endfacet
  facet normal -0.997853 0.0654873 0
    outer loop
      vertex -86.1243 52.3916 33
      vertex -86.15 52 0
      vertex -86.15 52 33
    endloop
  endfacet
  facet normal -0.946858 -0.321651 0
    outer loop
      vertex -85.9216 -53.148 0
      vertex -86.0478 -52.7765 33
      vertex -86.0478 -52.7765 0
    endloop
  endfacet
  facet normal -0.946858 -0.321651 0
    outer loop
      vertex -86.0478 -52.7765 33
      vertex -85.9216 -53.148 0
      vertex -85.9216 -53.148 33
    endloop
  endfacet
  facet normal 0.751724 -0.659478 0
    outer loop
      vertex -22.8787 -54.1213 33
      vertex -22.6199 -53.8263 17
      vertex -22.6199 -53.8263 33
    endloop
  endfacet
  facet normal 0.751724 -0.659478 0
    outer loop
      vertex -22.6199 -53.8263 17
      vertex -22.8787 -54.1213 33
      vertex -22.8787 -54.1213 17
    endloop
  endfacet
  facet normal -0.831501 -0.555523 0
    outer loop
      vertex -85.5301 -53.8263 0
      vertex -85.7481 -53.5 33
      vertex -85.7481 -53.5 0
    endloop
  endfacet
  facet normal -0.831501 -0.555523 0
    outer loop
      vertex -85.7481 -53.5 33
      vertex -85.5301 -53.8263 0
      vertex -85.5301 -53.8263 33
    endloop
  endfacet
  facet normal -0.896961 -0.44211 0
    outer loop
      vertex -85.7481 -53.5 0
      vertex -85.9216 -53.148 33
      vertex -85.9216 -53.148 0
    endloop
  endfacet
  facet normal -0.896961 -0.44211 0
    outer loop
      vertex -85.9216 -53.148 33
      vertex -85.7481 -53.5 0
      vertex -85.7481 -53.5 33
    endloop
  endfacet
  facet normal 0.751724 0.659478 0
    outer loop
      vertex -22.6199 53.8263 33
      vertex -22.8787 54.1213 17
      vertex -22.8787 54.1213 33
    endloop
  endfacet
  facet normal 0.751724 0.659478 0
    outer loop
      vertex -22.8787 54.1213 17
      vertex -22.6199 53.8263 33
      vertex -22.6199 53.8263 17
    endloop
  endfacet
  facet normal 0.946858 -0.321651 0
    outer loop
      vertex -22.2284 -53.148 33
      vertex -22.1022 -52.7765 17
      vertex -22.1022 -52.7765 33
    endloop
  endfacet
  facet normal 0.946858 -0.321651 0
    outer loop
      vertex -22.1022 -52.7765 17
      vertex -22.2284 -53.148 33
      vertex -22.2284 -53.148 17
    endloop
  endfacet
  facet normal -0.555523 -0.831501 0
    outer loop
      vertex -84.9763 -54.3801 0
      vertex -84.65 -54.5981 33
      vertex -84.9763 -54.3801 33
    endloop
  endfacet
  facet normal -0.555523 -0.831501 -0
    outer loop
      vertex -84.65 -54.5981 33
      vertex -84.9763 -54.3801 0
      vertex -84.65 -54.5981 0
    endloop
  endfacet
  facet normal -0.997853 -0.0654873 0
    outer loop
      vertex -86.1243 -52.3916 0
      vertex -86.15 -52 33
      vertex -86.15 -52 0
    endloop
  endfacet
  facet normal -0.997853 -0.0654873 0
    outer loop
      vertex -86.15 -52 33
      vertex -86.1243 -52.3916 0
      vertex -86.1243 -52.3916 33
    endloop
  endfacet
  facet normal -0.896961 0.44211 0
    outer loop
      vertex -85.9216 53.148 0
      vertex -85.7481 53.5 33
      vertex -85.7481 53.5 0
    endloop
  endfacet
  facet normal -0.896961 0.44211 0
    outer loop
      vertex -85.7481 53.5 33
      vertex -85.9216 53.148 0
      vertex -85.9216 53.148 33
    endloop
  endfacet
  facet normal 0.831501 -0.555523 0
    outer loop
      vertex -22.6199 -53.8263 33
      vertex -22.4019 -53.5 17
      vertex -22.4019 -53.5 33
    endloop
  endfacet
  facet normal 0.831501 -0.555523 0
    outer loop
      vertex -22.4019 -53.5 17
      vertex -22.6199 -53.8263 33
      vertex -22.6199 -53.8263 17
    endloop
  endfacet
  facet normal 0.896961 0.44211 0
    outer loop
      vertex -22.2284 53.148 33
      vertex -22.4019 53.5 17
      vertex -22.4019 53.5 33
    endloop
  endfacet
  facet normal 0.896961 0.44211 0
    outer loop
      vertex -22.4019 53.5 17
      vertex -22.2284 53.148 33
      vertex -22.2284 53.148 17
    endloop
  endfacet
  facet normal 0.442211 -0.896911 0
    outer loop
      vertex -23.8519 -54.7716 33
      vertex -23.5 -54.5981 17
      vertex -23.5 -54.5981 33
    endloop
  endfacet
  facet normal 0.442211 -0.896911 0
    outer loop
      vertex -23.8519 -54.7716 0
      vertex -23.5 -54.5981 17
      vertex -23.8519 -54.7716 33
    endloop
  endfacet
  facet normal 0.442211 -0.896911 0
    outer loop
      vertex -23.5 -54.5981 17
      vertex -23.8519 -54.7716 0
      vertex -23.5 -54.5981 0
    endloop
  endfacet
  facet normal 0.0654873 -0.997853 0
    outer loop
      vertex -25 -55 0
      vertex -24.6084 -54.9743 33
      vertex -25 -55 33
    endloop
  endfacet
  facet normal 0.0654873 -0.997853 0
    outer loop
      vertex -24.6084 -54.9743 33
      vertex -25 -55 0
      vertex -24.6084 -54.9743 0
    endloop
  endfacet
  facet normal 0.659478 0.751724 -0
    outer loop
      vertex -22.8787 54.1213 17
      vertex -23.1737 54.3801 33
      vertex -22.8787 54.1213 33
    endloop
  endfacet
  facet normal 0.659478 0.751724 0
    outer loop
      vertex -23.1737 54.3801 33
      vertex -22.8787 54.1213 17
      vertex -23.1737 54.3801 17
    endloop
  endfacet
  facet normal -0.980815 -0.19494 0
    outer loop
      vertex -86.0478 -52.7765 0
      vertex -86.1243 -52.3916 33
      vertex -86.1243 -52.3916 0
    endloop
  endfacet
  facet normal -0.980815 -0.19494 0
    outer loop
      vertex -86.1243 -52.3916 33
      vertex -86.0478 -52.7765 0
      vertex -86.0478 -52.7765 33
    endloop
  endfacet
  facet normal -0.44211 0.896961 0
    outer loop
      vertex -84.298 54.7716 0
      vertex -84.65 54.5981 33
      vertex -84.298 54.7716 33
    endloop
  endfacet
  facet normal -0.44211 0.896961 0
    outer loop
      vertex -84.65 54.5981 33
      vertex -84.298 54.7716 0
      vertex -84.65 54.5981 0
    endloop
  endfacet
  facet normal 0.659478 -0.751724 0
    outer loop
      vertex -23.1737 -54.3801 17
      vertex -22.8787 -54.1213 33
      vertex -23.1737 -54.3801 33
    endloop
  endfacet
  facet normal 0.659478 -0.751724 0
    outer loop
      vertex -22.8787 -54.1213 33
      vertex -23.1737 -54.3801 17
      vertex -22.8787 -54.1213 17
    endloop
  endfacet
  facet normal 0.555523 0.831501 -0
    outer loop
      vertex -23.1737 54.3801 17
      vertex -23.5 54.5981 33
      vertex -23.1737 54.3801 33
    endloop
  endfacet
  facet normal 0.555523 0.831501 0
    outer loop
      vertex -23.5 54.5981 33
      vertex -23.1737 54.3801 17
      vertex -23.5 54.5981 17
    endloop
  endfacet
  facet normal -0.751724 0.659478 0
    outer loop
      vertex -85.5301 53.8263 0
      vertex -85.2713 54.1213 33
      vertex -85.2713 54.1213 0
    endloop
  endfacet
  facet normal -0.751724 0.659478 0
    outer loop
      vertex -85.2713 54.1213 33
      vertex -85.5301 53.8263 0
      vertex -85.5301 53.8263 33
    endloop
  endfacet
  facet normal -0.555523 0.831501 0
    outer loop
      vertex -84.65 54.5981 0
      vertex -84.9763 54.3801 33
      vertex -84.65 54.5981 33
    endloop
  endfacet
  facet normal -0.555523 0.831501 0
    outer loop
      vertex -84.9763 54.3801 33
      vertex -84.65 54.5981 0
      vertex -84.9763 54.3801 0
    endloop
  endfacet
  facet normal -0.19494 -0.980815 0
    outer loop
      vertex -83.9265 -54.8978 0
      vertex -83.5416 -54.9743 33
      vertex -83.9265 -54.8978 33
    endloop
  endfacet
  facet normal -0.19494 -0.980815 -0
    outer loop
      vertex -83.5416 -54.9743 33
      vertex -83.9265 -54.8978 0
      vertex -83.5416 -54.9743 0
    endloop
  endfacet
  facet normal -0.321651 0.946858 0
    outer loop
      vertex -83.9265 54.8978 0
      vertex -84.298 54.7716 33
      vertex -83.9265 54.8978 33
    endloop
  endfacet
  facet normal -0.321651 0.946858 0
    outer loop
      vertex -84.298 54.7716 33
      vertex -83.9265 54.8978 0
      vertex -84.298 54.7716 0
    endloop
  endfacet
  facet normal 0.997853 0.0654873 0
    outer loop
      vertex -22 52 33
      vertex -22.0257 52.3916 17.005
      vertex -22.0257 52.3916 33
    endloop
  endfacet
  facet normal 0.997853 0.0654873 0
    outer loop
      vertex -22.0257 52.3916 17.005
      vertex -22 52 33
      vertex -22 52 17.005
    endloop
  endfacet
  facet normal 0.980785 0.195093 0
    outer loop
      vertex -22.1022 52.7765 33
      vertex -22.0472 52.5 17.005
      vertex -22.1022 52.7765 17
    endloop
  endfacet
  facet normal 0.980815 0.19494 2.74817e-06
    outer loop
      vertex -22.0257 52.3916 33
      vertex -22.0472 52.5 17.005
      vertex -22.1022 52.7765 33
    endloop
  endfacet
  facet normal 0.980893 0.19455 0
    outer loop
      vertex -22.0472 52.5 17.005
      vertex -22.0257 52.3916 33
      vertex -22.0257 52.3916 17.005
    endloop
  endfacet
  facet normal 0.980785 0.195093 0
    outer loop
      vertex -22.1022 52.7765 17
      vertex -22.0472 52.5 17.005
      vertex -22.0472 52.5 17
    endloop
  endfacet
  facet normal 0.321574 0.946885 -0
    outer loop
      vertex -23.8519 54.7716 0
      vertex -24.2235 54.8978 33
      vertex -23.8519 54.7716 33
    endloop
  endfacet
  facet normal 0.321574 0.946885 0
    outer loop
      vertex -24.2235 54.8978 33
      vertex -23.8519 54.7716 0
      vertex -24.2235 54.8978 0
    endloop
  endfacet
  facet normal 0.0654873 0.997853 -0
    outer loop
      vertex -24.6084 54.9743 0
      vertex -25 55 33
      vertex -24.6084 54.9743 33
    endloop
  endfacet
  facet normal 0.0654873 0.997853 0
    outer loop
      vertex -25 55 33
      vertex -24.6084 54.9743 0
      vertex -25 55 0
    endloop
  endfacet
  facet normal 0 0 -1
    outer loop
      vertex -6 -55 0
      vertex -3 -52 0
      vertex -3.02567 -52.3916 0
    endloop
  endfacet
  facet normal 0 0 -1
    outer loop
      vertex -6 -55 0
      vertex -3.02567 -52.3916 0
      vertex -3.10222 -52.7765 0
    endloop
  endfacet
  facet normal 0 0 -1
    outer loop
      vertex -6 -55 0
      vertex -3.10222 -52.7765 0
      vertex -3.22836 -53.148 0
    endloop
  endfacet
  facet normal 0 0 -1
    outer loop
      vertex -6 -55 0
      vertex -3.22836 -53.148 0
      vertex -3.40192 -53.5 0
    endloop
  endfacet
  facet normal 0 0 -1
    outer loop
      vertex -6 -55 0
      vertex -3.40192 -53.5 0
      vertex -3.61994 -53.8263 0
    endloop
  endfacet
  facet normal 0 0 -1
    outer loop
      vertex -6 -55 0
      vertex -3.61994 -53.8263 0
      vertex -3.87868 -54.1213 0
    endloop
  endfacet
  facet normal 0 0 -1
    outer loop
      vertex -6 -55 0
      vertex -3.87868 -54.1213 0
      vertex -4.17372 -54.3801 0
    endloop
  endfacet
  facet normal 0 0 -1
    outer loop
      vertex -6 -55 0
      vertex -4.17372 -54.3801 0
      vertex -4.5 -54.5981 0
    endloop
  endfacet
  facet normal 0 0 -1
    outer loop
      vertex -6 -55 0
      vertex -4.5 -54.5981 0
      vertex -4.85195 -54.7716 0
    endloop
  endfacet
  facet normal 0 0 -1
    outer loop
      vertex -6 -55 0
      vertex -4.85195 -54.7716 0
      vertex -5.22354 -54.8978 0
    endloop
  endfacet
  facet normal 0 0 -1
    outer loop
      vertex -6 -55 0
      vertex -5.22354 -54.8978 0
      vertex -5.60842 -54.9743 0
    endloop
  endfacet
  facet normal -0 0 -1
    outer loop
      vertex -3 -52 0
      vertex -6 -55 0
      vertex -3 -42.5 0
    endloop
  endfacet
  facet normal 0 0 -1
    outer loop
      vertex -22 -55 0
      vertex -3 -42.5 0
      vertex -6 -55 0
    endloop
  endfacet
  facet normal 0 0 -1
    outer loop
      vertex -23.5 -54.5981 0
      vertex -22 -55 0
      vertex -22.3916 -54.9743 0
    endloop
  endfacet
  facet normal 0 0 -1
    outer loop
      vertex -23.5 -54.5981 0
      vertex -22.3916 -54.9743 0
      vertex -22.7765 -54.8978 0
    endloop
  endfacet
  facet normal 0 0 -1
    outer loop
      vertex -23.5 -54.5981 0
      vertex -22.7765 -54.8978 0
      vertex -23.148 -54.7716 0
    endloop
  endfacet
  facet normal 0 0 -1
    outer loop
      vertex -22 -55 0
      vertex -23.5 -54.5981 0
      vertex -3 -42.5 0
    endloop
  endfacet
  facet normal 0 0 -1
    outer loop
      vertex -25 -55 0
      vertex -23.5 -54.5981 0
      vertex -23.8519 -54.7716 0
    endloop
  endfacet
  facet normal 0 0 -1
    outer loop
      vertex -25 -55 0
      vertex -23.8519 -54.7716 0
      vertex -24.2235 -54.8978 0
    endloop
  endfacet
  facet normal 0 0 -1
    outer loop
      vertex -25 -55 0
      vertex -24.2235 -54.8978 0
      vertex -24.6084 -54.9743 0
    endloop
  endfacet
  facet normal -0 0 -1
    outer loop
      vertex -23.5 -54.5981 0
      vertex -25 -55 0
      vertex -3 -42.5 0
    endloop
  endfacet
  facet normal 0 0 -1
    outer loop
      vertex -86.15 -42.5 0
      vertex -25 -55 0
      vertex -83.15 -55 0
    endloop
  endfacet
  facet normal 0 0 -1
    outer loop
      vertex -86.15 -52 0
      vertex -83.15 -55 0
      vertex -83.5416 -54.9743 0
    endloop
  endfacet
  facet normal 0 0 -1
    outer loop
      vertex -86.15 -52 0
      vertex -83.5416 -54.9743 0
      vertex -83.9265 -54.8978 0
    endloop
  endfacet
  facet normal 0 0 -1
    outer loop
      vertex -86.15 -52 0
      vertex -83.9265 -54.8978 0
      vertex -84.298 -54.7716 0
    endloop
  endfacet
  facet normal 0 0 -1
    outer loop
      vertex -86.15 -52 0
      vertex -84.298 -54.7716 0
      vertex -84.65 -54.5981 0
    endloop
  endfacet
  facet normal 0 0 -1
    outer loop
      vertex -86.15 -52 0
      vertex -84.65 -54.5981 0
      vertex -84.9763 -54.3801 0
    endloop
  endfacet
  facet normal 0 0 -1
    outer loop
      vertex -86.15 -52 0
      vertex -84.9763 -54.3801 0
      vertex -85.2713 -54.1213 0
    endloop
  endfacet
  facet normal 0 0 -1
    outer loop
      vertex -86.15 -52 0
      vertex -85.2713 -54.1213 0
      vertex -85.5301 -53.8263 0
    endloop
  endfacet
  facet normal 0 0 -1
    outer loop
      vertex -86.15 -52 0
      vertex -85.5301 -53.8263 0
      vertex -85.7481 -53.5 0
    endloop
  endfacet
  facet normal 0 0 -1
    outer loop
      vertex -86.15 -52 0
      vertex -85.7481 -53.5 0
      vertex -85.9216 -53.148 0
    endloop
  endfacet
  facet normal 0 0 -1
    outer loop
      vertex -86.15 -52 0
      vertex -85.9216 -53.148 0
      vertex -86.0478 -52.7765 0
    endloop
  endfacet
  facet normal 0 0 -1
    outer loop
      vertex -86.15 -52 0
      vertex -86.0478 -52.7765 0
      vertex -86.1243 -52.3916 0
    endloop
  endfacet
  facet normal 0 0 -1
    outer loop
      vertex -83.15 -55 0
      vertex -86.15 -52 0
      vertex -86.15 -42.5 0
    endloop
  endfacet
  facet normal 0 0 -1
    outer loop
      vertex -25 -55 0
      vertex -86.15 -42.5 0
      vertex -3 -42.5 0
    endloop
  endfacet
  facet normal 0 0 -1
    outer loop
      vertex -6 55 0
      vertex -3 52 0
      vertex -3 42.5 0
    endloop
  endfacet
  facet normal 0 0 -1
    outer loop
      vertex -3 52 0
      vertex -6 55 0
      vertex -3.02567 52.3916 0
    endloop
  endfacet
  facet normal 0 0 -1
    outer loop
      vertex -3.02567 52.3916 0
      vertex -6 55 0
      vertex -3.10222 52.7765 0
    endloop
  endfacet
  facet normal 0 0 -1
    outer loop
      vertex -3.10222 52.7765 0
      vertex -6 55 0
      vertex -3.22836 53.148 0
    endloop
  endfacet
  facet normal 0 0 -1
    outer loop
      vertex -3.22836 53.148 0
      vertex -6 55 0
      vertex -3.40192 53.5 0
    endloop
  endfacet
  facet normal 0 0 -1
    outer loop
      vertex -3.40192 53.5 0
      vertex -6 55 0
      vertex -3.61994 53.8263 0
    endloop
  endfacet
  facet normal 0 0 -1
    outer loop
      vertex -3.61994 53.8263 0
      vertex -6 55 0
      vertex -3.87868 54.1213 0
    endloop
  endfacet
  facet normal 0 0 -1
    outer loop
      vertex -3.87868 54.1213 0
      vertex -6 55 0
      vertex -4.17372 54.3801 0
    endloop
  endfacet
  facet normal 0 0 -1
    outer loop
      vertex -4.17372 54.3801 0
      vertex -6 55 0
      vertex -4.5 54.5981 0
    endloop
  endfacet
  facet normal 0 0 -1
    outer loop
      vertex -4.5 54.5981 0
      vertex -6 55 0
      vertex -4.85195 54.7716 0
    endloop
  endfacet
  facet normal 0 0 -1
    outer loop
      vertex -4.85195 54.7716 0
      vertex -6 55 0
      vertex -5.22354 54.8978 0
    endloop
  endfacet
  facet normal 0 0 -1
    outer loop
      vertex -5.22354 54.8978 0
      vertex -6 55 0
      vertex -5.60842 54.9743 0
    endloop
  endfacet
  facet normal 0 0 -1
    outer loop
      vertex -3 42.5 0
      vertex -22 55 0
      vertex -6 55 0
    endloop
  endfacet
  facet normal 0 0 -1
    outer loop
      vertex -23.5 54.5981 0
      vertex -22 55 0
      vertex -3 42.5 0
    endloop
  endfacet
  facet normal 0 0 -1
    outer loop
      vertex -22 55 0
      vertex -23.5 54.5981 0
      vertex -22.3916 54.9743 0
    endloop
  endfacet
  facet normal 0 0 -1
    outer loop
      vertex -22.3916 54.9743 0
      vertex -23.5 54.5981 0
      vertex -22.7765 54.8978 0
    endloop
  endfacet
  facet normal 0 0 -1
    outer loop
      vertex -22.7765 54.8978 0
      vertex -23.5 54.5981 0
      vertex -23.148 54.7716 0
    endloop
  endfacet
  facet normal 0 0 -1
    outer loop
      vertex -25 55 0
      vertex -23.5 54.5981 0
      vertex -3 42.5 0
    endloop
  endfacet
  facet normal 0 0 -1
    outer loop
      vertex -23.5 54.5981 0
      vertex -25 55 0
      vertex -23.8519 54.7716 0
    endloop
  endfacet
  facet normal 0 0 -1
    outer loop
      vertex -23.8519 54.7716 0
      vertex -25 55 0
      vertex -24.2235 54.8978 0
    endloop
  endfacet
  facet normal 0 0 -1
    outer loop
      vertex -24.2235 54.8978 0
      vertex -25 55 0
      vertex -24.6084 54.9743 0
    endloop
  endfacet
  facet normal 0 0 -1
    outer loop
      vertex -86.15 42.5 0
      vertex -25 55 0
      vertex -3 42.5 0
    endloop
  endfacet
  facet normal -0 0 -1
    outer loop
      vertex -25 55 0
      vertex -86.15 42.5 0
      vertex -83.15 55 0
    endloop
  endfacet
  facet normal 0 0 -1
    outer loop
      vertex -86.15 52 0
      vertex -83.15 55 0
      vertex -86.15 42.5 0
    endloop
  endfacet
  facet normal 0 0 -1
    outer loop
      vertex -83.15 55 0
      vertex -86.15 52 0
      vertex -83.5416 54.9743 0
    endloop
  endfacet
  facet normal 0 0 -1
    outer loop
      vertex -83.5416 54.9743 0
      vertex -86.15 52 0
      vertex -83.9265 54.8978 0
    endloop
  endfacet
  facet normal 0 0 -1
    outer loop
      vertex -83.9265 54.8978 0
      vertex -86.15 52 0
      vertex -84.298 54.7716 0
    endloop
  endfacet
  facet normal 0 0 -1
    outer loop
      vertex -84.298 54.7716 0
      vertex -86.15 52 0
      vertex -84.65 54.5981 0
    endloop
  endfacet
  facet normal 0 0 -1
    outer loop
      vertex -84.65 54.5981 0
      vertex -86.15 52 0
      vertex -84.9763 54.3801 0
    endloop
  endfacet
  facet normal 0 0 -1
    outer loop
      vertex -84.9763 54.3801 0
      vertex -86.15 52 0
      vertex -85.2713 54.1213 0
    endloop
  endfacet
  facet normal 0 0 -1
    outer loop
      vertex -85.2713 54.1213 0
      vertex -86.15 52 0
      vertex -85.5301 53.8263 0
    endloop
  endfacet
  facet normal 0 0 -1
    outer loop
      vertex -85.5301 53.8263 0
      vertex -86.15 52 0
      vertex -85.7481 53.5 0
    endloop
  endfacet
  facet normal 0 0 -1
    outer loop
      vertex -85.9216 53.148 0
      vertex -86.15 52 0
      vertex -86.0478 52.7765 0
    endloop
  endfacet
  facet normal 0 0 -1
    outer loop
      vertex -85.7481 53.5 0
      vertex -86.15 52 0
      vertex -85.9216 53.148 0
    endloop
  endfacet
  facet normal 0 0 -1
    outer loop
      vertex -86.0478 52.7765 0
      vertex -86.15 52 0
      vertex -86.1243 52.3916 0
    endloop
  endfacet
  facet normal -0.321651 -0.946858 0
    outer loop
      vertex -84.298 -54.7716 0
      vertex -83.9265 -54.8978 33
      vertex -84.298 -54.7716 33
    endloop
  endfacet
  facet normal -0.321651 -0.946858 -0
    outer loop
      vertex -83.9265 -54.8978 33
      vertex -84.298 -54.7716 0
      vertex -83.9265 -54.8978 0
    endloop
  endfacet
  facet normal -0.0654873 0.997853 0
    outer loop
      vertex -83.15 55 0
      vertex -83.5416 54.9743 33
      vertex -83.15 55 33
    endloop
  endfacet
  facet normal -0.0654873 0.997853 0
    outer loop
      vertex -83.5416 54.9743 33
      vertex -83.15 55 0
      vertex -83.5416 54.9743 0
    endloop
  endfacet
  facet normal 0.19495 0.980813 -0
    outer loop
      vertex -5.22354 54.8978 0
      vertex -5.60842 54.9743 17
      vertex -5.22354 54.8978 17
    endloop
  endfacet
  facet normal 0.19495 0.980813 0
    outer loop
      vertex -5.60842 54.9743 17
      vertex -5.22354 54.8978 0
      vertex -5.60842 54.9743 0
    endloop
  endfacet
  facet normal 0.659428 -0.751768 0
    outer loop
      vertex -4.17372 -54.3801 0
      vertex -3.87868 -54.1213 17
      vertex -4.17372 -54.3801 17
    endloop
  endfacet
  facet normal 0.659428 -0.751768 0
    outer loop
      vertex -3.87868 -54.1213 17
      vertex -4.17372 -54.3801 0
      vertex -3.87868 -54.1213 0
    endloop
  endfacet
  facet normal 0.555547 -0.831485 0
    outer loop
      vertex -4.5 -54.5981 0
      vertex -4.17372 -54.3801 17
      vertex -4.5 -54.5981 17
    endloop
  endfacet
  facet normal 0.555547 -0.831485 0
    outer loop
      vertex -4.17372 -54.3801 17
      vertex -4.5 -54.5981 0
      vertex -4.17372 -54.3801 0
    endloop
  endfacet
  facet normal -0.44211 -0.896961 0
    outer loop
      vertex -23.5 -54.5981 0
      vertex -23.148 -54.7716 17
      vertex -23.5 -54.5981 17
    endloop
  endfacet
  facet normal -0.44211 -0.896961 -0
    outer loop
      vertex -23.148 -54.7716 17
      vertex -23.5 -54.5981 0
      vertex -23.148 -54.7716 0
    endloop
  endfacet
  facet normal 0 -1 0
    outer loop
      vertex -22 -55 0
      vertex -6 -55 17
      vertex -22 -55 17
    endloop
  endfacet
  facet normal 0 -1 -0
    outer loop
      vertex -6 -55 17
      vertex -22 -55 0
      vertex -6 -55 0
    endloop
  endfacet
  facet normal -0.0654873 -0.997853 0
    outer loop
      vertex -22.3916 -54.9743 0
      vertex -22 -55 17
      vertex -22.3916 -54.9743 17
    endloop
  endfacet
  facet normal -0.0654873 -0.997853 -0
    outer loop
      vertex -22 -55 17
      vertex -22.3916 -54.9743 0
      vertex -22 -55 0
    endloop
  endfacet
  facet normal 0.0654906 -0.997853 0
    outer loop
      vertex -6 -55 0
      vertex -5.60842 -54.9743 17
      vertex -6 -55 17
    endloop
  endfacet
  facet normal 0.0654906 -0.997853 0
    outer loop
      vertex -5.60842 -54.9743 17
      vertex -6 -55 0
      vertex -5.60842 -54.9743 0
    endloop
  endfacet
  facet normal 0.946905 0.321514 0
    outer loop
      vertex -3.10222 52.7765 17
      vertex -3.22836 53.148 0
      vertex -3.22836 53.148 17
    endloop
  endfacet
  facet normal 0.946905 0.321514 0
    outer loop
      vertex -3.22836 53.148 0
      vertex -3.10222 52.7765 17
      vertex -3.10222 52.7765 0
    endloop
  endfacet
  facet normal 0.44216 0.896936 -0
    outer loop
      vertex -4.5 54.5981 0
      vertex -4.85195 54.7716 17
      vertex -4.5 54.5981 17
    endloop
  endfacet
  facet normal 0.44216 0.896936 0
    outer loop
      vertex -4.85195 54.7716 17
      vertex -4.5 54.5981 0
      vertex -4.85195 54.7716 0
    endloop
  endfacet
  facet normal -0.321651 0.946858 0
    outer loop
      vertex -22.7765 54.8978 0
      vertex -23.148 54.7716 17
      vertex -22.7765 54.8978 17
    endloop
  endfacet
  facet normal -0.321651 0.946858 0
    outer loop
      vertex -23.148 54.7716 17
      vertex -22.7765 54.8978 0
      vertex -23.148 54.7716 0
    endloop
  endfacet
  facet normal 0.831477 -0.555558 0
    outer loop
      vertex -3.61994 -53.8263 17
      vertex -3.40192 -53.5 0
      vertex -3.40192 -53.5 17
    endloop
  endfacet
  facet normal 0.831477 -0.555558 0
    outer loop
      vertex -3.40192 -53.5 0
      vertex -3.61994 -53.8263 17
      vertex -3.61994 -53.8263 0
    endloop
  endfacet
  facet normal 1 0 0
    outer loop
      vertex -3 52 17
      vertex -3 42.5 8.005
      vertex -3 52 0
    endloop
  endfacet
  facet normal 1 0 0
    outer loop
      vertex -3 52 17
      vertex -3 42 13
      vertex -3 42.5 8.005
    endloop
  endfacet
  facet normal 1 0 0
    outer loop
      vertex -3 52 17
      vertex -3 -42 13
      vertex -3 42 13
    endloop
  endfacet
  facet normal 1 0 0
    outer loop
      vertex -3 -42 13
      vertex -3 -42.5 8.005
      vertex -3 -42 8.005
    endloop
  endfacet
  facet normal 1 -0 0
    outer loop
      vertex -3 -52 17
      vertex -3 -42 13
      vertex -3 52 17
    endloop
  endfacet
  facet normal 1 0 0
    outer loop
      vertex -3 -52 17
      vertex -3 -42.5 8.005
      vertex -3 -42 13
    endloop
  endfacet
  facet normal 1 0 0
    outer loop
      vertex -3 -52 0
      vertex -3 -42.5 8.005
      vertex -3 -52 17
    endloop
  endfacet
  facet normal 1 0 0
    outer loop
      vertex -3 -42.5 8.005
      vertex -3 -52 0
      vertex -3 -42.5 0
    endloop
  endfacet
  facet normal 1 0 0
    outer loop
      vertex -3 52 0
      vertex -3 42.5 8.005
      vertex -3 42.5 0
    endloop
  endfacet
  facet normal 1 0 0
    outer loop
      vertex -3 42.5 8.005
      vertex -3 42 13
      vertex -3 42 8.005
    endloop
  endfacet
  facet normal 0.980791 0.195062 0
    outer loop
      vertex -3.02567 52.3916 17
      vertex -3.10222 52.7765 0
      vertex -3.10222 52.7765 17
    endloop
  endfacet
  facet normal 0.980791 0.195062 0
    outer loop
      vertex -3.10222 52.7765 0
      vertex -3.02567 52.3916 17
      vertex -3.02567 52.3916 0
    endloop
  endfacet
  facet normal 0.8969 -0.442233 0
    outer loop
      vertex -3.40192 -53.5 17
      vertex -3.22836 -53.148 0
      vertex -3.22836 -53.148 17
    endloop
  endfacet
  facet normal 0.8969 -0.442233 0
    outer loop
      vertex -3.22836 -53.148 0
      vertex -3.40192 -53.5 17
      vertex -3.40192 -53.5 0
    endloop
  endfacet
  facet normal -0.19494 0.980815 0
    outer loop
      vertex -22.3916 54.9743 0
      vertex -22.7765 54.8978 17
      vertex -22.3916 54.9743 17
    endloop
  endfacet
  facet normal -0.19494 0.980815 0
    outer loop
      vertex -22.7765 54.8978 17
      vertex -22.3916 54.9743 0
      vertex -22.7765 54.8978 0
    endloop
  endfacet
  facet normal 0.997858 0.0654112 0
    outer loop
      vertex -3 52 17
      vertex -3.02567 52.3916 0
      vertex -3.02567 52.3916 17
    endloop
  endfacet
  facet normal 0.997858 0.0654112 0
    outer loop
      vertex -3.02567 52.3916 0
      vertex -3 52 17
      vertex -3 52 0
    endloop
  endfacet
  facet normal 0.831477 0.555558 0
    outer loop
      vertex -3.40192 53.5 17
      vertex -3.61994 53.8263 0
      vertex -3.61994 53.8263 17
    endloop
  endfacet
  facet normal 0.831477 0.555558 0
    outer loop
      vertex -3.61994 53.8263 0
      vertex -3.40192 53.5 17
      vertex -3.40192 53.5 0
    endloop
  endfacet
  facet normal 0.555547 0.831485 -0
    outer loop
      vertex -4.17372 54.3801 0
      vertex -4.5 54.5981 17
      vertex -4.17372 54.3801 17
    endloop
  endfacet
  facet normal 0.555547 0.831485 0
    outer loop
      vertex -4.5 54.5981 17
      vertex -4.17372 54.3801 0
      vertex -4.5 54.5981 0
    endloop
  endfacet
  facet normal 0.321582 -0.946882 0
    outer loop
      vertex -5.22354 -54.8978 0
      vertex -4.85195 -54.7716 17
      vertex -5.22354 -54.8978 17
    endloop
  endfacet
  facet normal 0.321582 -0.946882 0
    outer loop
      vertex -4.85195 -54.7716 17
      vertex -5.22354 -54.8978 0
      vertex -4.85195 -54.7716 0
    endloop
  endfacet
  facet normal -0.321651 -0.946858 0
    outer loop
      vertex -23.148 -54.7716 0
      vertex -22.7765 -54.8978 17
      vertex -23.148 -54.7716 17
    endloop
  endfacet
  facet normal -0.321651 -0.946858 -0
    outer loop
      vertex -22.7765 -54.8978 17
      vertex -23.148 -54.7716 0
      vertex -22.7765 -54.8978 0
    endloop
  endfacet
  facet normal -0.44211 0.896961 0
    outer loop
      vertex -23.148 54.7716 0
      vertex -23.5 54.5981 17
      vertex -23.148 54.7716 17
    endloop
  endfacet
  facet normal -0.44211 0.896961 0
    outer loop
      vertex -23.5 54.5981 17
      vertex -23.148 54.7716 0
      vertex -23.5 54.5981 0
    endloop
  endfacet
  facet normal 0.997858 -0.0654112 0
    outer loop
      vertex -3.02567 -52.3916 17
      vertex -3 -52 0
      vertex -3 -52 17
    endloop
  endfacet
  facet normal 0.997858 -0.0654112 0
    outer loop
      vertex -3 -52 0
      vertex -3.02567 -52.3916 17
      vertex -3.02567 -52.3916 0
    endloop
  endfacet
  facet normal 0.980791 -0.195062 0
    outer loop
      vertex -3.10222 -52.7765 17
      vertex -3.02567 -52.3916 0
      vertex -3.02567 -52.3916 17
    endloop
  endfacet
  facet normal 0.980791 -0.195062 0
    outer loop
      vertex -3.02567 -52.3916 0
      vertex -3.10222 -52.7765 17
      vertex -3.10222 -52.7765 0
    endloop
  endfacet
  facet normal 0.751799 0.659392 0
    outer loop
      vertex -3.61994 53.8263 17
      vertex -3.87868 54.1213 0
      vertex -3.87868 54.1213 17
    endloop
  endfacet
  facet normal 0.751799 0.659392 0
    outer loop
      vertex -3.87868 54.1213 0
      vertex -3.61994 53.8263 17
      vertex -3.61994 53.8263 0
    endloop
  endfacet
  facet normal 0.8969 0.442233 0
    outer loop
      vertex -3.22836 53.148 17
      vertex -3.40192 53.5 0
      vertex -3.40192 53.5 17
    endloop
  endfacet
  facet normal 0.8969 0.442233 0
    outer loop
      vertex -3.40192 53.5 0
      vertex -3.22836 53.148 17
      vertex -3.22836 53.148 0
    endloop
  endfacet
  facet normal 0.946905 -0.321514 0
    outer loop
      vertex -3.22836 -53.148 17
      vertex -3.10222 -52.7765 0
      vertex -3.10222 -52.7765 17
    endloop
  endfacet
  facet normal 0.946905 -0.321514 0
    outer loop
      vertex -3.10222 -52.7765 0
      vertex -3.22836 -53.148 17
      vertex -3.22836 -53.148 0
    endloop
  endfacet
  facet normal -0.0654873 0.997853 0
    outer loop
      vertex -22 55 0
      vertex -22.3916 54.9743 17
      vertex -22 55 17
    endloop
  endfacet
  facet normal -0.0654873 0.997853 0
    outer loop
      vertex -22.3916 54.9743 17
      vertex -22 55 0
      vertex -22.3916 54.9743 0
    endloop
  endfacet
  facet normal 0.19495 -0.980813 0
    outer loop
      vertex -5.60842 -54.9743 0
      vertex -5.22354 -54.8978 17
      vertex -5.60842 -54.9743 17
    endloop
  endfacet
  facet normal 0.19495 -0.980813 0
    outer loop
      vertex -5.22354 -54.8978 17
      vertex -5.60842 -54.9743 0
      vertex -5.22354 -54.8978 0
    endloop
  endfacet
  facet normal 0 1 -0
    outer loop
      vertex -6 55 0
      vertex -22 55 17
      vertex -6 55 17
    endloop
  endfacet
  facet normal 0 1 0
    outer loop
      vertex -22 55 17
      vertex -6 55 0
      vertex -22 55 0
    endloop
  endfacet
  facet normal 0.321582 0.946882 -0
    outer loop
      vertex -4.85195 54.7716 0
      vertex -5.22354 54.8978 17
      vertex -4.85195 54.7716 17
    endloop
  endfacet
  facet normal 0.321582 0.946882 0
    outer loop
      vertex -5.22354 54.8978 17
      vertex -4.85195 54.7716 0
      vertex -5.22354 54.8978 0
    endloop
  endfacet
  facet normal -0.19494 -0.980815 0
    outer loop
      vertex -22.7765 -54.8978 0
      vertex -22.3916 -54.9743 17
      vertex -22.7765 -54.8978 17
    endloop
  endfacet
  facet normal -0.19494 -0.980815 -0
    outer loop
      vertex -22.3916 -54.9743 17
      vertex -22.7765 -54.8978 0
      vertex -22.3916 -54.9743 0
    endloop
  endfacet
  facet normal 0.751799 -0.659392 0
    outer loop
      vertex -3.87868 -54.1213 17
      vertex -3.61994 -53.8263 0
      vertex -3.61994 -53.8263 17
    endloop
  endfacet
  facet normal 0.751799 -0.659392 0
    outer loop
      vertex -3.61994 -53.8263 0
      vertex -3.87868 -54.1213 17
      vertex -3.87868 -54.1213 0
    endloop
  endfacet
  facet normal 0.44216 -0.896936 0
    outer loop
      vertex -4.85195 -54.7716 0
      vertex -4.5 -54.5981 17
      vertex -4.85195 -54.7716 17
    endloop
  endfacet
  facet normal 0.44216 -0.896936 0
    outer loop
      vertex -4.5 -54.5981 17
      vertex -4.85195 -54.7716 0
      vertex -4.5 -54.5981 0
    endloop
  endfacet
  facet normal 0.0654906 0.997853 -0
    outer loop
      vertex -5.60842 54.9743 0
      vertex -6 55 17
      vertex -5.60842 54.9743 17
    endloop
  endfacet
  facet normal 0.0654906 0.997853 0
    outer loop
      vertex -6 55 17
      vertex -5.60842 54.9743 0
      vertex -6 55 0
    endloop
  endfacet
  facet normal 0.659428 0.751768 -0
    outer loop
      vertex -3.87868 54.1213 0
      vertex -4.17372 54.3801 17
      vertex -3.87868 54.1213 17
    endloop
  endfacet
  facet normal 0.659428 0.751768 0
    outer loop
      vertex -4.17372 54.3801 17
      vertex -3.87868 54.1213 0
      vertex -4.17372 54.3801 0
    endloop
  endfacet
  facet normal 0 0 1
    outer loop
      vertex -5.5 52.5 17
      vertex -3 52 17
      vertex -3.02567 52.3916 17
    endloop
  endfacet
  facet normal 0 0 1
    outer loop
      vertex -3 52 17
      vertex -5.5 52.5 17
      vertex -3 -52 17
    endloop
  endfacet
  facet normal -0 0 1
    outer loop
      vertex -5.5 52.5 17
      vertex -3.02567 52.3916 17
      vertex -3.10222 52.7765 17
    endloop
  endfacet
  facet normal 0 0 1
    outer loop
      vertex -5.5 -52.5 17
      vertex -3 -52 17
      vertex -5.5 52.5 17
    endloop
  endfacet
  facet normal 0 0 1
    outer loop
      vertex -5.5 52.5 17
      vertex -3.10222 52.7765 17
      vertex -3.22836 53.148 17
    endloop
  endfacet
  facet normal 0 0 1
    outer loop
      vertex -3 -52 17
      vertex -5.5 -52.5 17
      vertex -3.02567 -52.3916 17
    endloop
  endfacet
  facet normal 0 0 1
    outer loop
      vertex -5.5 52.5 17
      vertex -3.22836 53.148 17
      vertex -3.40192 53.5 17
    endloop
  endfacet
  facet normal 0 0 1
    outer loop
      vertex -3.02567 -52.3916 17
      vertex -5.5 -52.5 17
      vertex -3.10222 -52.7765 17
    endloop
  endfacet
  facet normal 0 0 1
    outer loop
      vertex -5.5 52.5 17
      vertex -3.40192 53.5 17
      vertex -3.61994 53.8263 17
    endloop
  endfacet
  facet normal 0 0 1
    outer loop
      vertex -3.10222 -52.7765 17
      vertex -5.5 -52.5 17
      vertex -3.22836 -53.148 17
    endloop
  endfacet
  facet normal 0 0 1
    outer loop
      vertex -5.5 52.5 17
      vertex -3.61994 53.8263 17
      vertex -3.87868 54.1213 17
    endloop
  endfacet
  facet normal 0 0 1
    outer loop
      vertex -3.22836 -53.148 17
      vertex -5.5 -52.5 17
      vertex -3.40192 -53.5 17
    endloop
  endfacet
  facet normal 0 0 1
    outer loop
      vertex -5.5 52.5 17
      vertex -3.87868 54.1213 17
      vertex -4.17372 54.3801 17
    endloop
  endfacet
  facet normal 0 0 1
    outer loop
      vertex -3.40192 -53.5 17
      vertex -5.5 -52.5 17
      vertex -3.61994 -53.8263 17
    endloop
  endfacet
  facet normal 0 0 1
    outer loop
      vertex -5.5 52.5 17
      vertex -4.17372 54.3801 17
      vertex -4.5 54.5981 17
    endloop
  endfacet
  facet normal 0 0 1
    outer loop
      vertex -3.61994 -53.8263 17
      vertex -5.5 -52.5 17
      vertex -3.87868 -54.1213 17
    endloop
  endfacet
  facet normal 0 0 1
    outer loop
      vertex -5.5 52.5 17
      vertex -4.5 54.5981 17
      vertex -4.85195 54.7716 17
    endloop
  endfacet
  facet normal 0 0 1
    outer loop
      vertex -3.87868 -54.1213 17
      vertex -5.5 -52.5 17
      vertex -4.17372 -54.3801 17
    endloop
  endfacet
  facet normal 0 0 1
    outer loop
      vertex -5.5 52.5 17
      vertex -4.85195 54.7716 17
      vertex -5.22354 54.8978 17
    endloop
  endfacet
  facet normal 0 0 1
    outer loop
      vertex -4.17372 -54.3801 17
      vertex -5.5 -52.5 17
      vertex -4.5 -54.5981 17
    endloop
  endfacet
  facet normal 0 0 1
    outer loop
      vertex -4.5 -54.5981 17
      vertex -5.5 -52.5 17
      vertex -4.85195 -54.7716 17
    endloop
  endfacet
  facet normal 0 0 1
    outer loop
      vertex -5.60842 54.9743 17
      vertex -5.5 52.5 17
      vertex -5.22354 54.8978 17
    endloop
  endfacet
  facet normal 0 0 1
    outer loop
      vertex -6 55 17
      vertex -5.5 52.5 17
      vertex -5.60842 54.9743 17
    endloop
  endfacet
  facet normal 0 0 1
    outer loop
      vertex -22.0472 52.5 17
      vertex -6 55 17
      vertex -22 55 17
    endloop
  endfacet
  facet normal 0 0 1
    outer loop
      vertex -6 55 17
      vertex -22.0472 52.5 17
      vertex -5.5 52.5 17
    endloop
  endfacet
  facet normal 0 0 1
    outer loop
      vertex -22 55 17
      vertex -22.1022 52.7765 17
      vertex -22.0472 52.5 17
    endloop
  endfacet
  facet normal 0 0 1
    outer loop
      vertex -22 55 17
      vertex -22.2284 53.148 17
      vertex -22.1022 52.7765 17
    endloop
  endfacet
  facet normal 0 0 1
    outer loop
      vertex -22.6199 53.8263 17
      vertex -22 55 17
      vertex -22.3916 54.9743 17
    endloop
  endfacet
  facet normal 0 0 1
    outer loop
      vertex -22 55 17
      vertex -22.4019 53.5 17
      vertex -22.2284 53.148 17
    endloop
  endfacet
  facet normal 0 0 1
    outer loop
      vertex -22 55 17
      vertex -22.6199 53.8263 17
      vertex -22.4019 53.5 17
    endloop
  endfacet
  facet normal 0 0 1
    outer loop
      vertex -22.8787 54.1213 17
      vertex -22.3916 54.9743 17
      vertex -22.7765 54.8978 17
    endloop
  endfacet
  facet normal 0 0 1
    outer loop
      vertex -22.3916 54.9743 17
      vertex -22.8787 54.1213 17
      vertex -22.6199 53.8263 17
    endloop
  endfacet
  facet normal 0 0 1
    outer loop
      vertex -23.1737 54.3801 17
      vertex -22.7765 54.8978 17
      vertex -23.148 54.7716 17
    endloop
  endfacet
  facet normal 0 0 1
    outer loop
      vertex -22.7765 54.8978 17
      vertex -23.1737 54.3801 17
      vertex -22.8787 54.1213 17
    endloop
  endfacet
  facet normal 0 -0 1
    outer loop
      vertex -23.1737 54.3801 17
      vertex -23.148 54.7716 17
      vertex -23.5 54.5981 17
    endloop
  endfacet
  facet normal 0 0 1
    outer loop
      vertex -4.85195 -54.7716 17
      vertex -5.5 -52.5 17
      vertex -5.22354 -54.8978 17
    endloop
  endfacet
  facet normal 0 0 1
    outer loop
      vertex -5.5 -52.5 17
      vertex -5.60842 -54.9743 17
      vertex -5.22354 -54.8978 17
    endloop
  endfacet
  facet normal 0 0 1
    outer loop
      vertex -5.5 -52.5 17
      vertex -6 -55 17
      vertex -5.60842 -54.9743 17
    endloop
  endfacet
  facet normal -0 0 1
    outer loop
      vertex -22.0472 -52.5 17
      vertex -6 -55 17
      vertex -5.5 -52.5 17
    endloop
  endfacet
  facet normal 0 0 1
    outer loop
      vertex -6 -55 17
      vertex -22.0472 -52.5 17
      vertex -22 -55 17
    endloop
  endfacet
  facet normal -0 0 1
    outer loop
      vertex -22.1022 -52.7765 17
      vertex -22 -55 17
      vertex -22.0472 -52.5 17
    endloop
  endfacet
  facet normal -0 0 1
    outer loop
      vertex -22.2284 -53.148 17
      vertex -22 -55 17
      vertex -22.1022 -52.7765 17
    endloop
  endfacet
  facet normal -0 0 1
    outer loop
      vertex -22.4019 -53.5 17
      vertex -22 -55 17
      vertex -22.2284 -53.148 17
    endloop
  endfacet
  facet normal -0 0 1
    outer loop
      vertex -22.6199 -53.8263 17
      vertex -22 -55 17
      vertex -22.4019 -53.5 17
    endloop
  endfacet
  facet normal 0 0 1
    outer loop
      vertex -22 -55 17
      vertex -22.6199 -53.8263 17
      vertex -22.3916 -54.9743 17
    endloop
  endfacet
  facet normal -0 0 1
    outer loop
      vertex -22.8787 -54.1213 17
      vertex -22.3916 -54.9743 17
      vertex -22.6199 -53.8263 17
    endloop
  endfacet
  facet normal 0 0 1
    outer loop
      vertex -22.3916 -54.9743 17
      vertex -22.8787 -54.1213 17
      vertex -22.7765 -54.8978 17
    endloop
  endfacet
  facet normal -0 0 1
    outer loop
      vertex -23.1737 -54.3801 17
      vertex -22.7765 -54.8978 17
      vertex -22.8787 -54.1213 17
    endloop
  endfacet
  facet normal 0 0 1
    outer loop
      vertex -22.7765 -54.8978 17
      vertex -23.1737 -54.3801 17
      vertex -23.148 -54.7716 17
    endloop
  endfacet
  facet normal 0 0 1
    outer loop
      vertex -23.148 -54.7716 17
      vertex -23.1737 -54.3801 17
      vertex -23.5 -54.5981 17
    endloop
  endfacet
  facet normal 0 0 -1
    outer loop
      vertex -3 -42.5 8.005
      vertex -74.65 -42 8.005
      vertex -3 -42 8.005
    endloop
  endfacet
  facet normal -0 0 -1
    outer loop
      vertex -83.65 -33 8.005
      vertex -86.15 -42.5 8.005
      vertex -83.65 33 8.005
    endloop
  endfacet
  facet normal -0 0 -1
    outer loop
      vertex -83.573 -34.1747 8.005
      vertex -86.15 -42.5 8.005
      vertex -83.65 -33 8.005
    endloop
  endfacet
  facet normal -0 0 -1
    outer loop
      vertex -83.3433 -35.3294 8.005
      vertex -86.15 -42.5 8.005
      vertex -83.573 -34.1747 8.005
    endloop
  endfacet
  facet normal -0 0 -1
    outer loop
      vertex -82.9649 -36.4441 8.005
      vertex -86.15 -42.5 8.005
      vertex -83.3433 -35.3294 8.005
    endloop
  endfacet
  facet normal -0 0 -1
    outer loop
      vertex -82.4442 -37.5 8.005
      vertex -86.15 -42.5 8.005
      vertex -82.9649 -36.4441 8.005
    endloop
  endfacet
  facet normal -0 0 -1
    outer loop
      vertex -81.7902 -38.4789 8.005
      vertex -86.15 -42.5 8.005
      vertex -82.4442 -37.5 8.005
    endloop
  endfacet
  facet normal -0 0 -1
    outer loop
      vertex -81.014 -39.364 8.005
      vertex -86.15 -42.5 8.005
      vertex -81.7902 -38.4789 8.005
    endloop
  endfacet
  facet normal -0 0 -1
    outer loop
      vertex -80.1289 -40.1402 8.005
      vertex -86.15 -42.5 8.005
      vertex -81.014 -39.364 8.005
    endloop
  endfacet
  facet normal -0 0 -1
    outer loop
      vertex -79.15 -40.7942 8.005
      vertex -86.15 -42.5 8.005
      vertex -80.1289 -40.1402 8.005
    endloop
  endfacet
  facet normal -0 0 -1
    outer loop
      vertex -78.0941 -41.3149 8.005
      vertex -86.15 -42.5 8.005
      vertex -79.15 -40.7942 8.005
    endloop
  endfacet
  facet normal -0 0 -1
    outer loop
      vertex -76.9794 -41.6933 8.005
      vertex -86.15 -42.5 8.005
      vertex -78.0941 -41.3149 8.005
    endloop
  endfacet
  facet normal -0 0 -1
    outer loop
      vertex -75.8247 -41.923 8.005
      vertex -86.15 -42.5 8.005
      vertex -76.9794 -41.6933 8.005
    endloop
  endfacet
  facet normal -0 0 -1
    outer loop
      vertex -74.65 -42 8.005
      vertex -86.15 -42.5 8.005
      vertex -75.8247 -41.923 8.005
    endloop
  endfacet
  facet normal 0 0 -1
    outer loop
      vertex -86.15 -42.5 8.005
      vertex -74.65 -42 8.005
      vertex -3 -42.5 8.005
    endloop
  endfacet
  facet normal 0 0 -1
    outer loop
      vertex -74.65 42 8.005
      vertex -3 42.5 8.005
      vertex -3 42 8.005
    endloop
  endfacet
  facet normal 0 0 -1
    outer loop
      vertex -74.65 42 8.005
      vertex -86.15 42.5 8.005
      vertex -3 42.5 8.005
    endloop
  endfacet
  facet normal 0 0 -1
    outer loop
      vertex -75.8247 41.923 8.005
      vertex -86.15 42.5 8.005
      vertex -74.65 42 8.005
    endloop
  endfacet
  facet normal 0 0 -1
    outer loop
      vertex -76.9794 41.6933 8.005
      vertex -86.15 42.5 8.005
      vertex -75.8247 41.923 8.005
    endloop
  endfacet
  facet normal 0 0 -1
    outer loop
      vertex -78.0941 41.3149 8.005
      vertex -86.15 42.5 8.005
      vertex -76.9794 41.6933 8.005
    endloop
  endfacet
  facet normal 0 0 -1
    outer loop
      vertex -79.15 40.7942 8.005
      vertex -86.15 42.5 8.005
      vertex -78.0941 41.3149 8.005
    endloop
  endfacet
  facet normal 0 0 -1
    outer loop
      vertex -80.1289 40.1402 8.005
      vertex -86.15 42.5 8.005
      vertex -79.15 40.7942 8.005
    endloop
  endfacet
  facet normal 0 0 -1
    outer loop
      vertex -81.014 39.364 8.005
      vertex -86.15 42.5 8.005
      vertex -80.1289 40.1402 8.005
    endloop
  endfacet
  facet normal 0 0 -1
    outer loop
      vertex -81.7902 38.4789 8.005
      vertex -86.15 42.5 8.005
      vertex -81.014 39.364 8.005
    endloop
  endfacet
  facet normal 0 0 -1
    outer loop
      vertex -82.4442 37.5 8.005
      vertex -86.15 42.5 8.005
      vertex -81.7902 38.4789 8.005
    endloop
  endfacet
  facet normal 0 0 -1
    outer loop
      vertex -82.9649 36.4441 8.005
      vertex -86.15 42.5 8.005
      vertex -82.4442 37.5 8.005
    endloop
  endfacet
  facet normal 0 0 -1
    outer loop
      vertex -83.3433 35.3294 8.005
      vertex -86.15 42.5 8.005
      vertex -82.9649 36.4441 8.005
    endloop
  endfacet
  facet normal 0 0 -1
    outer loop
      vertex -83.573 34.1747 8.005
      vertex -86.15 42.5 8.005
      vertex -83.3433 35.3294 8.005
    endloop
  endfacet
  facet normal 0 0 -1
    outer loop
      vertex -83.65 33 8.005
      vertex -86.15 42.5 8.005
      vertex -83.573 34.1747 8.005
    endloop
  endfacet
  facet normal 0 0 -1
    outer loop
      vertex -86.15 42.5 8.005
      vertex -83.65 33 8.005
      vertex -86.15 -42.5 8.005
    endloop
  endfacet
  facet normal 0 -1 0
    outer loop
      vertex -86.15 42.5 0
      vertex -3 42.5 8.005
      vertex -86.15 42.5 8.005
    endloop
  endfacet
  facet normal 0 -1 -0
    outer loop
      vertex -3 42.5 8.005
      vertex -86.15 42.5 0
      vertex -3 42.5 0
    endloop
  endfacet
  facet normal 0 1 -0
    outer loop
      vertex -3 -42.5 0
      vertex -86.15 -42.5 8.005
      vertex -3 -42.5 8.005
    endloop
  endfacet
  facet normal 0 1 0
    outer loop
      vertex -86.15 -42.5 8.005
      vertex -3 -42.5 0
      vertex -86.15 -42.5 0
    endloop
  endfacet
  facet normal 1 0 0
    outer loop
      vertex -83.65 52.5 33
      vertex -83.65 18 30
      vertex -83.65 52.5 14.995
    endloop
  endfacet
  facet normal 1 0 0
    outer loop
      vertex -83.65 52.5 33
      vertex -83.65 -2 30
      vertex -83.65 18 30
    endloop
  endfacet
  facet normal 1 -0 0
    outer loop
      vertex -83.65 -52.5 33
      vertex -83.65 -2 30
      vertex -83.65 52.5 33
    endloop
  endfacet
  facet normal 1 0 0
    outer loop
      vertex -83.65 -52.5 14.995
      vertex -83.65 -2 30
      vertex -83.65 -52.5 33
    endloop
  endfacet
  facet normal 1 0 0
    outer loop
      vertex -83.65 -2 30
      vertex -83.65 -52.5 14.995
      vertex -83.65 -2 14.995
    endloop
  endfacet
  facet normal 1 0 0
    outer loop
      vertex -83.65 52.5 14.995
      vertex -83.65 18 30
      vertex -83.65 18 14.995
    endloop
  endfacet
  facet normal 1 0 0
    outer loop
      vertex -83.65 16 28
      vertex -83.65 15 27
      vertex -83.65 16 14.995
    endloop
  endfacet
  facet normal 1 0 0
    outer loop
      vertex -83.65 16 28
      vertex -83.65 1 27
      vertex -83.65 15 27
    endloop
  endfacet
  facet normal 1 -0 0
    outer loop
      vertex -83.65 0 28
      vertex -83.65 1 27
      vertex -83.65 16 28
    endloop
  endfacet
  facet normal 1 0 0
    outer loop
      vertex -83.65 0 14.995
      vertex -83.65 1 27
      vertex -83.65 0 28
    endloop
  endfacet
  facet normal 1 0 0
    outer loop
      vertex -83.65 1 27
      vertex -83.65 0 14.995
      vertex -83.65 1 14.995
    endloop
  endfacet
  facet normal 1 0 0
    outer loop
      vertex -83.65 16 14.995
      vertex -83.65 15 27
      vertex -83.65 15 14.995
    endloop
  endfacet
  facet normal 0 0 -1
    outer loop
      vertex -22.0472 -52.5 17.005
      vertex -22 -52 17.005
      vertex -22.0257 -52.3916 17.005
    endloop
  endfacet
  facet normal -0 0 -1
    outer loop
      vertex -22 -52 17.005
      vertex -27.5 -52.5 17.005
      vertex -22 52 17.005
    endloop
  endfacet
  facet normal 0 0 -1
    outer loop
      vertex -22 -52 17.005
      vertex -22.0472 -52.5 17.005
      vertex -27.5 -52.5 17.005
    endloop
  endfacet
  facet normal 0 0 -1
    outer loop
      vertex -27.5 52.5 17.005
      vertex -22 52 17.005
      vertex -27.5 -52.5 17.005
    endloop
  endfacet
  facet normal -0 -0 -1
    outer loop
      vertex -22.0472 52.5 17.005
      vertex -22 52 17.005
      vertex -27.5 52.5 17.005
    endloop
  endfacet
  facet normal 0 0 -1
    outer loop
      vertex -22 52 17.005
      vertex -22.0472 52.5 17.005
      vertex -22.0257 52.3916 17.005
    endloop
  endfacet
  facet normal -0 0 1
    outer loop
      vertex -83.65 1 14.995
      vertex -83.15 0 14.995
      vertex -83.15 1 14.995
    endloop
  endfacet
  facet normal 0 0 1
    outer loop
      vertex -83.15 0 14.995
      vertex -83.65 1 14.995
      vertex -83.65 0 14.995
    endloop
  endfacet
  facet normal -0 0 1
    outer loop
      vertex -83.65 16 14.995
      vertex -83.15 15 14.995
      vertex -83.15 16 14.995
    endloop
  endfacet
  facet normal 0 0 1
    outer loop
      vertex -83.15 15 14.995
      vertex -83.65 16 14.995
      vertex -83.65 15 14.995
    endloop
  endfacet
  facet normal -0 0 1
    outer loop
      vertex -72.65 -28 14.995
      vertex -74.0817 -42.8088 14.995
      vertex -71.9953 -28 14.995
    endloop
  endfacet
  facet normal 0 0 1
    outer loop
      vertex -73.0416 -27.9743 14.995
      vertex -74.0817 -42.8088 14.995
      vertex -72.65 -28 14.995
    endloop
  endfacet
  facet normal 0 0 1
    outer loop
      vertex -73.4265 -27.8978 14.995
      vertex -74.0817 -42.8088 14.995
      vertex -73.0416 -27.9743 14.995
    endloop
  endfacet
  facet normal 0 0 1
    outer loop
      vertex -73.798 -27.7716 14.995
      vertex -74.0817 -42.8088 14.995
      vertex -73.4265 -27.8978 14.995
    endloop
  endfacet
  facet normal 0 -0 1
    outer loop
      vertex -74.0817 -42.8088 14.995
      vertex -73.798 -27.7716 14.995
      vertex -74.15 -27.5981 14.995
    endloop
  endfacet
  facet normal 0 0 1
    outer loop
      vertex -72.969 -42.9648 14.995
      vertex -73.5688 -42.9816 14.995
      vertex -72.979 -43.0643 14.995
    endloop
  endfacet
  facet normal 0 0 1
    outer loop
      vertex -73.5688 -42.9816 14.995
      vertex -74.0817 -42.8088 14.995
      vertex -73.6959 -43.8727 14.995
    endloop
  endfacet
  facet normal 0 0 1
    outer loop
      vertex -74.0817 -42.8088 14.995
      vertex -73.5688 -42.9816 14.995
      vertex -72.969 -42.9648 14.995
    endloop
  endfacet
  facet normal -0 0 1
    outer loop
      vertex -51.85 46.5 14.995
      vertex -51.4176 46.4339 14.995
      vertex -51.85 52.5 14.995
    endloop
  endfacet
  facet normal 0 0 1
    outer loop
      vertex -51.85 46.5 14.995
      vertex -51.3174 45.4381 14.995
      vertex -51.4176 46.4339 14.995
    endloop
  endfacet
  facet normal 0 0 1
    outer loop
      vertex -53.4759 45.1355 14.995
      vertex -51.85 46.5 14.995
      vertex -53.15 46.5 14.995
    endloop
  endfacet
  facet normal 0 0 1
    outer loop
      vertex -51.85 46.5 14.995
      vertex -53.4759 45.1355 14.995
      vertex -51.3174 45.4381 14.995
    endloop
  endfacet
  facet normal 0 0 1
    outer loop
      vertex -69.3181 42.9144 14.995
      vertex -69.4594 43.9045 14.995
      vertex -70.0719 42.8088 14.995
    endloop
  endfacet
  facet normal 0 0 1
    outer loop
      vertex -68.8309 34 14.995
      vertex -70.0719 42.8088 14.995
      vertex -72.65 34 14.995
    endloop
  endfacet
  facet normal 0 0 1
    outer loop
      vertex -54.1889 45.0355 14.995
      vertex -53.15 46.5 14.995
      vertex -53.15 52.5 14.995
    endloop
  endfacet
  facet normal 0 0 1
    outer loop
      vertex -53.15 46.5 14.995
      vertex -54.1889 45.0355 14.995
      vertex -53.4759 45.1355 14.995
    endloop
  endfacet
  facet normal 0 0 1
    outer loop
      vertex -68.1328 44.0905 14.995
      vertex -54.1889 45.0355 14.995
      vertex -53.15 52.5 14.995
    endloop
  endfacet
  facet normal 0 0 1
    outer loop
      vertex -54.1889 45.0355 14.995
      vertex -68.1328 44.0905 14.995
      vertex -67.9915 43.1004 14.995
    endloop
  endfacet
  facet normal -0 0 1
    outer loop
      vertex -83.65 52.5 14.995
      vertex -68.1328 44.0905 14.995
      vertex -53.15 52.5 14.995
    endloop
  endfacet
  facet normal 0 0 1
    outer loop
      vertex -70.0719 42.8088 14.995
      vertex -73.0416 33.9743 14.995
      vertex -72.65 34 14.995
    endloop
  endfacet
  facet normal 0 0 1
    outer loop
      vertex -70.0719 42.8088 14.995
      vertex -73.4265 33.8978 14.995
      vertex -73.0416 33.9743 14.995
    endloop
  endfacet
  facet normal 0 0 1
    outer loop
      vertex -70.0719 42.8088 14.995
      vertex -73.798 33.7716 14.995
      vertex -73.4265 33.8978 14.995
    endloop
  endfacet
  facet normal 0 0 1
    outer loop
      vertex -70.0719 42.8088 14.995
      vertex -74.15 33.5981 14.995
      vertex -73.798 33.7716 14.995
    endloop
  endfacet
  facet normal 0 0 1
    outer loop
      vertex -70.0719 42.8088 14.995
      vertex -74.4763 33.3801 14.995
      vertex -74.15 33.5981 14.995
    endloop
  endfacet
  facet normal 0 0 1
    outer loop
      vertex -83.65 52.5 14.995
      vertex -74.4763 33.3801 14.995
      vertex -70.0719 42.8088 14.995
    endloop
  endfacet
  facet normal 0 0 1
    outer loop
      vertex -74.4763 33.3801 14.995
      vertex -83.65 52.5 14.995
      vertex -74.7713 33.1213 14.995
    endloop
  endfacet
  facet normal 0 0 1
    outer loop
      vertex -74.7713 33.1213 14.995
      vertex -83.65 52.5 14.995
      vertex -75.0301 32.8263 14.995
    endloop
  endfacet
  facet normal 0 0 1
    outer loop
      vertex -83.15 16 14.995
      vertex -75.65 31 14.995
      vertex -83.15 18 14.995
    endloop
  endfacet
  facet normal 0 0 1
    outer loop
      vertex -83.65 18 14.995
      vertex -75.65 31 14.995
      vertex -75.6243 31.3916 14.995
    endloop
  endfacet
  facet normal 0 0 1
    outer loop
      vertex -83.65 52.5 14.995
      vertex -75.6243 31.3916 14.995
      vertex -75.5478 31.7765 14.995
    endloop
  endfacet
  facet normal 0 0 1
    outer loop
      vertex -83.65 52.5 14.995
      vertex -75.5478 31.7765 14.995
      vertex -75.4216 32.148 14.995
    endloop
  endfacet
  facet normal 0 0 1
    outer loop
      vertex -83.65 52.5 14.995
      vertex -75.4216 32.148 14.995
      vertex -75.2481 32.5 14.995
    endloop
  endfacet
  facet normal 0 0 1
    outer loop
      vertex -75.0301 32.8263 14.995
      vertex -83.65 52.5 14.995
      vertex -75.2481 32.5 14.995
    endloop
  endfacet
  facet normal 0 0 1
    outer loop
      vertex -68.1328 44.0905 14.995
      vertex -83.65 52.5 14.995
      vertex -69.4594 43.9045 14.995
    endloop
  endfacet
  facet normal 0 0 1
    outer loop
      vertex -83.65 52.5 14.995
      vertex -70.0719 42.8088 14.995
      vertex -69.4594 43.9045 14.995
    endloop
  endfacet
  facet normal 0 0 1
    outer loop
      vertex -75.6243 31.3916 14.995
      vertex -83.65 52.5 14.995
      vertex -83.65 18 14.995
    endloop
  endfacet
  facet normal 0 0 1
    outer loop
      vertex -75.65 31 14.995
      vertex -83.65 18 14.995
      vertex -83.15 18 14.995
    endloop
  endfacet
  facet normal 0 0 1
    outer loop
      vertex -53.4759 45.1355 14.995
      vertex -52.6342 34 14.995
      vertex -51.8873 34 14.995
    endloop
  endfacet
  facet normal 0 0 1
    outer loop
      vertex -52.6342 34 14.995
      vertex -53.4759 45.1355 14.995
      vertex -54.1889 45.0355 14.995
    endloop
  endfacet
  facet normal 0 0 1
    outer loop
      vertex -55.9665 -29.1912 14.995
      vertex -57.7124 -45.1037 14.995
      vertex -55.4526 -29.2633 14.995
    endloop
  endfacet
  facet normal 0 -0 1
    outer loop
      vertex -57.7124 -45.1037 14.995
      vertex -55.9665 -29.1912 14.995
      vertex -58.1987 -45.0355 14.995
    endloop
  endfacet
  facet normal 0 0 1
    outer loop
      vertex -45.9913 46.2858 14.995
      vertex -47.8775 46.0214 14.995
      vertex -47.7221 44.9323 14.995
    endloop
  endfacet
  facet normal 0 0 1
    outer loop
      vertex -48.5514 -30.2308 14.995
      vertex -46.8563 -45.6159 14.995
      vertex -44.879 -31.7555 14.995
    endloop
  endfacet
  facet normal -0 0 1
    outer loop
      vertex -48.5514 -30.2308 14.995
      vertex -44.7236 -30.6665 14.995
      vertex -48.5414 -30.1312 14.995
    endloop
  endfacet
  facet normal 0 0 1
    outer loop
      vertex -44.7236 -30.6665 14.995
      vertex -48.5514 -30.2308 14.995
      vertex -44.879 -31.7555 14.995
    endloop
  endfacet
  facet normal 0 0 1
    outer loop
      vertex -46.8563 -45.6159 14.995
      vertex -48.5514 -30.2308 14.995
      vertex -50.1542 -46.1634 14.995
    endloop
  endfacet
  facet normal 0 0 1
    outer loop
      vertex -46.8563 -45.6159 14.995
      vertex -50.1542 -46.1634 14.995
      vertex -47.0117 -46.7049 14.995
    endloop
  endfacet
  facet normal 0 0 1
    outer loop
      vertex -50.1542 -46.1634 14.995
      vertex -50.1642 -46.2629 14.995
      vertex -47.0117 -46.7049 14.995
    endloop
  endfacet
  facet normal 0 0 1
    outer loop
      vertex -50.1642 -46.2629 14.995
      vertex -57.7124 -45.1037 14.995
      vertex -50.2544 -47.1591 14.995
    endloop
  endfacet
  facet normal 0 0 1
    outer loop
      vertex -57.7124 -45.1037 14.995
      vertex -50.1642 -46.2629 14.995
      vertex -50.1542 -46.1634 14.995
    endloop
  endfacet
  facet normal 0 0 1
    outer loop
      vertex -46.8563 -45.6159 14.995
      vertex -43.3155 -31.9747 14.995
      vertex -44.879 -31.7555 14.995
    endloop
  endfacet
  facet normal 0 0 1
    outer loop
      vertex -43.3155 -31.9747 14.995
      vertex -46.8563 -45.6159 14.995
      vertex -44.7179 -45.9157 14.995
    endloop
  endfacet
  facet normal 0 0 1
    outer loop
      vertex -38.65 -28 14.995
      vertex -48.4512 -29.235 14.995
      vertex -43.1152 -29.9831 14.995
    endloop
  endfacet
  facet normal -0 0 1
    outer loop
      vertex -55.4526 -29.2633 14.995
      vertex -48.5414 -30.1312 14.995
      vertex -48.4512 -29.235 14.995
    endloop
  endfacet
  facet normal 0 0 1
    outer loop
      vertex -48.5414 -30.1312 14.995
      vertex -55.4526 -29.2633 14.995
      vertex -48.5514 -30.2308 14.995
    endloop
  endfacet
  facet normal -0 0 1
    outer loop
      vertex -55.9665 -29.1912 14.995
      vertex -48.4512 -29.235 14.995
      vertex -38.65 -28 14.995
    endloop
  endfacet
  facet normal 0 0 1
    outer loop
      vertex -48.4512 -29.235 14.995
      vertex -55.9665 -29.1912 14.995
      vertex -55.4526 -29.2633 14.995
    endloop
  endfacet
  facet normal 0 -0 1
    outer loop
      vertex -55.9665 -29.1912 14.995
      vertex -38.65 -28 14.995
      vertex -64.4633 -28 14.995
    endloop
  endfacet
  facet normal 0 0 1
    outer loop
      vertex -5.5 52.5 14.995
      vertex -11.0056 34.1977 14.995
      vertex -5.5 -52.5 14.995
    endloop
  endfacet
  facet normal 0 0 1
    outer loop
      vertex -5.5 -52.5 14.995
      vertex -10.9265 -34.5954 14.995
      vertex -10.9 -35 14.995
    endloop
  endfacet
  facet normal -0 0 1
    outer loop
      vertex -11.0056 -34.1977 14.995
      vertex -5.5 -52.5 14.995
      vertex -11.0056 34.1977 14.995
    endloop
  endfacet
  facet normal 0 0 1
    outer loop
      vertex -5.5 -52.5 14.995
      vertex -11.0056 -34.1977 14.995
      vertex -10.9265 -34.5954 14.995
    endloop
  endfacet
  facet normal -0 0 1
    outer loop
      vertex -11.136 33.8137 14.995
      vertex -11.0056 -34.1977 14.995
      vertex -11.0056 34.1977 14.995
    endloop
  endfacet
  facet normal 0 0 1
    outer loop
      vertex -11.136 33.8137 14.995
      vertex -11.136 -33.8137 14.995
      vertex -11.0056 -34.1977 14.995
    endloop
  endfacet
  facet normal -0 0 1
    outer loop
      vertex -11.3153 33.45 14.995
      vertex -11.136 -33.8137 14.995
      vertex -11.136 33.8137 14.995
    endloop
  endfacet
  facet normal 0 0 1
    outer loop
      vertex -11.3153 33.45 14.995
      vertex -11.3153 -33.45 14.995
      vertex -11.136 -33.8137 14.995
    endloop
  endfacet
  facet normal -0 0 1
    outer loop
      vertex -11.5406 33.1128 14.995
      vertex -11.3153 -33.45 14.995
      vertex -11.3153 33.45 14.995
    endloop
  endfacet
  facet normal 0 0 1
    outer loop
      vertex -11.5406 33.1128 14.995
      vertex -11.5406 -33.1128 14.995
      vertex -11.3153 -33.45 14.995
    endloop
  endfacet
  facet normal -0 0 1
    outer loop
      vertex -11.808 32.808 14.995
      vertex -11.5406 -33.1128 14.995
      vertex -11.5406 33.1128 14.995
    endloop
  endfacet
  facet normal 0 0 1
    outer loop
      vertex -11.808 32.808 14.995
      vertex -11.808 -32.808 14.995
      vertex -11.5406 -33.1128 14.995
    endloop
  endfacet
  facet normal -0 0 1
    outer loop
      vertex -12.1128 32.5406 14.995
      vertex -11.808 -32.808 14.995
      vertex -11.808 32.808 14.995
    endloop
  endfacet
  facet normal 0 0 1
    outer loop
      vertex -12.1128 32.5406 14.995
      vertex -12.1128 -32.5406 14.995
      vertex -11.808 -32.808 14.995
    endloop
  endfacet
  facet normal -0 0 1
    outer loop
      vertex -12.45 32.3153 14.995
      vertex -12.1128 -32.5406 14.995
      vertex -12.1128 32.5406 14.995
    endloop
  endfacet
  facet normal 0 0 1
    outer loop
      vertex -12.45 32.3153 14.995
      vertex -12.45 -32.3153 14.995
      vertex -12.1128 -32.5406 14.995
    endloop
  endfacet
  facet normal -0 0 1
    outer loop
      vertex -12.8137 32.136 14.995
      vertex -12.45 -32.3153 14.995
      vertex -12.45 32.3153 14.995
    endloop
  endfacet
  facet normal 0 0 1
    outer loop
      vertex -12.8137 32.136 14.995
      vertex -12.8137 -32.136 14.995
      vertex -12.45 -32.3153 14.995
    endloop
  endfacet
  facet normal -0 0 1
    outer loop
      vertex -13.1977 32.0056 14.995
      vertex -12.8137 -32.136 14.995
      vertex -12.8137 32.136 14.995
    endloop
  endfacet
  facet normal 0 0 1
    outer loop
      vertex -13.1977 32.0056 14.995
      vertex -13.1977 -32.0056 14.995
      vertex -12.8137 -32.136 14.995
    endloop
  endfacet
  facet normal -0 0 1
    outer loop
      vertex -13.5954 31.9265 14.995
      vertex -13.1977 -32.0056 14.995
      vertex -13.1977 32.0056 14.995
    endloop
  endfacet
  facet normal 0 0 1
    outer loop
      vertex -13.5954 31.9265 14.995
      vertex -13.5954 -31.9265 14.995
      vertex -13.1977 -32.0056 14.995
    endloop
  endfacet
  facet normal -0 0 1
    outer loop
      vertex -14 31.9 14.995
      vertex -13.5954 -31.9265 14.995
      vertex -13.5954 31.9265 14.995
    endloop
  endfacet
  facet normal 0 0 1
    outer loop
      vertex -14 31.9 14.995
      vertex -14 -31.9 14.995
      vertex -13.5954 -31.9265 14.995
    endloop
  endfacet
  facet normal 0 0 1
    outer loop
      vertex -35.65 -25 14.995
      vertex -14 31.9 14.995
      vertex -14.4046 31.9265 14.995
    endloop
  endfacet
  facet normal 0 0 1
    outer loop
      vertex -14 31.9 14.995
      vertex -35.65 -25 14.995
      vertex -14 -31.9 14.995
    endloop
  endfacet
  facet normal 0 0 1
    outer loop
      vertex -35.65 -25 14.995
      vertex -14.4046 31.9265 14.995
      vertex -14.8023 32.0056 14.995
    endloop
  endfacet
  facet normal 0 0 1
    outer loop
      vertex -14 -31.9 14.995
      vertex -35.65 -25 14.995
      vertex -14.4046 -31.9265 14.995
    endloop
  endfacet
  facet normal 0 0 1
    outer loop
      vertex -35.65 31 14.995
      vertex -14.8023 32.0056 14.995
      vertex -15.1863 32.136 14.995
    endloop
  endfacet
  facet normal 0 0 1
    outer loop
      vertex -14.4046 -31.9265 14.995
      vertex -35.65 -25 14.995
      vertex -14.8023 -32.0056 14.995
    endloop
  endfacet
  facet normal 0 0 1
    outer loop
      vertex -35.65 31 14.995
      vertex -15.1863 32.136 14.995
      vertex -15.55 32.3153 14.995
    endloop
  endfacet
  facet normal 0 0 1
    outer loop
      vertex -14.8023 -32.0056 14.995
      vertex -35.65 -25 14.995
      vertex -15.1863 -32.136 14.995
    endloop
  endfacet
  facet normal 0 0 1
    outer loop
      vertex -35.65 31 14.995
      vertex -15.55 32.3153 14.995
      vertex -15.8872 32.5406 14.995
    endloop
  endfacet
  facet normal 0 0 1
    outer loop
      vertex -15.1863 -32.136 14.995
      vertex -35.65 -25 14.995
      vertex -15.55 -32.3153 14.995
    endloop
  endfacet
  facet normal 0 0 1
    outer loop
      vertex -35.65 31 14.995
      vertex -15.8872 32.5406 14.995
      vertex -16.192 32.808 14.995
    endloop
  endfacet
  facet normal 0 0 1
    outer loop
      vertex -15.55 -32.3153 14.995
      vertex -35.65 -25 14.995
      vertex -15.8872 -32.5406 14.995
    endloop
  endfacet
  facet normal 0 0 1
    outer loop
      vertex -35.65 31 14.995
      vertex -16.192 32.808 14.995
      vertex -16.4594 33.1128 14.995
    endloop
  endfacet
  facet normal 0 0 1
    outer loop
      vertex -15.8872 -32.5406 14.995
      vertex -35.65 -25 14.995
      vertex -16.192 -32.808 14.995
    endloop
  endfacet
  facet normal 0 0 1
    outer loop
      vertex -35.65 31 14.995
      vertex -16.4594 33.1128 14.995
      vertex -16.6847 33.45 14.995
    endloop
  endfacet
  facet normal 0 0 1
    outer loop
      vertex -16.192 -32.808 14.995
      vertex -35.65 -25 14.995
      vertex -16.4594 -33.1128 14.995
    endloop
  endfacet
  facet normal 0 0 1
    outer loop
      vertex -35.65 31 14.995
      vertex -16.6847 33.45 14.995
      vertex -16.864 33.8137 14.995
    endloop
  endfacet
  facet normal -0 0 1
    outer loop
      vertex -35.6757 -25.3916 14.995
      vertex -16.4594 -33.1128 14.995
      vertex -35.65 -25 14.995
    endloop
  endfacet
  facet normal 0 0 1
    outer loop
      vertex -35.65 31 14.995
      vertex -16.864 33.8137 14.995
      vertex -16.9944 34.1977 14.995
    endloop
  endfacet
  facet normal 0 0 1
    outer loop
      vertex -16.4594 -33.1128 14.995
      vertex -35.6757 -25.3916 14.995
      vertex -16.6847 -33.45 14.995
    endloop
  endfacet
  facet normal 0 0 1
    outer loop
      vertex -35.6757 31.3916 14.995
      vertex -16.9944 34.1977 14.995
      vertex -17.0735 34.5954 14.995
    endloop
  endfacet
  facet normal -0 0 1
    outer loop
      vertex -35.7522 -25.7765 14.995
      vertex -16.6847 -33.45 14.995
      vertex -35.6757 -25.3916 14.995
    endloop
  endfacet
  facet normal 0 0 1
    outer loop
      vertex -35.7522 31.7765 14.995
      vertex -17.0735 34.5954 14.995
      vertex -17.1 35 14.995
    endloop
  endfacet
  facet normal 0 0 1
    outer loop
      vertex -16.6847 -33.45 14.995
      vertex -35.7522 -25.7765 14.995
      vertex -16.864 -33.8137 14.995
    endloop
  endfacet
  facet normal 0 0 1
    outer loop
      vertex -10.9265 34.5954 14.995
      vertex -5.5 52.5 14.995
      vertex -10.9 35 14.995
    endloop
  endfacet
  facet normal 0 0 1
    outer loop
      vertex -5.5 52.5 14.995
      vertex -10.9265 35.4046 14.995
      vertex -10.9 35 14.995
    endloop
  endfacet
  facet normal 0 0 1
    outer loop
      vertex -5.5 52.5 14.995
      vertex -11.0056 35.8023 14.995
      vertex -10.9265 35.4046 14.995
    endloop
  endfacet
  facet normal 0 0 1
    outer loop
      vertex -5.5 52.5 14.995
      vertex -11.136 36.1863 14.995
      vertex -11.0056 35.8023 14.995
    endloop
  endfacet
  facet normal 0 0 1
    outer loop
      vertex -5.5 52.5 14.995
      vertex -11.3153 36.55 14.995
      vertex -11.136 36.1863 14.995
    endloop
  endfacet
  facet normal 0 0 1
    outer loop
      vertex -5.5 52.5 14.995
      vertex -11.5406 36.8872 14.995
      vertex -11.3153 36.55 14.995
    endloop
  endfacet
  facet normal 0 0 1
    outer loop
      vertex -5.5 52.5 14.995
      vertex -11.808 37.192 14.995
      vertex -11.5406 36.8872 14.995
    endloop
  endfacet
  facet normal 0 0 1
    outer loop
      vertex -5.5 52.5 14.995
      vertex -12.1128 37.4594 14.995
      vertex -11.808 37.192 14.995
    endloop
  endfacet
  facet normal 0 0 1
    outer loop
      vertex -5.5 52.5 14.995
      vertex -12.45 37.6847 14.995
      vertex -12.1128 37.4594 14.995
    endloop
  endfacet
  facet normal 0 0 1
    outer loop
      vertex -5.5 52.5 14.995
      vertex -12.8137 37.864 14.995
      vertex -12.45 37.6847 14.995
    endloop
  endfacet
  facet normal 0 0 1
    outer loop
      vertex -5.5 52.5 14.995
      vertex -13.1977 37.9944 14.995
      vertex -12.8137 37.864 14.995
    endloop
  endfacet
  facet normal 0 0 1
    outer loop
      vertex -5.5 52.5 14.995
      vertex -13.5954 38.0735 14.995
      vertex -13.1977 37.9944 14.995
    endloop
  endfacet
  facet normal 0 0 1
    outer loop
      vertex -5.5 52.5 14.995
      vertex -14 38.1 14.995
      vertex -13.5954 38.0735 14.995
    endloop
  endfacet
  facet normal 0 0 1
    outer loop
      vertex -5.5 52.5 14.995
      vertex -14.4046 38.0735 14.995
      vertex -14 38.1 14.995
    endloop
  endfacet
  facet normal 0 0 1
    outer loop
      vertex -5.5 52.5 14.995
      vertex -14.8023 37.9944 14.995
      vertex -14.4046 38.0735 14.995
    endloop
  endfacet
  facet normal 0 0 1
    outer loop
      vertex -5.5 52.5 14.995
      vertex -15.1863 37.864 14.995
      vertex -14.8023 37.9944 14.995
    endloop
  endfacet
  facet normal 0 0 1
    outer loop
      vertex -5.5 52.5 14.995
      vertex -15.55 37.6847 14.995
      vertex -15.1863 37.864 14.995
    endloop
  endfacet
  facet normal -0 0 1
    outer loop
      vertex -46.0815 47.182 14.995
      vertex -15.55 37.6847 14.995
      vertex -5.5 52.5 14.995
    endloop
  endfacet
  facet normal 0 0 1
    outer loop
      vertex -15.55 37.6847 14.995
      vertex -46.0815 47.182 14.995
      vertex -15.8872 37.4594 14.995
    endloop
  endfacet
  facet normal 0 0 1
    outer loop
      vertex -15.8872 37.4594 14.995
      vertex -46.0815 47.182 14.995
      vertex -16.192 37.192 14.995
    endloop
  endfacet
  facet normal 0 0 1
    outer loop
      vertex -14.8023 32.0056 14.995
      vertex -35.65 31 14.995
      vertex -35.65 -25 14.995
    endloop
  endfacet
  facet normal 0 0 1
    outer loop
      vertex -35.8784 32.148 14.995
      vertex -17.1 35 14.995
      vertex -17.0735 35.4046 14.995
    endloop
  endfacet
  facet normal 0 0 1
    outer loop
      vertex -36.0519 32.5 14.995
      vertex -17.0735 35.4046 14.995
      vertex -16.9944 35.8023 14.995
    endloop
  endfacet
  facet normal 0 0 1
    outer loop
      vertex -36.2699 32.8263 14.995
      vertex -16.9944 35.8023 14.995
      vertex -16.864 36.1863 14.995
    endloop
  endfacet
  facet normal 0 0 1
    outer loop
      vertex -36.5287 33.1213 14.995
      vertex -16.864 36.1863 14.995
      vertex -16.6847 36.55 14.995
    endloop
  endfacet
  facet normal 0 0 1
    outer loop
      vertex -36.8237 33.3801 14.995
      vertex -16.6847 36.55 14.995
      vertex -16.4594 36.8872 14.995
    endloop
  endfacet
  facet normal 0 -0 1
    outer loop
      vertex -37.15 33.5981 14.995
      vertex -16.192 37.192 14.995
      vertex -46.0815 47.182 14.995
    endloop
  endfacet
  facet normal 0 0 1
    outer loop
      vertex -16.9944 34.1977 14.995
      vertex -35.6757 31.3916 14.995
      vertex -35.65 31 14.995
    endloop
  endfacet
  facet normal 0 0 1
    outer loop
      vertex -17.0735 34.5954 14.995
      vertex -35.7522 31.7765 14.995
      vertex -35.6757 31.3916 14.995
    endloop
  endfacet
  facet normal 0 0 1
    outer loop
      vertex -17.1 35 14.995
      vertex -35.8784 32.148 14.995
      vertex -35.7522 31.7765 14.995
    endloop
  endfacet
  facet normal 0 0 1
    outer loop
      vertex -17.0735 35.4046 14.995
      vertex -36.0519 32.5 14.995
      vertex -35.8784 32.148 14.995
    endloop
  endfacet
  facet normal 0 0 1
    outer loop
      vertex -16.9944 35.8023 14.995
      vertex -36.2699 32.8263 14.995
      vertex -36.0519 32.5 14.995
    endloop
  endfacet
  facet normal 0 0 1
    outer loop
      vertex -16.864 36.1863 14.995
      vertex -36.5287 33.1213 14.995
      vertex -36.2699 32.8263 14.995
    endloop
  endfacet
  facet normal 0 0 1
    outer loop
      vertex -16.6847 36.55 14.995
      vertex -36.8237 33.3801 14.995
      vertex -36.5287 33.1213 14.995
    endloop
  endfacet
  facet normal 0 0 1
    outer loop
      vertex -16.4594 36.8872 14.995
      vertex -37.15 33.5981 14.995
      vertex -36.8237 33.3801 14.995
    endloop
  endfacet
  facet normal 0 0 1
    outer loop
      vertex -16.192 37.192 14.995
      vertex -37.15 33.5981 14.995
      vertex -16.4594 36.8872 14.995
    endloop
  endfacet
  facet normal -0 -0 1
    outer loop
      vertex -45.9913 46.2858 14.995
      vertex -37.15 33.5981 14.995
      vertex -46.0815 47.182 14.995
    endloop
  endfacet
  facet normal 0 0 1
    outer loop
      vertex -37.15 33.5981 14.995
      vertex -45.9913 46.2858 14.995
      vertex -37.5019 33.7716 14.995
    endloop
  endfacet
  facet normal 0 0 1
    outer loop
      vertex -37.5019 33.7716 14.995
      vertex -45.9913 46.2858 14.995
      vertex -37.8735 33.8978 14.995
    endloop
  endfacet
  facet normal 0 0 1
    outer loop
      vertex -37.8735 33.8978 14.995
      vertex -45.9913 46.2858 14.995
      vertex -38.2584 33.9743 14.995
    endloop
  endfacet
  facet normal 0 0 1
    outer loop
      vertex -38.2584 33.9743 14.995
      vertex -45.9913 46.2858 14.995
      vertex -38.65 34 14.995
    endloop
  endfacet
  facet normal 0 0 1
    outer loop
      vertex -46.0815 47.182 14.995
      vertex -51.85 52.5 14.995
      vertex -51.4176 46.4339 14.995
    endloop
  endfacet
  facet normal -0 0 1
    outer loop
      vertex -51.85 52.5 14.995
      vertex -46.0815 47.182 14.995
      vertex -5.5 52.5 14.995
    endloop
  endfacet
  facet normal 0 0 1
    outer loop
      vertex -11.0056 34.1977 14.995
      vertex -5.5 52.5 14.995
      vertex -10.9265 34.5954 14.995
    endloop
  endfacet
  facet normal -0 0 1
    outer loop
      vertex -10.9265 -35.4046 14.995
      vertex -5.5 -52.5 14.995
      vertex -10.9 -35 14.995
    endloop
  endfacet
  facet normal -0 0 1
    outer loop
      vertex -11.0056 -35.8023 14.995
      vertex -5.5 -52.5 14.995
      vertex -10.9265 -35.4046 14.995
    endloop
  endfacet
  facet normal -0 0 1
    outer loop
      vertex -11.136 -36.1863 14.995
      vertex -5.5 -52.5 14.995
      vertex -11.0056 -35.8023 14.995
    endloop
  endfacet
  facet normal -0 0 1
    outer loop
      vertex -11.3153 -36.55 14.995
      vertex -5.5 -52.5 14.995
      vertex -11.136 -36.1863 14.995
    endloop
  endfacet
  facet normal -0 0 1
    outer loop
      vertex -11.5406 -36.8872 14.995
      vertex -5.5 -52.5 14.995
      vertex -11.3153 -36.55 14.995
    endloop
  endfacet
  facet normal -0 0 1
    outer loop
      vertex -11.808 -37.192 14.995
      vertex -5.5 -52.5 14.995
      vertex -11.5406 -36.8872 14.995
    endloop
  endfacet
  facet normal -0 0 1
    outer loop
      vertex -12.1128 -37.4594 14.995
      vertex -5.5 -52.5 14.995
      vertex -11.808 -37.192 14.995
    endloop
  endfacet
  facet normal -0 0 1
    outer loop
      vertex -12.45 -37.6847 14.995
      vertex -5.5 -52.5 14.995
      vertex -12.1128 -37.4594 14.995
    endloop
  endfacet
  facet normal -0 0 1
    outer loop
      vertex -12.8137 -37.864 14.995
      vertex -5.5 -52.5 14.995
      vertex -12.45 -37.6847 14.995
    endloop
  endfacet
  facet normal -0 0 1
    outer loop
      vertex -13.1977 -37.9944 14.995
      vertex -5.5 -52.5 14.995
      vertex -12.8137 -37.864 14.995
    endloop
  endfacet
  facet normal -0 0 1
    outer loop
      vertex -13.5954 -38.0735 14.995
      vertex -5.5 -52.5 14.995
      vertex -13.1977 -37.9944 14.995
    endloop
  endfacet
  facet normal -0 0 1
    outer loop
      vertex -14 -38.1 14.995
      vertex -5.5 -52.5 14.995
      vertex -13.5954 -38.0735 14.995
    endloop
  endfacet
  facet normal 0 0 1
    outer loop
      vertex -14.4046 -38.0735 14.995
      vertex -5.5 -52.5 14.995
      vertex -14 -38.1 14.995
    endloop
  endfacet
  facet normal 0 0 1
    outer loop
      vertex -14.8023 -37.9944 14.995
      vertex -5.5 -52.5 14.995
      vertex -14.4046 -38.0735 14.995
    endloop
  endfacet
  facet normal 0 0 1
    outer loop
      vertex -15.1863 -37.864 14.995
      vertex -5.5 -52.5 14.995
      vertex -14.8023 -37.9944 14.995
    endloop
  endfacet
  facet normal 0 0 1
    outer loop
      vertex -15.55 -37.6847 14.995
      vertex -5.5 -52.5 14.995
      vertex -15.1863 -37.864 14.995
    endloop
  endfacet
  facet normal 0 0 1
    outer loop
      vertex -44.9183 -47.9072 14.995
      vertex -15.55 -37.6847 14.995
      vertex -15.8872 -37.4594 14.995
    endloop
  endfacet
  facet normal 0 0 1
    outer loop
      vertex -44.9183 -47.9072 14.995
      vertex -15.8872 -37.4594 14.995
      vertex -16.192 -37.192 14.995
    endloop
  endfacet
  facet normal 0 0 1
    outer loop
      vertex -44.7179 -45.9157 14.995
      vertex -16.192 -37.192 14.995
      vertex -16.4594 -36.8872 14.995
    endloop
  endfacet
  facet normal -0 0 1
    outer loop
      vertex -35.8784 -26.148 14.995
      vertex -16.864 -33.8137 14.995
      vertex -35.7522 -25.7765 14.995
    endloop
  endfacet
  facet normal 0 0 1
    outer loop
      vertex -16.864 -33.8137 14.995
      vertex -35.8784 -26.148 14.995
      vertex -16.9944 -34.1977 14.995
    endloop
  endfacet
  facet normal -0 0 1
    outer loop
      vertex -36.0519 -26.5 14.995
      vertex -16.9944 -34.1977 14.995
      vertex -35.8784 -26.148 14.995
    endloop
  endfacet
  facet normal 0 0 1
    outer loop
      vertex -16.9944 -34.1977 14.995
      vertex -36.0519 -26.5 14.995
      vertex -17.0735 -34.5954 14.995
    endloop
  endfacet
  facet normal -0 0 1
    outer loop
      vertex -36.2699 -26.8263 14.995
      vertex -17.0735 -34.5954 14.995
      vertex -36.0519 -26.5 14.995
    endloop
  endfacet
  facet normal 0 0 1
    outer loop
      vertex -17.0735 -34.5954 14.995
      vertex -36.2699 -26.8263 14.995
      vertex -17.1 -35 14.995
    endloop
  endfacet
  facet normal -0 0 1
    outer loop
      vertex -36.5287 -27.1213 14.995
      vertex -17.1 -35 14.995
      vertex -36.2699 -26.8263 14.995
    endloop
  endfacet
  facet normal 0 0 1
    outer loop
      vertex -17.1 -35 14.995
      vertex -36.5287 -27.1213 14.995
      vertex -17.0735 -35.4046 14.995
    endloop
  endfacet
  facet normal -0 0 1
    outer loop
      vertex -36.8237 -27.3801 14.995
      vertex -17.0735 -35.4046 14.995
      vertex -36.5287 -27.1213 14.995
    endloop
  endfacet
  facet normal 0 0 1
    outer loop
      vertex -17.0735 -35.4046 14.995
      vertex -36.8237 -27.3801 14.995
      vertex -16.9944 -35.8023 14.995
    endloop
  endfacet
  facet normal -0 0 1
    outer loop
      vertex -37.15 -27.5981 14.995
      vertex -16.9944 -35.8023 14.995
      vertex -36.8237 -27.3801 14.995
    endloop
  endfacet
  facet normal 0 0 1
    outer loop
      vertex -16.9944 -35.8023 14.995
      vertex -37.15 -27.5981 14.995
      vertex -16.864 -36.1863 14.995
    endloop
  endfacet
  facet normal 0 0 1
    outer loop
      vertex -44.7179 -45.9157 14.995
      vertex -16.864 -36.1863 14.995
      vertex -37.15 -27.5981 14.995
    endloop
  endfacet
  facet normal 0 0 1
    outer loop
      vertex -16.864 -36.1863 14.995
      vertex -44.7179 -45.9157 14.995
      vertex -16.6847 -36.55 14.995
    endloop
  endfacet
  facet normal 0 0 1
    outer loop
      vertex -16.6847 -36.55 14.995
      vertex -44.7179 -45.9157 14.995
      vertex -16.4594 -36.8872 14.995
    endloop
  endfacet
  facet normal 0 0 1
    outer loop
      vertex -44.7179 -45.9157 14.995
      vertex -37.15 -27.5981 14.995
      vertex -37.5019 -27.7716 14.995
    endloop
  endfacet
  facet normal 0 0 1
    outer loop
      vertex -43.3155 -31.9747 14.995
      vertex -37.5019 -27.7716 14.995
      vertex -37.8735 -27.8978 14.995
    endloop
  endfacet
  facet normal 0 0 1
    outer loop
      vertex -43.3155 -31.9747 14.995
      vertex -37.8735 -27.8978 14.995
      vertex -38.2584 -27.9743 14.995
    endloop
  endfacet
  facet normal 0 0 1
    outer loop
      vertex -43.3155 -31.9747 14.995
      vertex -38.2584 -27.9743 14.995
      vertex -38.65 -28 14.995
    endloop
  endfacet
  facet normal 0 0 1
    outer loop
      vertex -43.3155 -31.9747 14.995
      vertex -38.65 -28 14.995
      vertex -43.1152 -29.9831 14.995
    endloop
  endfacet
  facet normal 0 0 1
    outer loop
      vertex -37.5019 -27.7716 14.995
      vertex -43.3155 -31.9747 14.995
      vertex -44.7179 -45.9157 14.995
    endloop
  endfacet
  facet normal 0 0 1
    outer loop
      vertex -16.192 -37.192 14.995
      vertex -44.7179 -45.9157 14.995
      vertex -44.9183 -47.9072 14.995
    endloop
  endfacet
  facet normal 0 0 1
    outer loop
      vertex -15.55 -37.6847 14.995
      vertex -44.9183 -47.9072 14.995
      vertex -5.5 -52.5 14.995
    endloop
  endfacet
  facet normal 0 0 1
    outer loop
      vertex -58.1987 -45.0355 14.995
      vertex -50.2544 -47.1591 14.995
      vertex -57.7124 -45.1037 14.995
    endloop
  endfacet
  facet normal -0 0 1
    outer loop
      vertex -72.3693 -44.0587 14.995
      vertex -58.1987 -45.0355 14.995
      vertex -72.2281 -43.0686 14.995
    endloop
  endfacet
  facet normal 0 0 1
    outer loop
      vertex -83.65 -52.5 14.995
      vertex -58.1987 -45.0355 14.995
      vertex -72.3693 -44.0587 14.995
    endloop
  endfacet
  facet normal 0 0 1
    outer loop
      vertex -58.1987 -45.0355 14.995
      vertex -83.65 -52.5 14.995
      vertex -50.2544 -47.1591 14.995
    endloop
  endfacet
  facet normal 0 0 1
    outer loop
      vertex -74.4763 -27.3801 14.995
      vertex -74.0817 -42.8088 14.995
      vertex -74.15 -27.5981 14.995
    endloop
  endfacet
  facet normal 0 0 1
    outer loop
      vertex -74.7713 -27.1213 14.995
      vertex -74.0817 -42.8088 14.995
      vertex -74.4763 -27.3801 14.995
    endloop
  endfacet
  facet normal 0 0 1
    outer loop
      vertex -75.0301 -26.8263 14.995
      vertex -74.0817 -42.8088 14.995
      vertex -74.7713 -27.1213 14.995
    endloop
  endfacet
  facet normal 0 0 1
    outer loop
      vertex -75.2481 -26.5 14.995
      vertex -74.0817 -42.8088 14.995
      vertex -75.0301 -26.8263 14.995
    endloop
  endfacet
  facet normal 0 0 1
    outer loop
      vertex -83.65 -52.5 14.995
      vertex -75.2481 -26.5 14.995
      vertex -75.4216 -26.148 14.995
    endloop
  endfacet
  facet normal 0 0 1
    outer loop
      vertex -83.65 -52.5 14.995
      vertex -75.4216 -26.148 14.995
      vertex -75.5478 -25.7765 14.995
    endloop
  endfacet
  facet normal 0 0 1
    outer loop
      vertex -83.65 -52.5 14.995
      vertex -75.5478 -25.7765 14.995
      vertex -75.6243 -25.3916 14.995
    endloop
  endfacet
  facet normal 0 0 1
    outer loop
      vertex -83.15 15 14.995
      vertex -75.65 31 14.995
      vertex -83.15 16 14.995
    endloop
  endfacet
  facet normal 0 0 1
    outer loop
      vertex -83.15 1 14.995
      vertex -75.65 31 14.995
      vertex -83.15 15 14.995
    endloop
  endfacet
  facet normal 0 0 1
    outer loop
      vertex -75.65 31 14.995
      vertex -83.15 1 14.995
      vertex -75.65 -25 14.995
    endloop
  endfacet
  facet normal -0 0 1
    outer loop
      vertex -83.15 0 14.995
      vertex -75.65 -25 14.995
      vertex -83.15 1 14.995
    endloop
  endfacet
  facet normal -0 0 1
    outer loop
      vertex -83.15 -2 14.995
      vertex -75.65 -25 14.995
      vertex -83.15 0 14.995
    endloop
  endfacet
  facet normal -0 0 1
    outer loop
      vertex -83.65 -2 14.995
      vertex -75.65 -25 14.995
      vertex -83.15 -2 14.995
    endloop
  endfacet
  facet normal 0 0 1
    outer loop
      vertex -83.65 -52.5 14.995
      vertex -75.65 -25 14.995
      vertex -83.65 -2 14.995
    endloop
  endfacet
  facet normal 0 0 1
    outer loop
      vertex -75.65 -25 14.995
      vertex -83.65 -52.5 14.995
      vertex -75.6243 -25.3916 14.995
    endloop
  endfacet
  facet normal 0 0 1
    outer loop
      vertex -44.9183 -47.9072 14.995
      vertex -83.65 -52.5 14.995
      vertex -5.5 -52.5 14.995
    endloop
  endfacet
  facet normal 0 0 1
    outer loop
      vertex -50.2544 -47.1591 14.995
      vertex -83.65 -52.5 14.995
      vertex -44.9183 -47.9072 14.995
    endloop
  endfacet
  facet normal 0 0 1
    outer loop
      vertex -73.6959 -43.8727 14.995
      vertex -83.65 -52.5 14.995
      vertex -72.3693 -44.0587 14.995
    endloop
  endfacet
  facet normal 0 0 1
    outer loop
      vertex -74.0817 -42.8088 14.995
      vertex -83.65 -52.5 14.995
      vertex -73.6959 -43.8727 14.995
    endloop
  endfacet
  facet normal 0 0 1
    outer loop
      vertex -75.2481 -26.5 14.995
      vertex -83.65 -52.5 14.995
      vertex -74.0817 -42.8088 14.995
    endloop
  endfacet
  facet normal -0 0 1
    outer loop
      vertex -47.7221 44.9323 14.995
      vertex -38.65 34 14.995
      vertex -45.9913 46.2858 14.995
    endloop
  endfacet
  facet normal 0 0 1
    outer loop
      vertex -47.7221 44.9323 14.995
      vertex -50.1668 34 14.995
      vertex -38.65 34 14.995
    endloop
  endfacet
  facet normal 0 -0 1
    outer loop
      vertex -50.1668 34 14.995
      vertex -47.7221 44.9323 14.995
      vertex -51.2172 44.4423 14.995
    endloop
  endfacet
  facet normal -1 0 0
    outer loop
      vertex -5.5 -52.5 14.995
      vertex -5.5 52.5 17
      vertex -5.5 52.5 14.995
    endloop
  endfacet
  facet normal -1 -0 0
    outer loop
      vertex -5.5 52.5 17
      vertex -5.5 -52.5 14.995
      vertex -5.5 -52.5 17
    endloop
  endfacet
  facet normal 0 -1 0
    outer loop
      vertex -54 52.5 23.15
      vertex -83.65 52.5 33
      vertex -66 52.5 23.15
    endloop
  endfacet
  facet normal 0 -1 0
    outer loop
      vertex -83.65 52.5 14.995
      vertex -66 52.5 23.15
      vertex -83.65 52.5 33
    endloop
  endfacet
  facet normal 0 -1 0
    outer loop
      vertex -53.15 52.5 14.995
      vertex -54 52.5 21.85
      vertex -66 52.5 21.85
    endloop
  endfacet
  facet normal 0 -1 -0
    outer loop
      vertex -66 52.5 23.15
      vertex -83.65 52.5 14.995
      vertex -66 52.5 21.85
    endloop
  endfacet
  facet normal 0 -1 0
    outer loop
      vertex -53.15 52.5 14.995
      vertex -66 52.5 21.85
      vertex -83.65 52.5 14.995
    endloop
  endfacet
  facet normal 0 -1 0
    outer loop
      vertex -54 52.5 21.85
      vertex -53.15 52.5 14.995
      vertex -53.15 52.5 21
    endloop
  endfacet
  facet normal 0 -1 0
    outer loop
      vertex -83.65 52.5 33
      vertex -54 52.5 23.15
      vertex -27.5 52.5 33
    endloop
  endfacet
  facet normal 0 -1 0
    outer loop
      vertex -51.85 52.5 21
      vertex -54 52.5 23.15
      vertex -54 52.5 21.85
    endloop
  endfacet
  facet normal 0 -1 0
    outer loop
      vertex -51.85 52.5 21
      vertex -54 52.5 21.85
      vertex -53.15 52.5 21
    endloop
  endfacet
  facet normal 0 -1 0
    outer loop
      vertex -54 52.5 23.15
      vertex -51.85 52.5 21
      vertex -27.5 52.5 33
    endloop
  endfacet
  facet normal 0 -1 0
    outer loop
      vertex -51.85 52.5 21
      vertex -27.5 52.5 17.005
      vertex -27.5 52.5 33
    endloop
  endfacet
  facet normal 0 -1 0
    outer loop
      vertex -27.5 52.5 17.005
      vertex -22.0472 52.5 17
      vertex -22.0472 52.5 17.005
    endloop
  endfacet
  facet normal 0 -1 0
    outer loop
      vertex -51.85 52.5 14.995
      vertex -27.5 52.5 17.005
      vertex -51.85 52.5 21
    endloop
  endfacet
  facet normal 0 -1 0
    outer loop
      vertex -5.5 52.5 14.995
      vertex -27.5 52.5 17.005
      vertex -51.85 52.5 14.995
    endloop
  endfacet
  facet normal 0 -1 0
    outer loop
      vertex -27.5 52.5 17.005
      vertex -5.5 52.5 14.995
      vertex -22.0472 52.5 17
    endloop
  endfacet
  facet normal 0 -1 0
    outer loop
      vertex -22.0472 52.5 17
      vertex -5.5 52.5 14.995
      vertex -5.5 52.5 17
    endloop
  endfacet
  facet normal 0 1 0
    outer loop
      vertex -5.5 -52.5 17
      vertex -5.5 -52.5 14.995
      vertex -22.0472 -52.5 17
    endloop
  endfacet
  facet normal 0 1 0
    outer loop
      vertex -22.0472 -52.5 17.005
      vertex -22.0472 -52.5 17
      vertex -27.5 -52.5 17.005
    endloop
  endfacet
  facet normal 0 1 -0
    outer loop
      vertex -27.5 -52.5 17.005
      vertex -83.65 -52.5 33
      vertex -27.5 -52.5 33
    endloop
  endfacet
  facet normal 0 1 0
    outer loop
      vertex -5.5 -52.5 14.995
      vertex -27.5 -52.5 17.005
      vertex -22.0472 -52.5 17
    endloop
  endfacet
  facet normal 0 1 0
    outer loop
      vertex -27.5 -52.5 17.005
      vertex -83.65 -52.5 14.995
      vertex -83.65 -52.5 33
    endloop
  endfacet
  facet normal 0 1 0
    outer loop
      vertex -83.65 -52.5 14.995
      vertex -27.5 -52.5 17.005
      vertex -5.5 -52.5 14.995
    endloop
  endfacet
  facet normal -1 0 0
    outer loop
      vertex -27.5 -52.5 17.005
      vertex -27.5 52.5 33
      vertex -27.5 52.5 17.005
    endloop
  endfacet
  facet normal -1 -0 0
    outer loop
      vertex -27.5 52.5 33
      vertex -27.5 -52.5 17.005
      vertex -27.5 -52.5 33
    endloop
  endfacet
  facet normal -0.896928 -0.442176 0
    outer loop
      vertex -16.6847 33.45 14.995
      vertex -16.864 33.8137 17
      vertex -16.864 33.8137 14.995
    endloop
  endfacet
  facet normal -0.896928 -0.442176 0
    outer loop
      vertex -16.864 33.8137 17
      vertex -16.6847 33.45 14.995
      vertex -16.6847 33.45 17
    endloop
  endfacet
  facet normal -0.980789 0.195073 0
    outer loop
      vertex -17.0735 35.4046 14.995
      vertex -16.9944 35.8023 17
      vertex -16.9944 35.8023 14.995
    endloop
  endfacet
  facet normal -0.980789 0.195073 0
    outer loop
      vertex -16.9944 35.8023 17
      vertex -17.0735 35.4046 14.995
      vertex -17.0735 35.4046 17
    endloop
  endfacet
  facet normal -0.997862 0.0653568 0
    outer loop
      vertex -17.1 35 14.995
      vertex -17.0735 35.4046 17
      vertex -17.0735 35.4046 14.995
    endloop
  endfacet
  facet normal -0.997862 0.0653568 0
    outer loop
      vertex -17.0735 35.4046 17
      vertex -17.1 35 14.995
      vertex -17.1 35 17
    endloop
  endfacet
  facet normal -0.946893 0.321549 0
    outer loop
      vertex -16.9944 35.8023 14.995
      vertex -16.864 36.1863 17
      vertex -16.864 36.1863 14.995
    endloop
  endfacet
  facet normal -0.946893 0.321549 0
    outer loop
      vertex -16.864 36.1863 17
      vertex -16.9944 35.8023 14.995
      vertex -16.9944 35.8023 17
    endloop
  endfacet
  facet normal -0.980789 -0.195073 0
    outer loop
      vertex -16.9944 34.1977 14.995
      vertex -17.0735 34.5954 17
      vertex -17.0735 34.5954 14.995
    endloop
  endfacet
  facet normal -0.980789 -0.195073 0
    outer loop
      vertex -17.0735 34.5954 17
      vertex -16.9944 34.1977 14.995
      vertex -16.9944 34.1977 17
    endloop
  endfacet
  facet normal -0.896928 0.442176 0
    outer loop
      vertex -16.864 36.1863 14.995
      vertex -16.6847 36.55 17
      vertex -16.6847 36.55 14.995
    endloop
  endfacet
  facet normal -0.896928 0.442176 0
    outer loop
      vertex -16.6847 36.55 17
      vertex -16.864 36.1863 14.995
      vertex -16.864 36.1863 17
    endloop
  endfacet
  facet normal 0.946893 0.321549 0
    outer loop
      vertex -11.0056 35.8023 17
      vertex -11.136 36.1863 14.995
      vertex -11.136 36.1863 17
    endloop
  endfacet
  facet normal 0.946893 0.321549 0
    outer loop
      vertex -11.136 36.1863 14.995
      vertex -11.0056 35.8023 17
      vertex -11.0056 35.8023 14.995
    endloop
  endfacet
  facet normal -0.831481 -0.555553 0
    outer loop
      vertex -16.4594 33.1128 14.995
      vertex -16.6847 33.45 17
      vertex -16.6847 33.45 14.995
    endloop
  endfacet
  facet normal -0.831481 -0.555553 0
    outer loop
      vertex -16.6847 33.45 17
      vertex -16.4594 33.1128 14.995
      vertex -16.4594 33.1128 17
    endloop
  endfacet
  facet normal -0.321549 0.946893 0
    outer loop
      vertex -14.8023 37.9944 14.995
      vertex -15.1863 37.864 17
      vertex -14.8023 37.9944 17
    endloop
  endfacet
  facet normal -0.321549 0.946893 0
    outer loop
      vertex -15.1863 37.864 17
      vertex -14.8023 37.9944 14.995
      vertex -15.1863 37.864 14.995
    endloop
  endfacet
  facet normal 0.555553 0.831481 -0
    outer loop
      vertex -12.1128 37.4594 14.995
      vertex -12.45 37.6847 17
      vertex -12.1128 37.4594 17
    endloop
  endfacet
  facet normal 0.555553 0.831481 0
    outer loop
      vertex -12.45 37.6847 17
      vertex -12.1128 37.4594 14.995
      vertex -12.45 37.6847 14.995
    endloop
  endfacet
  facet normal 0.896928 0.442176 0
    outer loop
      vertex -11.136 36.1863 17
      vertex -11.3153 36.55 14.995
      vertex -11.3153 36.55 17
    endloop
  endfacet
  facet normal 0.896928 0.442176 0
    outer loop
      vertex -11.3153 36.55 14.995
      vertex -11.136 36.1863 17
      vertex -11.136 36.1863 14.995
    endloop
  endfacet
  facet normal -0.442176 0.896928 0
    outer loop
      vertex -15.1863 37.864 14.995
      vertex -15.55 37.6847 17
      vertex -15.1863 37.864 17
    endloop
  endfacet
  facet normal -0.442176 0.896928 0
    outer loop
      vertex -15.55 37.6847 17
      vertex -15.1863 37.864 14.995
      vertex -15.55 37.6847 14.995
    endloop
  endfacet
  facet normal -0.659482 0.751721 0
    outer loop
      vertex -15.8872 37.4594 14.995
      vertex -16.192 37.192 17
      vertex -15.8872 37.4594 17
    endloop
  endfacet
  facet normal -0.659482 0.751721 0
    outer loop
      vertex -16.192 37.192 17
      vertex -15.8872 37.4594 14.995
      vertex -16.192 37.192 14.995
    endloop
  endfacet
  facet normal 0.896928 -0.442176 0
    outer loop
      vertex -11.3153 33.45 17
      vertex -11.136 33.8137 14.995
      vertex -11.136 33.8137 17
    endloop
  endfacet
  facet normal 0.896928 -0.442176 0
    outer loop
      vertex -11.136 33.8137 14.995
      vertex -11.3153 33.45 17
      vertex -11.3153 33.45 14.995
    endloop
  endfacet
  facet normal 0.997862 0.0653568 0
    outer loop
      vertex -10.9 35 17
      vertex -10.9265 35.4046 14.995
      vertex -10.9265 35.4046 17
    endloop
  endfacet
  facet normal 0.997862 0.0653568 0
    outer loop
      vertex -10.9265 35.4046 14.995
      vertex -10.9 35 17
      vertex -10.9 35 14.995
    endloop
  endfacet
  facet normal 0.659482 -0.751721 0
    outer loop
      vertex -12.1128 32.5406 14.995
      vertex -11.808 32.808 17
      vertex -12.1128 32.5406 17
    endloop
  endfacet
  facet normal 0.659482 -0.751721 0
    outer loop
      vertex -11.808 32.808 17
      vertex -12.1128 32.5406 14.995
      vertex -11.808 32.808 14.995
    endloop
  endfacet
  facet normal 0.751721 0.659482 0
    outer loop
      vertex -11.5406 36.8872 17
      vertex -11.808 37.192 14.995
      vertex -11.808 37.192 17
    endloop
  endfacet
  facet normal 0.751721 0.659482 0
    outer loop
      vertex -11.808 37.192 14.995
      vertex -11.5406 36.8872 17
      vertex -11.5406 36.8872 14.995
    endloop
  endfacet
  facet normal 0.442176 0.896928 -0
    outer loop
      vertex -12.45 37.6847 14.995
      vertex -12.8137 37.864 17
      vertex -12.45 37.6847 17
    endloop
  endfacet
  facet normal 0.442176 0.896928 0
    outer loop
      vertex -12.8137 37.864 17
      vertex -12.45 37.6847 14.995
      vertex -12.8137 37.864 14.995
    endloop
  endfacet
  facet normal -0.195073 0.980789 0
    outer loop
      vertex -14.4046 38.0735 14.995
      vertex -14.8023 37.9944 17
      vertex -14.4046 38.0735 17
    endloop
  endfacet
  facet normal -0.195073 0.980789 0
    outer loop
      vertex -14.8023 37.9944 17
      vertex -14.4046 38.0735 14.995
      vertex -14.8023 37.9944 14.995
    endloop
  endfacet
  facet normal -0.442176 -0.896928 0
    outer loop
      vertex -15.55 32.3153 14.995
      vertex -15.1863 32.136 17
      vertex -15.55 32.3153 17
    endloop
  endfacet
  facet normal -0.442176 -0.896928 -0
    outer loop
      vertex -15.1863 32.136 17
      vertex -15.55 32.3153 14.995
      vertex -15.1863 32.136 14.995
    endloop
  endfacet
  facet normal -0.997862 -0.0653568 0
    outer loop
      vertex -17.0735 34.5954 14.995
      vertex -17.1 35 17
      vertex -17.1 35 14.995
    endloop
  endfacet
  facet normal -0.997862 -0.0653568 0
    outer loop
      vertex -17.1 35 17
      vertex -17.0735 34.5954 14.995
      vertex -17.0735 34.5954 17
    endloop
  endfacet
  facet normal -0.321549 -0.946893 0
    outer loop
      vertex -15.1863 32.136 14.995
      vertex -14.8023 32.0056 17
      vertex -15.1863 32.136 17
    endloop
  endfacet
  facet normal -0.321549 -0.946893 -0
    outer loop
      vertex -14.8023 32.0056 17
      vertex -15.1863 32.136 14.995
      vertex -14.8023 32.0056 14.995
    endloop
  endfacet
  facet normal -0.555553 0.831481 0
    outer loop
      vertex -15.55 37.6847 14.995
      vertex -15.8872 37.4594 17
      vertex -15.55 37.6847 17
    endloop
  endfacet
  facet normal -0.555553 0.831481 0
    outer loop
      vertex -15.8872 37.4594 17
      vertex -15.55 37.6847 14.995
      vertex -15.8872 37.4594 14.995
    endloop
  endfacet
  facet normal 0 0 1
    outer loop
      vertex -10.9265 35.4046 17
      vertex -10.9265 34.5954 17
      vertex -10.9 35 17
    endloop
  endfacet
  facet normal 0 0 1
    outer loop
      vertex -11.0056 35.8023 17
      vertex -10.9265 34.5954 17
      vertex -10.9265 35.4046 17
    endloop
  endfacet
  facet normal 0 0 1
    outer loop
      vertex -11.0056 35.8023 17
      vertex -11.0056 34.1977 17
      vertex -10.9265 34.5954 17
    endloop
  endfacet
  facet normal 0 0 1
    outer loop
      vertex -11.136 36.1863 17
      vertex -11.0056 34.1977 17
      vertex -11.0056 35.8023 17
    endloop
  endfacet
  facet normal 0 0 1
    outer loop
      vertex -11.136 36.1863 17
      vertex -11.136 33.8137 17
      vertex -11.0056 34.1977 17
    endloop
  endfacet
  facet normal 0 0 1
    outer loop
      vertex -11.3153 36.55 17
      vertex -11.136 33.8137 17
      vertex -11.136 36.1863 17
    endloop
  endfacet
  facet normal 0 0 1
    outer loop
      vertex -11.3153 36.55 17
      vertex -11.3153 33.45 17
      vertex -11.136 33.8137 17
    endloop
  endfacet
  facet normal 0 0 1
    outer loop
      vertex -11.5406 36.8872 17
      vertex -11.3153 33.45 17
      vertex -11.3153 36.55 17
    endloop
  endfacet
  facet normal 0 0 1
    outer loop
      vertex -11.5406 36.8872 17
      vertex -11.5406 33.1128 17
      vertex -11.3153 33.45 17
    endloop
  endfacet
  facet normal 0 0 1
    outer loop
      vertex -11.808 37.192 17
      vertex -11.5406 33.1128 17
      vertex -11.5406 36.8872 17
    endloop
  endfacet
  facet normal 0 0 1
    outer loop
      vertex -11.808 37.192 17
      vertex -11.808 32.808 17
      vertex -11.5406 33.1128 17
    endloop
  endfacet
  facet normal 0 0 1
    outer loop
      vertex -12.1128 37.4594 17
      vertex -11.808 32.808 17
      vertex -11.808 37.192 17
    endloop
  endfacet
  facet normal 0 0 1
    outer loop
      vertex -12.1128 37.4594 17
      vertex -12.1128 32.5406 17
      vertex -11.808 32.808 17
    endloop
  endfacet
  facet normal 0 0 1
    outer loop
      vertex -12.45 37.6847 17
      vertex -12.1128 32.5406 17
      vertex -12.1128 37.4594 17
    endloop
  endfacet
  facet normal 0 0 1
    outer loop
      vertex -12.45 37.6847 17
      vertex -12.45 32.3153 17
      vertex -12.1128 32.5406 17
    endloop
  endfacet
  facet normal 0 0 1
    outer loop
      vertex -12.8137 37.864 17
      vertex -12.45 32.3153 17
      vertex -12.45 37.6847 17
    endloop
  endfacet
  facet normal 0 0 1
    outer loop
      vertex -12.8137 37.864 17
      vertex -12.8137 32.136 17
      vertex -12.45 32.3153 17
    endloop
  endfacet
  facet normal 0 0 1
    outer loop
      vertex -13.1977 37.9944 17
      vertex -12.8137 32.136 17
      vertex -12.8137 37.864 17
    endloop
  endfacet
  facet normal 0 0 1
    outer loop
      vertex -13.1977 37.9944 17
      vertex -13.1977 32.0056 17
      vertex -12.8137 32.136 17
    endloop
  endfacet
  facet normal 0 0 1
    outer loop
      vertex -13.5954 38.0735 17
      vertex -13.1977 32.0056 17
      vertex -13.1977 37.9944 17
    endloop
  endfacet
  facet normal 0 0 1
    outer loop
      vertex -13.5954 38.0735 17
      vertex -13.5954 31.9265 17
      vertex -13.1977 32.0056 17
    endloop
  endfacet
  facet normal 0 0 1
    outer loop
      vertex -14 38.1 17
      vertex -13.5954 31.9265 17
      vertex -13.5954 38.0735 17
    endloop
  endfacet
  facet normal 0 0 1
    outer loop
      vertex -14 38.1 17
      vertex -14 31.9 17
      vertex -13.5954 31.9265 17
    endloop
  endfacet
  facet normal -0 0 1
    outer loop
      vertex -14.4046 38.0735 17
      vertex -14 31.9 17
      vertex -14 38.1 17
    endloop
  endfacet
  facet normal 0 0 1
    outer loop
      vertex -14.4046 38.0735 17
      vertex -14.4046 31.9265 17
      vertex -14 31.9 17
    endloop
  endfacet
  facet normal -0 0 1
    outer loop
      vertex -14.8023 37.9944 17
      vertex -14.4046 31.9265 17
      vertex -14.4046 38.0735 17
    endloop
  endfacet
  facet normal 0 0 1
    outer loop
      vertex -14.8023 37.9944 17
      vertex -14.8023 32.0056 17
      vertex -14.4046 31.9265 17
    endloop
  endfacet
  facet normal -0 0 1
    outer loop
      vertex -15.1863 37.864 17
      vertex -14.8023 32.0056 17
      vertex -14.8023 37.9944 17
    endloop
  endfacet
  facet normal 0 0 1
    outer loop
      vertex -15.1863 37.864 17
      vertex -15.1863 32.136 17
      vertex -14.8023 32.0056 17
    endloop
  endfacet
  facet normal -0 0 1
    outer loop
      vertex -15.55 37.6847 17
      vertex -15.1863 32.136 17
      vertex -15.1863 37.864 17
    endloop
  endfacet
  facet normal 0 0 1
    outer loop
      vertex -15.55 37.6847 17
      vertex -15.55 32.3153 17
      vertex -15.1863 32.136 17
    endloop
  endfacet
  facet normal -0 0 1
    outer loop
      vertex -15.8872 37.4594 17
      vertex -15.55 32.3153 17
      vertex -15.55 37.6847 17
    endloop
  endfacet
  facet normal 0 0 1
    outer loop
      vertex -15.8872 37.4594 17
      vertex -15.8872 32.5406 17
      vertex -15.55 32.3153 17
    endloop
  endfacet
  facet normal -0 0 1
    outer loop
      vertex -16.192 37.192 17
      vertex -15.8872 32.5406 17
      vertex -15.8872 37.4594 17
    endloop
  endfacet
  facet normal 0 0 1
    outer loop
      vertex -16.192 37.192 17
      vertex -16.192 32.808 17
      vertex -15.8872 32.5406 17
    endloop
  endfacet
  facet normal -0 0 1
    outer loop
      vertex -16.4594 36.8872 17
      vertex -16.192 32.808 17
      vertex -16.192 37.192 17
    endloop
  endfacet
  facet normal 0 0 1
    outer loop
      vertex -16.4594 36.8872 17
      vertex -16.4594 33.1128 17
      vertex -16.192 32.808 17
    endloop
  endfacet
  facet normal -0 0 1
    outer loop
      vertex -16.6847 36.55 17
      vertex -16.4594 33.1128 17
      vertex -16.4594 36.8872 17
    endloop
  endfacet
  facet normal 0 0 1
    outer loop
      vertex -16.6847 36.55 17
      vertex -16.6847 33.45 17
      vertex -16.4594 33.1128 17
    endloop
  endfacet
  facet normal -0 0 1
    outer loop
      vertex -16.864 36.1863 17
      vertex -16.6847 33.45 17
      vertex -16.6847 36.55 17
    endloop
  endfacet
  facet normal 0 0 1
    outer loop
      vertex -16.864 36.1863 17
      vertex -16.864 33.8137 17
      vertex -16.6847 33.45 17
    endloop
  endfacet
  facet normal -0 0 1
    outer loop
      vertex -16.9944 35.8023 17
      vertex -16.864 33.8137 17
      vertex -16.864 36.1863 17
    endloop
  endfacet
  facet normal 0 0 1
    outer loop
      vertex -16.9944 35.8023 17
      vertex -16.9944 34.1977 17
      vertex -16.864 33.8137 17
    endloop
  endfacet
  facet normal -0 0 1
    outer loop
      vertex -17.0735 35.4046 17
      vertex -16.9944 34.1977 17
      vertex -16.9944 35.8023 17
    endloop
  endfacet
  facet normal 0 0 1
    outer loop
      vertex -17.0735 35.4046 17
      vertex -17.0735 34.5954 17
      vertex -16.9944 34.1977 17
    endloop
  endfacet
  facet normal 0 -0 1
    outer loop
      vertex -17.0735 34.5954 17
      vertex -17.0735 35.4046 17
      vertex -17.1 35 17
    endloop
  endfacet
  facet normal -0.831481 0.555553 0
    outer loop
      vertex -16.6847 36.55 14.995
      vertex -16.4594 36.8872 17
      vertex -16.4594 36.8872 14.995
    endloop
  endfacet
  facet normal -0.831481 0.555553 0
    outer loop
      vertex -16.4594 36.8872 17
      vertex -16.6847 36.55 14.995
      vertex -16.6847 36.55 17
    endloop
  endfacet
  facet normal 0.195073 0.980789 -0
    outer loop
      vertex -13.1977 37.9944 14.995
      vertex -13.5954 38.0735 17
      vertex -13.1977 37.9944 17
    endloop
  endfacet
  facet normal 0.195073 0.980789 0
    outer loop
      vertex -13.5954 38.0735 17
      vertex -13.1977 37.9944 14.995
      vertex -13.5954 38.0735 14.995
    endloop
  endfacet
  facet normal -0.751721 -0.659482 0
    outer loop
      vertex -16.192 32.808 14.995
      vertex -16.4594 33.1128 17
      vertex -16.4594 33.1128 14.995
    endloop
  endfacet
  facet normal -0.751721 -0.659482 0
    outer loop
      vertex -16.4594 33.1128 17
      vertex -16.192 32.808 14.995
      vertex -16.192 32.808 17
    endloop
  endfacet
  facet normal -0.0653568 -0.997862 0
    outer loop
      vertex -14.4046 31.9265 14.995
      vertex -14 31.9 17
      vertex -14.4046 31.9265 17
    endloop
  endfacet
  facet normal -0.0653568 -0.997862 -0
    outer loop
      vertex -14 31.9 17
      vertex -14.4046 31.9265 14.995
      vertex -14 31.9 14.995
    endloop
  endfacet
  facet normal -0.946893 -0.321549 0
    outer loop
      vertex -16.864 33.8137 14.995
      vertex -16.9944 34.1977 17
      vertex -16.9944 34.1977 14.995
    endloop
  endfacet
  facet normal -0.946893 -0.321549 0
    outer loop
      vertex -16.9944 34.1977 17
      vertex -16.864 33.8137 14.995
      vertex -16.864 33.8137 17
    endloop
  endfacet
  facet normal 0.751721 -0.659482 0
    outer loop
      vertex -11.808 32.808 17
      vertex -11.5406 33.1128 14.995
      vertex -11.5406 33.1128 17
    endloop
  endfacet
  facet normal 0.751721 -0.659482 0
    outer loop
      vertex -11.5406 33.1128 14.995
      vertex -11.808 32.808 17
      vertex -11.808 32.808 14.995
    endloop
  endfacet
  facet normal 0.321549 0.946893 -0
    outer loop
      vertex -12.8137 37.864 14.995
      vertex -13.1977 37.9944 17
      vertex -12.8137 37.864 17
    endloop
  endfacet
  facet normal 0.321549 0.946893 0
    outer loop
      vertex -13.1977 37.9944 17
      vertex -12.8137 37.864 14.995
      vertex -13.1977 37.9944 14.995
    endloop
  endfacet
  facet normal 0.659482 0.751721 -0
    outer loop
      vertex -11.808 37.192 14.995
      vertex -12.1128 37.4594 17
      vertex -11.808 37.192 17
    endloop
  endfacet
  facet normal 0.659482 0.751721 0
    outer loop
      vertex -12.1128 37.4594 17
      vertex -11.808 37.192 14.995
      vertex -12.1128 37.4594 14.995
    endloop
  endfacet
  facet normal 0.195073 -0.980789 0
    outer loop
      vertex -13.5954 31.9265 14.995
      vertex -13.1977 32.0056 17
      vertex -13.5954 31.9265 17
    endloop
  endfacet
  facet normal 0.195073 -0.980789 0
    outer loop
      vertex -13.1977 32.0056 17
      vertex -13.5954 31.9265 14.995
      vertex -13.1977 32.0056 14.995
    endloop
  endfacet
  facet normal -0.751721 0.659482 0
    outer loop
      vertex -16.4594 36.8872 14.995
      vertex -16.192 37.192 17
      vertex -16.192 37.192 14.995
    endloop
  endfacet
  facet normal -0.751721 0.659482 0
    outer loop
      vertex -16.192 37.192 17
      vertex -16.4594 36.8872 14.995
      vertex -16.4594 36.8872 17
    endloop
  endfacet
  facet normal 0.442176 -0.896928 0
    outer loop
      vertex -12.8137 32.136 14.995
      vertex -12.45 32.3153 17
      vertex -12.8137 32.136 17
    endloop
  endfacet
  facet normal 0.442176 -0.896928 0
    outer loop
      vertex -12.45 32.3153 17
      vertex -12.8137 32.136 14.995
      vertex -12.45 32.3153 14.995
    endloop
  endfacet
  facet normal -0.195073 -0.980789 0
    outer loop
      vertex -14.8023 32.0056 14.995
      vertex -14.4046 31.9265 17
      vertex -14.8023 32.0056 17
    endloop
  endfacet
  facet normal -0.195073 -0.980789 -0
    outer loop
      vertex -14.4046 31.9265 17
      vertex -14.8023 32.0056 14.995
      vertex -14.4046 31.9265 14.995
    endloop
  endfacet
  facet normal -0.659482 -0.751721 0
    outer loop
      vertex -16.192 32.808 14.995
      vertex -15.8872 32.5406 17
      vertex -16.192 32.808 17
    endloop
  endfacet
  facet normal -0.659482 -0.751721 -0
    outer loop
      vertex -15.8872 32.5406 17
      vertex -16.192 32.808 14.995
      vertex -15.8872 32.5406 14.995
    endloop
  endfacet
  facet normal 0.555553 -0.831481 0
    outer loop
      vertex -12.45 32.3153 14.995
      vertex -12.1128 32.5406 17
      vertex -12.45 32.3153 17
    endloop
  endfacet
  facet normal 0.555553 -0.831481 0
    outer loop
      vertex -12.1128 32.5406 17
      vertex -12.45 32.3153 14.995
      vertex -12.1128 32.5406 14.995
    endloop
  endfacet
  facet normal 0.321549 -0.946893 0
    outer loop
      vertex -13.1977 32.0056 14.995
      vertex -12.8137 32.136 17
      vertex -13.1977 32.0056 17
    endloop
  endfacet
  facet normal 0.321549 -0.946893 0
    outer loop
      vertex -12.8137 32.136 17
      vertex -13.1977 32.0056 14.995
      vertex -12.8137 32.136 14.995
    endloop
  endfacet
  facet normal 0.946893 -0.321549 0
    outer loop
      vertex -11.136 33.8137 17
      vertex -11.0056 34.1977 14.995
      vertex -11.0056 34.1977 17
    endloop
  endfacet
  facet normal 0.946893 -0.321549 0
    outer loop
      vertex -11.0056 34.1977 14.995
      vertex -11.136 33.8137 17
      vertex -11.136 33.8137 14.995
    endloop
  endfacet
  facet normal -0.555553 -0.831481 0
    outer loop
      vertex -15.8872 32.5406 14.995
      vertex -15.55 32.3153 17
      vertex -15.8872 32.5406 17
    endloop
  endfacet
  facet normal -0.555553 -0.831481 -0
    outer loop
      vertex -15.55 32.3153 17
      vertex -15.8872 32.5406 14.995
      vertex -15.55 32.3153 14.995
    endloop
  endfacet
  facet normal 0.980789 0.195073 0
    outer loop
      vertex -10.9265 35.4046 17
      vertex -11.0056 35.8023 14.995
      vertex -11.0056 35.8023 17
    endloop
  endfacet
  facet normal 0.980789 0.195073 0
    outer loop
      vertex -11.0056 35.8023 14.995
      vertex -10.9265 35.4046 17
      vertex -10.9265 35.4046 14.995
    endloop
  endfacet
  facet normal 0.980789 -0.195073 0
    outer loop
      vertex -11.0056 34.1977 17
      vertex -10.9265 34.5954 14.995
      vertex -10.9265 34.5954 17
    endloop
  endfacet
  facet normal 0.980789 -0.195073 0
    outer loop
      vertex -10.9265 34.5954 14.995
      vertex -11.0056 34.1977 17
      vertex -11.0056 34.1977 14.995
    endloop
  endfacet
  facet normal -0.0653568 0.997862 0
    outer loop
      vertex -14 38.1 14.995
      vertex -14.4046 38.0735 17
      vertex -14 38.1 17
    endloop
  endfacet
  facet normal -0.0653568 0.997862 0
    outer loop
      vertex -14.4046 38.0735 17
      vertex -14 38.1 14.995
      vertex -14.4046 38.0735 14.995
    endloop
  endfacet
  facet normal 0.997862 -0.0653568 0
    outer loop
      vertex -10.9265 34.5954 17
      vertex -10.9 35 14.995
      vertex -10.9 35 17
    endloop
  endfacet
  facet normal 0.997862 -0.0653568 0
    outer loop
      vertex -10.9 35 14.995
      vertex -10.9265 34.5954 17
      vertex -10.9265 34.5954 14.995
    endloop
  endfacet
  facet normal 0.831481 0.555553 0
    outer loop
      vertex -11.3153 36.55 17
      vertex -11.5406 36.8872 14.995
      vertex -11.5406 36.8872 17
    endloop
  endfacet
  facet normal 0.831481 0.555553 0
    outer loop
      vertex -11.5406 36.8872 14.995
      vertex -11.3153 36.55 17
      vertex -11.3153 36.55 14.995
    endloop
  endfacet
  facet normal 0.0653568 0.997862 -0
    outer loop
      vertex -13.5954 38.0735 14.995
      vertex -14 38.1 17
      vertex -13.5954 38.0735 17
    endloop
  endfacet
  facet normal 0.0653568 0.997862 0
    outer loop
      vertex -14 38.1 17
      vertex -13.5954 38.0735 14.995
      vertex -14 38.1 14.995
    endloop
  endfacet
  facet normal 0.831481 -0.555553 0
    outer loop
      vertex -11.5406 33.1128 17
      vertex -11.3153 33.45 14.995
      vertex -11.3153 33.45 17
    endloop
  endfacet
  facet normal 0.831481 -0.555553 0
    outer loop
      vertex -11.3153 33.45 14.995
      vertex -11.5406 33.1128 17
      vertex -11.5406 33.1128 14.995
    endloop
  endfacet
  facet normal 0.0653568 -0.997862 0
    outer loop
      vertex -14 31.9 14.995
      vertex -13.5954 31.9265 17
      vertex -14 31.9 17
    endloop
  endfacet
  facet normal 0.0653568 -0.997862 0
    outer loop
      vertex -13.5954 31.9265 17
      vertex -14 31.9 14.995
      vertex -13.5954 31.9265 14.995
    endloop
  endfacet
  facet normal 0.896928 -0.442176 0
    outer loop
      vertex -11.3153 -36.55 17
      vertex -11.136 -36.1863 14.995
      vertex -11.136 -36.1863 17
    endloop
  endfacet
  facet normal 0.896928 -0.442176 0
    outer loop
      vertex -11.136 -36.1863 14.995
      vertex -11.3153 -36.55 17
      vertex -11.3153 -36.55 14.995
    endloop
  endfacet
  facet normal -0.442176 -0.896928 0
    outer loop
      vertex -15.55 -37.6847 14.995
      vertex -15.1863 -37.864 17
      vertex -15.55 -37.6847 17
    endloop
  endfacet
  facet normal -0.442176 -0.896928 -0
    outer loop
      vertex -15.1863 -37.864 17
      vertex -15.55 -37.6847 14.995
      vertex -15.1863 -37.864 14.995
    endloop
  endfacet
  facet normal -0.980789 0.195073 0
    outer loop
      vertex -17.0735 -34.5954 14.995
      vertex -16.9944 -34.1977 17
      vertex -16.9944 -34.1977 14.995
    endloop
  endfacet
  facet normal -0.980789 0.195073 0
    outer loop
      vertex -16.9944 -34.1977 17
      vertex -17.0735 -34.5954 14.995
      vertex -17.0735 -34.5954 17
    endloop
  endfacet
  facet normal -0.997862 0.0653568 0
    outer loop
      vertex -17.1 -35 14.995
      vertex -17.0735 -34.5954 17
      vertex -17.0735 -34.5954 14.995
    endloop
  endfacet
  facet normal -0.997862 0.0653568 0
    outer loop
      vertex -17.0735 -34.5954 17
      vertex -17.1 -35 14.995
      vertex -17.1 -35 17
    endloop
  endfacet
  facet normal -0.946893 0.321549 0
    outer loop
      vertex -16.9944 -34.1977 14.995
      vertex -16.864 -33.8137 17
      vertex -16.864 -33.8137 14.995
    endloop
  endfacet
  facet normal -0.946893 0.321549 0
    outer loop
      vertex -16.864 -33.8137 17
      vertex -16.9944 -34.1977 14.995
      vertex -16.9944 -34.1977 17
    endloop
  endfacet
  facet normal -0.751721 -0.659482 0
    outer loop
      vertex -16.192 -37.192 14.995
      vertex -16.4594 -36.8872 17
      vertex -16.4594 -36.8872 14.995
    endloop
  endfacet
  facet normal -0.751721 -0.659482 0
    outer loop
      vertex -16.4594 -36.8872 17
      vertex -16.192 -37.192 14.995
      vertex -16.192 -37.192 17
    endloop
  endfacet
  facet normal -0.321549 0.946893 0
    outer loop
      vertex -14.8023 -32.0056 14.995
      vertex -15.1863 -32.136 17
      vertex -14.8023 -32.0056 17
    endloop
  endfacet
  facet normal -0.321549 0.946893 0
    outer loop
      vertex -15.1863 -32.136 17
      vertex -14.8023 -32.0056 14.995
      vertex -15.1863 -32.136 14.995
    endloop
  endfacet
  facet normal -0.555553 0.831481 0
    outer loop
      vertex -15.55 -32.3153 14.995
      vertex -15.8872 -32.5406 17
      vertex -15.55 -32.3153 17
    endloop
  endfacet
  facet normal -0.555553 0.831481 0
    outer loop
      vertex -15.8872 -32.5406 17
      vertex -15.55 -32.3153 14.995
      vertex -15.8872 -32.5406 14.995
    endloop
  endfacet
  facet normal -0.896928 -0.442176 0
    outer loop
      vertex -16.6847 -36.55 14.995
      vertex -16.864 -36.1863 17
      vertex -16.864 -36.1863 14.995
    endloop
  endfacet
  facet normal -0.896928 -0.442176 0
    outer loop
      vertex -16.864 -36.1863 17
      vertex -16.6847 -36.55 14.995
      vertex -16.6847 -36.55 17
    endloop
  endfacet
  facet normal -0.321549 -0.946893 0
    outer loop
      vertex -15.1863 -37.864 14.995
      vertex -14.8023 -37.9944 17
      vertex -15.1863 -37.864 17
    endloop
  endfacet
  facet normal -0.321549 -0.946893 -0
    outer loop
      vertex -14.8023 -37.9944 17
      vertex -15.1863 -37.864 14.995
      vertex -14.8023 -37.9944 14.995
    endloop
  endfacet
  facet normal -0.896928 0.442176 0
    outer loop
      vertex -16.864 -33.8137 14.995
      vertex -16.6847 -33.45 17
      vertex -16.6847 -33.45 14.995
    endloop
  endfacet
  facet normal -0.896928 0.442176 0
    outer loop
      vertex -16.6847 -33.45 17
      vertex -16.864 -33.8137 14.995
      vertex -16.864 -33.8137 17
    endloop
  endfacet
  facet normal 0.195073 0.980789 -0
    outer loop
      vertex -13.1977 -32.0056 14.995
      vertex -13.5954 -31.9265 17
      vertex -13.1977 -32.0056 17
    endloop
  endfacet
  facet normal 0.195073 0.980789 0
    outer loop
      vertex -13.5954 -31.9265 17
      vertex -13.1977 -32.0056 14.995
      vertex -13.5954 -31.9265 14.995
    endloop
  endfacet
  facet normal 0.0653568 -0.997862 0
    outer loop
      vertex -14 -38.1 14.995
      vertex -13.5954 -38.0735 17
      vertex -14 -38.1 17
    endloop
  endfacet
  facet normal 0.0653568 -0.997862 0
    outer loop
      vertex -13.5954 -38.0735 17
      vertex -14 -38.1 14.995
      vertex -13.5954 -38.0735 14.995
    endloop
  endfacet
  facet normal 0.555553 0.831481 -0
    outer loop
      vertex -12.1128 -32.5406 14.995
      vertex -12.45 -32.3153 17
      vertex -12.1128 -32.5406 17
    endloop
  endfacet
  facet normal 0.555553 0.831481 0
    outer loop
      vertex -12.45 -32.3153 17
      vertex -12.1128 -32.5406 14.995
      vertex -12.45 -32.3153 14.995
    endloop
  endfacet
  facet normal 0.321549 -0.946893 0
    outer loop
      vertex -13.1977 -37.9944 14.995
      vertex -12.8137 -37.864 17
      vertex -13.1977 -37.9944 17
    endloop
  endfacet
  facet normal 0.321549 -0.946893 0
    outer loop
      vertex -12.8137 -37.864 17
      vertex -13.1977 -37.9944 14.995
      vertex -12.8137 -37.864 14.995
    endloop
  endfacet
  facet normal -0.946893 -0.321549 0
    outer loop
      vertex -16.864 -36.1863 14.995
      vertex -16.9944 -35.8023 17
      vertex -16.9944 -35.8023 14.995
    endloop
  endfacet
  facet normal -0.946893 -0.321549 0
    outer loop
      vertex -16.9944 -35.8023 17
      vertex -16.864 -36.1863 14.995
      vertex -16.864 -36.1863 17
    endloop
  endfacet
  facet normal 0.831481 -0.555553 0
    outer loop
      vertex -11.5406 -36.8872 17
      vertex -11.3153 -36.55 14.995
      vertex -11.3153 -36.55 17
    endloop
  endfacet
  facet normal 0.831481 -0.555553 0
    outer loop
      vertex -11.3153 -36.55 14.995
      vertex -11.5406 -36.8872 17
      vertex -11.5406 -36.8872 14.995
    endloop
  endfacet
  facet normal 0.659482 -0.751721 0
    outer loop
      vertex -12.1128 -37.4594 14.995
      vertex -11.808 -37.192 17
      vertex -12.1128 -37.4594 17
    endloop
  endfacet
  facet normal 0.659482 -0.751721 0
    outer loop
      vertex -11.808 -37.192 17
      vertex -12.1128 -37.4594 14.995
      vertex -11.808 -37.192 14.995
    endloop
  endfacet
  facet normal 0.659482 0.751721 -0
    outer loop
      vertex -11.808 -32.808 14.995
      vertex -12.1128 -32.5406 17
      vertex -11.808 -32.808 17
    endloop
  endfacet
  facet normal 0.659482 0.751721 0
    outer loop
      vertex -12.1128 -32.5406 17
      vertex -11.808 -32.808 14.995
      vertex -12.1128 -32.5406 14.995
    endloop
  endfacet
  facet normal 0.946893 0.321549 0
    outer loop
      vertex -11.0056 -34.1977 17
      vertex -11.136 -33.8137 14.995
      vertex -11.136 -33.8137 17
    endloop
  endfacet
  facet normal 0.946893 0.321549 0
    outer loop
      vertex -11.136 -33.8137 14.995
      vertex -11.0056 -34.1977 17
      vertex -11.0056 -34.1977 14.995
    endloop
  endfacet
  facet normal 0.442176 0.896928 -0
    outer loop
      vertex -12.45 -32.3153 14.995
      vertex -12.8137 -32.136 17
      vertex -12.45 -32.3153 17
    endloop
  endfacet
  facet normal 0.442176 0.896928 0
    outer loop
      vertex -12.8137 -32.136 17
      vertex -12.45 -32.3153 14.995
      vertex -12.8137 -32.136 14.995
    endloop
  endfacet
  facet normal 0.980789 0.195073 0
    outer loop
      vertex -10.9265 -34.5954 17
      vertex -11.0056 -34.1977 14.995
      vertex -11.0056 -34.1977 17
    endloop
  endfacet
  facet normal 0.980789 0.195073 0
    outer loop
      vertex -11.0056 -34.1977 14.995
      vertex -10.9265 -34.5954 17
      vertex -10.9265 -34.5954 14.995
    endloop
  endfacet
  facet normal 0.321549 0.946893 -0
    outer loop
      vertex -12.8137 -32.136 14.995
      vertex -13.1977 -32.0056 17
      vertex -12.8137 -32.136 17
    endloop
  endfacet
  facet normal 0.321549 0.946893 0
    outer loop
      vertex -13.1977 -32.0056 17
      vertex -12.8137 -32.136 14.995
      vertex -13.1977 -32.0056 14.995
    endloop
  endfacet
  facet normal -0.659482 -0.751721 0
    outer loop
      vertex -16.192 -37.192 14.995
      vertex -15.8872 -37.4594 17
      vertex -16.192 -37.192 17
    endloop
  endfacet
  facet normal -0.659482 -0.751721 -0
    outer loop
      vertex -15.8872 -37.4594 17
      vertex -16.192 -37.192 14.995
      vertex -15.8872 -37.4594 14.995
    endloop
  endfacet
  facet normal -0.0653568 0.997862 0
    outer loop
      vertex -14 -31.9 14.995
      vertex -14.4046 -31.9265 17
      vertex -14 -31.9 17
    endloop
  endfacet
  facet normal -0.0653568 0.997862 0
    outer loop
      vertex -14.4046 -31.9265 17
      vertex -14 -31.9 14.995
      vertex -14.4046 -31.9265 14.995
    endloop
  endfacet
  facet normal -0.831481 0.555553 0
    outer loop
      vertex -16.6847 -33.45 14.995
      vertex -16.4594 -33.1128 17
      vertex -16.4594 -33.1128 14.995
    endloop
  endfacet
  facet normal -0.831481 0.555553 0
    outer loop
      vertex -16.4594 -33.1128 17
      vertex -16.6847 -33.45 14.995
      vertex -16.6847 -33.45 17
    endloop
  endfacet
  facet normal -0.195073 -0.980789 0
    outer loop
      vertex -14.8023 -37.9944 14.995
      vertex -14.4046 -38.0735 17
      vertex -14.8023 -37.9944 17
    endloop
  endfacet
  facet normal -0.195073 -0.980789 -0
    outer loop
      vertex -14.4046 -38.0735 17
      vertex -14.8023 -37.9944 14.995
      vertex -14.4046 -38.0735 14.995
    endloop
  endfacet
  facet normal 0.980789 -0.195073 0
    outer loop
      vertex -11.0056 -35.8023 17
      vertex -10.9265 -35.4046 14.995
      vertex -10.9265 -35.4046 17
    endloop
  endfacet
  facet normal 0.980789 -0.195073 0
    outer loop
      vertex -10.9265 -35.4046 14.995
      vertex -11.0056 -35.8023 17
      vertex -11.0056 -35.8023 14.995
    endloop
  endfacet
  facet normal 0.751721 0.659482 0
    outer loop
      vertex -11.5406 -33.1128 17
      vertex -11.808 -32.808 14.995
      vertex -11.808 -32.808 17
    endloop
  endfacet
  facet normal 0.751721 0.659482 0
    outer loop
      vertex -11.808 -32.808 14.995
      vertex -11.5406 -33.1128 17
      vertex -11.5406 -33.1128 14.995
    endloop
  endfacet
  facet normal -0.659482 0.751721 0
    outer loop
      vertex -15.8872 -32.5406 14.995
      vertex -16.192 -32.808 17
      vertex -15.8872 -32.5406 17
    endloop
  endfacet
  facet normal -0.659482 0.751721 0
    outer loop
      vertex -16.192 -32.808 17
      vertex -15.8872 -32.5406 14.995
      vertex -16.192 -32.808 14.995
    endloop
  endfacet
  facet normal -0.997862 -0.0653568 0
    outer loop
      vertex -17.0735 -35.4046 14.995
      vertex -17.1 -35 17
      vertex -17.1 -35 14.995
    endloop
  endfacet
  facet normal -0.997862 -0.0653568 0
    outer loop
      vertex -17.1 -35 17
      vertex -17.0735 -35.4046 14.995
      vertex -17.0735 -35.4046 17
    endloop
  endfacet
  facet normal -0.980789 -0.195073 0
    outer loop
      vertex -16.9944 -35.8023 14.995
      vertex -17.0735 -35.4046 17
      vertex -17.0735 -35.4046 14.995
    endloop
  endfacet
  facet normal -0.980789 -0.195073 0
    outer loop
      vertex -17.0735 -35.4046 17
      vertex -16.9944 -35.8023 14.995
      vertex -16.9944 -35.8023 17
    endloop
  endfacet
  facet normal -0.555553 -0.831481 0
    outer loop
      vertex -15.8872 -37.4594 14.995
      vertex -15.55 -37.6847 17
      vertex -15.8872 -37.4594 17
    endloop
  endfacet
  facet normal -0.555553 -0.831481 -0
    outer loop
      vertex -15.55 -37.6847 17
      vertex -15.8872 -37.4594 14.995
      vertex -15.55 -37.6847 14.995
    endloop
  endfacet
  facet normal -0.195073 0.980789 0
    outer loop
      vertex -14.4046 -31.9265 14.995
      vertex -14.8023 -32.0056 17
      vertex -14.4046 -31.9265 17
    endloop
  endfacet
  facet normal -0.195073 0.980789 0
    outer loop
      vertex -14.8023 -32.0056 17
      vertex -14.4046 -31.9265 14.995
      vertex -14.8023 -32.0056 14.995
    endloop
  endfacet
  facet normal -0.751721 0.659482 0
    outer loop
      vertex -16.4594 -33.1128 14.995
      vertex -16.192 -32.808 17
      vertex -16.192 -32.808 14.995
    endloop
  endfacet
  facet normal -0.751721 0.659482 0
    outer loop
      vertex -16.192 -32.808 17
      vertex -16.4594 -33.1128 14.995
      vertex -16.4594 -33.1128 17
    endloop
  endfacet
  facet normal -0.442176 0.896928 0
    outer loop
      vertex -15.1863 -32.136 14.995
      vertex -15.55 -32.3153 17
      vertex -15.1863 -32.136 17
    endloop
  endfacet
  facet normal -0.442176 0.896928 0
    outer loop
      vertex -15.55 -32.3153 17
      vertex -15.1863 -32.136 14.995
      vertex -15.55 -32.3153 14.995
    endloop
  endfacet
  facet normal 0.997862 -0.0653568 0
    outer loop
      vertex -10.9265 -35.4046 17
      vertex -10.9 -35 14.995
      vertex -10.9 -35 17
    endloop
  endfacet
  facet normal 0.997862 -0.0653568 0
    outer loop
      vertex -10.9 -35 14.995
      vertex -10.9265 -35.4046 17
      vertex -10.9265 -35.4046 14.995
    endloop
  endfacet
  facet normal -0.831481 -0.555553 0
    outer loop
      vertex -16.4594 -36.8872 14.995
      vertex -16.6847 -36.55 17
      vertex -16.6847 -36.55 14.995
    endloop
  endfacet
  facet normal -0.831481 -0.555553 0
    outer loop
      vertex -16.6847 -36.55 17
      vertex -16.4594 -36.8872 14.995
      vertex -16.4594 -36.8872 17
    endloop
  endfacet
  facet normal 0.751721 -0.659482 0
    outer loop
      vertex -11.808 -37.192 17
      vertex -11.5406 -36.8872 14.995
      vertex -11.5406 -36.8872 17
    endloop
  endfacet
  facet normal 0.751721 -0.659482 0
    outer loop
      vertex -11.5406 -36.8872 14.995
      vertex -11.808 -37.192 17
      vertex -11.808 -37.192 14.995
    endloop
  endfacet
  facet normal 0.997862 0.0653568 0
    outer loop
      vertex -10.9 -35 17
      vertex -10.9265 -34.5954 14.995
      vertex -10.9265 -34.5954 17
    endloop
  endfacet
  facet normal 0.997862 0.0653568 0
    outer loop
      vertex -10.9265 -34.5954 14.995
      vertex -10.9 -35 17
      vertex -10.9 -35 14.995
    endloop
  endfacet
  facet normal 0.442176 -0.896928 0
    outer loop
      vertex -12.8137 -37.864 14.995
      vertex -12.45 -37.6847 17
      vertex -12.8137 -37.864 17
    endloop
  endfacet
  facet normal 0.442176 -0.896928 0
    outer loop
      vertex -12.45 -37.6847 17
      vertex -12.8137 -37.864 14.995
      vertex -12.45 -37.6847 14.995
    endloop
  endfacet
  facet normal 0.946893 -0.321549 0
    outer loop
      vertex -11.136 -36.1863 17
      vertex -11.0056 -35.8023 14.995
      vertex -11.0056 -35.8023 17
    endloop
  endfacet
  facet normal 0.946893 -0.321549 0
    outer loop
      vertex -11.0056 -35.8023 14.995
      vertex -11.136 -36.1863 17
      vertex -11.136 -36.1863 14.995
    endloop
  endfacet
  facet normal 0.195073 -0.980789 0
    outer loop
      vertex -13.5954 -38.0735 14.995
      vertex -13.1977 -37.9944 17
      vertex -13.5954 -38.0735 17
    endloop
  endfacet
  facet normal 0.195073 -0.980789 0
    outer loop
      vertex -13.1977 -37.9944 17
      vertex -13.5954 -38.0735 14.995
      vertex -13.1977 -37.9944 14.995
    endloop
  endfacet
  facet normal -0.0653568 -0.997862 0
    outer loop
      vertex -14.4046 -38.0735 14.995
      vertex -14 -38.1 17
      vertex -14.4046 -38.0735 17
    endloop
  endfacet
  facet normal -0.0653568 -0.997862 -0
    outer loop
      vertex -14 -38.1 17
      vertex -14.4046 -38.0735 14.995
      vertex -14 -38.1 14.995
    endloop
  endfacet
  facet normal 0.0653568 0.997862 -0
    outer loop
      vertex -13.5954 -31.9265 14.995
      vertex -14 -31.9 17
      vertex -13.5954 -31.9265 17
    endloop
  endfacet
  facet normal 0.0653568 0.997862 0
    outer loop
      vertex -14 -31.9 17
      vertex -13.5954 -31.9265 14.995
      vertex -14 -31.9 14.995
    endloop
  endfacet
  facet normal 0.896928 0.442176 0
    outer loop
      vertex -11.136 -33.8137 17
      vertex -11.3153 -33.45 14.995
      vertex -11.3153 -33.45 17
    endloop
  endfacet
  facet normal 0.896928 0.442176 0
    outer loop
      vertex -11.3153 -33.45 14.995
      vertex -11.136 -33.8137 17
      vertex -11.136 -33.8137 14.995
    endloop
  endfacet
  facet normal 0.831481 0.555553 0
    outer loop
      vertex -11.3153 -33.45 17
      vertex -11.5406 -33.1128 14.995
      vertex -11.5406 -33.1128 17
    endloop
  endfacet
  facet normal 0.831481 0.555553 0
    outer loop
      vertex -11.5406 -33.1128 14.995
      vertex -11.3153 -33.45 17
      vertex -11.3153 -33.45 14.995
    endloop
  endfacet
  facet normal 0.555553 -0.831481 0
    outer loop
      vertex -12.45 -37.6847 14.995
      vertex -12.1128 -37.4594 17
      vertex -12.45 -37.6847 17
    endloop
  endfacet
  facet normal 0.555553 -0.831481 0
    outer loop
      vertex -12.1128 -37.4594 17
      vertex -12.45 -37.6847 14.995
      vertex -12.1128 -37.4594 14.995
    endloop
  endfacet
  facet normal 0 0 1
    outer loop
      vertex -10.9265 -34.5954 17
      vertex -10.9265 -35.4046 17
      vertex -10.9 -35 17
    endloop
  endfacet
  facet normal 0 0 1
    outer loop
      vertex -11.0056 -34.1977 17
      vertex -10.9265 -35.4046 17
      vertex -10.9265 -34.5954 17
    endloop
  endfacet
  facet normal 0 0 1
    outer loop
      vertex -11.0056 -34.1977 17
      vertex -11.0056 -35.8023 17
      vertex -10.9265 -35.4046 17
    endloop
  endfacet
  facet normal 0 0 1
    outer loop
      vertex -11.136 -33.8137 17
      vertex -11.0056 -35.8023 17
      vertex -11.0056 -34.1977 17
    endloop
  endfacet
  facet normal 0 0 1
    outer loop
      vertex -11.136 -33.8137 17
      vertex -11.136 -36.1863 17
      vertex -11.0056 -35.8023 17
    endloop
  endfacet
  facet normal 0 0 1
    outer loop
      vertex -11.3153 -33.45 17
      vertex -11.136 -36.1863 17
      vertex -11.136 -33.8137 17
    endloop
  endfacet
  facet normal 0 0 1
    outer loop
      vertex -11.3153 -33.45 17
      vertex -11.3153 -36.55 17
      vertex -11.136 -36.1863 17
    endloop
  endfacet
  facet normal 0 0 1
    outer loop
      vertex -11.5406 -33.1128 17
      vertex -11.3153 -36.55 17
      vertex -11.3153 -33.45 17
    endloop
  endfacet
  facet normal 0 0 1
    outer loop
      vertex -11.5406 -33.1128 17
      vertex -11.5406 -36.8872 17
      vertex -11.3153 -36.55 17
    endloop
  endfacet
  facet normal 0 0 1
    outer loop
      vertex -11.808 -32.808 17
      vertex -11.5406 -36.8872 17
      vertex -11.5406 -33.1128 17
    endloop
  endfacet
  facet normal 0 0 1
    outer loop
      vertex -11.808 -32.808 17
      vertex -11.808 -37.192 17
      vertex -11.5406 -36.8872 17
    endloop
  endfacet
  facet normal 0 0 1
    outer loop
      vertex -12.1128 -32.5406 17
      vertex -11.808 -37.192 17
      vertex -11.808 -32.808 17
    endloop
  endfacet
  facet normal 0 0 1
    outer loop
      vertex -12.1128 -32.5406 17
      vertex -12.1128 -37.4594 17
      vertex -11.808 -37.192 17
    endloop
  endfacet
  facet normal 0 0 1
    outer loop
      vertex -12.45 -32.3153 17
      vertex -12.1128 -37.4594 17
      vertex -12.1128 -32.5406 17
    endloop
  endfacet
  facet normal 0 0 1
    outer loop
      vertex -12.45 -32.3153 17
      vertex -12.45 -37.6847 17
      vertex -12.1128 -37.4594 17
    endloop
  endfacet
  facet normal 0 0 1
    outer loop
      vertex -12.8137 -32.136 17
      vertex -12.45 -37.6847 17
      vertex -12.45 -32.3153 17
    endloop
  endfacet
  facet normal 0 0 1
    outer loop
      vertex -12.8137 -32.136 17
      vertex -12.8137 -37.864 17
      vertex -12.45 -37.6847 17
    endloop
  endfacet
  facet normal 0 0 1
    outer loop
      vertex -13.1977 -32.0056 17
      vertex -12.8137 -37.864 17
      vertex -12.8137 -32.136 17
    endloop
  endfacet
  facet normal 0 0 1
    outer loop
      vertex -13.1977 -32.0056 17
      vertex -13.1977 -37.9944 17
      vertex -12.8137 -37.864 17
    endloop
  endfacet
  facet normal 0 0 1
    outer loop
      vertex -13.5954 -31.9265 17
      vertex -13.1977 -37.9944 17
      vertex -13.1977 -32.0056 17
    endloop
  endfacet
  facet normal 0 0 1
    outer loop
      vertex -13.5954 -31.9265 17
      vertex -13.5954 -38.0735 17
      vertex -13.1977 -37.9944 17
    endloop
  endfacet
  facet normal 0 0 1
    outer loop
      vertex -14 -31.9 17
      vertex -13.5954 -38.0735 17
      vertex -13.5954 -31.9265 17
    endloop
  endfacet
  facet normal 0 0 1
    outer loop
      vertex -14 -31.9 17
      vertex -14 -38.1 17
      vertex -13.5954 -38.0735 17
    endloop
  endfacet
  facet normal -0 0 1
    outer loop
      vertex -14.4046 -31.9265 17
      vertex -14 -38.1 17
      vertex -14 -31.9 17
    endloop
  endfacet
  facet normal 0 0 1
    outer loop
      vertex -14.4046 -31.9265 17
      vertex -14.4046 -38.0735 17
      vertex -14 -38.1 17
    endloop
  endfacet
  facet normal -0 0 1
    outer loop
      vertex -14.8023 -32.0056 17
      vertex -14.4046 -38.0735 17
      vertex -14.4046 -31.9265 17
    endloop
  endfacet
  facet normal 0 0 1
    outer loop
      vertex -14.8023 -32.0056 17
      vertex -14.8023 -37.9944 17
      vertex -14.4046 -38.0735 17
    endloop
  endfacet
  facet normal -0 0 1
    outer loop
      vertex -15.1863 -32.136 17
      vertex -14.8023 -37.9944 17
      vertex -14.8023 -32.0056 17
    endloop
  endfacet
  facet normal 0 0 1
    outer loop
      vertex -15.1863 -32.136 17
      vertex -15.1863 -37.864 17
      vertex -14.8023 -37.9944 17
    endloop
  endfacet
  facet normal -0 0 1
    outer loop
      vertex -15.55 -32.3153 17
      vertex -15.1863 -37.864 17
      vertex -15.1863 -32.136 17
    endloop
  endfacet
  facet normal 0 0 1
    outer loop
      vertex -15.55 -32.3153 17
      vertex -15.55 -37.6847 17
      vertex -15.1863 -37.864 17
    endloop
  endfacet
  facet normal -0 0 1
    outer loop
      vertex -15.8872 -32.5406 17
      vertex -15.55 -37.6847 17
      vertex -15.55 -32.3153 17
    endloop
  endfacet
  facet normal 0 0 1
    outer loop
      vertex -15.8872 -32.5406 17
      vertex -15.8872 -37.4594 17
      vertex -15.55 -37.6847 17
    endloop
  endfacet
  facet normal -0 0 1
    outer loop
      vertex -16.192 -32.808 17
      vertex -15.8872 -37.4594 17
      vertex -15.8872 -32.5406 17
    endloop
  endfacet
  facet normal 0 0 1
    outer loop
      vertex -16.192 -32.808 17
      vertex -16.192 -37.192 17
      vertex -15.8872 -37.4594 17
    endloop
  endfacet
  facet normal -0 0 1
    outer loop
      vertex -16.4594 -33.1128 17
      vertex -16.192 -37.192 17
      vertex -16.192 -32.808 17
    endloop
  endfacet
  facet normal 0 0 1
    outer loop
      vertex -16.4594 -33.1128 17
      vertex -16.4594 -36.8872 17
      vertex -16.192 -37.192 17
    endloop
  endfacet
  facet normal -0 0 1
    outer loop
      vertex -16.6847 -33.45 17
      vertex -16.4594 -36.8872 17
      vertex -16.4594 -33.1128 17
    endloop
  endfacet
  facet normal 0 0 1
    outer loop
      vertex -16.6847 -33.45 17
      vertex -16.6847 -36.55 17
      vertex -16.4594 -36.8872 17
    endloop
  endfacet
  facet normal -0 0 1
    outer loop
      vertex -16.864 -33.8137 17
      vertex -16.6847 -36.55 17
      vertex -16.6847 -33.45 17
    endloop
  endfacet
  facet normal 0 0 1
    outer loop
      vertex -16.864 -33.8137 17
      vertex -16.864 -36.1863 17
      vertex -16.6847 -36.55 17
    endloop
  endfacet
  facet normal -0 0 1
    outer loop
      vertex -16.9944 -34.1977 17
      vertex -16.864 -36.1863 17
      vertex -16.864 -33.8137 17
    endloop
  endfacet
  facet normal 0 0 1
    outer loop
      vertex -16.9944 -34.1977 17
      vertex -16.9944 -35.8023 17
      vertex -16.864 -36.1863 17
    endloop
  endfacet
  facet normal -0 0 1
    outer loop
      vertex -17.0735 -34.5954 17
      vertex -16.9944 -35.8023 17
      vertex -16.9944 -34.1977 17
    endloop
  endfacet
  facet normal 0 0 1
    outer loop
      vertex -17.0735 -34.5954 17
      vertex -17.0735 -35.4046 17
      vertex -16.9944 -35.8023 17
    endloop
  endfacet
  facet normal 0 -0 1
    outer loop
      vertex -17.0735 -35.4046 17
      vertex -17.0735 -34.5954 17
      vertex -17.1 -35 17
    endloop
  endfacet
  facet normal -0.896928 -0.442176 0
    outer loop
      vertex -57.6847 33.45 30.9
      vertex -57.864 33.8137 33
      vertex -57.864 33.8137 30.9
    endloop
  endfacet
  facet normal -0.896928 -0.442176 0
    outer loop
      vertex -57.864 33.8137 33
      vertex -57.6847 33.45 30.9
      vertex -57.6847 33.45 33
    endloop
  endfacet
  facet normal -0.980789 0.195073 0
    outer loop
      vertex -58.0735 35.4046 30.9
      vertex -57.9944 35.8023 33
      vertex -57.9944 35.8023 30.9
    endloop
  endfacet
  facet normal -0.980789 0.195073 0
    outer loop
      vertex -57.9944 35.8023 33
      vertex -58.0735 35.4046 30.9
      vertex -58.0735 35.4046 33
    endloop
  endfacet
  facet normal -0.997862 0.0653568 0
    outer loop
      vertex -58.1 35 30.9
      vertex -58.0735 35.4046 33
      vertex -58.0735 35.4046 30.9
    endloop
  endfacet
  facet normal -0.997862 0.0653568 0
    outer loop
      vertex -58.0735 35.4046 33
      vertex -58.1 35 30.9
      vertex -58.1 35 33
    endloop
  endfacet
  facet normal -0.946893 0.321549 0
    outer loop
      vertex -57.9944 35.8023 30.9
      vertex -57.864 36.1863 33
      vertex -57.864 36.1863 30.9
    endloop
  endfacet
  facet normal -0.946893 0.321549 0
    outer loop
      vertex -57.864 36.1863 33
      vertex -57.9944 35.8023 30.9
      vertex -57.9944 35.8023 33
    endloop
  endfacet
  facet normal -0.980789 -0.195073 0
    outer loop
      vertex -57.9944 34.1977 30.9
      vertex -58.0735 34.5954 33
      vertex -58.0735 34.5954 30.9
    endloop
  endfacet
  facet normal -0.980789 -0.195073 0
    outer loop
      vertex -58.0735 34.5954 33
      vertex -57.9944 34.1977 30.9
      vertex -57.9944 34.1977 33
    endloop
  endfacet
  facet normal -0.896928 0.442176 0
    outer loop
      vertex -57.864 36.1863 30.9
      vertex -57.6847 36.55 33
      vertex -57.6847 36.55 30.9
    endloop
  endfacet
  facet normal -0.896928 0.442176 0
    outer loop
      vertex -57.6847 36.55 33
      vertex -57.864 36.1863 30.9
      vertex -57.864 36.1863 33
    endloop
  endfacet
  facet normal 0.946893 0.321549 0
    outer loop
      vertex -52.0056 35.8023 33
      vertex -52.136 36.1863 30.9
      vertex -52.136 36.1863 33
    endloop
  endfacet
  facet normal 0.946893 0.321549 0
    outer loop
      vertex -52.136 36.1863 30.9
      vertex -52.0056 35.8023 33
      vertex -52.0056 35.8023 30.9
    endloop
  endfacet
  facet normal -0.831481 -0.555553 0
    outer loop
      vertex -57.4594 33.1128 30.9
      vertex -57.6847 33.45 33
      vertex -57.6847 33.45 30.9
    endloop
  endfacet
  facet normal -0.831481 -0.555553 0
    outer loop
      vertex -57.6847 33.45 33
      vertex -57.4594 33.1128 30.9
      vertex -57.4594 33.1128 33
    endloop
  endfacet
  facet normal -0.321549 0.946893 0
    outer loop
      vertex -55.8023 37.9944 30.9
      vertex -56.1863 37.864 33
      vertex -55.8023 37.9944 33
    endloop
  endfacet
  facet normal -0.321549 0.946893 0
    outer loop
      vertex -56.1863 37.864 33
      vertex -55.8023 37.9944 30.9
      vertex -56.1863 37.864 30.9
    endloop
  endfacet
  facet normal 0.555553 0.831481 -0
    outer loop
      vertex -53.1128 37.4594 30.9
      vertex -53.45 37.6847 33
      vertex -53.1128 37.4594 33
    endloop
  endfacet
  facet normal 0.555553 0.831481 0
    outer loop
      vertex -53.45 37.6847 33
      vertex -53.1128 37.4594 30.9
      vertex -53.45 37.6847 30.9
    endloop
  endfacet
  facet normal 0.896928 0.442176 0
    outer loop
      vertex -52.136 36.1863 33
      vertex -52.3153 36.55 30.9
      vertex -52.3153 36.55 33
    endloop
  endfacet
  facet normal 0.896928 0.442176 0
    outer loop
      vertex -52.3153 36.55 30.9
      vertex -52.136 36.1863 33
      vertex -52.136 36.1863 30.9
    endloop
  endfacet
  facet normal -0.442176 0.896928 0
    outer loop
      vertex -56.1863 37.864 30.9
      vertex -56.55 37.6847 33
      vertex -56.1863 37.864 33
    endloop
  endfacet
  facet normal -0.442176 0.896928 0
    outer loop
      vertex -56.55 37.6847 33
      vertex -56.1863 37.864 30.9
      vertex -56.55 37.6847 30.9
    endloop
  endfacet
  facet normal -0.659482 0.751721 0
    outer loop
      vertex -56.8872 37.4594 30.9
      vertex -57.192 37.192 33
      vertex -56.8872 37.4594 33
    endloop
  endfacet
  facet normal -0.659482 0.751721 0
    outer loop
      vertex -57.192 37.192 33
      vertex -56.8872 37.4594 30.9
      vertex -57.192 37.192 30.9
    endloop
  endfacet
  facet normal 0.896928 -0.442176 0
    outer loop
      vertex -52.3153 33.45 33
      vertex -52.136 33.8137 30.9
      vertex -52.136 33.8137 33
    endloop
  endfacet
  facet normal 0.896928 -0.442176 0
    outer loop
      vertex -52.136 33.8137 30.9
      vertex -52.3153 33.45 33
      vertex -52.3153 33.45 30.9
    endloop
  endfacet
  facet normal 0.997862 0.0653568 0
    outer loop
      vertex -51.9 35 33
      vertex -51.9265 35.4046 30.9
      vertex -51.9265 35.4046 33
    endloop
  endfacet
  facet normal 0.997862 0.0653568 0
    outer loop
      vertex -51.9265 35.4046 30.9
      vertex -51.9 35 33
      vertex -51.9 35 30.9
    endloop
  endfacet
  facet normal 0.659482 -0.751721 0
    outer loop
      vertex -53.1128 32.5406 30.9
      vertex -52.808 32.808 33
      vertex -53.1128 32.5406 33
    endloop
  endfacet
  facet normal 0.659482 -0.751721 0
    outer loop
      vertex -52.808 32.808 33
      vertex -53.1128 32.5406 30.9
      vertex -52.808 32.808 30.9
    endloop
  endfacet
  facet normal 0.751721 0.659482 0
    outer loop
      vertex -52.5406 36.8872 33
      vertex -52.808 37.192 30.9
      vertex -52.808 37.192 33
    endloop
  endfacet
  facet normal 0.751721 0.659482 0
    outer loop
      vertex -52.808 37.192 30.9
      vertex -52.5406 36.8872 33
      vertex -52.5406 36.8872 30.9
    endloop
  endfacet
  facet normal 0.442176 0.896928 -0
    outer loop
      vertex -53.45 37.6847 30.9
      vertex -53.8137 37.864 33
      vertex -53.45 37.6847 33
    endloop
  endfacet
  facet normal 0.442176 0.896928 0
    outer loop
      vertex -53.8137 37.864 33
      vertex -53.45 37.6847 30.9
      vertex -53.8137 37.864 30.9
    endloop
  endfacet
  facet normal -0.195073 0.980789 0
    outer loop
      vertex -55.4046 38.0735 30.9
      vertex -55.8023 37.9944 33
      vertex -55.4046 38.0735 33
    endloop
  endfacet
  facet normal -0.195073 0.980789 0
    outer loop
      vertex -55.8023 37.9944 33
      vertex -55.4046 38.0735 30.9
      vertex -55.8023 37.9944 30.9
    endloop
  endfacet
  facet normal -0.442176 -0.896928 0
    outer loop
      vertex -56.55 32.3153 30.9
      vertex -56.1863 32.136 33
      vertex -56.55 32.3153 33
    endloop
  endfacet
  facet normal -0.442176 -0.896928 -0
    outer loop
      vertex -56.1863 32.136 33
      vertex -56.55 32.3153 30.9
      vertex -56.1863 32.136 30.9
    endloop
  endfacet
  facet normal -0.997862 -0.0653568 0
    outer loop
      vertex -58.0735 34.5954 30.9
      vertex -58.1 35 33
      vertex -58.1 35 30.9
    endloop
  endfacet
  facet normal -0.997862 -0.0653568 0
    outer loop
      vertex -58.1 35 33
      vertex -58.0735 34.5954 30.9
      vertex -58.0735 34.5954 33
    endloop
  endfacet
  facet normal -0.321549 -0.946893 0
    outer loop
      vertex -56.1863 32.136 30.9
      vertex -55.8023 32.0056 33
      vertex -56.1863 32.136 33
    endloop
  endfacet
  facet normal -0.321549 -0.946893 -0
    outer loop
      vertex -55.8023 32.0056 33
      vertex -56.1863 32.136 30.9
      vertex -55.8023 32.0056 30.9
    endloop
  endfacet
  facet normal -0.555553 0.831481 0
    outer loop
      vertex -56.55 37.6847 30.9
      vertex -56.8872 37.4594 33
      vertex -56.55 37.6847 33
    endloop
  endfacet
  facet normal -0.555553 0.831481 0
    outer loop
      vertex -56.8872 37.4594 33
      vertex -56.55 37.6847 30.9
      vertex -56.8872 37.4594 30.9
    endloop
  endfacet
  facet normal 0 0 1
    outer loop
      vertex -51.9265 35.4046 33
      vertex -51.9265 34.5954 33
      vertex -51.9 35 33
    endloop
  endfacet
  facet normal 0 0 1
    outer loop
      vertex -52.0056 35.8023 33
      vertex -51.9265 34.5954 33
      vertex -51.9265 35.4046 33
    endloop
  endfacet
  facet normal 0 0 1
    outer loop
      vertex -52.0056 35.8023 33
      vertex -52.0056 34.1977 33
      vertex -51.9265 34.5954 33
    endloop
  endfacet
  facet normal 0 0 1
    outer loop
      vertex -52.136 36.1863 33
      vertex -52.0056 34.1977 33
      vertex -52.0056 35.8023 33
    endloop
  endfacet
  facet normal 0 0 1
    outer loop
      vertex -52.136 36.1863 33
      vertex -52.136 33.8137 33
      vertex -52.0056 34.1977 33
    endloop
  endfacet
  facet normal 0 0 1
    outer loop
      vertex -52.3153 36.55 33
      vertex -52.136 33.8137 33
      vertex -52.136 36.1863 33
    endloop
  endfacet
  facet normal 0 0 1
    outer loop
      vertex -52.3153 36.55 33
      vertex -52.3153 33.45 33
      vertex -52.136 33.8137 33
    endloop
  endfacet
  facet normal 0 0 1
    outer loop
      vertex -52.5406 36.8872 33
      vertex -52.3153 33.45 33
      vertex -52.3153 36.55 33
    endloop
  endfacet
  facet normal 0 0 1
    outer loop
      vertex -52.5406 36.8872 33
      vertex -52.5406 33.1128 33
      vertex -52.3153 33.45 33
    endloop
  endfacet
  facet normal 0 0 1
    outer loop
      vertex -52.808 37.192 33
      vertex -52.5406 33.1128 33
      vertex -52.5406 36.8872 33
    endloop
  endfacet
  facet normal 0 0 1
    outer loop
      vertex -52.808 37.192 33
      vertex -52.808 32.808 33
      vertex -52.5406 33.1128 33
    endloop
  endfacet
  facet normal 0 0 1
    outer loop
      vertex -53.1128 37.4594 33
      vertex -52.808 32.808 33
      vertex -52.808 37.192 33
    endloop
  endfacet
  facet normal 0 0 1
    outer loop
      vertex -53.1128 37.4594 33
      vertex -53.1128 32.5406 33
      vertex -52.808 32.808 33
    endloop
  endfacet
  facet normal 0 0 1
    outer loop
      vertex -53.45 37.6847 33
      vertex -53.1128 32.5406 33
      vertex -53.1128 37.4594 33
    endloop
  endfacet
  facet normal 0 0 1
    outer loop
      vertex -53.45 37.6847 33
      vertex -53.45 32.3153 33
      vertex -53.1128 32.5406 33
    endloop
  endfacet
  facet normal 0 0 1
    outer loop
      vertex -53.8137 37.864 33
      vertex -53.45 32.3153 33
      vertex -53.45 37.6847 33
    endloop
  endfacet
  facet normal 0 0 1
    outer loop
      vertex -53.8137 37.864 33
      vertex -53.8137 32.136 33
      vertex -53.45 32.3153 33
    endloop
  endfacet
  facet normal 0 0 1
    outer loop
      vertex -54.1977 37.9944 33
      vertex -53.8137 32.136 33
      vertex -53.8137 37.864 33
    endloop
  endfacet
  facet normal 0 0 1
    outer loop
      vertex -54.1977 37.9944 33
      vertex -54.1977 32.0056 33
      vertex -53.8137 32.136 33
    endloop
  endfacet
  facet normal 0 0 1
    outer loop
      vertex -54.5954 38.0735 33
      vertex -54.1977 32.0056 33
      vertex -54.1977 37.9944 33
    endloop
  endfacet
  facet normal 0 0 1
    outer loop
      vertex -54.5954 38.0735 33
      vertex -54.5954 31.9265 33
      vertex -54.1977 32.0056 33
    endloop
  endfacet
  facet normal 0 0 1
    outer loop
      vertex -55 38.1 33
      vertex -54.5954 31.9265 33
      vertex -54.5954 38.0735 33
    endloop
  endfacet
  facet normal 0 0 1
    outer loop
      vertex -55 38.1 33
      vertex -55 31.9 33
      vertex -54.5954 31.9265 33
    endloop
  endfacet
  facet normal -0 0 1
    outer loop
      vertex -55.4046 38.0735 33
      vertex -55 31.9 33
      vertex -55 38.1 33
    endloop
  endfacet
  facet normal 0 0 1
    outer loop
      vertex -55.4046 38.0735 33
      vertex -55.4046 31.9265 33
      vertex -55 31.9 33
    endloop
  endfacet
  facet normal -0 0 1
    outer loop
      vertex -55.8023 37.9944 33
      vertex -55.4046 31.9265 33
      vertex -55.4046 38.0735 33
    endloop
  endfacet
  facet normal 0 0 1
    outer loop
      vertex -55.8023 37.9944 33
      vertex -55.8023 32.0056 33
      vertex -55.4046 31.9265 33
    endloop
  endfacet
  facet normal -0 0 1
    outer loop
      vertex -56.1863 37.864 33
      vertex -55.8023 32.0056 33
      vertex -55.8023 37.9944 33
    endloop
  endfacet
  facet normal 0 0 1
    outer loop
      vertex -56.1863 37.864 33
      vertex -56.1863 32.136 33
      vertex -55.8023 32.0056 33
    endloop
  endfacet
  facet normal -0 0 1
    outer loop
      vertex -56.55 37.6847 33
      vertex -56.1863 32.136 33
      vertex -56.1863 37.864 33
    endloop
  endfacet
  facet normal 0 0 1
    outer loop
      vertex -56.55 37.6847 33
      vertex -56.55 32.3153 33
      vertex -56.1863 32.136 33
    endloop
  endfacet
  facet normal -0 0 1
    outer loop
      vertex -56.8872 37.4594 33
      vertex -56.55 32.3153 33
      vertex -56.55 37.6847 33
    endloop
  endfacet
  facet normal 0 0 1
    outer loop
      vertex -56.8872 37.4594 33
      vertex -56.8872 32.5406 33
      vertex -56.55 32.3153 33
    endloop
  endfacet
  facet normal -0 0 1
    outer loop
      vertex -57.192 37.192 33
      vertex -56.8872 32.5406 33
      vertex -56.8872 37.4594 33
    endloop
  endfacet
  facet normal 0 0 1
    outer loop
      vertex -57.192 37.192 33
      vertex -57.192 32.808 33
      vertex -56.8872 32.5406 33
    endloop
  endfacet
  facet normal -0 0 1
    outer loop
      vertex -57.4594 36.8872 33
      vertex -57.192 32.808 33
      vertex -57.192 37.192 33
    endloop
  endfacet
  facet normal 0 0 1
    outer loop
      vertex -57.4594 36.8872 33
      vertex -57.4594 33.1128 33
      vertex -57.192 32.808 33
    endloop
  endfacet
  facet normal -0 0 1
    outer loop
      vertex -57.6847 36.55 33
      vertex -57.4594 33.1128 33
      vertex -57.4594 36.8872 33
    endloop
  endfacet
  facet normal 0 0 1
    outer loop
      vertex -57.6847 36.55 33
      vertex -57.6847 33.45 33
      vertex -57.4594 33.1128 33
    endloop
  endfacet
  facet normal -0 0 1
    outer loop
      vertex -57.864 36.1863 33
      vertex -57.6847 33.45 33
      vertex -57.6847 36.55 33
    endloop
  endfacet
  facet normal 0 0 1
    outer loop
      vertex -57.864 36.1863 33
      vertex -57.864 33.8137 33
      vertex -57.6847 33.45 33
    endloop
  endfacet
  facet normal -0 0 1
    outer loop
      vertex -57.9944 35.8023 33
      vertex -57.864 33.8137 33
      vertex -57.864 36.1863 33
    endloop
  endfacet
  facet normal 0 0 1
    outer loop
      vertex -57.9944 35.8023 33
      vertex -57.9944 34.1977 33
      vertex -57.864 33.8137 33
    endloop
  endfacet
  facet normal -0 0 1
    outer loop
      vertex -58.0735 35.4046 33
      vertex -57.9944 34.1977 33
      vertex -57.9944 35.8023 33
    endloop
  endfacet
  facet normal 0 0 1
    outer loop
      vertex -58.0735 35.4046 33
      vertex -58.0735 34.5954 33
      vertex -57.9944 34.1977 33
    endloop
  endfacet
  facet normal 0 -0 1
    outer loop
      vertex -58.0735 34.5954 33
      vertex -58.0735 35.4046 33
      vertex -58.1 35 33
    endloop
  endfacet
  facet normal -0.831481 0.555553 0
    outer loop
      vertex -57.6847 36.55 30.9
      vertex -57.4594 36.8872 33
      vertex -57.4594 36.8872 30.9
    endloop
  endfacet
  facet normal -0.831481 0.555553 0
    outer loop
      vertex -57.4594 36.8872 33
      vertex -57.6847 36.55 30.9
      vertex -57.6847 36.55 33
    endloop
  endfacet
  facet normal -0.751721 -0.659482 0
    outer loop
      vertex -57.192 32.808 30.9
      vertex -57.4594 33.1128 33
      vertex -57.4594 33.1128 30.9
    endloop
  endfacet
  facet normal -0.751721 -0.659482 0
    outer loop
      vertex -57.4594 33.1128 33
      vertex -57.192 32.808 30.9
      vertex -57.192 32.808 33
    endloop
  endfacet
  facet normal -0.0653568 -0.997862 0
    outer loop
      vertex -55.4046 31.9265 30.9
      vertex -55 31.9 33
      vertex -55.4046 31.9265 33
    endloop
  endfacet
  facet normal -0.0653568 -0.997862 -0
    outer loop
      vertex -55 31.9 33
      vertex -55.4046 31.9265 30.9
      vertex -55 31.9 30.9
    endloop
  endfacet
  facet normal -0.946893 -0.321549 0
    outer loop
      vertex -57.864 33.8137 30.9
      vertex -57.9944 34.1977 33
      vertex -57.9944 34.1977 30.9
    endloop
  endfacet
  facet normal -0.946893 -0.321549 0
    outer loop
      vertex -57.9944 34.1977 33
      vertex -57.864 33.8137 30.9
      vertex -57.864 33.8137 33
    endloop
  endfacet
  facet normal 0.751721 -0.659482 0
    outer loop
      vertex -52.808 32.808 33
      vertex -52.5406 33.1128 30.9
      vertex -52.5406 33.1128 33
    endloop
  endfacet
  facet normal 0.751721 -0.659482 0
    outer loop
      vertex -52.5406 33.1128 30.9
      vertex -52.808 32.808 33
      vertex -52.808 32.808 30.9
    endloop
  endfacet
  facet normal 0.321549 0.946893 -0
    outer loop
      vertex -53.8137 37.864 30.9
      vertex -54.1977 37.9944 33
      vertex -53.8137 37.864 33
    endloop
  endfacet
  facet normal 0.321549 0.946893 0
    outer loop
      vertex -54.1977 37.9944 33
      vertex -53.8137 37.864 30.9
      vertex -54.1977 37.9944 30.9
    endloop
  endfacet
  facet normal 0.659482 0.751721 -0
    outer loop
      vertex -52.808 37.192 30.9
      vertex -53.1128 37.4594 33
      vertex -52.808 37.192 33
    endloop
  endfacet
  facet normal 0.659482 0.751721 0
    outer loop
      vertex -53.1128 37.4594 33
      vertex -52.808 37.192 30.9
      vertex -53.1128 37.4594 30.9
    endloop
  endfacet
  facet normal 0.195073 -0.980789 0
    outer loop
      vertex -54.5954 31.9265 30.9
      vertex -54.1977 32.0056 33
      vertex -54.5954 31.9265 33
    endloop
  endfacet
  facet normal 0.195073 -0.980789 0
    outer loop
      vertex -54.1977 32.0056 33
      vertex -54.5954 31.9265 30.9
      vertex -54.1977 32.0056 30.9
    endloop
  endfacet
  facet normal 0 0 -1
    outer loop
      vertex -51.9265 34.5954 30.9
      vertex -51.9265 35.4046 30.9
      vertex -51.9 35 30.9
    endloop
  endfacet
  facet normal 0 0 -1
    outer loop
      vertex -52.0056 34.1977 30.9
      vertex -51.9265 35.4046 30.9
      vertex -51.9265 34.5954 30.9
    endloop
  endfacet
  facet normal 0 0 -1
    outer loop
      vertex -52.0056 34.1977 30.9
      vertex -52.0056 35.8023 30.9
      vertex -51.9265 35.4046 30.9
    endloop
  endfacet
  facet normal 0 0 -1
    outer loop
      vertex -52.136 33.8137 30.9
      vertex -52.0056 35.8023 30.9
      vertex -52.0056 34.1977 30.9
    endloop
  endfacet
  facet normal 0 0 -1
    outer loop
      vertex -52.136 33.8137 30.9
      vertex -52.136 36.1863 30.9
      vertex -52.0056 35.8023 30.9
    endloop
  endfacet
  facet normal 0 0 -1
    outer loop
      vertex -52.3153 33.45 30.9
      vertex -52.136 36.1863 30.9
      vertex -52.136 33.8137 30.9
    endloop
  endfacet
  facet normal 0 0 -1
    outer loop
      vertex -52.3153 33.45 30.9
      vertex -52.3153 36.55 30.9
      vertex -52.136 36.1863 30.9
    endloop
  endfacet
  facet normal 0 0 -1
    outer loop
      vertex -52.5406 33.1128 30.9
      vertex -52.3153 36.55 30.9
      vertex -52.3153 33.45 30.9
    endloop
  endfacet
  facet normal 0 0 -1
    outer loop
      vertex -52.5406 33.1128 30.9
      vertex -52.5406 36.8872 30.9
      vertex -52.3153 36.55 30.9
    endloop
  endfacet
  facet normal 0 0 -1
    outer loop
      vertex -52.808 32.808 30.9
      vertex -52.5406 36.8872 30.9
      vertex -52.5406 33.1128 30.9
    endloop
  endfacet
  facet normal 0 0 -1
    outer loop
      vertex -52.808 32.808 30.9
      vertex -52.808 37.192 30.9
      vertex -52.5406 36.8872 30.9
    endloop
  endfacet
  facet normal 0 0 -1
    outer loop
      vertex -53.1128 32.5406 30.9
      vertex -52.808 37.192 30.9
      vertex -52.808 32.808 30.9
    endloop
  endfacet
  facet normal 0 0 -1
    outer loop
      vertex -53.1128 32.5406 30.9
      vertex -53.1128 37.4594 30.9
      vertex -52.808 37.192 30.9
    endloop
  endfacet
  facet normal 0 0 -1
    outer loop
      vertex -53.45 32.3153 30.9
      vertex -53.1128 37.4594 30.9
      vertex -53.1128 32.5406 30.9
    endloop
  endfacet
  facet normal 0 0 -1
    outer loop
      vertex -53.45 32.3153 30.9
      vertex -53.45 37.6847 30.9
      vertex -53.1128 37.4594 30.9
    endloop
  endfacet
  facet normal 0 0 -1
    outer loop
      vertex -53.8137 32.136 30.9
      vertex -53.45 37.6847 30.9
      vertex -53.45 32.3153 30.9
    endloop
  endfacet
  facet normal 0 0 -1
    outer loop
      vertex -53.8137 32.136 30.9
      vertex -53.8137 37.864 30.9
      vertex -53.45 37.6847 30.9
    endloop
  endfacet
  facet normal 0 0 -1
    outer loop
      vertex -54.1977 32.0056 30.9
      vertex -53.8137 37.864 30.9
      vertex -53.8137 32.136 30.9
    endloop
  endfacet
  facet normal 0 0 -1
    outer loop
      vertex -54.1977 32.0056 30.9
      vertex -54.1977 37.9944 30.9
      vertex -53.8137 37.864 30.9
    endloop
  endfacet
  facet normal 0 0 -1
    outer loop
      vertex -54.5954 31.9265 30.9
      vertex -54.1977 37.9944 30.9
      vertex -54.1977 32.0056 30.9
    endloop
  endfacet
  facet normal 0 0 -1
    outer loop
      vertex -54.5954 31.9265 30.9
      vertex -54.5954 38.0735 30.9
      vertex -54.1977 37.9944 30.9
    endloop
  endfacet
  facet normal 0 0 -1
    outer loop
      vertex -55 31.9 30.9
      vertex -54.5954 38.0735 30.9
      vertex -54.5954 31.9265 30.9
    endloop
  endfacet
  facet normal 0 0 -1
    outer loop
      vertex -55 31.9 30.9
      vertex -55 38.1 30.9
      vertex -54.5954 38.0735 30.9
    endloop
  endfacet
  facet normal 0 0 -1
    outer loop
      vertex -55.4046 31.9265 30.9
      vertex -55 38.1 30.9
      vertex -55 31.9 30.9
    endloop
  endfacet
  facet normal 0 0 -1
    outer loop
      vertex -55.4046 31.9265 30.9
      vertex -55.4046 38.0735 30.9
      vertex -55 38.1 30.9
    endloop
  endfacet
  facet normal 0 0 -1
    outer loop
      vertex -55.8023 32.0056 30.9
      vertex -55.4046 38.0735 30.9
      vertex -55.4046 31.9265 30.9
    endloop
  endfacet
  facet normal 0 0 -1
    outer loop
      vertex -55.8023 32.0056 30.9
      vertex -55.8023 37.9944 30.9
      vertex -55.4046 38.0735 30.9
    endloop
  endfacet
  facet normal 0 0 -1
    outer loop
      vertex -56.1863 32.136 30.9
      vertex -55.8023 37.9944 30.9
      vertex -55.8023 32.0056 30.9
    endloop
  endfacet
  facet normal 0 0 -1
    outer loop
      vertex -56.1863 32.136 30.9
      vertex -56.1863 37.864 30.9
      vertex -55.8023 37.9944 30.9
    endloop
  endfacet
  facet normal 0 0 -1
    outer loop
      vertex -56.55 32.3153 30.9
      vertex -56.1863 37.864 30.9
      vertex -56.1863 32.136 30.9
    endloop
  endfacet
  facet normal 0 0 -1
    outer loop
      vertex -56.55 32.3153 30.9
      vertex -56.55 37.6847 30.9
      vertex -56.1863 37.864 30.9
    endloop
  endfacet
  facet normal 0 0 -1
    outer loop
      vertex -56.8872 32.5406 30.9
      vertex -56.55 37.6847 30.9
      vertex -56.55 32.3153 30.9
    endloop
  endfacet
  facet normal 0 0 -1
    outer loop
      vertex -56.8872 32.5406 30.9
      vertex -56.8872 37.4594 30.9
      vertex -56.55 37.6847 30.9
    endloop
  endfacet
  facet normal 0 0 -1
    outer loop
      vertex -57.192 32.808 30.9
      vertex -56.8872 37.4594 30.9
      vertex -56.8872 32.5406 30.9
    endloop
  endfacet
  facet normal 0 0 -1
    outer loop
      vertex -57.192 32.808 30.9
      vertex -57.192 37.192 30.9
      vertex -56.8872 37.4594 30.9
    endloop
  endfacet
  facet normal 0 0 -1
    outer loop
      vertex -57.4594 33.1128 30.9
      vertex -57.192 37.192 30.9
      vertex -57.192 32.808 30.9
    endloop
  endfacet
  facet normal 0 0 -1
    outer loop
      vertex -57.4594 33.1128 30.9
      vertex -57.4594 36.8872 30.9
      vertex -57.192 37.192 30.9
    endloop
  endfacet
  facet normal 0 0 -1
    outer loop
      vertex -57.6847 33.45 30.9
      vertex -57.4594 36.8872 30.9
      vertex -57.4594 33.1128 30.9
    endloop
  endfacet
  facet normal 0 0 -1
    outer loop
      vertex -57.6847 33.45 30.9
      vertex -57.6847 36.55 30.9
      vertex -57.4594 36.8872 30.9
    endloop
  endfacet
  facet normal 0 0 -1
    outer loop
      vertex -57.864 33.8137 30.9
      vertex -57.6847 36.55 30.9
      vertex -57.6847 33.45 30.9
    endloop
  endfacet
  facet normal 0 0 -1
    outer loop
      vertex -57.864 33.8137 30.9
      vertex -57.864 36.1863 30.9
      vertex -57.6847 36.55 30.9
    endloop
  endfacet
  facet normal 0 0 -1
    outer loop
      vertex -57.9944 34.1977 30.9
      vertex -57.864 36.1863 30.9
      vertex -57.864 33.8137 30.9
    endloop
  endfacet
  facet normal 0 0 -1
    outer loop
      vertex -57.9944 34.1977 30.9
      vertex -57.9944 35.8023 30.9
      vertex -57.864 36.1863 30.9
    endloop
  endfacet
  facet normal 0 0 -1
    outer loop
      vertex -58.0735 34.5954 30.9
      vertex -57.9944 35.8023 30.9
      vertex -57.9944 34.1977 30.9
    endloop
  endfacet
  facet normal 0 0 -1
    outer loop
      vertex -58.0735 34.5954 30.9
      vertex -58.0735 35.4046 30.9
      vertex -57.9944 35.8023 30.9
    endloop
  endfacet
  facet normal 0 -0 -1
    outer loop
      vertex -58.0735 35.4046 30.9
      vertex -58.0735 34.5954 30.9
      vertex -58.1 35 30.9
    endloop
  endfacet
  facet normal -0.751721 0.659482 0
    outer loop
      vertex -57.4594 36.8872 30.9
      vertex -57.192 37.192 33
      vertex -57.192 37.192 30.9
    endloop
  endfacet
  facet normal -0.751721 0.659482 0
    outer loop
      vertex -57.192 37.192 33
      vertex -57.4594 36.8872 30.9
      vertex -57.4594 36.8872 33
    endloop
  endfacet
  facet normal 0.442176 -0.896928 0
    outer loop
      vertex -53.8137 32.136 30.9
      vertex -53.45 32.3153 33
      vertex -53.8137 32.136 33
    endloop
  endfacet
  facet normal 0.442176 -0.896928 0
    outer loop
      vertex -53.45 32.3153 33
      vertex -53.8137 32.136 30.9
      vertex -53.45 32.3153 30.9
    endloop
  endfacet
  facet normal -0.195073 -0.980789 0
    outer loop
      vertex -55.8023 32.0056 30.9
      vertex -55.4046 31.9265 33
      vertex -55.8023 32.0056 33
    endloop
  endfacet
  facet normal -0.195073 -0.980789 -0
    outer loop
      vertex -55.4046 31.9265 33
      vertex -55.8023 32.0056 30.9
      vertex -55.4046 31.9265 30.9
    endloop
  endfacet
  facet normal 0.321549 -0.946893 0
    outer loop
      vertex -54.1977 32.0056 30.9
      vertex -53.8137 32.136 33
      vertex -54.1977 32.0056 33
    endloop
  endfacet
  facet normal 0.321549 -0.946893 0
    outer loop
      vertex -53.8137 32.136 33
      vertex -54.1977 32.0056 30.9
      vertex -53.8137 32.136 30.9
    endloop
  endfacet
  facet normal -0.659482 -0.751721 0
    outer loop
      vertex -57.192 32.808 30.9
      vertex -56.8872 32.5406 33
      vertex -57.192 32.808 33
    endloop
  endfacet
  facet normal -0.659482 -0.751721 -0
    outer loop
      vertex -56.8872 32.5406 33
      vertex -57.192 32.808 30.9
      vertex -56.8872 32.5406 30.9
    endloop
  endfacet
  facet normal 0.555553 -0.831481 0
    outer loop
      vertex -53.45 32.3153 30.9
      vertex -53.1128 32.5406 33
      vertex -53.45 32.3153 33
    endloop
  endfacet
  facet normal 0.555553 -0.831481 0
    outer loop
      vertex -53.1128 32.5406 33
      vertex -53.45 32.3153 30.9
      vertex -53.1128 32.5406 30.9
    endloop
  endfacet
  facet normal 0.946893 -0.321549 0
    outer loop
      vertex -52.136 33.8137 33
      vertex -52.0056 34.1977 30.9
      vertex -52.0056 34.1977 33
    endloop
  endfacet
  facet normal 0.946893 -0.321549 0
    outer loop
      vertex -52.0056 34.1977 30.9
      vertex -52.136 33.8137 33
      vertex -52.136 33.8137 30.9
    endloop
  endfacet
  facet normal -0.555553 -0.831481 0
    outer loop
      vertex -56.8872 32.5406 30.9
      vertex -56.55 32.3153 33
      vertex -56.8872 32.5406 33
    endloop
  endfacet
  facet normal -0.555553 -0.831481 -0
    outer loop
      vertex -56.55 32.3153 33
      vertex -56.8872 32.5406 30.9
      vertex -56.55 32.3153 30.9
    endloop
  endfacet
  facet normal 0.195073 0.980789 -0
    outer loop
      vertex -54.1977 37.9944 30.9
      vertex -54.5954 38.0735 33
      vertex -54.1977 37.9944 33
    endloop
  endfacet
  facet normal 0.195073 0.980789 0
    outer loop
      vertex -54.5954 38.0735 33
      vertex -54.1977 37.9944 30.9
      vertex -54.5954 38.0735 30.9
    endloop
  endfacet
  facet normal 0.980789 0.195073 0
    outer loop
      vertex -51.9265 35.4046 33
      vertex -52.0056 35.8023 30.9
      vertex -52.0056 35.8023 33
    endloop
  endfacet
  facet normal 0.980789 0.195073 0
    outer loop
      vertex -52.0056 35.8023 30.9
      vertex -51.9265 35.4046 33
      vertex -51.9265 35.4046 30.9
    endloop
  endfacet
  facet normal 0.980789 -0.195073 0
    outer loop
      vertex -52.0056 34.1977 33
      vertex -51.9265 34.5954 30.9
      vertex -51.9265 34.5954 33
    endloop
  endfacet
  facet normal 0.980789 -0.195073 0
    outer loop
      vertex -51.9265 34.5954 30.9
      vertex -52.0056 34.1977 33
      vertex -52.0056 34.1977 30.9
    endloop
  endfacet
  facet normal -0.0653568 0.997862 0
    outer loop
      vertex -55 38.1 30.9
      vertex -55.4046 38.0735 33
      vertex -55 38.1 33
    endloop
  endfacet
  facet normal -0.0653568 0.997862 0
    outer loop
      vertex -55.4046 38.0735 33
      vertex -55 38.1 30.9
      vertex -55.4046 38.0735 30.9
    endloop
  endfacet
  facet normal 0.997862 -0.0653568 0
    outer loop
      vertex -51.9265 34.5954 33
      vertex -51.9 35 30.9
      vertex -51.9 35 33
    endloop
  endfacet
  facet normal 0.997862 -0.0653568 0
    outer loop
      vertex -51.9 35 30.9
      vertex -51.9265 34.5954 33
      vertex -51.9265 34.5954 30.9
    endloop
  endfacet
  facet normal 0.0653568 0.997862 -0
    outer loop
      vertex -54.5954 38.0735 30.9
      vertex -55 38.1 33
      vertex -54.5954 38.0735 33
    endloop
  endfacet
  facet normal 0.0653568 0.997862 0
    outer loop
      vertex -55 38.1 33
      vertex -54.5954 38.0735 30.9
      vertex -55 38.1 30.9
    endloop
  endfacet
  facet normal 0.831481 -0.555553 0
    outer loop
      vertex -52.5406 33.1128 33
      vertex -52.3153 33.45 30.9
      vertex -52.3153 33.45 33
    endloop
  endfacet
  facet normal 0.831481 -0.555553 0
    outer loop
      vertex -52.3153 33.45 30.9
      vertex -52.5406 33.1128 33
      vertex -52.5406 33.1128 30.9
    endloop
  endfacet
  facet normal 0.0653568 -0.997862 0
    outer loop
      vertex -55 31.9 30.9
      vertex -54.5954 31.9265 33
      vertex -55 31.9 33
    endloop
  endfacet
  facet normal 0.0653568 -0.997862 0
    outer loop
      vertex -54.5954 31.9265 33
      vertex -55 31.9 30.9
      vertex -54.5954 31.9265 30.9
    endloop
  endfacet
  facet normal 0.831481 0.555553 0
    outer loop
      vertex -52.3153 36.55 33
      vertex -52.5406 36.8872 30.9
      vertex -52.5406 36.8872 33
    endloop
  endfacet
  facet normal 0.831481 0.555553 0
    outer loop
      vertex -52.5406 36.8872 30.9
      vertex -52.3153 36.55 33
      vertex -52.3153 36.55 30.9
    endloop
  endfacet
  facet normal -0.442176 -0.896928 0
    outer loop
      vertex -56.55 -37.6847 30.9
      vertex -56.1863 -37.864 33
      vertex -56.55 -37.6847 33
    endloop
  endfacet
  facet normal -0.442176 -0.896928 -0
    outer loop
      vertex -56.1863 -37.864 33
      vertex -56.55 -37.6847 30.9
      vertex -56.1863 -37.864 30.9
    endloop
  endfacet
  facet normal -0.980789 0.195073 0
    outer loop
      vertex -58.0735 -34.5954 30.9
      vertex -57.9944 -34.1977 33
      vertex -57.9944 -34.1977 30.9
    endloop
  endfacet
  facet normal -0.980789 0.195073 0
    outer loop
      vertex -57.9944 -34.1977 33
      vertex -58.0735 -34.5954 30.9
      vertex -58.0735 -34.5954 33
    endloop
  endfacet
  facet normal -0.997862 0.0653568 0
    outer loop
      vertex -58.1 -35 30.9
      vertex -58.0735 -34.5954 33
      vertex -58.0735 -34.5954 30.9
    endloop
  endfacet
  facet normal -0.997862 0.0653568 0
    outer loop
      vertex -58.0735 -34.5954 33
      vertex -58.1 -35 30.9
      vertex -58.1 -35 33
    endloop
  endfacet
  facet normal -0.946893 0.321549 0
    outer loop
      vertex -57.9944 -34.1977 30.9
      vertex -57.864 -33.8137 33
      vertex -57.864 -33.8137 30.9
    endloop
  endfacet
  facet normal -0.946893 0.321549 0
    outer loop
      vertex -57.864 -33.8137 33
      vertex -57.9944 -34.1977 30.9
      vertex -57.9944 -34.1977 33
    endloop
  endfacet
  facet normal -0.751721 -0.659482 0
    outer loop
      vertex -57.192 -37.192 30.9
      vertex -57.4594 -36.8872 33
      vertex -57.4594 -36.8872 30.9
    endloop
  endfacet
  facet normal -0.751721 -0.659482 0
    outer loop
      vertex -57.4594 -36.8872 33
      vertex -57.192 -37.192 30.9
      vertex -57.192 -37.192 33
    endloop
  endfacet
  facet normal -0.321549 0.946893 0
    outer loop
      vertex -55.8023 -32.0056 30.9
      vertex -56.1863 -32.136 33
      vertex -55.8023 -32.0056 33
    endloop
  endfacet
  facet normal -0.321549 0.946893 0
    outer loop
      vertex -56.1863 -32.136 33
      vertex -55.8023 -32.0056 30.9
      vertex -56.1863 -32.136 30.9
    endloop
  endfacet
  facet normal -0.555553 0.831481 0
    outer loop
      vertex -56.55 -32.3153 30.9
      vertex -56.8872 -32.5406 33
      vertex -56.55 -32.3153 33
    endloop
  endfacet
  facet normal -0.555553 0.831481 0
    outer loop
      vertex -56.8872 -32.5406 33
      vertex -56.55 -32.3153 30.9
      vertex -56.8872 -32.5406 30.9
    endloop
  endfacet
  facet normal -0.896928 -0.442176 0
    outer loop
      vertex -57.6847 -36.55 30.9
      vertex -57.864 -36.1863 33
      vertex -57.864 -36.1863 30.9
    endloop
  endfacet
  facet normal -0.896928 -0.442176 0
    outer loop
      vertex -57.864 -36.1863 33
      vertex -57.6847 -36.55 30.9
      vertex -57.6847 -36.55 33
    endloop
  endfacet
  facet normal -0.321549 -0.946893 0
    outer loop
      vertex -56.1863 -37.864 30.9
      vertex -55.8023 -37.9944 33
      vertex -56.1863 -37.864 33
    endloop
  endfacet
  facet normal -0.321549 -0.946893 -0
    outer loop
      vertex -55.8023 -37.9944 33
      vertex -56.1863 -37.864 30.9
      vertex -55.8023 -37.9944 30.9
    endloop
  endfacet
  facet normal -0.896928 0.442176 0
    outer loop
      vertex -57.864 -33.8137 30.9
      vertex -57.6847 -33.45 33
      vertex -57.6847 -33.45 30.9
    endloop
  endfacet
  facet normal -0.896928 0.442176 0
    outer loop
      vertex -57.6847 -33.45 33
      vertex -57.864 -33.8137 30.9
      vertex -57.864 -33.8137 33
    endloop
  endfacet
  facet normal 0.195073 0.980789 -0
    outer loop
      vertex -54.1977 -32.0056 30.9
      vertex -54.5954 -31.9265 33
      vertex -54.1977 -32.0056 33
    endloop
  endfacet
  facet normal 0.195073 0.980789 0
    outer loop
      vertex -54.5954 -31.9265 33
      vertex -54.1977 -32.0056 30.9
      vertex -54.5954 -31.9265 30.9
    endloop
  endfacet
  facet normal 0.0653568 -0.997862 0
    outer loop
      vertex -55 -38.1 30.9
      vertex -54.5954 -38.0735 33
      vertex -55 -38.1 33
    endloop
  endfacet
  facet normal 0.0653568 -0.997862 0
    outer loop
      vertex -54.5954 -38.0735 33
      vertex -55 -38.1 30.9
      vertex -54.5954 -38.0735 30.9
    endloop
  endfacet
  facet normal 0.555553 0.831481 -0
    outer loop
      vertex -53.1128 -32.5406 30.9
      vertex -53.45 -32.3153 33
      vertex -53.1128 -32.5406 33
    endloop
  endfacet
  facet normal 0.555553 0.831481 0
    outer loop
      vertex -53.45 -32.3153 33
      vertex -53.1128 -32.5406 30.9
      vertex -53.45 -32.3153 30.9
    endloop
  endfacet
  facet normal 0.321549 -0.946893 0
    outer loop
      vertex -54.1977 -37.9944 30.9
      vertex -53.8137 -37.864 33
      vertex -54.1977 -37.9944 33
    endloop
  endfacet
  facet normal 0.321549 -0.946893 0
    outer loop
      vertex -53.8137 -37.864 33
      vertex -54.1977 -37.9944 30.9
      vertex -53.8137 -37.864 30.9
    endloop
  endfacet
  facet normal -0.946893 -0.321549 0
    outer loop
      vertex -57.864 -36.1863 30.9
      vertex -57.9944 -35.8023 33
      vertex -57.9944 -35.8023 30.9
    endloop
  endfacet
  facet normal -0.946893 -0.321549 0
    outer loop
      vertex -57.9944 -35.8023 33
      vertex -57.864 -36.1863 30.9
      vertex -57.864 -36.1863 33
    endloop
  endfacet
  facet normal 0.831481 -0.555553 0
    outer loop
      vertex -52.5406 -36.8872 33
      vertex -52.3153 -36.55 30.9
      vertex -52.3153 -36.55 33
    endloop
  endfacet
  facet normal 0.831481 -0.555553 0
    outer loop
      vertex -52.3153 -36.55 30.9
      vertex -52.5406 -36.8872 33
      vertex -52.5406 -36.8872 30.9
    endloop
  endfacet
  facet normal 0.659482 -0.751721 0
    outer loop
      vertex -53.1128 -37.4594 30.9
      vertex -52.808 -37.192 33
      vertex -53.1128 -37.4594 33
    endloop
  endfacet
  facet normal 0.659482 -0.751721 0
    outer loop
      vertex -52.808 -37.192 33
      vertex -53.1128 -37.4594 30.9
      vertex -52.808 -37.192 30.9
    endloop
  endfacet
  facet normal 0.659482 0.751721 -0
    outer loop
      vertex -52.808 -32.808 30.9
      vertex -53.1128 -32.5406 33
      vertex -52.808 -32.808 33
    endloop
  endfacet
  facet normal 0.659482 0.751721 0
    outer loop
      vertex -53.1128 -32.5406 33
      vertex -52.808 -32.808 30.9
      vertex -53.1128 -32.5406 30.9
    endloop
  endfacet
  facet normal 0.946893 0.321549 0
    outer loop
      vertex -52.0056 -34.1977 33
      vertex -52.136 -33.8137 30.9
      vertex -52.136 -33.8137 33
    endloop
  endfacet
  facet normal 0.946893 0.321549 0
    outer loop
      vertex -52.136 -33.8137 30.9
      vertex -52.0056 -34.1977 33
      vertex -52.0056 -34.1977 30.9
    endloop
  endfacet
  facet normal 0.442176 0.896928 -0
    outer loop
      vertex -53.45 -32.3153 30.9
      vertex -53.8137 -32.136 33
      vertex -53.45 -32.3153 33
    endloop
  endfacet
  facet normal 0.442176 0.896928 0
    outer loop
      vertex -53.8137 -32.136 33
      vertex -53.45 -32.3153 30.9
      vertex -53.8137 -32.136 30.9
    endloop
  endfacet
  facet normal 0.980789 0.195073 0
    outer loop
      vertex -51.9265 -34.5954 33
      vertex -52.0056 -34.1977 30.9
      vertex -52.0056 -34.1977 33
    endloop
  endfacet
  facet normal 0.980789 0.195073 0
    outer loop
      vertex -52.0056 -34.1977 30.9
      vertex -51.9265 -34.5954 33
      vertex -51.9265 -34.5954 30.9
    endloop
  endfacet
  facet normal 0.321549 0.946893 -0
    outer loop
      vertex -53.8137 -32.136 30.9
      vertex -54.1977 -32.0056 33
      vertex -53.8137 -32.136 33
    endloop
  endfacet
  facet normal 0.321549 0.946893 0
    outer loop
      vertex -54.1977 -32.0056 33
      vertex -53.8137 -32.136 30.9
      vertex -54.1977 -32.0056 30.9
    endloop
  endfacet
  facet normal -0.659482 -0.751721 0
    outer loop
      vertex -57.192 -37.192 30.9
      vertex -56.8872 -37.4594 33
      vertex -57.192 -37.192 33
    endloop
  endfacet
  facet normal -0.659482 -0.751721 -0
    outer loop
      vertex -56.8872 -37.4594 33
      vertex -57.192 -37.192 30.9
      vertex -56.8872 -37.4594 30.9
    endloop
  endfacet
  facet normal -0.0653568 0.997862 0
    outer loop
      vertex -55 -31.9 30.9
      vertex -55.4046 -31.9265 33
      vertex -55 -31.9 33
    endloop
  endfacet
  facet normal -0.0653568 0.997862 0
    outer loop
      vertex -55.4046 -31.9265 33
      vertex -55 -31.9 30.9
      vertex -55.4046 -31.9265 30.9
    endloop
  endfacet
  facet normal -0.831481 0.555553 0
    outer loop
      vertex -57.6847 -33.45 30.9
      vertex -57.4594 -33.1128 33
      vertex -57.4594 -33.1128 30.9
    endloop
  endfacet
  facet normal -0.831481 0.555553 0
    outer loop
      vertex -57.4594 -33.1128 33
      vertex -57.6847 -33.45 30.9
      vertex -57.6847 -33.45 33
    endloop
  endfacet
  facet normal -0.195073 -0.980789 0
    outer loop
      vertex -55.8023 -37.9944 30.9
      vertex -55.4046 -38.0735 33
      vertex -55.8023 -37.9944 33
    endloop
  endfacet
  facet normal -0.195073 -0.980789 -0
    outer loop
      vertex -55.4046 -38.0735 33
      vertex -55.8023 -37.9944 30.9
      vertex -55.4046 -38.0735 30.9
    endloop
  endfacet
  facet normal 0.980789 -0.195073 0
    outer loop
      vertex -52.0056 -35.8023 33
      vertex -51.9265 -35.4046 30.9
      vertex -51.9265 -35.4046 33
    endloop
  endfacet
  facet normal 0.980789 -0.195073 0
    outer loop
      vertex -51.9265 -35.4046 30.9
      vertex -52.0056 -35.8023 33
      vertex -52.0056 -35.8023 30.9
    endloop
  endfacet
  facet normal 0.751721 0.659482 0
    outer loop
      vertex -52.5406 -33.1128 33
      vertex -52.808 -32.808 30.9
      vertex -52.808 -32.808 33
    endloop
  endfacet
  facet normal 0.751721 0.659482 0
    outer loop
      vertex -52.808 -32.808 30.9
      vertex -52.5406 -33.1128 33
      vertex -52.5406 -33.1128 30.9
    endloop
  endfacet
  facet normal -0.659482 0.751721 0
    outer loop
      vertex -56.8872 -32.5406 30.9
      vertex -57.192 -32.808 33
      vertex -56.8872 -32.5406 33
    endloop
  endfacet
  facet normal -0.659482 0.751721 0
    outer loop
      vertex -57.192 -32.808 33
      vertex -56.8872 -32.5406 30.9
      vertex -57.192 -32.808 30.9
    endloop
  endfacet
  facet normal -0.997862 -0.0653568 0
    outer loop
      vertex -58.0735 -35.4046 30.9
      vertex -58.1 -35 33
      vertex -58.1 -35 30.9
    endloop
  endfacet
  facet normal -0.997862 -0.0653568 0
    outer loop
      vertex -58.1 -35 33
      vertex -58.0735 -35.4046 30.9
      vertex -58.0735 -35.4046 33
    endloop
  endfacet
  facet normal -0.980789 -0.195073 0
    outer loop
      vertex -57.9944 -35.8023 30.9
      vertex -58.0735 -35.4046 33
      vertex -58.0735 -35.4046 30.9
    endloop
  endfacet
  facet normal -0.980789 -0.195073 0
    outer loop
      vertex -58.0735 -35.4046 33
      vertex -57.9944 -35.8023 30.9
      vertex -57.9944 -35.8023 33
    endloop
  endfacet
  facet normal -0.555553 -0.831481 0
    outer loop
      vertex -56.8872 -37.4594 30.9
      vertex -56.55 -37.6847 33
      vertex -56.8872 -37.4594 33
    endloop
  endfacet
  facet normal -0.555553 -0.831481 -0
    outer loop
      vertex -56.55 -37.6847 33
      vertex -56.8872 -37.4594 30.9
      vertex -56.55 -37.6847 30.9
    endloop
  endfacet
  facet normal -0.195073 0.980789 0
    outer loop
      vertex -55.4046 -31.9265 30.9
      vertex -55.8023 -32.0056 33
      vertex -55.4046 -31.9265 33
    endloop
  endfacet
  facet normal -0.195073 0.980789 0
    outer loop
      vertex -55.8023 -32.0056 33
      vertex -55.4046 -31.9265 30.9
      vertex -55.8023 -32.0056 30.9
    endloop
  endfacet
  facet normal -0.751721 0.659482 0
    outer loop
      vertex -57.4594 -33.1128 30.9
      vertex -57.192 -32.808 33
      vertex -57.192 -32.808 30.9
    endloop
  endfacet
  facet normal -0.751721 0.659482 0
    outer loop
      vertex -57.192 -32.808 33
      vertex -57.4594 -33.1128 30.9
      vertex -57.4594 -33.1128 33
    endloop
  endfacet
  facet normal -0.442176 0.896928 0
    outer loop
      vertex -56.1863 -32.136 30.9
      vertex -56.55 -32.3153 33
      vertex -56.1863 -32.136 33
    endloop
  endfacet
  facet normal -0.442176 0.896928 0
    outer loop
      vertex -56.55 -32.3153 33
      vertex -56.1863 -32.136 30.9
      vertex -56.55 -32.3153 30.9
    endloop
  endfacet
  facet normal 0.997862 -0.0653568 0
    outer loop
      vertex -51.9265 -35.4046 33
      vertex -51.9 -35 30.9
      vertex -51.9 -35 33
    endloop
  endfacet
  facet normal 0.997862 -0.0653568 0
    outer loop
      vertex -51.9 -35 30.9
      vertex -51.9265 -35.4046 33
      vertex -51.9265 -35.4046 30.9
    endloop
  endfacet
  facet normal -0.831481 -0.555553 0
    outer loop
      vertex -57.4594 -36.8872 30.9
      vertex -57.6847 -36.55 33
      vertex -57.6847 -36.55 30.9
    endloop
  endfacet
  facet normal -0.831481 -0.555553 0
    outer loop
      vertex -57.6847 -36.55 33
      vertex -57.4594 -36.8872 30.9
      vertex -57.4594 -36.8872 33
    endloop
  endfacet
  facet normal 0.751721 -0.659482 0
    outer loop
      vertex -52.808 -37.192 33
      vertex -52.5406 -36.8872 30.9
      vertex -52.5406 -36.8872 33
    endloop
  endfacet
  facet normal 0.751721 -0.659482 0
    outer loop
      vertex -52.5406 -36.8872 30.9
      vertex -52.808 -37.192 33
      vertex -52.808 -37.192 30.9
    endloop
  endfacet
  facet normal 0.997862 0.0653568 0
    outer loop
      vertex -51.9 -35 33
      vertex -51.9265 -34.5954 30.9
      vertex -51.9265 -34.5954 33
    endloop
  endfacet
  facet normal 0.997862 0.0653568 0
    outer loop
      vertex -51.9265 -34.5954 30.9
      vertex -51.9 -35 33
      vertex -51.9 -35 30.9
    endloop
  endfacet
  facet normal 0.442176 -0.896928 0
    outer loop
      vertex -53.8137 -37.864 30.9
      vertex -53.45 -37.6847 33
      vertex -53.8137 -37.864 33
    endloop
  endfacet
  facet normal 0.442176 -0.896928 0
    outer loop
      vertex -53.45 -37.6847 33
      vertex -53.8137 -37.864 30.9
      vertex -53.45 -37.6847 30.9
    endloop
  endfacet
  facet normal 0.946893 -0.321549 0
    outer loop
      vertex -52.136 -36.1863 33
      vertex -52.0056 -35.8023 30.9
      vertex -52.0056 -35.8023 33
    endloop
  endfacet
  facet normal 0.946893 -0.321549 0
    outer loop
      vertex -52.0056 -35.8023 30.9
      vertex -52.136 -36.1863 33
      vertex -52.136 -36.1863 30.9
    endloop
  endfacet
  facet normal 0.195073 -0.980789 0
    outer loop
      vertex -54.5954 -38.0735 30.9
      vertex -54.1977 -37.9944 33
      vertex -54.5954 -38.0735 33
    endloop
  endfacet
  facet normal 0.195073 -0.980789 0
    outer loop
      vertex -54.1977 -37.9944 33
      vertex -54.5954 -38.0735 30.9
      vertex -54.1977 -37.9944 30.9
    endloop
  endfacet
  facet normal -0.0653568 -0.997862 0
    outer loop
      vertex -55.4046 -38.0735 30.9
      vertex -55 -38.1 33
      vertex -55.4046 -38.0735 33
    endloop
  endfacet
  facet normal -0.0653568 -0.997862 -0
    outer loop
      vertex -55 -38.1 33
      vertex -55.4046 -38.0735 30.9
      vertex -55 -38.1 30.9
    endloop
  endfacet
  facet normal 0.0653568 0.997862 -0
    outer loop
      vertex -54.5954 -31.9265 30.9
      vertex -55 -31.9 33
      vertex -54.5954 -31.9265 33
    endloop
  endfacet
  facet normal 0.0653568 0.997862 0
    outer loop
      vertex -55 -31.9 33
      vertex -54.5954 -31.9265 30.9
      vertex -55 -31.9 30.9
    endloop
  endfacet
  facet normal 0 0 -1
    outer loop
      vertex -51.9265 -35.4046 30.9
      vertex -51.9265 -34.5954 30.9
      vertex -51.9 -35 30.9
    endloop
  endfacet
  facet normal 0 0 -1
    outer loop
      vertex -52.0056 -35.8023 30.9
      vertex -51.9265 -34.5954 30.9
      vertex -51.9265 -35.4046 30.9
    endloop
  endfacet
  facet normal 0 0 -1
    outer loop
      vertex -52.0056 -35.8023 30.9
      vertex -52.0056 -34.1977 30.9
      vertex -51.9265 -34.5954 30.9
    endloop
  endfacet
  facet normal 0 0 -1
    outer loop
      vertex -52.136 -36.1863 30.9
      vertex -52.0056 -34.1977 30.9
      vertex -52.0056 -35.8023 30.9
    endloop
  endfacet
  facet normal 0 0 -1
    outer loop
      vertex -52.136 -36.1863 30.9
      vertex -52.136 -33.8137 30.9
      vertex -52.0056 -34.1977 30.9
    endloop
  endfacet
  facet normal 0 0 -1
    outer loop
      vertex -52.3153 -36.55 30.9
      vertex -52.136 -33.8137 30.9
      vertex -52.136 -36.1863 30.9
    endloop
  endfacet
  facet normal 0 0 -1
    outer loop
      vertex -52.3153 -36.55 30.9
      vertex -52.3153 -33.45 30.9
      vertex -52.136 -33.8137 30.9
    endloop
  endfacet
  facet normal 0 0 -1
    outer loop
      vertex -52.5406 -36.8872 30.9
      vertex -52.3153 -33.45 30.9
      vertex -52.3153 -36.55 30.9
    endloop
  endfacet
  facet normal 0 0 -1
    outer loop
      vertex -52.5406 -36.8872 30.9
      vertex -52.5406 -33.1128 30.9
      vertex -52.3153 -33.45 30.9
    endloop
  endfacet
  facet normal 0 0 -1
    outer loop
      vertex -52.808 -37.192 30.9
      vertex -52.5406 -33.1128 30.9
      vertex -52.5406 -36.8872 30.9
    endloop
  endfacet
  facet normal 0 0 -1
    outer loop
      vertex -52.808 -37.192 30.9
      vertex -52.808 -32.808 30.9
      vertex -52.5406 -33.1128 30.9
    endloop
  endfacet
  facet normal 0 0 -1
    outer loop
      vertex -53.1128 -37.4594 30.9
      vertex -52.808 -32.808 30.9
      vertex -52.808 -37.192 30.9
    endloop
  endfacet
  facet normal 0 0 -1
    outer loop
      vertex -53.1128 -37.4594 30.9
      vertex -53.1128 -32.5406 30.9
      vertex -52.808 -32.808 30.9
    endloop
  endfacet
  facet normal 0 0 -1
    outer loop
      vertex -53.45 -37.6847 30.9
      vertex -53.1128 -32.5406 30.9
      vertex -53.1128 -37.4594 30.9
    endloop
  endfacet
  facet normal 0 0 -1
    outer loop
      vertex -53.45 -37.6847 30.9
      vertex -53.45 -32.3153 30.9
      vertex -53.1128 -32.5406 30.9
    endloop
  endfacet
  facet normal 0 0 -1
    outer loop
      vertex -53.8137 -37.864 30.9
      vertex -53.45 -32.3153 30.9
      vertex -53.45 -37.6847 30.9
    endloop
  endfacet
  facet normal 0 0 -1
    outer loop
      vertex -53.8137 -37.864 30.9
      vertex -53.8137 -32.136 30.9
      vertex -53.45 -32.3153 30.9
    endloop
  endfacet
  facet normal 0 0 -1
    outer loop
      vertex -54.1977 -37.9944 30.9
      vertex -53.8137 -32.136 30.9
      vertex -53.8137 -37.864 30.9
    endloop
  endfacet
  facet normal 0 0 -1
    outer loop
      vertex -54.1977 -37.9944 30.9
      vertex -54.1977 -32.0056 30.9
      vertex -53.8137 -32.136 30.9
    endloop
  endfacet
  facet normal 0 0 -1
    outer loop
      vertex -54.5954 -38.0735 30.9
      vertex -54.1977 -32.0056 30.9
      vertex -54.1977 -37.9944 30.9
    endloop
  endfacet
  facet normal 0 0 -1
    outer loop
      vertex -54.5954 -38.0735 30.9
      vertex -54.5954 -31.9265 30.9
      vertex -54.1977 -32.0056 30.9
    endloop
  endfacet
  facet normal 0 0 -1
    outer loop
      vertex -55 -38.1 30.9
      vertex -54.5954 -31.9265 30.9
      vertex -54.5954 -38.0735 30.9
    endloop
  endfacet
  facet normal 0 0 -1
    outer loop
      vertex -55 -38.1 30.9
      vertex -55 -31.9 30.9
      vertex -54.5954 -31.9265 30.9
    endloop
  endfacet
  facet normal 0 0 -1
    outer loop
      vertex -55.4046 -38.0735 30.9
      vertex -55 -31.9 30.9
      vertex -55 -38.1 30.9
    endloop
  endfacet
  facet normal 0 0 -1
    outer loop
      vertex -55.4046 -38.0735 30.9
      vertex -55.4046 -31.9265 30.9
      vertex -55 -31.9 30.9
    endloop
  endfacet
  facet normal 0 0 -1
    outer loop
      vertex -55.8023 -37.9944 30.9
      vertex -55.4046 -31.9265 30.9
      vertex -55.4046 -38.0735 30.9
    endloop
  endfacet
  facet normal 0 0 -1
    outer loop
      vertex -55.8023 -37.9944 30.9
      vertex -55.8023 -32.0056 30.9
      vertex -55.4046 -31.9265 30.9
    endloop
  endfacet
  facet normal 0 0 -1
    outer loop
      vertex -56.1863 -37.864 30.9
      vertex -55.8023 -32.0056 30.9
      vertex -55.8023 -37.9944 30.9
    endloop
  endfacet
  facet normal 0 0 -1
    outer loop
      vertex -56.1863 -37.864 30.9
      vertex -56.1863 -32.136 30.9
      vertex -55.8023 -32.0056 30.9
    endloop
  endfacet
  facet normal 0 0 -1
    outer loop
      vertex -56.55 -37.6847 30.9
      vertex -56.1863 -32.136 30.9
      vertex -56.1863 -37.864 30.9
    endloop
  endfacet
  facet normal 0 0 -1
    outer loop
      vertex -56.55 -37.6847 30.9
      vertex -56.55 -32.3153 30.9
      vertex -56.1863 -32.136 30.9
    endloop
  endfacet
  facet normal 0 0 -1
    outer loop
      vertex -56.8872 -37.4594 30.9
      vertex -56.55 -32.3153 30.9
      vertex -56.55 -37.6847 30.9
    endloop
  endfacet
  facet normal 0 0 -1
    outer loop
      vertex -56.8872 -37.4594 30.9
      vertex -56.8872 -32.5406 30.9
      vertex -56.55 -32.3153 30.9
    endloop
  endfacet
  facet normal 0 0 -1
    outer loop
      vertex -57.192 -37.192 30.9
      vertex -56.8872 -32.5406 30.9
      vertex -56.8872 -37.4594 30.9
    endloop
  endfacet
  facet normal 0 0 -1
    outer loop
      vertex -57.192 -37.192 30.9
      vertex -57.192 -32.808 30.9
      vertex -56.8872 -32.5406 30.9
    endloop
  endfacet
  facet normal 0 0 -1
    outer loop
      vertex -57.4594 -36.8872 30.9
      vertex -57.192 -32.808 30.9
      vertex -57.192 -37.192 30.9
    endloop
  endfacet
  facet normal 0 0 -1
    outer loop
      vertex -57.4594 -36.8872 30.9
      vertex -57.4594 -33.1128 30.9
      vertex -57.192 -32.808 30.9
    endloop
  endfacet
  facet normal 0 0 -1
    outer loop
      vertex -57.6847 -36.55 30.9
      vertex -57.4594 -33.1128 30.9
      vertex -57.4594 -36.8872 30.9
    endloop
  endfacet
  facet normal 0 0 -1
    outer loop
      vertex -57.6847 -36.55 30.9
      vertex -57.6847 -33.45 30.9
      vertex -57.4594 -33.1128 30.9
    endloop
  endfacet
  facet normal 0 0 -1
    outer loop
      vertex -57.864 -36.1863 30.9
      vertex -57.6847 -33.45 30.9
      vertex -57.6847 -36.55 30.9
    endloop
  endfacet
  facet normal 0 0 -1
    outer loop
      vertex -57.864 -36.1863 30.9
      vertex -57.864 -33.8137 30.9
      vertex -57.6847 -33.45 30.9
    endloop
  endfacet
  facet normal 0 0 -1
    outer loop
      vertex -57.9944 -35.8023 30.9
      vertex -57.864 -33.8137 30.9
      vertex -57.864 -36.1863 30.9
    endloop
  endfacet
  facet normal 0 0 -1
    outer loop
      vertex -57.9944 -35.8023 30.9
      vertex -57.9944 -34.1977 30.9
      vertex -57.864 -33.8137 30.9
    endloop
  endfacet
  facet normal 0 0 -1
    outer loop
      vertex -58.0735 -35.4046 30.9
      vertex -57.9944 -34.1977 30.9
      vertex -57.9944 -35.8023 30.9
    endloop
  endfacet
  facet normal 0 0 -1
    outer loop
      vertex -58.0735 -35.4046 30.9
      vertex -58.0735 -34.5954 30.9
      vertex -57.9944 -34.1977 30.9
    endloop
  endfacet
  facet normal 0 -0 -1
    outer loop
      vertex -58.0735 -34.5954 30.9
      vertex -58.0735 -35.4046 30.9
      vertex -58.1 -35 30.9
    endloop
  endfacet
  facet normal 0.896928 -0.442176 0
    outer loop
      vertex -52.3153 -36.55 33
      vertex -52.136 -36.1863 30.9
      vertex -52.136 -36.1863 33
    endloop
  endfacet
  facet normal 0.896928 -0.442176 0
    outer loop
      vertex -52.136 -36.1863 30.9
      vertex -52.3153 -36.55 33
      vertex -52.3153 -36.55 30.9
    endloop
  endfacet
  facet normal 0.896928 0.442176 0
    outer loop
      vertex -52.136 -33.8137 33
      vertex -52.3153 -33.45 30.9
      vertex -52.3153 -33.45 33
    endloop
  endfacet
  facet normal 0.896928 0.442176 0
    outer loop
      vertex -52.3153 -33.45 30.9
      vertex -52.136 -33.8137 33
      vertex -52.136 -33.8137 30.9
    endloop
  endfacet
  facet normal 0.831481 0.555553 0
    outer loop
      vertex -52.3153 -33.45 33
      vertex -52.5406 -33.1128 30.9
      vertex -52.5406 -33.1128 33
    endloop
  endfacet
  facet normal 0.831481 0.555553 0
    outer loop
      vertex -52.5406 -33.1128 30.9
      vertex -52.3153 -33.45 33
      vertex -52.3153 -33.45 30.9
    endloop
  endfacet
  facet normal 0.555553 -0.831481 0
    outer loop
      vertex -53.45 -37.6847 30.9
      vertex -53.1128 -37.4594 33
      vertex -53.45 -37.6847 33
    endloop
  endfacet
  facet normal 0.555553 -0.831481 0
    outer loop
      vertex -53.1128 -37.4594 33
      vertex -53.45 -37.6847 30.9
      vertex -53.1128 -37.4594 30.9
    endloop
  endfacet
  facet normal 0 0 1
    outer loop
      vertex -51.9265 -34.5954 33
      vertex -51.9265 -35.4046 33
      vertex -51.9 -35 33
    endloop
  endfacet
  facet normal 0 0 1
    outer loop
      vertex -52.0056 -34.1977 33
      vertex -51.9265 -35.4046 33
      vertex -51.9265 -34.5954 33
    endloop
  endfacet
  facet normal 0 0 1
    outer loop
      vertex -52.0056 -34.1977 33
      vertex -52.0056 -35.8023 33
      vertex -51.9265 -35.4046 33
    endloop
  endfacet
  facet normal 0 0 1
    outer loop
      vertex -52.136 -33.8137 33
      vertex -52.0056 -35.8023 33
      vertex -52.0056 -34.1977 33
    endloop
  endfacet
  facet normal 0 0 1
    outer loop
      vertex -52.136 -33.8137 33
      vertex -52.136 -36.1863 33
      vertex -52.0056 -35.8023 33
    endloop
  endfacet
  facet normal 0 0 1
    outer loop
      vertex -52.3153 -33.45 33
      vertex -52.136 -36.1863 33
      vertex -52.136 -33.8137 33
    endloop
  endfacet
  facet normal 0 0 1
    outer loop
      vertex -52.3153 -33.45 33
      vertex -52.3153 -36.55 33
      vertex -52.136 -36.1863 33
    endloop
  endfacet
  facet normal 0 0 1
    outer loop
      vertex -52.5406 -33.1128 33
      vertex -52.3153 -36.55 33
      vertex -52.3153 -33.45 33
    endloop
  endfacet
  facet normal 0 0 1
    outer loop
      vertex -52.5406 -33.1128 33
      vertex -52.5406 -36.8872 33
      vertex -52.3153 -36.55 33
    endloop
  endfacet
  facet normal 0 0 1
    outer loop
      vertex -52.808 -32.808 33
      vertex -52.5406 -36.8872 33
      vertex -52.5406 -33.1128 33
    endloop
  endfacet
  facet normal 0 0 1
    outer loop
      vertex -52.808 -32.808 33
      vertex -52.808 -37.192 33
      vertex -52.5406 -36.8872 33
    endloop
  endfacet
  facet normal 0 0 1
    outer loop
      vertex -53.1128 -32.5406 33
      vertex -52.808 -37.192 33
      vertex -52.808 -32.808 33
    endloop
  endfacet
  facet normal 0 0 1
    outer loop
      vertex -53.1128 -32.5406 33
      vertex -53.1128 -37.4594 33
      vertex -52.808 -37.192 33
    endloop
  endfacet
  facet normal 0 0 1
    outer loop
      vertex -53.45 -32.3153 33
      vertex -53.1128 -37.4594 33
      vertex -53.1128 -32.5406 33
    endloop
  endfacet
  facet normal 0 0 1
    outer loop
      vertex -53.45 -32.3153 33
      vertex -53.45 -37.6847 33
      vertex -53.1128 -37.4594 33
    endloop
  endfacet
  facet normal 0 0 1
    outer loop
      vertex -53.8137 -32.136 33
      vertex -53.45 -37.6847 33
      vertex -53.45 -32.3153 33
    endloop
  endfacet
  facet normal 0 0 1
    outer loop
      vertex -53.8137 -32.136 33
      vertex -53.8137 -37.864 33
      vertex -53.45 -37.6847 33
    endloop
  endfacet
  facet normal 0 0 1
    outer loop
      vertex -54.1977 -32.0056 33
      vertex -53.8137 -37.864 33
      vertex -53.8137 -32.136 33
    endloop
  endfacet
  facet normal 0 0 1
    outer loop
      vertex -54.1977 -32.0056 33
      vertex -54.1977 -37.9944 33
      vertex -53.8137 -37.864 33
    endloop
  endfacet
  facet normal 0 0 1
    outer loop
      vertex -54.5954 -31.9265 33
      vertex -54.1977 -37.9944 33
      vertex -54.1977 -32.0056 33
    endloop
  endfacet
  facet normal 0 0 1
    outer loop
      vertex -54.5954 -31.9265 33
      vertex -54.5954 -38.0735 33
      vertex -54.1977 -37.9944 33
    endloop
  endfacet
  facet normal 0 0 1
    outer loop
      vertex -55 -31.9 33
      vertex -54.5954 -38.0735 33
      vertex -54.5954 -31.9265 33
    endloop
  endfacet
  facet normal 0 0 1
    outer loop
      vertex -55 -31.9 33
      vertex -55 -38.1 33
      vertex -54.5954 -38.0735 33
    endloop
  endfacet
  facet normal -0 0 1
    outer loop
      vertex -55.4046 -31.9265 33
      vertex -55 -38.1 33
      vertex -55 -31.9 33
    endloop
  endfacet
  facet normal 0 0 1
    outer loop
      vertex -55.4046 -31.9265 33
      vertex -55.4046 -38.0735 33
      vertex -55 -38.1 33
    endloop
  endfacet
  facet normal -0 0 1
    outer loop
      vertex -55.8023 -32.0056 33
      vertex -55.4046 -38.0735 33
      vertex -55.4046 -31.9265 33
    endloop
  endfacet
  facet normal 0 0 1
    outer loop
      vertex -55.8023 -32.0056 33
      vertex -55.8023 -37.9944 33
      vertex -55.4046 -38.0735 33
    endloop
  endfacet
  facet normal -0 0 1
    outer loop
      vertex -56.1863 -32.136 33
      vertex -55.8023 -37.9944 33
      vertex -55.8023 -32.0056 33
    endloop
  endfacet
  facet normal 0 0 1
    outer loop
      vertex -56.1863 -32.136 33
      vertex -56.1863 -37.864 33
      vertex -55.8023 -37.9944 33
    endloop
  endfacet
  facet normal -0 0 1
    outer loop
      vertex -56.55 -32.3153 33
      vertex -56.1863 -37.864 33
      vertex -56.1863 -32.136 33
    endloop
  endfacet
  facet normal 0 0 1
    outer loop
      vertex -56.55 -32.3153 33
      vertex -56.55 -37.6847 33
      vertex -56.1863 -37.864 33
    endloop
  endfacet
  facet normal -0 0 1
    outer loop
      vertex -56.8872 -32.5406 33
      vertex -56.55 -37.6847 33
      vertex -56.55 -32.3153 33
    endloop
  endfacet
  facet normal 0 0 1
    outer loop
      vertex -56.8872 -32.5406 33
      vertex -56.8872 -37.4594 33
      vertex -56.55 -37.6847 33
    endloop
  endfacet
  facet normal -0 0 1
    outer loop
      vertex -57.192 -32.808 33
      vertex -56.8872 -37.4594 33
      vertex -56.8872 -32.5406 33
    endloop
  endfacet
  facet normal 0 0 1
    outer loop
      vertex -57.192 -32.808 33
      vertex -57.192 -37.192 33
      vertex -56.8872 -37.4594 33
    endloop
  endfacet
  facet normal -0 0 1
    outer loop
      vertex -57.4594 -33.1128 33
      vertex -57.192 -37.192 33
      vertex -57.192 -32.808 33
    endloop
  endfacet
  facet normal 0 0 1
    outer loop
      vertex -57.4594 -33.1128 33
      vertex -57.4594 -36.8872 33
      vertex -57.192 -37.192 33
    endloop
  endfacet
  facet normal -0 0 1
    outer loop
      vertex -57.6847 -33.45 33
      vertex -57.4594 -36.8872 33
      vertex -57.4594 -33.1128 33
    endloop
  endfacet
  facet normal 0 0 1
    outer loop
      vertex -57.6847 -33.45 33
      vertex -57.6847 -36.55 33
      vertex -57.4594 -36.8872 33
    endloop
  endfacet
  facet normal -0 0 1
    outer loop
      vertex -57.864 -33.8137 33
      vertex -57.6847 -36.55 33
      vertex -57.6847 -33.45 33
    endloop
  endfacet
  facet normal 0 0 1
    outer loop
      vertex -57.864 -33.8137 33
      vertex -57.864 -36.1863 33
      vertex -57.6847 -36.55 33
    endloop
  endfacet
  facet normal -0 0 1
    outer loop
      vertex -57.9944 -34.1977 33
      vertex -57.864 -36.1863 33
      vertex -57.864 -33.8137 33
    endloop
  endfacet
  facet normal 0 0 1
    outer loop
      vertex -57.9944 -34.1977 33
      vertex -57.9944 -35.8023 33
      vertex -57.864 -36.1863 33
    endloop
  endfacet
  facet normal -0 0 1
    outer loop
      vertex -58.0735 -34.5954 33
      vertex -57.9944 -35.8023 33
      vertex -57.9944 -34.1977 33
    endloop
  endfacet
  facet normal 0 0 1
    outer loop
      vertex -58.0735 -34.5954 33
      vertex -58.0735 -35.4046 33
      vertex -57.9944 -35.8023 33
    endloop
  endfacet
  facet normal 0 -0 1
    outer loop
      vertex -58.0735 -35.4046 33
      vertex -58.0735 -34.5954 33
      vertex -58.1 -35 33
    endloop
  endfacet
  facet normal -1 0 0
    outer loop
      vertex -86.15 18 10
      vertex -86.15 16 12
      vertex -86.15 18 30
    endloop
  endfacet
  facet normal -1 0 0
    outer loop
      vertex -86.15 18 10
      vertex -86.15 0 12
      vertex -86.15 16 12
    endloop
  endfacet
  facet normal -1 -0 0
    outer loop
      vertex -86.15 0 12
      vertex -86.15 -2 10
      vertex -86.15 0 28
    endloop
  endfacet
  facet normal -1 0 0
    outer loop
      vertex -86.15 -2 10
      vertex -86.15 0 12
      vertex -86.15 18 10
    endloop
  endfacet
  facet normal -1 0 0
    outer loop
      vertex -86.15 16 28
      vertex -86.15 18 30
      vertex -86.15 16 12
    endloop
  endfacet
  facet normal -1 0 0
    outer loop
      vertex -86.15 0 28
      vertex -86.15 18 30
      vertex -86.15 16 28
    endloop
  endfacet
  facet normal -1 0 0
    outer loop
      vertex -86.15 0 28
      vertex -86.15 -2 30
      vertex -86.15 18 30
    endloop
  endfacet
  facet normal -1 0 0
    outer loop
      vertex -86.15 -2 30
      vertex -86.15 0 28
      vertex -86.15 -2 10
    endloop
  endfacet
  facet normal 1 0 0
    outer loop
      vertex -83.15 18 30
      vertex -83.15 16 28
      vertex -83.15 18 14.995
    endloop
  endfacet
  facet normal 1 0 0
    outer loop
      vertex -83.15 18 30
      vertex -83.15 0 28
      vertex -83.15 16 28
    endloop
  endfacet
  facet normal 1 -0 0
    outer loop
      vertex -83.15 -2 30
      vertex -83.15 0 28
      vertex -83.15 18 30
    endloop
  endfacet
  facet normal 1 0 0
    outer loop
      vertex -83.15 -2 14.995
      vertex -83.15 0 28
      vertex -83.15 -2 30
    endloop
  endfacet
  facet normal 1 0 0
    outer loop
      vertex -83.15 0 28
      vertex -83.15 -2 14.995
      vertex -83.15 0 14.995
    endloop
  endfacet
  facet normal 1 0 0
    outer loop
      vertex -83.15 18 14.995
      vertex -83.15 16 28
      vertex -83.15 16 14.995
    endloop
  endfacet
  facet normal -0 0 1
    outer loop
      vertex -83.65 18 30
      vertex -83.15 -2 30
      vertex -83.15 18 30
    endloop
  endfacet
  facet normal 0 0 1
    outer loop
      vertex -83.15 -2 30
      vertex -83.65 18 30
      vertex -83.65 -2 30
    endloop
  endfacet
  facet normal 0 1 -0
    outer loop
      vertex -83.15 18 14.995
      vertex -83.65 18 30
      vertex -83.15 18 30
    endloop
  endfacet
  facet normal 0 1 0
    outer loop
      vertex -83.65 18 30
      vertex -83.15 18 14.995
      vertex -83.65 18 14.995
    endloop
  endfacet
  facet normal 0 -1 0
    outer loop
      vertex -83.65 -2 14.995
      vertex -83.15 -2 30
      vertex -83.65 -2 30
    endloop
  endfacet
  facet normal 0 -1 -0
    outer loop
      vertex -83.15 -2 30
      vertex -83.65 -2 14.995
      vertex -83.15 -2 14.995
    endloop
  endfacet
  facet normal 0 0 -1
    outer loop
      vertex -83.65 0 28
      vertex -83.15 16 28
      vertex -83.15 0 28
    endloop
  endfacet
  facet normal -0 0 -1
    outer loop
      vertex -83.15 16 28
      vertex -83.65 0 28
      vertex -83.65 16 28
    endloop
  endfacet
  facet normal 0 -1 0
    outer loop
      vertex -83.65 16 14.995
      vertex -83.15 16 28
      vertex -83.65 16 28
    endloop
  endfacet
  facet normal 0 -1 -0
    outer loop
      vertex -83.15 16 28
      vertex -83.65 16 14.995
      vertex -83.15 16 14.995
    endloop
  endfacet
  facet normal 0 1 -0
    outer loop
      vertex -83.15 0 14.995
      vertex -83.65 0 28
      vertex -83.15 0 28
    endloop
  endfacet
  facet normal 0 1 0
    outer loop
      vertex -83.65 0 28
      vertex -83.15 0 14.995
      vertex -83.65 0 14.995
    endloop
  endfacet
  facet normal 1 -0 0
    outer loop
      vertex -83.15 1 27
      vertex -83.15 15 14.995
      vertex -83.15 15 27
    endloop
  endfacet
  facet normal 1 0 0
    outer loop
      vertex -83.15 15 14.995
      vertex -83.15 1 27
      vertex -83.15 1 14.995
    endloop
  endfacet
  facet normal -0 0 1
    outer loop
      vertex -83.65 15 27
      vertex -83.15 1 27
      vertex -83.15 15 27
    endloop
  endfacet
  facet normal 0 0 1
    outer loop
      vertex -83.15 1 27
      vertex -83.65 15 27
      vertex -83.65 1 27
    endloop
  endfacet
  facet normal 0 1 -0
    outer loop
      vertex -83.15 15 14.995
      vertex -83.65 15 27
      vertex -83.15 15 27
    endloop
  endfacet
  facet normal 0 1 0
    outer loop
      vertex -83.65 15 27
      vertex -83.15 15 14.995
      vertex -83.65 15 14.995
    endloop
  endfacet
  facet normal 0 -1 0
    outer loop
      vertex -83.65 1 14.995
      vertex -83.15 1 27
      vertex -83.65 1 27
    endloop
  endfacet
  facet normal 0 -1 -0
    outer loop
      vertex -83.15 1 27
      vertex -83.65 1 14.995
      vertex -83.15 1 14.995
    endloop
  endfacet
  facet normal 0 1 -0
    outer loop
      vertex -54 60.65 9
      vertex -66 60.65 21
      vertex -54 60.65 21
    endloop
  endfacet
  facet normal 0 1 0
    outer loop
      vertex -66 60.65 21
      vertex -54 60.65 9
      vertex -66 60.65 9
    endloop
  endfacet
  facet normal -1 0 0
    outer loop
      vertex -66 59.35 9
      vertex -66 60.65 21
      vertex -66 60.65 9
    endloop
  endfacet
  facet normal -1 -0 0
    outer loop
      vertex -66 60.65 21
      vertex -66 59.35 9
      vertex -66 59.35 21
    endloop
  endfacet
  facet normal 1 -0 0
    outer loop
      vertex -54 59.35 21
      vertex -54 60.65 9
      vertex -54 60.65 21
    endloop
  endfacet
  facet normal 1 0 0
    outer loop
      vertex -54 60.65 9
      vertex -54 59.35 21
      vertex -54 59.35 9
    endloop
  endfacet
  facet normal 0 0 -1
    outer loop
      vertex -66 59.35 9
      vertex -54 60.65 9
      vertex -54 59.35 9
    endloop
  endfacet
  facet normal -0 0 -1
    outer loop
      vertex -54 60.65 9
      vertex -66 59.35 9
      vertex -66 60.65 9
    endloop
  endfacet
  facet normal 0 -1 0
    outer loop
      vertex -66 59.35 9
      vertex -54 59.35 21
      vertex -66 59.35 21
    endloop
  endfacet
  facet normal 0 -1 -0
    outer loop
      vertex -54 59.35 21
      vertex -66 59.35 9
      vertex -54 59.35 9
    endloop
  endfacet
  facet normal -0 0 1
    outer loop
      vertex -66 60.65 21
      vertex -54 59.35 21
      vertex -54 60.65 21
    endloop
  endfacet
  facet normal 0 0 1
    outer loop
      vertex -54 59.35 21
      vertex -66 60.65 21
      vertex -66 59.35 21
    endloop
  endfacet
  facet normal -1 0 0
    outer loop
      vertex -66 55 21.85
      vertex -66 58.5 23.15
      vertex -66 58.5 21.85
    endloop
  endfacet
  facet normal -1 -0 0
    outer loop
      vertex -66 58.5 23.15
      vertex -66 55 21.85
      vertex -66 55 23.15
    endloop
  endfacet
  facet normal -1 0 0
    outer loop
      vertex -66 46.5 21.85
      vertex -66 52.5 23.15
      vertex -66 52.5 21.85
    endloop
  endfacet
  facet normal -1 -0 0
    outer loop
      vertex -66 52.5 23.15
      vertex -66 46.5 21.85
      vertex -66 46.5 23.15
    endloop
  endfacet
  facet normal -0 0 1
    outer loop
      vertex -66 58.5 23.15
      vertex -54 55 23.15
      vertex -54 58.5 23.15
    endloop
  endfacet
  facet normal 0 0 1
    outer loop
      vertex -54 55 23.15
      vertex -66 58.5 23.15
      vertex -66 55 23.15
    endloop
  endfacet
  facet normal -0 0 1
    outer loop
      vertex -66 52.5 23.15
      vertex -54 46.5 23.15
      vertex -54 52.5 23.15
    endloop
  endfacet
  facet normal 0 0 1
    outer loop
      vertex -54 46.5 23.15
      vertex -66 52.5 23.15
      vertex -66 46.5 23.15
    endloop
  endfacet
  facet normal 0 0 -1
    outer loop
      vertex -66 55 21.85
      vertex -54 58.5 21.85
      vertex -54 55 21.85
    endloop
  endfacet
  facet normal -0 0 -1
    outer loop
      vertex -54 58.5 21.85
      vertex -66 55 21.85
      vertex -66 58.5 21.85
    endloop
  endfacet
  facet normal 0 0 -1
    outer loop
      vertex -66 46.5 21.85
      vertex -54 52.5 21.85
      vertex -54 46.5 21.85
    endloop
  endfacet
  facet normal -0 0 -1
    outer loop
      vertex -54 52.5 21.85
      vertex -66 46.5 21.85
      vertex -66 52.5 21.85
    endloop
  endfacet
  facet normal 1 -0 0
    outer loop
      vertex -54 55 23.15
      vertex -54 58.5 21.85
      vertex -54 58.5 23.15
    endloop
  endfacet
  facet normal 1 0 0
    outer loop
      vertex -54 58.5 21.85
      vertex -54 55 23.15
      vertex -54 55 21.85
    endloop
  endfacet
  facet normal 1 -0 0
    outer loop
      vertex -54 46.5 23.15
      vertex -54 52.5 21.85
      vertex -54 52.5 23.15
    endloop
  endfacet
  facet normal 1 0 0
    outer loop
      vertex -54 52.5 21.85
      vertex -54 46.5 23.15
      vertex -54 46.5 21.85
    endloop
  endfacet
  facet normal 0 1 -0
    outer loop
      vertex -54 58.5 21.85
      vertex -66 58.5 23.15
      vertex -54 58.5 23.15
    endloop
  endfacet
  facet normal 0 1 0
    outer loop
      vertex -66 58.5 23.15
      vertex -54 58.5 21.85
      vertex -66 58.5 21.85
    endloop
  endfacet
  facet normal 0 -1 0
    outer loop
      vertex -66 46.5 21.85
      vertex -54 46.5 23.15
      vertex -66 46.5 23.15
    endloop
  endfacet
  facet normal 0 -1 -0
    outer loop
      vertex -54 46.5 23.15
      vertex -66 46.5 21.85
      vertex -54 46.5 21.85
    endloop
  endfacet
  facet normal 0 0 -1
    outer loop
      vertex -66 55 6.85
      vertex -54 58.5 6.85
      vertex -54 55 6.85
    endloop
  endfacet
  facet normal -0 0 -1
    outer loop
      vertex -54 58.5 6.85
      vertex -66 55 6.85
      vertex -66 58.5 6.85
    endloop
  endfacet
  facet normal 1 -0 0
    outer loop
      vertex -54 55 8.15
      vertex -54 58.5 6.85
      vertex -54 58.5 8.15
    endloop
  endfacet
  facet normal 1 0 0
    outer loop
      vertex -54 58.5 6.85
      vertex -54 55 8.15
      vertex -54 55 6.85
    endloop
  endfacet
  facet normal -0 0 1
    outer loop
      vertex -66 58.5 8.15
      vertex -54 55 8.15
      vertex -54 58.5 8.15
    endloop
  endfacet
  facet normal 0 0 1
    outer loop
      vertex -54 55 8.15
      vertex -66 58.5 8.15
      vertex -66 55 8.15
    endloop
  endfacet
  facet normal 0 1 -0
    outer loop
      vertex -54 58.5 6.85
      vertex -66 58.5 8.15
      vertex -54 58.5 8.15
    endloop
  endfacet
  facet normal 0 1 0
    outer loop
      vertex -66 58.5 8.15
      vertex -54 58.5 6.85
      vertex -66 58.5 6.85
    endloop
  endfacet
  facet normal -1 0 0
    outer loop
      vertex -66 55 6.85
      vertex -66 58.5 8.15
      vertex -66 58.5 6.85
    endloop
  endfacet
  facet normal -1 -0 0
    outer loop
      vertex -66 58.5 8.15
      vertex -66 55 6.85
      vertex -66 55 8.15
    endloop
  endfacet
  facet normal 0 0 -1
    outer loop
      vertex -53.15 55 9
      vertex -51.85 58.5 9
      vertex -51.85 55 9
    endloop
  endfacet
  facet normal -0 0 -1
    outer loop
      vertex -51.85 58.5 9
      vertex -53.15 55 9
      vertex -53.15 58.5 9
    endloop
  endfacet
  facet normal -1 0 0
    outer loop
      vertex -53.15 55 9
      vertex -53.15 58.5 21
      vertex -53.15 58.5 9
    endloop
  endfacet
  facet normal -1 -0 0
    outer loop
      vertex -53.15 58.5 21
      vertex -53.15 55 9
      vertex -53.15 55 21
    endloop
  endfacet
  facet normal -1 0 0
    outer loop
      vertex -53.15 46.5 14.995
      vertex -53.15 52.5 21
      vertex -53.15 52.5 14.995
    endloop
  endfacet
  facet normal -1 -0 0
    outer loop
      vertex -53.15 52.5 21
      vertex -53.15 46.5 14.995
      vertex -53.15 46.5 21
    endloop
  endfacet
  facet normal 1 -0 0
    outer loop
      vertex -51.85 55 21
      vertex -51.85 58.5 9
      vertex -51.85 58.5 21
    endloop
  endfacet
  facet normal 1 0 0
    outer loop
      vertex -51.85 58.5 9
      vertex -51.85 55 21
      vertex -51.85 55 9
    endloop
  endfacet
  facet normal 1 -0 0
    outer loop
      vertex -51.85 46.5 21
      vertex -51.85 52.5 14.995
      vertex -51.85 52.5 21
    endloop
  endfacet
  facet normal 1 0 0
    outer loop
      vertex -51.85 52.5 14.995
      vertex -51.85 46.5 21
      vertex -51.85 46.5 14.995
    endloop
  endfacet
  facet normal -0 0 1
    outer loop
      vertex -53.15 58.5 21
      vertex -51.85 55 21
      vertex -51.85 58.5 21
    endloop
  endfacet
  facet normal 0 0 1
    outer loop
      vertex -51.85 55 21
      vertex -53.15 58.5 21
      vertex -53.15 55 21
    endloop
  endfacet
  facet normal -0 0 1
    outer loop
      vertex -53.15 52.5 21
      vertex -51.85 46.5 21
      vertex -51.85 52.5 21
    endloop
  endfacet
  facet normal 0 0 1
    outer loop
      vertex -51.85 46.5 21
      vertex -53.15 52.5 21
      vertex -53.15 46.5 21
    endloop
  endfacet
  facet normal 0 1 -0
    outer loop
      vertex -51.85 58.5 9
      vertex -53.15 58.5 21
      vertex -51.85 58.5 21
    endloop
  endfacet
  facet normal 0 1 0
    outer loop
      vertex -53.15 58.5 21
      vertex -51.85 58.5 9
      vertex -53.15 58.5 9
    endloop
  endfacet
  facet normal 0 -1 0
    outer loop
      vertex -53.15 46.5 14.995
      vertex -51.85 46.5 21
      vertex -53.15 46.5 21
    endloop
  endfacet
  facet normal 0 -1 -0
    outer loop
      vertex -51.85 46.5 21
      vertex -53.15 46.5 14.995
      vertex -51.85 46.5 14.995
    endloop
  endfacet
  facet normal -0.960742 -0.13702 -0.241246
    outer loop
      vertex -41.0398 31.7473 16.6
      vertex -41.0405 30.743 17.1732
      vertex -41.1793 31.7333 17.1635
    endloop
  endfacet
  facet normal -0.960701 -0.137092 -0.241371
    outer loop
      vertex -40.8844 30.6583 16.6
      vertex -41.0405 30.743 17.1732
      vertex -41.0398 31.7473 16.6
    endloop
  endfacet
  facet normal -0.960678 -0.137321 -0.241331
    outer loop
      vertex -41.0405 30.743 17.1732
      vertex -40.8844 30.6583 16.6
      vertex -41.0266 30.644 17.1742
    endloop
  endfacet
  facet normal -0.138834 0.990268 -0.00972025
    outer loop
      vertex -40.8844 30.6583 16.6
      vertex -43.3131 30.3178 16.6
      vertex -41.0266 30.644 17.1742
    endloop
  endfacet
  facet normal 0.96072 0.137187 0.241239
    outer loop
      vertex -48.0655 45.902 15.8116
      vertex -47.8775 46.0214 14.995
      vertex -48.0794 46.0011 15.8106
    endloop
  endfacet
  facet normal 0.960738 0.137084 0.241228
    outer loop
      vertex -48.0655 45.902 15.8116
      vertex -47.7221 44.9323 14.995
      vertex -47.8775 46.0214 14.995
    endloop
  endfacet
  facet normal 0.96073 0.137033 0.241286
    outer loop
      vertex -47.7221 44.9323 14.995
      vertex -48.0655 45.902 15.8116
      vertex -47.9267 44.9118 15.8213
    endloop
  endfacet
  facet normal -0.960695 -0.137322 -0.241261
    outer loop
      vertex -42.9634 46.7178 15.7554
      vertex -43.2618 46.5873 17.0179
      vertex -43.2757 46.6863 17.0169
    endloop
  endfacet
  facet normal -0.960743 -0.137026 -0.241242
    outer loop
      vertex -42.8107 45.6285 15.766
      vertex -43.2618 46.5873 17.0179
      vertex -42.9634 46.7178 15.7554
    endloop
  endfacet
  facet normal -0.960743 -0.137034 -0.241236
    outer loop
      vertex -43.2618 46.5873 17.0179
      vertex -42.8107 45.6285 15.766
      vertex -43.123 45.5971 17.0276
    endloop
  endfacet
  facet normal 0.138812 -0.990271 0.00971579
    outer loop
      vertex -45.9913 46.2858 14.995
      vertex -43.2757 46.6863 17.0169
      vertex -48.0794 46.0011 15.8106
    endloop
  endfacet
  facet normal 0.138812 -0.990271 0.00971517
    outer loop
      vertex -45.9913 46.2858 14.995
      vertex -48.0794 46.0011 15.8106
      vertex -47.8775 46.0214 14.995
    endloop
  endfacet
  facet normal 0.138861 -0.990265 0.00964956
    outer loop
      vertex -43.2757 46.6863 17.0169
      vertex -45.9913 46.2858 14.995
      vertex -42.9634 46.7178 15.7554
    endloop
  endfacet
  facet normal -0.240267 -0.0239324 0.970412
    outer loop
      vertex -35.7564 31.4969 18.5001
      vertex -41.0405 30.743 17.1732
      vertex -41.0266 30.644 17.1742
    endloop
  endfacet
  facet normal -0.240287 -0.0241714 0.970401
    outer loop
      vertex -37.1559 48.4685 18.5763
      vertex -35.7564 31.4969 18.5001
      vertex -34.6569 30.6436 18.7511
    endloop
  endfacet
  facet normal -0.240189 -0.0241634 0.970425
    outer loop
      vertex -37.1559 48.4685 18.5763
      vertex -37.9778 47.3411 18.3448
      vertex -35.7564 31.4969 18.5001
    endloop
  endfacet
  facet normal -0.24025 -0.0241167 0.970412
    outer loop
      vertex -43.2757 46.6863 17.0169
      vertex -37.9778 47.3411 18.3448
      vertex -37.1559 48.4685 18.5763
    endloop
  endfacet
  facet normal -0.240272 -0.023933 0.970411
    outer loop
      vertex -37.9778 47.3411 18.3448
      vertex -43.2757 46.6863 17.0169
      vertex -43.2618 46.5873 17.0179
    endloop
  endfacet
  facet normal -0.240236 -0.0241637 0.970414
    outer loop
      vertex -51.4176 46.4339 14.995
      vertex -43.2757 46.6863 17.0169
      vertex -37.1559 48.4685 18.5763
    endloop
  endfacet
  facet normal -0.240234 -0.0242189 0.970413
    outer loop
      vertex -43.2757 46.6863 17.0169
      vertex -51.4176 46.4339 14.995
      vertex -48.0794 46.0011 15.8106
    endloop
  endfacet
  facet normal -0.240229 -0.0241725 0.970415
    outer loop
      vertex -48.0794 46.0011 15.8106
      vertex -51.4176 46.4339 14.995
      vertex -51.3174 45.4381 14.995
    endloop
  endfacet
  facet normal -0.24024 -0.0241061 0.970414
    outer loop
      vertex -41.0266 30.644 17.1742
      vertex -34.6569 30.6436 18.7511
      vertex -35.7564 31.4969 18.5001
    endloop
  endfacet
  facet normal -0.240239 -0.0241925 0.970412
    outer loop
      vertex -41.0266 30.644 17.1742
      vertex -43.2229 29.4216 16.6
      vertex -34.6569 30.6436 18.7511
    endloop
  endfacet
  facet normal -0.240246 -0.0241801 0.970411
    outer loop
      vertex -43.2229 29.4216 16.6
      vertex -41.0266 30.644 17.1742
      vertex -43.3131 30.3178 16.6
    endloop
  endfacet
  facet normal -0.240274 -0.0239091 0.970411
    outer loop
      vertex -48.0655 45.902 15.8116
      vertex -48.0794 46.0011 15.8106
      vertex -51.3174 45.4381 14.995
    endloop
  endfacet
  facet normal 0.240235 0.0241668 -0.970414
    outer loop
      vertex -50.1668 34 14.995
      vertex -47.9267 44.9118 15.8213
      vertex -43.6835 34 16.6
    endloop
  endfacet
  facet normal 0.240239 0.0241658 -0.970413
    outer loop
      vertex -47.9267 44.9118 15.8213
      vertex -50.1668 34 14.995
      vertex -51.2172 44.4423 14.995
    endloop
  endfacet
  facet normal 0.24024 0.0241667 -0.970413
    outer loop
      vertex -43.3231 30.4174 16.6
      vertex -41.1793 31.7333 17.1635
      vertex -41.0405 30.743 17.1732
    endloop
  endfacet
  facet normal 0.240241 0.0241692 -0.970412
    outer loop
      vertex -41.1793 31.7333 17.1635
      vertex -43.6835 34 16.6
      vertex -43.123 45.5971 17.0276
    endloop
  endfacet
  facet normal 0.24024 0.0241675 -0.970413
    outer loop
      vertex -41.1793 31.7333 17.1635
      vertex -43.3231 30.4174 16.6
      vertex -43.6835 34 16.6
    endloop
  endfacet
  facet normal 0.240241 0.0241693 -0.970412
    outer loop
      vertex -47.9267 44.9118 15.8213
      vertex -43.123 45.5971 17.0276
      vertex -43.6835 34 16.6
    endloop
  endfacet
  facet normal 0.240241 0.0241693 -0.970412
    outer loop
      vertex -43.123 45.5971 17.0276
      vertex -47.9267 44.9118 15.8213
      vertex -43.2618 46.5873 17.0179
    endloop
  endfacet
  facet normal 0.240241 0.0241693 -0.970412
    outer loop
      vertex -43.2618 46.5873 17.0179
      vertex -47.9267 44.9118 15.8213
      vertex -48.0655 45.902 15.8116
    endloop
  endfacet
  facet normal 0.240228 0.0241675 -0.970416
    outer loop
      vertex -41.1793 31.7333 17.1635
      vertex -38.7997 46.2138 18.1132
      vertex -36.856 32.3501 18.2491
    endloop
  endfacet
  facet normal 0.240228 0.0241674 -0.970416
    outer loop
      vertex -38.7997 46.2138 18.1132
      vertex -41.1793 31.7333 17.1635
      vertex -43.123 45.5971 17.0276
    endloop
  endfacet
  facet normal 0.240236 0.0241754 -0.970413
    outer loop
      vertex -37.8868 30.1697 16.6
      vertex -36.5437 32.3815 16.9876
      vertex -34.3446 30.6751 17.4895
    endloop
  endfacet
  facet normal 0.240239 0.0241735 -0.970413
    outer loop
      vertex -36.5437 32.3815 16.9876
      vertex -37.8868 30.1697 16.6
      vertex -38.0872 32.1613 16.6
    endloop
  endfacet
  facet normal 0.240231 0.024169 -0.970415
    outer loop
      vertex -36.5437 32.3815 16.9876
      vertex -36.8436 48.4999 17.3148
      vertex -34.3446 30.6751 17.4895
    endloop
  endfacet
  facet normal 0.240239 0.0241691 -0.970413
    outer loop
      vertex -38.4874 46.2452 16.8517
      vertex -36.8436 48.4999 17.3148
      vertex -36.5437 32.3815 16.9876
    endloop
  endfacet
  facet normal 0.24024 0.0242342 -0.970411
    outer loop
      vertex -42.9634 46.7178 15.7554
      vertex -38.4874 46.2452 16.8517
      vertex -42.8107 45.6285 15.766
    endloop
  endfacet
  facet normal 0.240234 0.0241724 -0.970414
    outer loop
      vertex -38.4874 46.2452 16.8517
      vertex -42.9634 46.7178 15.7554
      vertex -36.8436 48.4999 17.3148
    endloop
  endfacet
  facet normal 0.24025 0.0241805 -0.97041
    outer loop
      vertex -46.0815 47.182 14.995
      vertex -42.9634 46.7178 15.7554
      vertex -45.9913 46.2858 14.995
    endloop
  endfacet
  facet normal 0.240244 0.0241366 -0.970412
    outer loop
      vertex -42.9634 46.7178 15.7554
      vertex -46.0815 47.182 14.995
      vertex -36.8436 48.4999 17.3148
    endloop
  endfacet
  facet normal 0.960735 0.137058 0.241253
    outer loop
      vertex -37.1559 48.4685 18.5763
      vertex -34.3446 30.6751 17.4895
      vertex -36.8436 48.4999 17.3148
    endloop
  endfacet
  facet normal 0.960737 0.137058 0.241246
    outer loop
      vertex -34.3446 30.6751 17.4895
      vertex -37.1559 48.4685 18.5763
      vertex -34.6569 30.6436 18.7511
    endloop
  endfacet
  facet normal -0.138843 0.990267 -0.00970535
    outer loop
      vertex -69.4594 43.9045 14.995
      vertex -71.2525 43.7766 27.5968
      vertex -68.1328 44.0905 14.995
    endloop
  endfacet
  facet normal -0.138859 0.990265 -0.00970758
    outer loop
      vertex -71.2525 43.7766 27.5968
      vertex -69.4594 43.9045 14.995
      vertex -72.5014 43.5984 27.2832
    endloop
  endfacet
  facet normal -0.138833 0.990268 -0.00972102
    outer loop
      vertex -46.0815 47.182 14.995
      vertex -37.1559 48.4685 18.5763
      vertex -36.8436 48.4999 17.3148
    endloop
  endfacet
  facet normal -0.138832 0.990268 -0.00972388
    outer loop
      vertex -37.1559 48.4685 18.5763
      vertex -46.0815 47.182 14.995
      vertex -51.4176 46.4339 14.995
    endloop
  endfacet
  facet normal 0.138857 -0.990265 0.00971462
    outer loop
      vertex -67.3144 26.044 16.6
      vertex -68.7535 25.9518 27.7715
      vertex -70.0024 25.7736 27.4579
    endloop
  endfacet
  facet normal 0.138843 -0.990267 0.00971283
    outer loop
      vertex -68.7535 25.9518 27.7715
      vertex -67.3144 26.044 16.6
      vertex -65.9878 26.23 16.6
    endloop
  endfacet
  facet normal 0.138832 -0.990268 0.00970467
    outer loop
      vertex -37.8868 30.1697 16.6
      vertex -34.6569 30.6436 18.7511
      vertex -43.2229 29.4216 16.6
    endloop
  endfacet
  facet normal 0.138867 -0.990264 0.00965037
    outer loop
      vertex -34.6569 30.6436 18.7511
      vertex -37.8868 30.1697 16.6
      vertex -34.3446 30.6751 17.4895
    endloop
  endfacet
  facet normal -0.960735 -0.137061 -0.241253
    outer loop
      vertex -36.5437 32.3815 16.9876
      vertex -38.7997 46.2138 18.1132
      vertex -38.4874 46.2452 16.8517
    endloop
  endfacet
  facet normal -0.960735 -0.137061 -0.241253
    outer loop
      vertex -38.7997 46.2138 18.1132
      vertex -36.5437 32.3815 16.9876
      vertex -36.856 32.3501 18.2491
    endloop
  endfacet
  facet normal 0.138818 -0.99027 0.00971723
    outer loop
      vertex -43.123 45.5971 17.0276
      vertex -38.4874 46.2452 16.8517
      vertex -38.7997 46.2138 18.1132
    endloop
  endfacet
  facet normal 0.138818 -0.99027 0.00971645
    outer loop
      vertex -38.4874 46.2452 16.8517
      vertex -43.123 45.5971 17.0276
      vertex -42.8107 45.6285 15.766
    endloop
  endfacet
  facet normal 0.138832 -0.990267 0.00980819
    outer loop
      vertex -47.9267 44.9118 15.8213
      vertex -51.2172 44.4423 14.995
      vertex -47.7221 44.9323 14.995
    endloop
  endfacet
  facet normal -0.138833 0.990268 -0.00972113
    outer loop
      vertex -38.0872 32.1613 16.6
      vertex -36.856 32.3501 18.2491
      vertex -36.5437 32.3815 16.9876
    endloop
  endfacet
  facet normal -0.138841 0.990267 -0.00971553
    outer loop
      vertex -36.856 32.3501 18.2491
      vertex -38.0872 32.1613 16.6
      vertex -41.1793 31.7333 17.1635
    endloop
  endfacet
  facet normal -0.13885 0.990265 -0.00977094
    outer loop
      vertex -41.1793 31.7333 17.1635
      vertex -38.0872 32.1613 16.6
      vertex -41.0398 31.7473 16.6
    endloop
  endfacet
  facet normal -0.96074 -0.13706 -0.241233
    outer loop
      vertex -52.2903 34 16.6
      vertex -53.4759 45.1355 14.995
      vertex -51.8873 34 14.995
    endloop
  endfacet
  facet normal -0.960736 -0.137062 -0.241248
    outer loop
      vertex -53.4759 45.1355 14.995
      vertex -52.2903 34 16.6
      vertex -54.3105 45.0515 18.3664
    endloop
  endfacet
  facet normal -0.960739 -0.137057 -0.241239
    outer loop
      vertex -52.0891 29.2072 18.5217
      vertex -52.2903 34 16.6
      vertex -51.6134 29.2551 16.6
    endloop
  endfacet
  facet normal -0.960736 -0.137062 -0.241249
    outer loop
      vertex -52.2903 34 16.6
      vertex -52.0891 29.2072 18.5217
      vertex -54.3105 45.0515 18.3664
    endloop
  endfacet
  facet normal -0.240234 -0.024168 0.970414
    outer loop
      vertex -38.9387 47.2445 22.2264
      vertex -52.0891 29.2072 18.5217
      vertex -36.7174 31.4002 22.3817
    endloop
  endfacet
  facet normal -0.240232 -0.0241693 0.970415
    outer loop
      vertex -52.0891 29.2072 18.5217
      vertex -38.9387 47.2445 22.2264
      vertex -54.3105 45.0515 18.3664
    endloop
  endfacet
  facet normal 0.960737 0.137063 0.241244
    outer loop
      vertex -38.9387 47.2445 22.2264
      vertex -35.7564 31.4969 18.5001
      vertex -37.9778 47.3411 18.3448
    endloop
  endfacet
  facet normal 0.960731 0.137055 0.241271
    outer loop
      vertex -35.7564 31.4969 18.5001
      vertex -38.9387 47.2445 22.2264
      vertex -36.7174 31.4002 22.3817
    endloop
  endfacet
  facet normal -0.138827 0.990269 -0.0097226
    outer loop
      vertex -43.2618 46.5873 17.0179
      vertex -38.9387 47.2445 22.2264
      vertex -37.9778 47.3411 18.3448
    endloop
  endfacet
  facet normal -0.138836 0.990268 -0.00971549
    outer loop
      vertex -38.9387 47.2445 22.2264
      vertex -43.2618 46.5873 17.0179
      vertex -54.3105 45.0515 18.3664
    endloop
  endfacet
  facet normal -0.138835 0.990268 -0.00970735
    outer loop
      vertex -48.0655 45.902 15.8116
      vertex -54.3105 45.0515 18.3664
      vertex -43.2618 46.5873 17.0179
    endloop
  endfacet
  facet normal -0.138831 0.990269 -0.00969871
    outer loop
      vertex -51.3174 45.4381 14.995
      vertex -54.3105 45.0515 18.3664
      vertex -48.0655 45.902 15.8116
    endloop
  endfacet
  facet normal -0.138826 0.990269 -0.00969372
    outer loop
      vertex -54.3105 45.0515 18.3664
      vertex -51.3174 45.4381 14.995
      vertex -53.4759 45.1355 14.995
    endloop
  endfacet
  facet normal 0.13884 -0.990267 0.00970331
    outer loop
      vertex -43.3231 30.4174 16.6
      vertex -36.7174 31.4002 22.3817
      vertex -52.0891 29.2072 18.5217
    endloop
  endfacet
  facet normal 0.138847 -0.990266 0.00970568
    outer loop
      vertex -36.7174 31.4002 22.3817
      vertex -41.0405 30.743 17.1732
      vertex -35.7564 31.4969 18.5001
    endloop
  endfacet
  facet normal 0.138836 -0.990268 0.00968426
    outer loop
      vertex -43.3231 30.4174 16.6
      vertex -52.0891 29.2072 18.5217
      vertex -51.6134 29.2551 16.6
    endloop
  endfacet
  facet normal 0.138812 -0.990271 0.00973584
    outer loop
      vertex -36.7174 31.4002 22.3817
      vertex -43.3231 30.4174 16.6
      vertex -41.0405 30.743 17.1732
    endloop
  endfacet
  facet normal -0.987857 -0.139171 -0.0690577
    outer loop
      vertex -68.9431 34 16.6
      vertex -70.0719 42.8088 14.995
      vertex -68.8309 34 14.995
    endloop
  endfacet
  facet normal -0.987856 -0.139174 -0.0690765
    outer loop
      vertex -70.0719 42.8088 14.995
      vertex -68.9431 34 16.6
      vertex -70.2291 42.8088 17.2431
    endloop
  endfacet
  facet normal -0.98785 -0.139174 -0.0691557
    outer loop
      vertex -68.0078 26.9645 17.3985
      vertex -68.9431 34 16.6
      vertex -67.9519 26.9645 16.6
    endloop
  endfacet
  facet normal -0.987853 -0.139171 -0.0691238
    outer loop
      vertex -68.9431 34 16.6
      vertex -68.0078 26.9645 17.3985
      vertex -70.2291 42.8088 17.2431
    endloop
  endfacet
  facet normal -0.0697542 -1.47374e-06 0.997564
    outer loop
      vertex -54.4234 45.0355 18.3484
      vertex -62.343 27.7625 17.7946
      vertex -52.2021 29.1912 18.5037
    endloop
  endfacet
  facet normal -0.0697542 -1.47374e-06 0.997564
    outer loop
      vertex -62.343 27.7625 17.7946
      vertex -54.4234 45.0355 18.3484
      vertex -64.5643 43.6068 17.6393
    endloop
  endfacet
  facet normal -0.0697243 2.29965e-06 0.997566
    outer loop
      vertex -68.5767 43.0416 17.3587
      vertex -68.0078 26.9645 17.3985
      vertex -66.3553 27.1973 17.514
    endloop
  endfacet
  facet normal -0.0697883 2.54077e-08 0.997562
    outer loop
      vertex -68.0078 26.9645 17.3985
      vertex -68.5767 43.0416 17.3587
      vertex -70.2291 42.8088 17.2431
    endloop
  endfacet
  facet normal 0.987856 0.139174 0.0690798
    outer loop
      vertex -54.4234 45.0355 18.3484
      vertex -52.7464 34 16.6
      vertex -54.1889 45.0355 14.995
    endloop
  endfacet
  facet normal 0.987854 0.13917 0.0691033
    outer loop
      vertex -52.2021 29.1912 18.5037
      vertex -52.7464 34 16.6
      vertex -54.4234 45.0355 18.3484
    endloop
  endfacet
  facet normal 0.987853 0.139176 0.0691191
    outer loop
      vertex -52.7464 34 16.6
      vertex -52.2021 29.1912 18.5037
      vertex -52.0689 29.1912 16.6
    endloop
  endfacet
  facet normal 0.987858 0.139171 0.0690577
    outer loop
      vertex -54.1889 45.0355 14.995
      vertex -52.7464 34 16.6
      vertex -52.6342 34 14.995
    endloop
  endfacet
  facet normal -0.138843 0.990267 -0.00972774
    outer loop
      vertex -69.5999 42.8861 16.1331
      vertex -68.5767 43.0416 17.3587
      vertex -68.3509 43.0643 16.4467
    endloop
  endfacet
  facet normal -0.138813 0.990271 -0.00972022
    outer loop
      vertex -64.5643 43.6068 17.6393
      vertex -68.3509 43.0643 16.4467
      vertex -68.5767 43.0416 17.3587
    endloop
  endfacet
  facet normal -0.138835 0.990268 -0.00970859
    outer loop
      vertex -54.1889 45.0355 14.995
      vertex -64.5643 43.6068 17.6393
      vertex -54.4234 45.0355 18.3484
    endloop
  endfacet
  facet normal -0.138834 0.990268 -0.00970407
    outer loop
      vertex -64.5643 43.6068 17.6393
      vertex -54.1889 45.0355 14.995
      vertex -67.9915 43.1004 14.995
    endloop
  endfacet
  facet normal -0.138807 0.990272 -0.00973927
    outer loop
      vertex -64.5643 43.6068 17.6393
      vertex -67.9915 43.1004 14.995
      vertex -68.3509 43.0643 16.4467
    endloop
  endfacet
  facet normal -0.138826 0.990269 -0.00970985
    outer loop
      vertex -67.0305 43.3587 27.6011
      vertex -69.5521 42.9434 21.2988
      vertex -70.8734 42.8105 26.6361
    endloop
  endfacet
  facet normal -0.138832 0.990268 -0.00970736
    outer loop
      vertex -64.5643 43.6068 17.6393
      vertex -69.5521 42.9434 21.2988
      vertex -67.0305 43.3587 27.6011
    endloop
  endfacet
  facet normal -0.138816 0.990271 -0.00968406
    outer loop
      vertex -69.5521 42.9434 21.2988
      vertex -64.5643 43.6068 17.6393
      vertex -68.5767 43.0416 17.3587
    endloop
  endfacet
  facet normal -0.138834 0.990268 -0.00973559
    outer loop
      vertex -68.5767 43.0416 17.3587
      vertex -69.5999 42.8861 16.1331
      vertex -70.2291 42.8088 17.2431
    endloop
  endfacet
  facet normal -0.138729 0.990283 -0.00972569
    outer loop
      vertex -70.0719 42.8088 14.995
      vertex -69.5999 42.8861 16.1331
      vertex -69.3181 42.9144 14.995
    endloop
  endfacet
  facet normal -0.138779 0.990276 -0.00970425
    outer loop
      vertex -69.5999 42.8861 16.1331
      vertex -70.0719 42.8088 14.995
      vertex -70.2291 42.8088 17.2431
    endloop
  endfacet
  facet normal 0.138847 -0.990266 0.00971499
    outer loop
      vertex -67.3308 27.0991 21.4541
      vertex -64.8091 27.5145 27.7564
      vertex -68.6521 26.9662 26.7914
    endloop
  endfacet
  facet normal 0.13884 -0.990267 0.0097178
    outer loop
      vertex -67.3308 27.0991 21.4541
      vertex -62.343 27.7625 17.7946
      vertex -64.8091 27.5145 27.7564
    endloop
  endfacet
  facet normal 0.138819 -0.99027 0.00968836
    outer loop
      vertex -62.343 27.7625 17.7946
      vertex -67.3308 27.0991 21.4541
      vertex -66.3553 27.1973 17.514
    endloop
  endfacet
  facet normal 0.138817 -0.99027 0.00970715
    outer loop
      vertex -66.1296 27.22 16.6021
      vertex -62.343 27.7625 17.7946
      vertex -66.3553 27.1973 17.514
    endloop
  endfacet
  facet normal 0.138827 -0.990269 0.00971878
    outer loop
      vertex -67.9519 26.9645 16.6
      vertex -66.3553 27.1973 17.514
      vertex -68.0078 26.9645 17.3985
    endloop
  endfacet
  facet normal 0.132042 -0.990745 0.0314385
    outer loop
      vertex -66.1291 27.22 16.6
      vertex -62.343 27.7625 17.7946
      vertex -66.1296 27.22 16.6021
    endloop
  endfacet
  facet normal 0.138833 -0.990268 0.0096984
    outer loop
      vertex -52.0689 29.1912 16.6
      vertex -62.343 27.7625 17.7946
      vertex -66.1291 27.22 16.6
    endloop
  endfacet
  facet normal 0.138835 -0.990268 0.00971412
    outer loop
      vertex -62.343 27.7625 17.7946
      vertex -52.0689 29.1912 16.6
      vertex -52.2021 29.1912 18.5037
    endloop
  endfacet
  facet normal 0.138823 -0.990269 0.00972582
    outer loop
      vertex -66.3553 27.1973 17.514
      vertex -67.9519 26.9645 16.6
      vertex -66.1379 27.2188 16.6
    endloop
  endfacet
  facet normal 0.140568 -0.990019 0.0101467
    outer loop
      vertex -66.3553 27.1973 17.514
      vertex -66.1379 27.2188 16.6
      vertex -66.1296 27.22 16.6021
    endloop
  endfacet
  facet normal 0.240257 0.0239309 -0.970414
    outer loop
      vertex -68.5658 26.8219 21.1415
      vertex -67.3308 27.0991 21.4541
      vertex -67.3169 27.0001 21.4551
    endloop
  endfacet
  facet normal 0.240207 0.0241624 -0.970421
    outer loop
      vertex -68.7186 27.9112 21.1308
      vertex -67.3308 27.0991 21.4541
      vertex -68.5658 26.8219 21.1415
    endloop
  endfacet
  facet normal 0.240207 0.024162 -0.970421
    outer loop
      vertex -67.3308 27.0991 21.4541
      vertex -68.7186 27.9112 21.1308
      vertex -67.4696 28.0894 21.4444
    endloop
  endfacet
  facet normal -0.241926 -0.0241694 0.969994
    outer loop
      vertex -66.1379 27.2188 16.6
      vertex -66.1157 27.121 16.6031
      vertex -66.1296 27.22 16.6021
    endloop
  endfacet
  facet normal -0.242819 -0.0243794 0.969765
    outer loop
      vertex -66.1157 27.121 16.6031
      vertex -66.1379 27.2188 16.6
      vertex -66.1279 27.1192 16.6
    endloop
  endfacet
  facet normal -0.143264 0.989626 -0.0108085
    outer loop
      vertex -66.1279 27.1192 16.6
      vertex -67.3169 27.0001 21.4551
      vertex -66.1157 27.121 16.6031
    endloop
  endfacet
  facet normal -0.13886 0.990264 -0.00971437
    outer loop
      vertex -67.4415 26.935 16.6
      vertex -67.3169 27.0001 21.4551
      vertex -66.1279 27.1192 16.6
    endloop
  endfacet
  facet normal -0.138857 0.990265 -0.00971445
    outer loop
      vertex -67.3169 27.0001 21.4551
      vertex -67.4415 26.935 16.6
      vertex -68.5658 26.8219 21.1415
    endloop
  endfacet
  facet normal 0.240224 0.0241669 -0.970417
    outer loop
      vertex -70.6622 41.775 20.9949
      vertex -69.5521 42.9434 21.2988
      vertex -69.4133 41.9532 21.3085
    endloop
  endfacet
  facet normal 0.240245 0.0241458 -0.970412
    outer loop
      vertex -70.8149 42.8643 20.9842
      vertex -69.5521 42.9434 21.2988
      vertex -70.6622 41.775 20.9949
    endloop
  endfacet
  facet normal 0.240261 0.0239073 -0.970414
    outer loop
      vertex -69.5521 42.9434 21.2988
      vertex -70.8149 42.8643 20.9842
      vertex -69.566 43.0425 21.2978
    endloop
  endfacet
  facet normal -0.240105 -0.0248896 0.970428
    outer loop
      vertex -68.3648 43.1633 16.4458
      vertex -69.5999 42.8861 16.1331
      vertex -68.3509 43.0643 16.4467
    endloop
  endfacet
  facet normal -0.240311 -0.0239387 0.970401
    outer loop
      vertex -69.5999 42.8861 16.1331
      vertex -68.3648 43.1633 16.4458
      vertex -69.6138 42.9851 16.1321
    endloop
  endfacet
  facet normal 0.138855 -0.990265 0.00972158
    outer loop
      vertex -70.8149 42.8643 20.9842
      vertex -68.3648 43.1633 16.4458
      vertex -69.566 43.0425 21.2978
    endloop
  endfacet
  facet normal 0.138845 -0.990266 0.00971594
    outer loop
      vertex -68.3648 43.1633 16.4458
      vertex -70.8149 42.8643 20.9842
      vertex -69.6138 42.9851 16.1321
    endloop
  endfacet
  facet normal -0.240224 -0.0241679 0.970417
    outer loop
      vertex -71.2525 43.7766 27.5968
      vertex -70.0024 25.7736 27.4579
      vertex -68.7535 25.9518 27.7715
    endloop
  endfacet
  facet normal -0.240224 -0.0241679 0.970417
    outer loop
      vertex -70.0024 25.7736 27.4579
      vertex -71.2525 43.7766 27.5968
      vertex -72.5014 43.5984 27.2832
    endloop
  endfacet
  facet normal 0.960698 0.137323 0.241249
    outer loop
      vertex -67.3308 27.0991 21.4541
      vertex -68.6521 26.9662 26.7914
      vertex -67.3169 27.0001 21.4551
    endloop
  endfacet
  facet normal 0.963552 0.137604 0.229417
    outer loop
      vertex -66.1157 27.121 16.6031
      vertex -66.1291 27.22 16.6
      vertex -66.1296 27.22 16.6021
    endloop
  endfacet
  facet normal 0.964116 0.137606 0.227034
    outer loop
      vertex -66.1157 27.121 16.6031
      vertex -65.9878 26.23 16.6
      vertex -66.1291 27.22 16.6
    endloop
  endfacet
  facet normal 0.960731 0.13707 0.241262
    outer loop
      vertex -67.3169 27.0001 21.4551
      vertex -65.9878 26.23 16.6
      vertex -66.1157 27.121 16.6031
    endloop
  endfacet
  facet normal 0.960733 0.137064 0.241257
    outer loop
      vertex -68.7535 25.9518 27.7715
      vertex -67.3169 27.0001 21.4551
      vertex -68.6521 26.9662 26.7914
    endloop
  endfacet
  facet normal 0.960726 0.137111 0.241259
    outer loop
      vertex -68.1328 44.0905 14.995
      vertex -69.566 43.0425 21.2978
      vertex -68.3648 43.1633 16.4458
    endloop
  endfacet
  facet normal 0.960731 0.137092 0.24125
    outer loop
      vertex -70.8734 42.8105 26.6361
      vertex -69.566 43.0425 21.2978
      vertex -71.2525 43.7766 27.5968
    endloop
  endfacet
  facet normal 0.960717 0.137187 0.241251
    outer loop
      vertex -69.566 43.0425 21.2978
      vertex -70.8734 42.8105 26.6361
      vertex -69.5521 42.9434 21.2988
    endloop
  endfacet
  facet normal 0.960727 0.137055 0.241286
    outer loop
      vertex -71.2525 43.7766 27.5968
      vertex -68.6521 26.9662 26.7914
      vertex -70.8734 42.8105 26.6361
    endloop
  endfacet
  facet normal 0.96073 0.137084 0.241259
    outer loop
      vertex -67.3169 27.0001 21.4551
      vertex -68.7535 25.9518 27.7715
      vertex -65.9878 26.23 16.6
    endloop
  endfacet
  facet normal 0.960736 0.137058 0.241251
    outer loop
      vertex -68.7535 25.9518 27.7715
      vertex -68.6521 26.9662 26.7914
      vertex -71.2525 43.7766 27.5968
    endloop
  endfacet
  facet normal 0.960734 0.137069 0.241253
    outer loop
      vertex -69.566 43.0425 21.2978
      vertex -68.1328 44.0905 14.995
      vertex -71.2525 43.7766 27.5968
    endloop
  endfacet
  facet normal 0.960727 0.137108 0.241257
    outer loop
      vertex -68.3648 43.1633 16.4458
      vertex -67.9915 43.1004 14.995
      vertex -68.1328 44.0905 14.995
    endloop
  endfacet
  facet normal 0.96073 0.137084 0.241259
    outer loop
      vertex -67.9915 43.1004 14.995
      vertex -68.3648 43.1633 16.4458
      vertex -68.3509 43.0643 16.4467
    endloop
  endfacet
  facet normal -0.960739 -0.137034 -0.241253
    outer loop
      vertex -68.5767 43.0416 17.3587
      vertex -69.4133 41.9532 21.3085
      vertex -69.5521 42.9434 21.2988
    endloop
  endfacet
  facet normal -0.960738 -0.13706 -0.24124
    outer loop
      vertex -69.4133 41.9532 21.3085
      vertex -67.4696 28.0894 21.4444
      vertex -70.4943 41.8444 25.6754
    endloop
  endfacet
  facet normal -0.960733 -0.137061 -0.24126
    outer loop
      vertex -66.3553 27.1973 17.514
      vertex -69.4133 41.9532 21.3085
      vertex -68.5767 43.0416 17.3587
    endloop
  endfacet
  facet normal -0.960732 -0.137059 -0.241266
    outer loop
      vertex -69.4133 41.9532 21.3085
      vertex -66.3553 27.1973 17.514
      vertex -67.4696 28.0894 21.4444
    endloop
  endfacet
  facet normal -0.960735 -0.137019 -0.241276
    outer loop
      vertex -67.4696 28.0894 21.4444
      vertex -66.3553 27.1973 17.514
      vertex -67.3308 27.0991 21.4541
    endloop
  endfacet
  facet normal -0.960735 -0.137054 -0.241258
    outer loop
      vertex -70.4943 41.8444 25.6754
      vertex -67.4696 28.0894 21.4444
      vertex -68.5507 27.9807 25.8113
    endloop
  endfacet
  facet normal -0.960736 -0.137048 -0.241254
    outer loop
      vertex -67.4415 26.935 16.6
      vertex -67.3144 26.044 16.6
      vertex -68.5658 26.8219 21.1415
    endloop
  endfacet
  facet normal -0.960729 -0.137134 -0.241236
    outer loop
      vertex -68.7186 27.9112 21.1308
      vertex -68.5658 26.8219 21.1415
      vertex -69.7996 27.8025 25.4977
    endloop
  endfacet
  facet normal -0.960746 -0.137014 -0.241236
    outer loop
      vertex -70.8149 42.8643 20.9842
      vertex -69.4594 43.9045 14.995
      vertex -69.6138 42.9851 16.1321
    endloop
  endfacet
  facet normal -0.960715 -0.137106 -0.241307
    outer loop
      vertex -69.3181 42.9144 14.995
      vertex -69.6138 42.9851 16.1321
      vertex -69.4594 43.9045 14.995
    endloop
  endfacet
  facet normal -0.960689 -0.137322 -0.241287
    outer loop
      vertex -69.6138 42.9851 16.1321
      vertex -69.3181 42.9144 14.995
      vertex -69.5999 42.8861 16.1331
    endloop
  endfacet
  facet normal -0.96073 -0.137104 -0.241248
    outer loop
      vertex -69.4594 43.9045 14.995
      vertex -70.8149 42.8643 20.9842
      vertex -72.5014 43.5984 27.2832
    endloop
  endfacet
  facet normal -0.960735 -0.137047 -0.241261
    outer loop
      vertex -71.7433 41.6662 25.3618
      vertex -70.8149 42.8643 20.9842
      vertex -70.6622 41.775 20.9949
    endloop
  endfacet
  facet normal -0.960737 -0.137036 -0.241258
    outer loop
      vertex -70.8149 42.8643 20.9842
      vertex -71.7433 41.6662 25.3618
      vertex -72.5014 43.5984 27.2832
    endloop
  endfacet
  facet normal -0.960739 -0.137061 -0.241234
    outer loop
      vertex -69.7996 27.8025 25.4977
      vertex -72.5014 43.5984 27.2832
      vertex -71.7433 41.6662 25.3618
    endloop
  endfacet
  facet normal -0.960734 -0.137057 -0.241257
    outer loop
      vertex -69.7996 27.8025 25.4977
      vertex -70.0024 25.7736 27.4579
      vertex -72.5014 43.5984 27.2832
    endloop
  endfacet
  facet normal -0.960735 -0.137056 -0.241256
    outer loop
      vertex -68.5658 26.8219 21.1415
      vertex -70.0024 25.7736 27.4579
      vertex -69.7996 27.8025 25.4977
    endloop
  endfacet
  facet normal -0.960736 -0.137046 -0.241254
    outer loop
      vertex -70.0024 25.7736 27.4579
      vertex -68.5658 26.8219 21.1415
      vertex -67.3144 26.044 16.6
    endloop
  endfacet
  facet normal 0.240224 0.0241653 -0.970417
    outer loop
      vertex -69.7996 27.8025 25.4977
      vertex -70.4943 41.8444 25.6754
      vertex -68.5507 27.9807 25.8113
    endloop
  endfacet
  facet normal 0.240206 0.0241645 -0.970421
    outer loop
      vertex -70.4943 41.8444 25.6754
      vertex -69.7996 27.8025 25.4977
      vertex -71.7433 41.6662 25.3618
    endloop
  endfacet
  facet normal 0.13885 -0.990266 0.00969932
    outer loop
      vertex -71.7433 41.6662 25.3618
      vertex -69.4133 41.9532 21.3085
      vertex -70.4943 41.8444 25.6754
    endloop
  endfacet
  facet normal 0.13886 -0.990265 0.00970489
    outer loop
      vertex -69.4133 41.9532 21.3085
      vertex -71.7433 41.6662 25.3618
      vertex -70.6622 41.775 20.9949
    endloop
  endfacet
  facet normal -0.138854 0.990265 -0.00972624
    outer loop
      vertex -67.4696 28.0894 21.4444
      vertex -69.7996 27.8025 25.4977
      vertex -68.5507 27.9807 25.8113
    endloop
  endfacet
  facet normal -0.138845 0.990266 -0.00972067
    outer loop
      vertex -69.7996 27.8025 25.4977
      vertex -67.4696 28.0894 21.4444
      vertex -68.7186 27.9112 21.1308
    endloop
  endfacet
  facet normal -0.240229 -0.024169 0.970415
    outer loop
      vertex -67.0305 43.3587 27.6011
      vertex -68.6521 26.9662 26.7914
      vertex -64.8091 27.5145 27.7564
    endloop
  endfacet
  facet normal -0.240235 -0.0241683 0.970414
    outer loop
      vertex -68.6521 26.9662 26.7914
      vertex -67.0305 43.3587 27.6011
      vertex -70.8734 42.8105 26.6361
    endloop
  endfacet
  facet normal 0.960734 0.137055 0.241258
    outer loop
      vertex -67.0305 43.3587 27.6011
      vertex -62.343 27.7625 17.7946
      vertex -64.5643 43.6068 17.6393
    endloop
  endfacet
  facet normal 0.960736 0.137062 0.241248
    outer loop
      vertex -62.343 27.7625 17.7946
      vertex -67.0305 43.3587 27.6011
      vertex -64.8091 27.5145 27.7564
    endloop
  endfacet
  facet normal 0.967911 0.0686917 0.241722
    outer loop
      vertex -42.3741 11.0118 17.212
      vertex -42.2926 12.017 16.6
      vertex -42.4437 12.0094 17.2072
    endloop
  endfacet
  facet normal 0.967901 0.0687136 0.241756
    outer loop
      vertex -42.3741 11.0118 17.212
      vertex -42.2147 10.9197 16.6
      vertex -42.2926 12.017 16.6
    endloop
  endfacet
  facet normal 0.967887 0.069168 0.241684
    outer loop
      vertex -42.2147 10.9197 16.6
      vertex -42.3741 11.0118 17.212
      vertex -42.3671 10.9121 17.2125
    endloop
  endfacet
  facet normal -0.967892 -0.068715 -0.241792
    outer loop
      vertex -37.2902 12.3686 17.1545
      vertex -37.5346 11.3553 18.4208
      vertex -37.6042 12.3529 18.4159
    endloop
  endfacet
  facet normal -0.967904 -0.0686687 -0.241758
    outer loop
      vertex -37.2137 11.2713 17.1599
      vertex -37.5346 11.3553 18.4208
      vertex -37.2902 12.3686 17.1545
    endloop
  endfacet
  facet normal -0.967878 -0.0691676 -0.241718
    outer loop
      vertex -37.5346 11.3553 18.4208
      vertex -37.2137 11.2713 17.1599
      vertex -37.5276 11.2556 18.4213
    endloop
  endfacet
  facet normal -0.0695825 0.997564 -0.00489948
    outer loop
      vertex -39.4552 11.1122 16.6
      vertex -37.5276 11.2556 18.4213
      vertex -37.2137 11.2713 17.1599
    endloop
  endfacet
  facet normal -0.0695815 0.997564 -0.00490062
    outer loop
      vertex -37.5276 11.2556 18.4213
      vertex -39.4552 11.1122 16.6
      vertex -42.3671 10.9121 17.2125
    endloop
  endfacet
  facet normal -0.069589 0.997564 -0.00493696
    outer loop
      vertex -42.3671 10.9121 17.2125
      vertex -39.4552 11.1122 16.6
      vertex -42.2147 10.9197 16.6
    endloop
  endfacet
  facet normal 0.967949 0.0682016 0.24171
    outer loop
      vertex -43.4875 26.9729 17.1342
      vertex -43.3616 27.0793 16.6
      vertex -43.4944 27.0726 17.1337
    endloop
  endfacet
  facet normal 0.967891 0.0687129 0.241798
    outer loop
      vertex -43.4875 26.9729 17.1342
      vertex -43.2837 25.982 16.6
      vertex -43.3616 27.0793 16.6
    endloop
  endfacet
  facet normal 0.967883 0.0686903 0.241837
    outer loop
      vertex -43.2837 25.982 16.6
      vertex -43.4875 26.9729 17.1342
      vertex -43.4179 25.9753 17.139
    endloop
  endfacet
  facet normal -0.967966 -0.0679603 -0.241711
    outer loop
      vertex -38.341 27.4319 17.081
      vertex -38.648 27.3164 18.3429
      vertex -38.6549 27.4161 18.3425
    endloop
  endfacet
  facet normal -0.967896 -0.0687501 -0.241766
    outer loop
      vertex -38.2644 26.3345 17.0864
      vertex -38.648 27.3164 18.3429
      vertex -38.341 27.4319 17.081
    endloop
  endfacet
  facet normal -0.967892 -0.068715 -0.241792
    outer loop
      vertex -38.648 27.3164 18.3429
      vertex -38.2644 26.3345 17.0864
      vertex -38.5784 26.3188 18.3478
    endloop
  endfacet
  facet normal 0.0695999 -0.997563 0.00482664
    outer loop
      vertex -40.2669 27.2952 16.6
      vertex -38.6549 27.4161 18.3425
      vertex -43.4944 27.0726 17.1337
    endloop
  endfacet
  facet normal 0.0695945 -0.997564 0.00479383
    outer loop
      vertex -40.2669 27.2952 16.6
      vertex -43.4944 27.0726 17.1337
      vertex -43.3616 27.0793 16.6
    endloop
  endfacet
  facet normal 0.0696018 -0.997563 0.00482482
    outer loop
      vertex -38.6549 27.4161 18.3425
      vertex -40.2669 27.2952 16.6
      vertex -38.341 27.4319 17.081
    endloop
  endfacet
  facet normal -0.241491 -0.012089 0.970328
    outer loop
      vertex -32.2111 11.7332 19.7504
      vertex -37.5346 11.3553 18.4208
      vertex -37.5276 11.2556 18.4213
    endloop
  endfacet
  facet normal -0.241572 -0.0121181 0.970307
    outer loop
      vertex -32.4262 28.7604 19.9095
      vertex -32.2111 11.7332 19.7504
      vertex -31.1736 10.8043 19.9971
    endloop
  endfacet
  facet normal -0.241511 -0.0121175 0.970322
    outer loop
      vertex -32.4262 28.7604 19.9095
      vertex -33.3245 27.6942 19.6726
      vertex -32.2111 11.7332 19.7504
    endloop
  endfacet
  facet normal -0.241494 -0.0121335 0.970327
    outer loop
      vertex -38.6549 27.4161 18.3425
      vertex -33.3245 27.6942 19.6726
      vertex -32.4262 28.7604 19.9095
    endloop
  endfacet
  facet normal -0.241458 -0.0128177 0.970327
    outer loop
      vertex -33.3245 27.6942 19.6726
      vertex -38.6549 27.4161 18.3425
      vertex -38.648 27.3164 18.3429
    endloop
  endfacet
  facet normal -0.241504 -0.0120833 0.970325
    outer loop
      vertex -45.6762 27.82 16.6
      vertex -38.6549 27.4161 18.3425
      vertex -32.4262 28.7604 19.9095
    endloop
  endfacet
  facet normal -0.241506 -0.0121152 0.970324
    outer loop
      vertex -38.6549 27.4161 18.3425
      vertex -45.6762 27.82 16.6
      vertex -43.4944 27.0726 17.1337
    endloop
  endfacet
  facet normal -0.241505 -0.0121127 0.970324
    outer loop
      vertex -43.4944 27.0726 17.1337
      vertex -45.6762 27.82 16.6
      vertex -45.6261 26.8211 16.6
    endloop
  endfacet
  facet normal -0.241497 -0.0120283 0.970327
    outer loop
      vertex -37.5276 11.2556 18.4213
      vertex -31.1736 10.8043 19.9971
      vertex -32.2111 11.7332 19.7504
    endloop
  endfacet
  facet normal -0.241508 -0.0120823 0.970324
    outer loop
      vertex -44.7743 9.83899 16.6
      vertex -37.5276 11.2556 18.4213
      vertex -42.3671 10.9121 17.2125
    endloop
  endfacet
  facet normal -0.241502 -0.0121129 0.970325
    outer loop
      vertex -37.5276 11.2556 18.4213
      vertex -44.7743 9.83899 16.6
      vertex -31.1736 10.8043 19.9971
    endloop
  endfacet
  facet normal -0.241496 -0.0120894 0.970327
    outer loop
      vertex -44.8244 10.8379 16.6
      vertex -42.3671 10.9121 17.2125
      vertex -42.3741 11.0118 17.212
    endloop
  endfacet
  facet normal -0.241495 -0.0121121 0.970326
    outer loop
      vertex -42.3671 10.9121 17.2125
      vertex -44.8244 10.8379 16.6
      vertex -44.7743 9.83899 16.6
    endloop
  endfacet
  facet normal -0.241535 -0.0118498 0.97032
    outer loop
      vertex -43.4875 26.9729 17.1342
      vertex -43.4944 27.0726 17.1337
      vertex -45.6261 26.8211 16.6
    endloop
  endfacet
  facet normal 0.241521 0.0121147 -0.97032
    outer loop
      vertex -45.576 25.8221 16.6
      vertex -42.4437 12.0094 17.2072
      vertex -44.8745 11.8369 16.6
    endloop
  endfacet
  facet normal 0.241487 0.0121066 -0.970329
    outer loop
      vertex -42.4437 12.0094 17.2072
      vertex -45.576 25.8221 16.6
      vertex -43.4179 25.9753 17.139
    endloop
  endfacet
  facet normal 0.241489 0.012082 -0.970328
    outer loop
      vertex -42.4437 12.0094 17.2072
      vertex -37.6042 12.3529 18.4159
      vertex -37.5346 11.3553 18.4208
    endloop
  endfacet
  facet normal 0.241487 0.0121136 -0.970329
    outer loop
      vertex -37.6042 12.3529 18.4159
      vertex -42.4437 12.0094 17.2072
      vertex -38.5784 26.3188 18.3478
    endloop
  endfacet
  facet normal 0.241501 0.0121801 -0.970324
    outer loop
      vertex -42.4437 12.0094 17.2072
      vertex -37.5346 11.3553 18.4208
      vertex -42.3741 11.0118 17.212
    endloop
  endfacet
  facet normal 0.241506 0.012108 -0.970324
    outer loop
      vertex -43.4179 25.9753 17.139
      vertex -38.5784 26.3188 18.3478
      vertex -42.4437 12.0094 17.2072
    endloop
  endfacet
  facet normal 0.241508 0.0120834 -0.970324
    outer loop
      vertex -38.5784 26.3188 18.3478
      vertex -43.4179 25.9753 17.139
      vertex -38.648 27.3164 18.3429
    endloop
  endfacet
  facet normal 0.241482 0.0121788 -0.970329
    outer loop
      vertex -38.648 27.3164 18.3429
      vertex -43.4179 25.9753 17.139
      vertex -43.4875 26.9729 17.1342
    endloop
  endfacet
  facet normal 0.241499 0.0121144 -0.970325
    outer loop
      vertex -37.6042 12.3529 18.4159
      vertex -34.2228 26.6279 19.4357
      vertex -33.2486 12.662 19.5038
    endloop
  endfacet
  facet normal 0.241499 0.0121144 -0.970325
    outer loop
      vertex -34.2228 26.6279 19.4357
      vertex -37.6042 12.3529 18.4159
      vertex -38.5784 26.3188 18.3478
    endloop
  endfacet
  facet normal 0.241482 0.0121157 -0.97033
    outer loop
      vertex -30.8597 10.82 18.7356
      vertex -32.9347 12.6778 18.2424
      vertex -32.1122 28.7762 18.6481
    endloop
  endfacet
  facet normal 0.241488 0.0121233 -0.970328
    outer loop
      vertex -30.8597 10.82 18.7356
      vertex -37.2137 11.2713 17.1599
      vertex -32.9347 12.6778 18.2424
    endloop
  endfacet
  facet normal 0.241491 0.0121677 -0.970327
    outer loop
      vertex -39.4101 10.2132 16.6
      vertex -37.2137 11.2713 17.1599
      vertex -30.8597 10.82 18.7356
    endloop
  endfacet
  facet normal 0.241515 0.012116 -0.970322
    outer loop
      vertex -37.2137 11.2713 17.1599
      vertex -39.4101 10.2132 16.6
      vertex -39.4552 11.1122 16.6
    endloop
  endfacet
  facet normal 0.241501 0.0121146 -0.970325
    outer loop
      vertex -33.9089 26.6437 18.1743
      vertex -32.1122 28.7762 18.6481
      vertex -32.9347 12.6778 18.2424
    endloop
  endfacet
  facet normal 0.241506 0.0120828 -0.970324
    outer loop
      vertex -38.341 27.4319 17.081
      vertex -33.9089 26.6437 18.1743
      vertex -38.2644 26.3345 17.0864
    endloop
  endfacet
  facet normal 0.24151 0.0121069 -0.970323
    outer loop
      vertex -33.9089 26.6437 18.1743
      vertex -38.341 27.4319 17.081
      vertex -32.1122 28.7762 18.6481
    endloop
  endfacet
  facet normal 0.241483 0.0121144 -0.970329
    outer loop
      vertex -40.312 28.1942 16.6
      vertex -38.341 27.4319 17.081
      vertex -40.2669 27.2952 16.6
    endloop
  endfacet
  facet normal 0.241499 0.012159 -0.970325
    outer loop
      vertex -38.341 27.4319 17.081
      vertex -40.312 28.1942 16.6
      vertex -32.1122 28.7762 18.6481
    endloop
  endfacet
  facet normal 0.241507 0.0120619 -0.970324
    outer loop
      vertex -32.9347 12.6778 18.2424
      vertex -37.2137 11.2713 17.1599
      vertex -37.2902 12.3686 17.1545
    endloop
  endfacet
  facet normal 0.967892 0.0686917 0.241798
    outer loop
      vertex -32.4262 28.7604 19.9095
      vertex -30.8597 10.82 18.7356
      vertex -32.1122 28.7762 18.6481
    endloop
  endfacet
  facet normal 0.967915 0.0687 0.241702
    outer loop
      vertex -30.8597 10.82 18.7356
      vertex -32.4262 28.7604 19.9095
      vertex -31.1736 10.8043 19.9971
    endloop
  endfacet
  facet normal -0.0695646 0.997566 -0.0048612
    outer loop
      vertex -65.0402 26.4693 16.6
      vertex -66.7682 26.4088 28.9128
      vertex -63.7037 26.5625 16.6
    endloop
  endfacet
  facet normal -0.0695864 0.997564 -0.00486426
    outer loop
      vertex -66.7682 26.4088 28.9128
      vertex -65.0402 26.4693 16.6
      vertex -68.0264 26.3195 28.5985
    endloop
  endfacet
  facet normal -0.069598 0.997563 -0.00482978
    outer loop
      vertex -40.312 28.1942 16.6
      vertex -32.4262 28.7604 19.9095
      vertex -32.1122 28.7762 18.6481
    endloop
  endfacet
  facet normal -0.0695888 0.997564 -0.00485181
    outer loop
      vertex -32.4262 28.7604 19.9095
      vertex -40.312 28.1942 16.6
      vertex -45.6762 27.82 16.6
    endloop
  endfacet
  facet normal 0.0695883 -0.997564 0.00486642
    outer loop
      vertex -63.7658 8.51421 16.6
      vertex -65.5156 8.45264 29.0004
      vertex -66.7739 8.36333 28.6861
    endloop
  endfacet
  facet normal 0.0695869 -0.997564 0.00486623
    outer loop
      vertex -65.5156 8.45264 29.0004
      vertex -63.7658 8.51421 16.6
      vertex -62.4293 8.60744 16.6
    endloop
  endfacet
  facet normal 0.0695907 -0.997564 0.0048501
    outer loop
      vertex -39.4101 10.2132 16.6
      vertex -31.1736 10.8043 19.9971
      vertex -44.7743 9.83899 16.6
    endloop
  endfacet
  facet normal 0.0695717 -0.997565 0.00489638
    outer loop
      vertex -31.1736 10.8043 19.9971
      vertex -39.4101 10.2132 16.6
      vertex -30.8597 10.82 18.7356
    endloop
  endfacet
  facet normal -0.96791 -0.0686959 -0.241725
    outer loop
      vertex -32.9347 12.6778 18.2424
      vertex -34.2228 26.6279 19.4357
      vertex -33.9089 26.6437 18.1743
    endloop
  endfacet
  facet normal -0.96791 -0.0686959 -0.241725
    outer loop
      vertex -34.2228 26.6279 19.4357
      vertex -32.9347 12.6778 18.2424
      vertex -33.2486 12.662 19.5038
    endloop
  endfacet
  facet normal 0.0695889 -0.997564 0.00482197
    outer loop
      vertex -38.5784 26.3188 18.3478
      vertex -33.9089 26.6437 18.1743
      vertex -34.2228 26.6279 19.4357
    endloop
  endfacet
  facet normal 0.069592 -0.997563 0.00490736
    outer loop
      vertex -33.9089 26.6437 18.1743
      vertex -38.5784 26.3188 18.3478
      vertex -38.2644 26.3345 17.0864
    endloop
  endfacet
  facet normal 0.0695853 -0.997564 0.00492518
    outer loop
      vertex -43.4179 25.9753 17.139
      vertex -45.576 25.8221 16.6
      vertex -43.2837 25.982 16.6
    endloop
  endfacet
  facet normal -0.0695889 0.997564 -0.00482197
    outer loop
      vertex -32.9347 12.6778 18.2424
      vertex -37.6042 12.3529 18.4159
      vertex -33.2486 12.662 19.5038
    endloop
  endfacet
  facet normal -0.069592 0.997563 -0.00490736
    outer loop
      vertex -37.6042 12.3529 18.4159
      vertex -32.9347 12.6778 18.2424
      vertex -37.2902 12.3686 17.1545
    endloop
  endfacet
  facet normal -0.0695849 0.997564 -0.00483003
    outer loop
      vertex -42.2926 12.017 16.6
      vertex -44.8745 11.8369 16.6
      vertex -42.4437 12.0094 17.2072
    endloop
  endfacet
  facet normal -0.967904 -0.0686933 -0.241751
    outer loop
      vertex -47.8762 10.6251 16.6
      vertex -49.7769 26.5466 19.6858
      vertex -49.0089 26.5851 16.6
    endloop
  endfacet
  facet normal -0.967903 -0.0686924 -0.241755
    outer loop
      vertex -49.7769 26.5466 19.6858
      vertex -47.8762 10.6251 16.6
      vertex -48.6636 10.5856 19.7637
    endloop
  endfacet
  facet normal -0.241495 -0.0121163 0.970327
    outer loop
      vertex -34.2905 27.6457 23.5539
      vertex -48.6636 10.5856 19.7637
      vertex -33.1771 11.6847 23.6317
    endloop
  endfacet
  facet normal -0.241502 -0.0121093 0.970325
    outer loop
      vertex -48.6636 10.5856 19.7637
      vertex -34.2905 27.6457 23.5539
      vertex -49.7769 26.5466 19.6858
    endloop
  endfacet
  facet normal 0.967902 0.0686969 0.241755
    outer loop
      vertex -34.2905 27.6457 23.5539
      vertex -32.2111 11.7332 19.7504
      vertex -33.3245 27.6942 19.6726
    endloop
  endfacet
  facet normal 0.967902 0.0686969 0.241755
    outer loop
      vertex -32.2111 11.7332 19.7504
      vertex -34.2905 27.6457 23.5539
      vertex -33.1771 11.6847 23.6317
    endloop
  endfacet
  facet normal -0.0695833 0.997564 -0.00485292
    outer loop
      vertex -38.648 27.3164 18.3429
      vertex -34.2905 27.6457 23.5539
      vertex -33.3245 27.6942 19.6726
    endloop
  endfacet
  facet normal -0.0695879 0.997564 -0.00484909
    outer loop
      vertex -34.2905 27.6457 23.5539
      vertex -38.648 27.3164 18.3429
      vertex -49.7769 26.5466 19.6858
    endloop
  endfacet
  facet normal -0.06959 0.997564 -0.0048667
    outer loop
      vertex -43.4875 26.9729 17.1342
      vertex -49.7769 26.5466 19.6858
      vertex -38.648 27.3164 18.3429
    endloop
  endfacet
  facet normal -0.0695915 0.997564 -0.00487043
    outer loop
      vertex -45.6261 26.8211 16.6
      vertex -49.7769 26.5466 19.6858
      vertex -43.4875 26.9729 17.1342
    endloop
  endfacet
  facet normal -0.0695947 0.997563 -0.00487476
    outer loop
      vertex -49.7769 26.5466 19.6858
      vertex -45.6261 26.8211 16.6
      vertex -49.0089 26.5851 16.6
    endloop
  endfacet
  facet normal 0.0695813 -0.997564 0.00487385
    outer loop
      vertex -37.5346 11.3553 18.4208
      vertex -33.1771 11.6847 23.6317
      vertex -48.6636 10.5856 19.7637
    endloop
  endfacet
  facet normal 0.069601 -0.997563 0.00485732
    outer loop
      vertex -33.1771 11.6847 23.6317
      vertex -37.5346 11.3553 18.4208
      vertex -32.2111 11.7332 19.7504
    endloop
  endfacet
  facet normal 0.0695835 -0.997564 0.00489232
    outer loop
      vertex -48.6636 10.5856 19.7637
      vertex -42.3741 11.0118 17.212
      vertex -37.5346 11.3553 18.4208
    endloop
  endfacet
  facet normal 0.0695596 -0.997566 0.00485741
    outer loop
      vertex -44.8244 10.8379 16.6
      vertex -48.6636 10.5856 19.7637
      vertex -47.8762 10.6251 16.6
    endloop
  endfacet
  facet normal 0.069579 -0.997565 0.00488099
    outer loop
      vertex -48.6636 10.5856 19.7637
      vertex -44.8244 10.8379 16.6
      vertex -42.3741 11.0118 17.212
    endloop
  endfacet
  facet normal -0.995136 -0.0697547 -0.0695536
    outer loop
      vertex -64.5574 9.46144 16.6
      vertex -65.8128 25.4225 18.5544
      vertex -65.6762 25.4225 16.6
    endloop
  endfacet
  facet normal -0.995135 -0.0697508 -0.069584
    outer loop
      vertex -65.8128 25.4225 18.5544
      vertex -64.5574 9.46144 16.6
      vertex -64.6995 9.46144 18.6322
    endloop
  endfacet
  facet normal -0.0697519 -3.21426e-06 0.997564
    outer loop
      vertex -49.8907 26.5386 19.6678
      vertex -58.9929 9.86145 19.0313
      vertex -48.7773 10.5775 19.7456
    endloop
  endfacet
  facet normal -0.069762 2.32744e-06 0.997564
    outer loop
      vertex -58.9929 9.86145 19.0313
      vertex -49.8907 26.5386 19.6678
      vertex -60.1063 25.8225 18.9534
    endloop
  endfacet
  facet normal -0.0697561 -3.50773e-06 0.997564
    outer loop
      vertex -64.1483 25.5391 18.6708
      vertex -64.6995 9.46144 18.6322
      vertex -63.0349 9.57812 18.7486
    endloop
  endfacet
  facet normal -0.0697603 -3.3637e-06 0.997564
    outer loop
      vertex -64.6995 9.46144 18.6322
      vertex -64.1483 25.5391 18.6708
      vertex -65.8128 25.4225 18.5544
    endloop
  endfacet
  facet normal 0.995134 0.0697568 0.0695796
    outer loop
      vertex -48.7773 10.5775 19.7456
      vertex -49.6762 26.5386 16.6
      vertex -49.8907 26.5386 19.6678
    endloop
  endfacet
  facet normal 0.995136 0.0697544 0.0695671
    outer loop
      vertex -49.6762 26.5386 16.6
      vertex -48.7773 10.5775 19.7456
      vertex -48.5574 10.5775 16.6
    endloop
  endfacet
  facet normal -0.0695877 0.997564 -0.00486556
    outer loop
      vertex -49.6762 26.5386 16.6
      vertex -60.1063 25.8225 18.9534
      vertex -49.8907 26.5386 19.6678
    endloop
  endfacet
  facet normal -0.0695846 0.997564 -0.00485084
    outer loop
      vertex -65.1796 25.4612 17.4447
      vertex -64.1483 25.5391 18.6708
      vertex -63.9213 25.5505 17.7589
    endloop
  endfacet
  facet normal -0.0696035 0.997563 -0.00485554
    outer loop
      vertex -60.1063 25.8225 18.9534
      vertex -63.9213 25.5505 17.7589
      vertex -64.1483 25.5391 18.6708
    endloop
  endfacet
  facet normal -0.0695887 0.997564 -0.0048701
    outer loop
      vertex -60.1063 25.8225 18.9534
      vertex -49.6762 26.5386 16.6
      vertex -63.6329 25.565 16.6
    endloop
  endfacet
  facet normal -0.069608 0.997563 -0.00484104
    outer loop
      vertex -60.1063 25.8225 18.9534
      vertex -63.6329 25.565 16.6
      vertex -63.9213 25.5505 17.7589
    endloop
  endfacet
  facet normal -0.0695932 0.997564 -0.00485368
    outer loop
      vertex -62.5855 25.6981 28.9144
      vertex -65.1288 25.49 22.6106
      vertex -66.4571 25.4233 27.9474
    endloop
  endfacet
  facet normal -0.0695793 0.997565 -0.00485934
    outer loop
      vertex -60.1063 25.8225 18.9534
      vertex -65.1288 25.49 22.6106
      vertex -62.5855 25.6981 28.9144
    endloop
  endfacet
  facet normal -0.0696011 0.997563 -0.00488947
    outer loop
      vertex -65.1288 25.49 22.6106
      vertex -60.1063 25.8225 18.9534
      vertex -64.1483 25.5391 18.6708
    endloop
  endfacet
  facet normal -0.0695387 0.997567 -0.00488966
    outer loop
      vertex -64.1483 25.5391 18.6708
      vertex -65.1796 25.4612 17.4447
      vertex -65.8128 25.4225 18.5544
    endloop
  endfacet
  facet normal -0.0695811 0.997565 -0.00479669
    outer loop
      vertex -65.6762 25.4225 16.6
      vertex -65.1796 25.4612 17.4447
      vertex -64.9694 25.4718 16.6
    endloop
  endfacet
  facet normal -0.0694804 0.997571 -0.00485623
    outer loop
      vertex -65.1796 25.4612 17.4447
      vertex -65.6762 25.4225 16.6
      vertex -65.8128 25.4225 18.5544
    endloop
  endfacet
  facet normal 0.0695877 -0.997564 0.0048654
    outer loop
      vertex -64.0154 9.52894 22.6884
      vertex -61.4721 9.7371 28.9922
      vertex -65.3437 9.46231 28.0252
    endloop
  endfacet
  facet normal 0.069586 -0.997564 0.00486608
    outer loop
      vertex -64.0154 9.52894 22.6884
      vertex -58.9929 9.86145 19.0313
      vertex -61.4721 9.7371 28.9922
    endloop
  endfacet
  facet normal 0.0695855 -0.997564 0.00486531
    outer loop
      vertex -58.9929 9.86145 19.0313
      vertex -64.0154 9.52894 22.6884
      vertex -63.0349 9.57812 18.7486
    endloop
  endfacet
  facet normal 0.0695849 -0.997564 0.00487332
    outer loop
      vertex -62.8079 9.5895 17.8368
      vertex -58.9929 9.86145 19.0313
      vertex -63.0349 9.57812 18.7486
    endloop
  endfacet
  facet normal 0.0695838 -0.997564 0.00486783
    outer loop
      vertex -64.0662 9.5002 17.5225
      vertex -63.0349 9.57812 18.7486
      vertex -64.6995 9.46144 18.6322
    endloop
  endfacet
  facet normal 0.0695876 -0.997564 0.00486471
    outer loop
      vertex -62.5001 9.60494 16.6
      vertex -58.9929 9.86145 19.0313
      vertex -62.8079 9.5895 17.8368
    endloop
  endfacet
  facet normal 0.0695842 -0.997564 0.00486967
    outer loop
      vertex -48.5574 10.5775 16.6
      vertex -58.9929 9.86145 19.0313
      vertex -62.5001 9.60494 16.6
    endloop
  endfacet
  facet normal 0.0695829 -0.997564 0.00486435
    outer loop
      vertex -58.9929 9.86145 19.0313
      vertex -48.5574 10.5775 16.6
      vertex -48.7773 10.5775 19.7456
    endloop
  endfacet
  facet normal 0.069579 -0.997565 0.00487185
    outer loop
      vertex -63.0349 9.57812 18.7486
      vertex -64.0662 9.5002 17.5225
      vertex -62.8079 9.5895 17.8368
    endloop
  endfacet
  facet normal 0.0695794 -0.997565 0.00486528
    outer loop
      vertex -64.5574 9.46144 16.6
      vertex -64.0662 9.5002 17.5225
      vertex -64.6995 9.46144 18.6322
    endloop
  endfacet
  facet normal 0.0695721 -0.997565 0.00486915
    outer loop
      vertex -64.0662 9.5002 17.5225
      vertex -64.5574 9.46144 16.6
      vertex -63.8366 9.51171 16.6
    endloop
  endfacet
  facet normal 0.241546 0.0118435 -0.970317
    outer loop
      vertex -65.2667 9.33988 22.3746
      vertex -64.0154 9.52894 22.6884
      vertex -64.0085 9.42918 22.6889
    endloop
  endfacet
  facet normal 0.241498 0.0121715 -0.970325
    outer loop
      vertex -65.3433 10.4372 22.3693
      vertex -64.0154 9.52894 22.6884
      vertex -65.2667 9.33988 22.3746
    endloop
  endfacet
  facet normal 0.241504 0.0121809 -0.970323
    outer loop
      vertex -64.0154 9.52894 22.6884
      vertex -65.3433 10.4372 22.3693
      vertex -64.085 10.5265 22.6836
    endloop
  endfacet
  facet normal -0.241546 -0.0118447 0.970317
    outer loop
      vertex -62.8079 9.5895 17.8368
      vertex -64.0592 9.40044 17.523
      vertex -62.801 9.48975 17.8373
    endloop
  endfacet
  facet normal -0.241511 -0.0120832 0.970323
    outer loop
      vertex -64.0592 9.40044 17.523
      vertex -62.8079 9.5895 17.8368
      vertex -64.0662 9.5002 17.5225
    endloop
  endfacet
  facet normal -0.0695862 0.997564 -0.00486498
    outer loop
      vertex -62.801 9.48975 17.8373
      vertex -65.2667 9.33988 22.3746
      vertex -64.0085 9.42918 22.6889
    endloop
  endfacet
  facet normal -0.0695932 0.997564 -0.00486877
    outer loop
      vertex -65.2667 9.33988 22.3746
      vertex -62.801 9.48975 17.8373
      vertex -64.0592 9.40044 17.523
    endloop
  endfacet
  facet normal 0.241504 0.0121804 -0.970323
    outer loop
      vertex -66.3175 24.4031 22.3011
      vertex -65.1288 25.49 22.6106
      vertex -65.0592 24.4924 22.6154
    endloop
  endfacet
  facet normal 0.241529 0.0121519 -0.970318
    outer loop
      vertex -66.394 25.5004 22.2958
      vertex -65.1288 25.49 22.6106
      vertex -66.3175 24.4031 22.3011
    endloop
  endfacet
  facet normal 0.241529 0.0120917 -0.970318
    outer loop
      vertex -65.1288 25.49 22.6106
      vertex -66.394 25.5004 22.2958
      vertex -65.1358 25.5897 22.6101
    endloop
  endfacet
  facet normal -0.241372 -0.0130407 0.970345
    outer loop
      vertex -63.9283 25.6503 17.7585
      vertex -65.1796 25.4612 17.4447
      vertex -63.9213 25.5505 17.7589
    endloop
  endfacet
  facet normal -0.241546 -0.0118388 0.970317
    outer loop
      vertex -65.1796 25.4612 17.4447
      vertex -63.9283 25.6503 17.7585
      vertex -65.1865 25.561 17.4442
    endloop
  endfacet
  facet normal 0.0695877 -0.997564 0.00485917
    outer loop
      vertex -66.394 25.5004 22.2958
      vertex -63.9283 25.6503 17.7585
      vertex -65.1358 25.5897 22.6101
    endloop
  endfacet
  facet normal 0.0695877 -0.997564 0.00485917
    outer loop
      vertex -63.9283 25.6503 17.7585
      vertex -66.394 25.5004 22.2958
      vertex -65.1865 25.561 17.4442
    endloop
  endfacet
  facet normal -0.241509 -0.0121136 0.970323
    outer loop
      vertex -66.7682 26.4088 28.9128
      vertex -66.7739 8.36333 28.6861
      vertex -65.5156 8.45264 29.0004
    endloop
  endfacet
  facet normal -0.241527 -0.0121135 0.970318
    outer loop
      vertex -66.7739 8.36333 28.6861
      vertex -66.7682 26.4088 28.9128
      vertex -68.0264 26.3195 28.5985
    endloop
  endfacet
  facet normal 0.967901 0.0687175 0.241756
    outer loop
      vertex -63.7037 26.5625 16.6
      vertex -65.1358 25.5897 22.6101
      vertex -63.9283 25.6503 17.7585
    endloop
  endfacet
  facet normal 0.967901 0.0687195 0.241756
    outer loop
      vertex -66.4571 25.4233 27.9474
      vertex -65.1358 25.5897 22.6101
      vertex -66.7682 26.4088 28.9128
    endloop
  endfacet
  facet normal 0.967867 0.069167 0.241761
    outer loop
      vertex -65.1358 25.5897 22.6101
      vertex -66.4571 25.4233 27.9474
      vertex -65.1288 25.49 22.6106
    endloop
  endfacet
  facet normal 0.967897 0.0686967 0.241778
    outer loop
      vertex -66.7682 26.4088 28.9128
      vertex -65.3437 9.46231 28.0252
      vertex -66.4571 25.4233 27.9474
    endloop
  endfacet
  facet normal 0.967902 0.0687107 0.241753
    outer loop
      vertex -65.5156 8.45264 29.0004
      vertex -64.0085 9.42918 22.6889
      vertex -65.3437 9.46231 28.0252
    endloop
  endfacet
  facet normal 0.9679 0.0687326 0.241756
    outer loop
      vertex -64.0085 9.42918 22.6889
      vertex -65.5156 8.45264 29.0004
      vertex -62.4293 8.60744 16.6
    endloop
  endfacet
  facet normal 0.967906 0.0686993 0.241742
    outer loop
      vertex -65.5156 8.45264 29.0004
      vertex -65.3437 9.46231 28.0252
      vertex -66.7682 26.4088 28.9128
    endloop
  endfacet
  facet normal 0.967901 0.0687163 0.241756
    outer loop
      vertex -65.1358 25.5897 22.6101
      vertex -63.7037 26.5625 16.6
      vertex -66.7682 26.4088 28.9128
    endloop
  endfacet
  facet normal 0.967905 0.0686994 0.241743
    outer loop
      vertex -63.9283 25.6503 17.7585
      vertex -63.6329 25.565 16.6
      vertex -63.7037 26.5625 16.6
    endloop
  endfacet
  facet normal 0.967898 0.0688575 0.241729
    outer loop
      vertex -63.6329 25.565 16.6
      vertex -63.9283 25.6503 17.7585
      vertex -63.9213 25.5505 17.7589
    endloop
  endfacet
  facet normal 0.967938 0.0681601 0.241765
    outer loop
      vertex -64.0154 9.52894 22.6884
      vertex -65.3437 9.46231 28.0252
      vertex -64.0085 9.42918 22.6889
    endloop
  endfacet
  facet normal 0.967943 0.0681672 0.241741
    outer loop
      vertex -62.801 9.48975 17.8373
      vertex -62.5001 9.60494 16.6
      vertex -62.8079 9.5895 17.8368
    endloop
  endfacet
  facet normal 0.967896 0.0686988 0.241779
    outer loop
      vertex -62.801 9.48975 17.8373
      vertex -62.4293 8.60744 16.6
      vertex -62.5001 9.60494 16.6
    endloop
  endfacet
  facet normal 0.9679 0.0687332 0.241756
    outer loop
      vertex -62.4293 8.60744 16.6
      vertex -62.801 9.48975 17.8373
      vertex -64.0085 9.42918 22.6889
    endloop
  endfacet
  facet normal -0.967907 -0.0686915 -0.24174
    outer loop
      vertex -64.1483 25.5391 18.6708
      vertex -65.0592 24.4924 22.6154
      vertex -65.1288 25.49 22.6106
    endloop
  endfacet
  facet normal -0.9679 -0.0686971 -0.241763
    outer loop
      vertex -65.0592 24.4924 22.6154
      vertex -64.085 10.5265 22.6836
      vertex -66.146 24.4379 26.9819
    endloop
  endfacet
  facet normal -0.967906 -0.0686972 -0.241741
    outer loop
      vertex -63.0349 9.57812 18.7486
      vertex -65.0592 24.4924 22.6154
      vertex -64.1483 25.5391 18.6708
    endloop
  endfacet
  facet normal -0.967906 -0.0686974 -0.24174
    outer loop
      vertex -65.0592 24.4924 22.6154
      vertex -63.0349 9.57812 18.7486
      vertex -64.085 10.5265 22.6836
    endloop
  endfacet
  facet normal -0.967906 -0.0686942 -0.241741
    outer loop
      vertex -64.085 10.5265 22.6836
      vertex -63.0349 9.57812 18.7486
      vertex -64.0154 9.52894 22.6884
    endloop
  endfacet
  facet normal -0.967899 -0.0686953 -0.241768
    outer loop
      vertex -66.146 24.4379 26.9819
      vertex -64.085 10.5265 22.6836
      vertex -65.1718 10.472 27.05
    endloop
  endfacet
  facet normal -0.967872 -0.0691257 -0.241755
    outer loop
      vertex -63.8366 9.51171 16.6
      vertex -64.0592 9.40044 17.523
      vertex -64.0662 9.5002 17.5225
    endloop
  endfacet
  facet normal -0.967905 -0.0686533 -0.241756
    outer loop
      vertex -64.0592 9.40044 17.523
      vertex -63.7658 8.51421 16.6
      vertex -65.2667 9.33988 22.3746
    endloop
  endfacet
  facet normal -0.967913 -0.0687 -0.241714
    outer loop
      vertex -63.7658 8.51421 16.6
      vertex -64.0592 9.40044 17.523
      vertex -63.8366 9.51171 16.6
    endloop
  endfacet
  facet normal -0.967902 -0.0687334 -0.241747
    outer loop
      vertex -65.3433 10.4372 22.3693
      vertex -65.2667 9.33988 22.3746
      vertex -66.43 10.3827 26.7357
    endloop
  endfacet
  facet normal -0.967895 -0.0687958 -0.241756
    outer loop
      vertex -66.394 25.5004 22.2958
      vertex -65.0402 26.4693 16.6
      vertex -65.1865 25.561 17.4442
    endloop
  endfacet
  facet normal -0.967926 -0.0687009 -0.241659
    outer loop
      vertex -64.9694 25.4718 16.6
      vertex -65.1865 25.561 17.4442
      vertex -65.0402 26.4693 16.6
    endloop
  endfacet
  facet normal -0.96795 -0.0681334 -0.241725
    outer loop
      vertex -65.1865 25.561 17.4442
      vertex -64.9694 25.4718 16.6
      vertex -65.1796 25.4612 17.4447
    endloop
  endfacet
  facet normal -0.967899 -0.0687576 -0.24175
    outer loop
      vertex -65.0402 26.4693 16.6
      vertex -66.394 25.5004 22.2958
      vertex -68.0264 26.3195 28.5985
    endloop
  endfacet
  facet normal -0.967904 -0.0686467 -0.241763
    outer loop
      vertex -67.4043 24.3486 26.6676
      vertex -66.394 25.5004 22.2958
      vertex -66.3175 24.4031 22.3011
    endloop
  endfacet
  facet normal -0.967903 -0.0686533 -0.241765
    outer loop
      vertex -66.394 25.5004 22.2958
      vertex -67.4043 24.3486 26.6676
      vertex -68.0264 26.3195 28.5985
    endloop
  endfacet
  facet normal -0.967912 -0.0687029 -0.241717
    outer loop
      vertex -66.43 10.3827 26.7357
      vertex -68.0264 26.3195 28.5985
      vertex -67.4043 24.3486 26.6676
    endloop
  endfacet
  facet normal -0.967895 -0.0686933 -0.241785
    outer loop
      vertex -66.43 10.3827 26.7357
      vertex -66.7739 8.36333 28.6861
      vertex -68.0264 26.3195 28.5985
    endloop
  endfacet
  facet normal -0.967903 -0.0686707 -0.241762
    outer loop
      vertex -65.2667 9.33988 22.3746
      vertex -66.7739 8.36333 28.6861
      vertex -66.43 10.3827 26.7357
    endloop
  endfacet
  facet normal -0.967906 -0.0686388 -0.241758
    outer loop
      vertex -66.7739 8.36333 28.6861
      vertex -65.2667 9.33988 22.3746
      vertex -63.7658 8.51421 16.6
    endloop
  endfacet
  facet normal 0.241527 0.0121164 -0.970318
    outer loop
      vertex -66.43 10.3827 26.7357
      vertex -66.146 24.4379 26.9819
      vertex -65.1718 10.472 27.05
    endloop
  endfacet
  facet normal 0.241509 0.0121169 -0.970323
    outer loop
      vertex -66.146 24.4379 26.9819
      vertex -66.43 10.3827 26.7357
      vertex -67.4043 24.3486 26.6676
    endloop
  endfacet
  facet normal 0.0695802 -0.997564 0.00486717
    outer loop
      vertex -67.4043 24.3486 26.6676
      vertex -65.0592 24.4924 22.6154
      vertex -66.146 24.4379 26.9819
    endloop
  endfacet
  facet normal 0.0695802 -0.997564 0.00486717
    outer loop
      vertex -65.0592 24.4924 22.6154
      vertex -67.4043 24.3486 26.6676
      vertex -66.3175 24.4031 22.3011
    endloop
  endfacet
  facet normal -0.0695853 0.997564 -0.00486857
    outer loop
      vertex -64.085 10.5265 22.6836
      vertex -66.43 10.3827 26.7357
      vertex -65.1718 10.472 27.05
    endloop
  endfacet
  facet normal -0.0695805 0.997564 -0.00486577
    outer loop
      vertex -66.43 10.3827 26.7357
      vertex -64.085 10.5265 22.6836
      vertex -65.3433 10.4372 22.3693
    endloop
  endfacet
  facet normal -0.241496 -0.0121164 0.970326
    outer loop
      vertex -62.5855 25.6981 28.9144
      vertex -65.3437 9.46231 28.0252
      vertex -61.4721 9.7371 28.9922
    endloop
  endfacet
  facet normal -0.241496 -0.0121164 0.970326
    outer loop
      vertex -65.3437 9.46231 28.0252
      vertex -62.5855 25.6981 28.9144
      vertex -66.4571 25.4233 27.9474
    endloop
  endfacet
  facet normal 0.967901 0.0686981 0.24176
    outer loop
      vertex -62.5855 25.6981 28.9144
      vertex -58.9929 9.86145 19.0313
      vertex -60.1063 25.8225 18.9534
    endloop
  endfacet
  facet normal 0.967901 0.0686968 0.241762
    outer loop
      vertex -58.9929 9.86145 19.0313
      vertex -62.5855 25.6981 28.9144
      vertex -61.4721 9.7371 28.9922
    endloop
  endfacet
  facet normal 0.970296 -0 0.24192
    outer loop
      vertex -40.9708 -8 18.3126
      vertex -40.6563 -7 17.0512
      vertex -40.9708 -7 18.3126
    endloop
  endfacet
  facet normal 0.970296 0 0.24192
    outer loop
      vertex -40.6563 -8.1 17.0512
      vertex -40.9708 -8 18.3126
      vertex -40.9708 -8.1 18.3126
    endloop
  endfacet
  facet normal 0.970296 0 0.24192
    outer loop
      vertex -40.9708 -8 18.3126
      vertex -40.6563 -8.1 17.0512
      vertex -40.6563 -7 17.0512
    endloop
  endfacet
  facet normal -0.970296 0 -0.24192
    outer loop
      vertex -35.8049 -7 18.2608
      vertex -36.1194 -8 19.5222
      vertex -36.1194 -7 19.5222
    endloop
  endfacet
  facet normal -0.970296 0 -0.24192
    outer loop
      vertex -35.8049 -8.1 18.2608
      vertex -36.1194 -8 19.5222
      vertex -35.8049 -7 18.2608
    endloop
  endfacet
  facet normal -0.970296 -0 -0.24192
    outer loop
      vertex -36.1194 -8 19.5222
      vertex -35.8049 -8.1 18.2608
      vertex -36.1194 -8.1 19.5222
    endloop
  endfacet
  facet normal 0 1 0
    outer loop
      vertex -35.8049 -8.1 18.2608
      vertex -40.9708 -8.1 18.3126
      vertex -36.1194 -8.1 19.5222
    endloop
  endfacet
  facet normal 0 1 0
    outer loop
      vertex -40.9708 -8.1 18.3126
      vertex -35.8049 -8.1 18.2608
      vertex -40.6563 -8.1 17.0512
    endloop
  endfacet
  facet normal 0.970296 -0 0.24192
    outer loop
      vertex -40.9708 8 18.3126
      vertex -40.6563 8.1 17.0512
      vertex -40.9708 8.1 18.3126
    endloop
  endfacet
  facet normal 0.970296 0 0.24192
    outer loop
      vertex -40.6563 7 17.0512
      vertex -40.9708 8 18.3126
      vertex -40.9708 7 18.3126
    endloop
  endfacet
  facet normal 0.970296 0 0.24192
    outer loop
      vertex -40.9708 8 18.3126
      vertex -40.6563 7 17.0512
      vertex -40.6563 8.1 17.0512
    endloop
  endfacet
  facet normal -0.970296 0 -0.24192
    outer loop
      vertex -35.8049 8.1 18.2608
      vertex -36.1194 8 19.5222
      vertex -36.1194 8.1 19.5222
    endloop
  endfacet
  facet normal -0.970296 0 -0.24192
    outer loop
      vertex -35.8049 7 18.2608
      vertex -36.1194 8 19.5222
      vertex -35.8049 8.1 18.2608
    endloop
  endfacet
  facet normal -0.970296 -0 -0.24192
    outer loop
      vertex -36.1194 8 19.5222
      vertex -35.8049 7 18.2608
      vertex -36.1194 7 19.5222
    endloop
  endfacet
  facet normal 0 -1 0
    outer loop
      vertex -40.9708 8.1 18.3126
      vertex -35.8049 8.1 18.2608
      vertex -36.1194 8.1 19.5222
    endloop
  endfacet
  facet normal -0 -1 0
    outer loop
      vertex -35.8049 8.1 18.2608
      vertex -40.9708 8.1 18.3126
      vertex -40.6563 8.1 17.0512
    endloop
  endfacet
  facet normal -0.241924 0 0.970295
    outer loop
      vertex -40.9708 -8 18.3126
      vertex -46.3075 -8 16.982
      vertex -40.9708 -8.1 18.3126
    endloop
  endfacet
  facet normal -0.2419 0 0.970301
    outer loop
      vertex -29.8124 9 21.0947
      vertex -30.7827 8 20.8528
      vertex -29.8124 -9 21.0947
    endloop
  endfacet
  facet normal -0.241923 2.383e-05 0.970295
    outer loop
      vertex -29.8124 9 21.0947
      vertex -36.1194 8.1 19.5222
      vertex -30.7827 8 20.8528
    endloop
  endfacet
  facet normal -0.241923 2.29492e-05 0.970295
    outer loop
      vertex -46.7033 9 16.8833
      vertex -36.1194 8.1 19.5222
      vertex -29.8124 9 21.0947
    endloop
  endfacet
  facet normal -0.241924 0 0.970295
    outer loop
      vertex -40.9708 8.1 18.3126
      vertex -46.3075 8 16.982
      vertex -40.9708 8 18.3126
    endloop
  endfacet
  facet normal -0.241924 1.64491e-05 0.970295
    outer loop
      vertex -36.1194 8.1 19.5222
      vertex -46.7033 9 16.8833
      vertex -40.9708 8.1 18.3126
    endloop
  endfacet
  facet normal -0.241959 0 0.970287
    outer loop
      vertex -46.3075 8 16.982
      vertex -46.7033 9 16.8833
      vertex -46.3075 -8 16.982
    endloop
  endfacet
  facet normal -0.241924 1.45844e-05 0.970295
    outer loop
      vertex -40.9708 8.1 18.3126
      vertex -46.7033 9 16.8833
      vertex -46.3075 8 16.982
    endloop
  endfacet
  facet normal -0.2419 0 0.970301
    outer loop
      vertex -30.7827 -8 20.8528
      vertex -29.8124 -9 21.0947
      vertex -30.7827 8 20.8528
    endloop
  endfacet
  facet normal -0.241924 0 0.970295
    outer loop
      vertex -36.1194 -8.1 19.5222
      vertex -30.7827 -8 20.8528
      vertex -36.1194 -8 19.5222
    endloop
  endfacet
  facet normal -0.241923 -2.383e-05 0.970295
    outer loop
      vertex -30.7827 -8 20.8528
      vertex -36.1194 -8.1 19.5222
      vertex -29.8124 -9 21.0947
    endloop
  endfacet
  facet normal -0.241924 -1.64491e-05 0.970295
    outer loop
      vertex -46.7033 -9 16.8833
      vertex -36.1194 -8.1 19.5222
      vertex -40.9708 -8.1 18.3126
    endloop
  endfacet
  facet normal -0.241924 -1.45844e-05 0.970295
    outer loop
      vertex -46.7033 -9 16.8833
      vertex -40.9708 -8.1 18.3126
      vertex -46.3075 -8 16.982
    endloop
  endfacet
  facet normal -0.241923 -2.29492e-05 0.970295
    outer loop
      vertex -36.1194 -8.1 19.5222
      vertex -46.7033 -9 16.8833
      vertex -29.8124 -9 21.0947
    endloop
  endfacet
  facet normal -0.241959 0 0.970287
    outer loop
      vertex -46.7033 -9 16.8833
      vertex -46.3075 -8 16.982
      vertex -46.7033 9 16.8833
    endloop
  endfacet
  facet normal -0.241924 0 0.970295
    outer loop
      vertex -30.7827 8 20.8528
      vertex -36.1194 8.1 19.5222
      vertex -36.1194 8 19.5222
    endloop
  endfacet
  facet normal 0.241929 0 -0.970294
    outer loop
      vertex -45.3372 -7 17.2239
      vertex -40.9708 7 18.3126
      vertex -40.9708 -7 18.3126
    endloop
  endfacet
  facet normal 0.241929 0 -0.970294
    outer loop
      vertex -40.9708 7 18.3126
      vertex -45.3372 -7 17.2239
      vertex -45.3372 7 17.2239
    endloop
  endfacet
  facet normal 0.241924 0 -0.970295
    outer loop
      vertex -40.9708 -7 18.3126
      vertex -36.1194 -7 19.5222
      vertex -36.1194 -8 19.5222
    endloop
  endfacet
  facet normal 0.241924 0 -0.970295
    outer loop
      vertex -36.1194 -7 19.5222
      vertex -40.9708 -7 18.3126
      vertex -36.1194 7 19.5222
    endloop
  endfacet
  facet normal 0.241924 0 -0.970295
    outer loop
      vertex -40.9708 -7 18.3126
      vertex -36.1194 -8 19.5222
      vertex -40.9708 -8 18.3126
    endloop
  endfacet
  facet normal 0.241924 0 -0.970295
    outer loop
      vertex -40.9708 7 18.3126
      vertex -36.1194 7 19.5222
      vertex -40.9708 -7 18.3126
    endloop
  endfacet
  facet normal 0.241924 0 -0.970295
    outer loop
      vertex -36.1194 7 19.5222
      vertex -40.9708 7 18.3126
      vertex -36.1194 8 19.5222
    endloop
  endfacet
  facet normal 0.241924 0 -0.970295
    outer loop
      vertex -36.1194 8 19.5222
      vertex -40.9708 7 18.3126
      vertex -40.9708 8 18.3126
    endloop
  endfacet
  facet normal 0.241908 0 -0.970299
    outer loop
      vertex -36.1194 -7 19.5222
      vertex -31.753 7 20.6108
      vertex -31.753 -7 20.6108
    endloop
  endfacet
  facet normal 0.241908 0 -0.970299
    outer loop
      vertex -31.753 7 20.6108
      vertex -36.1194 -7 19.5222
      vertex -36.1194 7 19.5222
    endloop
  endfacet
  facet normal 0.241917 0 -0.970297
    outer loop
      vertex -40.6563 7 17.0512
      vertex -42.466 7 16.6
      vertex -40.6563 8.1 17.0512
    endloop
  endfacet
  facet normal 0.2419 0 -0.970301
    outer loop
      vertex -29.4979 -9 19.8333
      vertex -31.4385 -7 19.3495
      vertex -29.4979 9 19.8333
    endloop
  endfacet
  facet normal 0.241923 2.383e-05 -0.970295
    outer loop
      vertex -29.4979 -9 19.8333
      vertex -35.8049 -8.1 18.2608
      vertex -31.4385 -7 19.3495
    endloop
  endfacet
  facet normal 0.241921 7.13716e-06 -0.970296
    outer loop
      vertex -42.466 -9 16.6
      vertex -35.8049 -8.1 18.2608
      vertex -29.4979 -9 19.8333
    endloop
  endfacet
  facet normal 0.241924 -1.36535e-05 -0.970295
    outer loop
      vertex -35.8049 -8.1 18.2608
      vertex -42.466 -9 16.6
      vertex -40.6563 -8.1 17.0512
    endloop
  endfacet
  facet normal 0.241917 0 -0.970297
    outer loop
      vertex -42.466 -7 16.6
      vertex -40.6563 -8.1 17.0512
      vertex -42.466 -9 16.6
    endloop
  endfacet
  facet normal 0.241917 0 -0.970297
    outer loop
      vertex -40.6563 -8.1 17.0512
      vertex -42.466 -7 16.6
      vertex -40.6563 -7 17.0512
    endloop
  endfacet
  facet normal 0.2419 0 -0.970301
    outer loop
      vertex -31.4385 7 19.3495
      vertex -29.4979 9 19.8333
      vertex -31.4385 -7 19.3495
    endloop
  endfacet
  facet normal 0.241929 0 -0.970294
    outer loop
      vertex -35.8049 8.1 18.2608
      vertex -31.4385 7 19.3495
      vertex -35.8049 7 18.2608
    endloop
  endfacet
  facet normal 0.241923 -2.383e-05 -0.970295
    outer loop
      vertex -31.4385 7 19.3495
      vertex -35.8049 8.1 18.2608
      vertex -29.4979 9 19.8333
    endloop
  endfacet
  facet normal 0.241924 1.36535e-05 -0.970295
    outer loop
      vertex -42.466 9 16.6
      vertex -35.8049 8.1 18.2608
      vertex -40.6563 8.1 17.0512
    endloop
  endfacet
  facet normal 0.241921 -7.13716e-06 -0.970296
    outer loop
      vertex -35.8049 8.1 18.2608
      vertex -42.466 9 16.6
      vertex -29.4979 9 19.8333
    endloop
  endfacet
  facet normal 0.241917 0 -0.970297
    outer loop
      vertex -42.466 9 16.6
      vertex -40.6563 8.1 17.0512
      vertex -42.466 7 16.6
    endloop
  endfacet
  facet normal 0.241929 0 -0.970294
    outer loop
      vertex -31.4385 -7 19.3495
      vertex -35.8049 -8.1 18.2608
      vertex -35.8049 -7 18.2608
    endloop
  endfacet
  facet normal 0.970296 -0 0.24192
    outer loop
      vertex -29.8124 -9 21.0947
      vertex -29.4979 9 19.8333
      vertex -29.8124 9 21.0947
    endloop
  endfacet
  facet normal 0.970296 0 0.24192
    outer loop
      vertex -29.4979 9 19.8333
      vertex -29.8124 -9 21.0947
      vertex -29.4979 -9 19.8333
    endloop
  endfacet
  facet normal 0 1 -0
    outer loop
      vertex -62.2121 9 16.6
      vertex -64.2363 9 30.0923
      vertex -60.8723 9 16.6
    endloop
  endfacet
  facet normal 0 1 0
    outer loop
      vertex -64.2363 9 30.0923
      vertex -62.2121 9 16.6
      vertex -65.4977 9 29.7778
    endloop
  endfacet
  facet normal 0 1 0
    outer loop
      vertex -42.466 9 16.6
      vertex -29.8124 9 21.0947
      vertex -29.4979 9 19.8333
    endloop
  endfacet
  facet normal 0 1 0
    outer loop
      vertex -29.8124 9 21.0947
      vertex -42.466 9 16.6
      vertex -46.7033 9 16.8833
    endloop
  endfacet
  facet normal 0 1 0
    outer loop
      vertex -46.7033 9 16.8833
      vertex -42.466 9 16.6
      vertex -50.7552 9 16.6
    endloop
  endfacet
  facet normal 0 -1 0
    outer loop
      vertex -62.2121 -9 16.6
      vertex -64.2363 -9 30.0923
      vertex -65.4977 -9 29.7778
    endloop
  endfacet
  facet normal 0 -1 0
    outer loop
      vertex -64.2363 -9 30.0923
      vertex -62.2121 -9 16.6
      vertex -60.8723 -9 16.6
    endloop
  endfacet
  facet normal 0 -1 0
    outer loop
      vertex -42.466 -9 16.6
      vertex -29.8124 -9 21.0947
      vertex -46.7033 -9 16.8833
    endloop
  endfacet
  facet normal 0 -1 -0
    outer loop
      vertex -29.8124 -9 21.0947
      vertex -42.466 -9 16.6
      vertex -29.4979 -9 19.8333
    endloop
  endfacet
  facet normal 0 -1 0
    outer loop
      vertex -42.466 -9 16.6
      vertex -46.7033 -9 16.8833
      vertex -50.7552 -9 16.6
    endloop
  endfacet
  facet normal 0.97028 -0 0.241987
    outer loop
      vertex -45.3372 -7 17.2239
      vertex -45.1816 7 16.6
      vertex -45.3372 7 17.2239
    endloop
  endfacet
  facet normal 0.97028 0 0.241987
    outer loop
      vertex -45.1816 7 16.6
      vertex -45.3372 -7 17.2239
      vertex -45.1816 -7 16.6
    endloop
  endfacet
  facet normal -0.970292 0 -0.241938
    outer loop
      vertex -31.4385 -7 19.3495
      vertex -31.753 7 20.6108
      vertex -31.4385 7 19.3495
    endloop
  endfacet
  facet normal -0.970292 -0 -0.241938
    outer loop
      vertex -31.753 7 20.6108
      vertex -31.4385 -7 19.3495
      vertex -31.753 -7 20.6108
    endloop
  endfacet
  facet normal 0 -1 0
    outer loop
      vertex -36.1194 7 19.5222
      vertex -31.4385 7 19.3495
      vertex -31.753 7 20.6108
    endloop
  endfacet
  facet normal -0 -1 0
    outer loop
      vertex -31.4385 7 19.3495
      vertex -36.1194 7 19.5222
      vertex -35.8049 7 18.2608
    endloop
  endfacet
  facet normal 0 -1 0
    outer loop
      vertex -42.466 7 16.6
      vertex -40.9708 7 18.3126
      vertex -45.3372 7 17.2239
    endloop
  endfacet
  facet normal 0 -1 0
    outer loop
      vertex -42.466 7 16.6
      vertex -45.3372 7 17.2239
      vertex -45.1816 7 16.6
    endloop
  endfacet
  facet normal 0 -1 -0
    outer loop
      vertex -40.9708 7 18.3126
      vertex -42.466 7 16.6
      vertex -40.6563 7 17.0512
    endloop
  endfacet
  facet normal 0 1 0
    outer loop
      vertex -31.4385 -7 19.3495
      vertex -36.1194 -7 19.5222
      vertex -31.753 -7 20.6108
    endloop
  endfacet
  facet normal 0 1 0
    outer loop
      vertex -36.1194 -7 19.5222
      vertex -31.4385 -7 19.3495
      vertex -35.8049 -7 18.2608
    endloop
  endfacet
  facet normal 0 1 0
    outer loop
      vertex -42.466 -7 16.6
      vertex -40.9708 -7 18.3126
      vertex -40.6563 -7 17.0512
    endloop
  endfacet
  facet normal 0 1 0
    outer loop
      vertex -40.9708 -7 18.3126
      vertex -42.466 -7 16.6
      vertex -45.3372 -7 17.2239
    endloop
  endfacet
  facet normal 0 1 0
    outer loop
      vertex -45.3372 -7 17.2239
      vertex -42.466 -7 16.6
      vertex -45.1816 -7 16.6
    endloop
  endfacet
  facet normal -0.970295 0 -0.241924
    outer loop
      vertex -46.3075 -8 16.982
      vertex -47.2752 8 20.8632
      vertex -46.3075 8 16.982
    endloop
  endfacet
  facet normal -0.970295 -0 -0.241924
    outer loop
      vertex -47.2752 8 20.8632
      vertex -46.3075 -8 16.982
      vertex -47.2752 -8 20.8632
    endloop
  endfacet
  facet normal -0.241924 0 0.970295
    outer loop
      vertex -47.2752 8 20.8632
      vertex -31.7504 -8 24.734
      vertex -31.7504 8 24.734
    endloop
  endfacet
  facet normal -0.241924 0 0.970295
    outer loop
      vertex -31.7504 -8 24.734
      vertex -47.2752 8 20.8632
      vertex -47.2752 -8 20.8632
    endloop
  endfacet
  facet normal 0.970295 -0 0.241924
    outer loop
      vertex -31.7504 -8 24.734
      vertex -30.7827 8 20.8528
      vertex -31.7504 8 24.734
    endloop
  endfacet
  facet normal 0.970295 0 0.241924
    outer loop
      vertex -30.7827 8 20.8528
      vertex -31.7504 -8 24.734
      vertex -30.7827 -8 20.8528
    endloop
  endfacet
  facet normal 0 1 0
    outer loop
      vertex -36.1194 8 19.5222
      vertex -31.7504 8 24.734
      vertex -30.7827 8 20.8528
    endloop
  endfacet
  facet normal 0 1 0
    outer loop
      vertex -31.7504 8 24.734
      vertex -36.1194 8 19.5222
      vertex -47.2752 8 20.8632
    endloop
  endfacet
  facet normal 0 1 -0
    outer loop
      vertex -40.9708 8 18.3126
      vertex -47.2752 8 20.8632
      vertex -36.1194 8 19.5222
    endloop
  endfacet
  facet normal 0 1 0
    outer loop
      vertex -47.2752 8 20.8632
      vertex -40.9708 8 18.3126
      vertex -46.3075 8 16.982
    endloop
  endfacet
  facet normal 0 -1 0
    outer loop
      vertex -36.1194 -8 19.5222
      vertex -31.7504 -8 24.734
      vertex -47.2752 -8 20.8632
    endloop
  endfacet
  facet normal 0 -1 -0
    outer loop
      vertex -31.7504 -8 24.734
      vertex -36.1194 -8 19.5222
      vertex -30.7827 -8 20.8528
    endloop
  endfacet
  facet normal 0 -1 0
    outer loop
      vertex -47.2752 -8 20.8632
      vertex -40.9708 -8 18.3126
      vertex -36.1194 -8 19.5222
    endloop
  endfacet
  facet normal -0 -1 0
    outer loop
      vertex -40.9708 -8 18.3126
      vertex -47.2752 -8 20.8632
      vertex -46.3075 -8 16.982
    endloop
  endfacet
  facet normal -0.0696266 0 0.997573
    outer loop
      vertex -46.7033 9 16.8833
      vertex -47.1102 8 16.8549
      vertex -46.7033 -9 16.8833
    endloop
  endfacet
  facet normal -0.0697475 4.94388e-05 0.997565
    outer loop
      vertex -50.7552 9 16.6
      vertex -47.1102 8 16.8549
      vertex -46.7033 9 16.8833
    endloop
  endfacet
  facet normal -0.069761 0 0.997564
    outer loop
      vertex -47.1102 8 16.8549
      vertex -50.7552 9 16.6
      vertex -50.7552 8 16.6
    endloop
  endfacet
  facet normal -0.0696266 0 0.997573
    outer loop
      vertex -47.1102 -8 16.8549
      vertex -46.7033 -9 16.8833
      vertex -47.1102 8 16.8549
    endloop
  endfacet
  facet normal -0.069761 0 0.997564
    outer loop
      vertex -50.7552 -9 16.6
      vertex -47.1102 -8 16.8549
      vertex -50.7552 -8 16.6
    endloop
  endfacet
  facet normal -0.0697475 -4.94388e-05 0.997565
    outer loop
      vertex -47.1102 -8 16.8549
      vertex -50.7552 -9 16.6
      vertex -46.7033 -9 16.8833
    endloop
  endfacet
  facet normal 0.0697448 0 -0.997565
    outer loop
      vertex -50.7552 -7 16.6
      vertex -48.1077 7 16.7851
      vertex -48.1077 -7 16.7851
    endloop
  endfacet
  facet normal 0.0697448 0 -0.997565
    outer loop
      vertex -48.1077 7 16.7851
      vertex -50.7552 -7 16.6
      vertex -50.7552 7 16.6
    endloop
  endfacet
  facet normal -0.99758 0 -0.0695234
    outer loop
      vertex -48.0948 -7 16.6
      vertex -48.1077 7 16.7851
      vertex -48.0948 7 16.6
    endloop
  endfacet
  facet normal -0.99758 -0 -0.0695234
    outer loop
      vertex -48.1077 7 16.7851
      vertex -48.0948 -7 16.6
      vertex -48.1077 -7 16.7851
    endloop
  endfacet
  facet normal 0 -1 -0
    outer loop
      vertex -48.1077 7 16.7851
      vertex -50.7552 7 16.6
      vertex -48.0948 7 16.6
    endloop
  endfacet
  facet normal 0 1 0
    outer loop
      vertex -48.0948 -7 16.6
      vertex -50.7552 -7 16.6
      vertex -48.1077 -7 16.7851
    endloop
  endfacet
  facet normal -0.997564 0 -0.0697562
    outer loop
      vertex -63.1314 -8 16.6
      vertex -63.3502 8 19.729
      vertex -63.1314 8 16.6
    endloop
  endfacet
  facet normal -0.997564 -0 -0.0697562
    outer loop
      vertex -63.3502 8 19.729
      vertex -63.1314 -8 16.6
      vertex -63.3502 -8 19.729
    endloop
  endfacet
  facet normal -0.0697475 0 0.997565
    outer loop
      vertex -57.6298 8 20.1291
      vertex -47.3892 -8 20.8451
      vertex -47.3892 8 20.8451
    endloop
  endfacet
  facet normal -0.0697475 0 0.997565
    outer loop
      vertex -47.3892 -8 20.8451
      vertex -57.6298 8 20.1291
      vertex -57.6298 -8 20.1291
    endloop
  endfacet
  facet normal -0.0697684 0 0.997563
    outer loop
      vertex -63.3502 8 19.729
      vertex -61.6816 -8 19.8457
      vertex -61.6816 8 19.8457
    endloop
  endfacet
  facet normal -0.0697684 0 0.997563
    outer loop
      vertex -61.6816 -8 19.8457
      vertex -63.3502 8 19.729
      vertex -63.3502 -8 19.729
    endloop
  endfacet
  facet normal 0.997564 -0 0.069751
    outer loop
      vertex -47.3892 -8 20.8451
      vertex -47.1102 8 16.8549
      vertex -47.3892 8 20.8451
    endloop
  endfacet
  facet normal 0.997564 0 0.069751
    outer loop
      vertex -47.1102 8 16.8549
      vertex -47.3892 -8 20.8451
      vertex -47.1102 -8 16.8549
    endloop
  endfacet
  facet normal 0 1 -0
    outer loop
      vertex -50.7552 8 16.6
      vertex -57.6298 8 20.1291
      vertex -47.3892 8 20.8451
    endloop
  endfacet
  facet normal 0 1 0
    outer loop
      vertex -60.8723 8 16.6
      vertex -57.6298 8 20.1291
      vertex -50.7552 8 16.6
    endloop
  endfacet
  facet normal 0 1 0
    outer loop
      vertex -62.7156 8 18.6194
      vertex -61.6816 8 19.8457
      vertex -61.4542 8 18.9339
    endloop
  endfacet
  facet normal 0 1 0
    outer loop
      vertex -50.7552 8 16.6
      vertex -47.3892 8 20.8451
      vertex -47.1102 8 16.8549
    endloop
  endfacet
  facet normal 0 1 0
    outer loop
      vertex -57.6298 8 20.1291
      vertex -61.4542 8 18.9339
      vertex -61.6816 8 19.8457
    endloop
  endfacet
  facet normal 0 1 0
    outer loop
      vertex -57.6298 8 20.1291
      vertex -60.8723 8 16.6
      vertex -61.4542 8 18.9339
    endloop
  endfacet
  facet normal 0 1 0
    outer loop
      vertex -60.1132 8 30.0897
      vertex -62.6638 8 23.7854
      vertex -63.9944 8 29.122
    endloop
  endfacet
  facet normal 0 1 0
    outer loop
      vertex -57.6298 8 20.1291
      vertex -62.6638 8 23.7854
      vertex -60.1132 8 30.0897
    endloop
  endfacet
  facet normal 0 1 0
    outer loop
      vertex -62.6638 8 23.7854
      vertex -57.6298 8 20.1291
      vertex -61.6816 8 19.8457
    endloop
  endfacet
  facet normal 0 1 0
    outer loop
      vertex -61.6816 8 19.8457
      vertex -62.7156 8 18.6194
      vertex -63.3502 8 19.729
    endloop
  endfacet
  facet normal 0 1 0
    outer loop
      vertex -63.1314 8 16.6
      vertex -62.7156 8 18.6194
      vertex -62.2121 8 16.6
    endloop
  endfacet
  facet normal 0 1 0
    outer loop
      vertex -62.7156 8 18.6194
      vertex -63.1314 8 16.6
      vertex -63.3502 8 19.729
    endloop
  endfacet
  facet normal 0 -1 0
    outer loop
      vertex -62.6638 -8 23.7854
      vertex -60.1132 -8 30.0897
      vertex -63.9944 -8 29.122
    endloop
  endfacet
  facet normal 0 -1 0
    outer loop
      vertex -62.6638 -8 23.7854
      vertex -57.6298 -8 20.1291
      vertex -60.1132 -8 30.0897
    endloop
  endfacet
  facet normal -0 -1 0
    outer loop
      vertex -57.6298 -8 20.1291
      vertex -62.6638 -8 23.7854
      vertex -61.6816 -8 19.8457
    endloop
  endfacet
  facet normal 0 -1 0
    outer loop
      vertex -61.4542 -8 18.9339
      vertex -57.6298 -8 20.1291
      vertex -61.6816 -8 19.8457
    endloop
  endfacet
  facet normal 0 -1 0
    outer loop
      vertex -62.7156 -8 18.6194
      vertex -61.6816 -8 19.8457
      vertex -63.3502 -8 19.729
    endloop
  endfacet
  facet normal 0 -1 0
    outer loop
      vertex -60.8723 -8 16.6
      vertex -57.6298 -8 20.1291
      vertex -61.4542 -8 18.9339
    endloop
  endfacet
  facet normal 0 -1 0
    outer loop
      vertex -57.6298 -8 20.1291
      vertex -50.7552 -8 16.6
      vertex -47.3892 -8 20.8451
    endloop
  endfacet
  facet normal 0 -1 -0
    outer loop
      vertex -57.6298 -8 20.1291
      vertex -60.8723 -8 16.6
      vertex -50.7552 -8 16.6
    endloop
  endfacet
  facet normal 0 -1 -0
    outer loop
      vertex -47.3892 -8 20.8451
      vertex -50.7552 -8 16.6
      vertex -47.1102 -8 16.8549
    endloop
  endfacet
  facet normal 0 -1 -0
    outer loop
      vertex -61.6816 -8 19.8457
      vertex -62.7156 -8 18.6194
      vertex -61.4542 -8 18.9339
    endloop
  endfacet
  facet normal 0 -1 0
    outer loop
      vertex -63.1314 -8 16.6
      vertex -62.7156 -8 18.6194
      vertex -63.3502 -8 19.729
    endloop
  endfacet
  facet normal 0 -1 -0
    outer loop
      vertex -62.7156 -8 18.6194
      vertex -63.1314 -8 16.6
      vertex -62.2121 -8 16.6
    endloop
  endfacet
  facet normal 0.24192 0 -0.970296
    outer loop
      vertex -63.9252 -8.1 23.4709
      vertex -62.6638 -8 23.7854
      vertex -62.6638 -8.1 23.7854
    endloop
  endfacet
  facet normal 0.24192 0 -0.970296
    outer loop
      vertex -63.9252 -7 23.4709
      vertex -62.6638 -8 23.7854
      vertex -63.9252 -8.1 23.4709
    endloop
  endfacet
  facet normal 0.24192 0 -0.970296
    outer loop
      vertex -62.6638 -8 23.7854
      vertex -63.9252 -7 23.4709
      vertex -62.6638 -7 23.7854
    endloop
  endfacet
  facet normal -0.24192 0 0.970296
    outer loop
      vertex -62.7156 -8 18.6194
      vertex -61.4542 -8.1 18.9339
      vertex -61.4542 -8 18.9339
    endloop
  endfacet
  facet normal -0.24192 0 0.970296
    outer loop
      vertex -61.4542 -8.1 18.9339
      vertex -62.7156 -8 18.6194
      vertex -62.7156 -8.1 18.6194
    endloop
  endfacet
  facet normal 0 1 0
    outer loop
      vertex -61.4542 -8.1 18.9339
      vertex -63.9252 -8.1 23.4709
      vertex -62.6638 -8.1 23.7854
    endloop
  endfacet
  facet normal 0 1 0
    outer loop
      vertex -63.9252 -8.1 23.4709
      vertex -61.4542 -8.1 18.9339
      vertex -62.7156 -8.1 18.6194
    endloop
  endfacet
  facet normal 0.24192 0 -0.970296
    outer loop
      vertex -63.9252 7 23.4709
      vertex -62.6638 8 23.7854
      vertex -62.6638 7 23.7854
    endloop
  endfacet
  facet normal 0.24192 0 -0.970296
    outer loop
      vertex -63.9252 8.1 23.4709
      vertex -62.6638 8 23.7854
      vertex -63.9252 7 23.4709
    endloop
  endfacet
  facet normal 0.24192 0 -0.970296
    outer loop
      vertex -62.6638 8 23.7854
      vertex -63.9252 8.1 23.4709
      vertex -62.6638 8.1 23.7854
    endloop
  endfacet
  facet normal -0.24192 0 0.970296
    outer loop
      vertex -62.7156 8.1 18.6194
      vertex -61.4542 8 18.9339
      vertex -61.4542 8.1 18.9339
    endloop
  endfacet
  facet normal -0.24192 0 0.970296
    outer loop
      vertex -61.4542 8 18.9339
      vertex -62.7156 8.1 18.6194
      vertex -62.7156 8 18.6194
    endloop
  endfacet
  facet normal 0 -1 0
    outer loop
      vertex -63.9252 8.1 23.4709
      vertex -61.4542 8.1 18.9339
      vertex -62.6638 8.1 23.7854
    endloop
  endfacet
  facet normal -0 -1 0
    outer loop
      vertex -61.4542 8.1 18.9339
      vertex -63.9252 8.1 23.4709
      vertex -62.7156 8.1 18.6194
    endloop
  endfacet
  facet normal -0.24192 0 0.970296
    outer loop
      vertex -65.4977 9 29.7778
      vertex -64.2363 -9 30.0923
      vertex -64.2363 9 30.0923
    endloop
  endfacet
  facet normal -0.24192 0 0.970296
    outer loop
      vertex -64.2363 -9 30.0923
      vertex -65.4977 9 29.7778
      vertex -65.4977 -9 29.7778
    endloop
  endfacet
  facet normal 0.970296 1.83902e-05 0.241921
    outer loop
      vertex -64.2363 9 30.0923
      vertex -62.6638 8.1 23.7854
      vertex -60.8723 9 16.6
    endloop
  endfacet
  facet normal 0.970294 -2.81501e-05 0.241928
    outer loop
      vertex -64.2363 9 30.0923
      vertex -63.9944 8 29.122
      vertex -62.6638 8.1 23.7854
    endloop
  endfacet
  facet normal 0.970301 0 0.2419
    outer loop
      vertex -64.2363 9 30.0923
      vertex -63.9944 -8 29.122
      vertex -63.9944 8 29.122
    endloop
  endfacet
  facet normal 0.970294 0 0.241928
    outer loop
      vertex -63.9944 -8 29.122
      vertex -62.6638 -8.1 23.7854
      vertex -62.6638 -8 23.7854
    endloop
  endfacet
  facet normal 0.970296 -1.83902e-05 0.241921
    outer loop
      vertex -60.8723 -9 16.6
      vertex -62.6638 -8.1 23.7854
      vertex -64.2363 -9 30.0923
    endloop
  endfacet
  facet normal 0.970294 2.81501e-05 0.241928
    outer loop
      vertex -63.9944 -8 29.122
      vertex -64.2363 -9 30.0923
      vertex -62.6638 -8.1 23.7854
    endloop
  endfacet
  facet normal 0.970301 -0 0.2419
    outer loop
      vertex -64.2363 -9 30.0923
      vertex -63.9944 -8 29.122
      vertex -64.2363 9 30.0923
    endloop
  endfacet
  facet normal 0.970296 -5.35554e-07 0.241919
    outer loop
      vertex -61.4542 8.1 18.9339
      vertex -60.8723 9 16.6
      vertex -62.6638 8.1 23.7854
    endloop
  endfacet
  facet normal 0.970296 0 0.241919
    outer loop
      vertex -60.8723 8 16.6
      vertex -61.4542 8.1 18.9339
      vertex -61.4542 8 18.9339
    endloop
  endfacet
  facet normal 0.970296 0 0.241919
    outer loop
      vertex -61.4542 8.1 18.9339
      vertex -60.8723 8 16.6
      vertex -60.8723 9 16.6
    endloop
  endfacet
  facet normal 0.970294 0 0.241928
    outer loop
      vertex -62.6638 8.1 23.7854
      vertex -63.9944 8 29.122
      vertex -62.6638 8 23.7854
    endloop
  endfacet
  facet normal 0.970296 -0 0.241919
    outer loop
      vertex -61.4542 -8.1 18.9339
      vertex -60.8723 -8 16.6
      vertex -61.4542 -8 18.9339
    endloop
  endfacet
  facet normal 0.970296 5.35554e-07 0.241919
    outer loop
      vertex -62.6638 -8.1 23.7854
      vertex -60.8723 -9 16.6
      vertex -61.4542 -8.1 18.9339
    endloop
  endfacet
  facet normal 0.970296 0 0.241919
    outer loop
      vertex -61.4542 -8.1 18.9339
      vertex -60.8723 -9 16.6
      vertex -60.8723 -8 16.6
    endloop
  endfacet
  facet normal -0.9703 0 -0.241904
    outer loop
      vertex -61.6816 8 19.8457
      vertex -62.6638 7 23.7854
      vertex -62.6638 8 23.7854
    endloop
  endfacet
  facet normal -0.970293 -0 -0.241934
    outer loop
      vertex -62.6638 7 23.7854
      vertex -62.6638 -7 23.7854
      vertex -63.7525 7 28.1517
    endloop
  endfacet
  facet normal -0.9703 0 -0.241904
    outer loop
      vertex -61.6816 8 19.8457
      vertex -62.6638 -7 23.7854
      vertex -62.6638 7 23.7854
    endloop
  endfacet
  facet normal -0.9703 0 -0.241904
    outer loop
      vertex -61.6816 -8 19.8457
      vertex -62.6638 -7 23.7854
      vertex -61.6816 8 19.8457
    endloop
  endfacet
  facet normal -0.9703 -0 -0.241904
    outer loop
      vertex -62.6638 -7 23.7854
      vertex -61.6816 -8 19.8457
      vertex -62.6638 -8 23.7854
    endloop
  endfacet
  facet normal -0.970293 -0 -0.241934
    outer loop
      vertex -63.7525 7 28.1517
      vertex -62.6638 -7 23.7854
      vertex -63.7525 -7 28.1517
    endloop
  endfacet
  facet normal -0.970295 0 -0.241925
    outer loop
      vertex -62.2121 -8 16.6
      vertex -62.7156 -8.1 18.6194
      vertex -62.7156 -8 18.6194
    endloop
  endfacet
  facet normal -0.970296 -1.42244e-05 -0.241919
    outer loop
      vertex -62.7156 -8.1 18.6194
      vertex -62.2121 -9 16.6
      vertex -63.9252 -8.1 23.4709
    endloop
  endfacet
  facet normal -0.970295 0 -0.241925
    outer loop
      vertex -62.2121 -9 16.6
      vertex -62.7156 -8.1 18.6194
      vertex -62.2121 -8 16.6
    endloop
  endfacet
  facet normal -0.970293 -0 -0.241934
    outer loop
      vertex -63.9252 -7 23.4709
      vertex -63.9252 -8.1 23.4709
      vertex -65.0139 -7 27.8372
    endloop
  endfacet
  facet normal -0.970296 1.42244e-05 -0.241919
    outer loop
      vertex -63.9252 8.1 23.4709
      vertex -62.2121 9 16.6
      vertex -62.7156 8.1 18.6194
    endloop
  endfacet
  facet normal -0.970295 0 -0.241925
    outer loop
      vertex -62.2121 8 16.6
      vertex -62.7156 8.1 18.6194
      vertex -62.2121 9 16.6
    endloop
  endfacet
  facet normal -0.970295 -0 -0.241925
    outer loop
      vertex -62.7156 8.1 18.6194
      vertex -62.2121 8 16.6
      vertex -62.7156 8 18.6194
    endloop
  endfacet
  facet normal -0.970296 -1.14423e-05 -0.241922
    outer loop
      vertex -62.2121 9 16.6
      vertex -63.9252 8.1 23.4709
      vertex -65.4977 9 29.7778
    endloop
  endfacet
  facet normal -0.970293 0 -0.241934
    outer loop
      vertex -65.0139 7 27.8372
      vertex -63.9252 8.1 23.4709
      vertex -63.9252 7 23.4709
    endloop
  endfacet
  facet normal -0.970294 2.81501e-05 -0.241928
    outer loop
      vertex -63.9252 8.1 23.4709
      vertex -65.0139 7 27.8372
      vertex -65.4977 9 29.7778
    endloop
  endfacet
  facet normal -0.970301 0 -0.2419
    outer loop
      vertex -65.0139 -7 27.8372
      vertex -65.4977 9 29.7778
      vertex -65.0139 7 27.8372
    endloop
  endfacet
  facet normal -0.970301 0 -0.2419
    outer loop
      vertex -65.0139 -7 27.8372
      vertex -65.4977 -9 29.7778
      vertex -65.4977 9 29.7778
    endloop
  endfacet
  facet normal -0.970294 -2.81501e-05 -0.241928
    outer loop
      vertex -63.9252 -8.1 23.4709
      vertex -65.4977 -9 29.7778
      vertex -65.0139 -7 27.8372
    endloop
  endfacet
  facet normal -0.970296 1.14423e-05 -0.241922
    outer loop
      vertex -65.4977 -9 29.7778
      vertex -63.9252 -8.1 23.4709
      vertex -62.2121 -9 16.6
    endloop
  endfacet
  facet normal 0.24192 0 -0.970296
    outer loop
      vertex -65.0139 -7 27.8372
      vertex -63.7525 7 28.1517
      vertex -63.7525 -7 28.1517
    endloop
  endfacet
  facet normal 0.24192 0 -0.970296
    outer loop
      vertex -63.7525 7 28.1517
      vertex -65.0139 -7 27.8372
      vertex -65.0139 7 27.8372
    endloop
  endfacet
  facet normal 0 -1 0
    outer loop
      vertex -65.0139 7 27.8372
      vertex -62.6638 7 23.7854
      vertex -63.7525 7 28.1517
    endloop
  endfacet
  facet normal -0 -1 0
    outer loop
      vertex -62.6638 7 23.7854
      vertex -65.0139 7 27.8372
      vertex -63.9252 7 23.4709
    endloop
  endfacet
  facet normal 0 1 0
    outer loop
      vertex -62.6638 -7 23.7854
      vertex -65.0139 -7 27.8372
      vertex -63.7525 -7 28.1517
    endloop
  endfacet
  facet normal 0 1 0
    outer loop
      vertex -65.0139 -7 27.8372
      vertex -62.6638 -7 23.7854
      vertex -63.9252 -7 23.4709
    endloop
  endfacet
  facet normal -0.241924 0 0.970295
    outer loop
      vertex -63.9944 8 29.122
      vertex -60.1132 -8 30.0897
      vertex -60.1132 8 30.0897
    endloop
  endfacet
  facet normal -0.241924 0 0.970295
    outer loop
      vertex -60.1132 -8 30.0897
      vertex -63.9944 8 29.122
      vertex -63.9944 -8 29.122
    endloop
  endfacet
  facet normal 0.970297 -0 0.241917
    outer loop
      vertex -60.1132 -8 30.0897
      vertex -57.6298 8 20.1291
      vertex -60.1132 8 30.0897
    endloop
  endfacet
  facet normal 0.970297 0 0.241917
    outer loop
      vertex -57.6298 8 20.1291
      vertex -60.1132 -8 30.0897
      vertex -57.6298 -8 20.1291
    endloop
  endfacet
  facet normal 0.967908 -0.0686189 0.241757
    outer loop
      vertex -44.485 -26.9729 17.0644
      vertex -44.2987 -25.9812 16.6
      vertex -44.4155 -25.9753 17.0693
    endloop
  endfacet
  facet normal 0.967849 -0.0691661 0.241836
    outer loop
      vertex -44.3765 -27.0784 16.6
      vertex -44.485 -26.9729 17.0644
      vertex -44.492 -27.0726 17.0639
    endloop
  endfacet
  facet normal 0.967913 -0.0686326 0.24173
    outer loop
      vertex -44.485 -26.9729 17.0644
      vertex -44.3765 -27.0784 16.6
      vertex -44.2987 -25.9812 16.6
    endloop
  endfacet
  facet normal -0.967914 0.0687161 -0.241702
    outer loop
      vertex -39.262 -26.3345 17.0166
      vertex -39.6455 -27.3164 18.2732
      vertex -39.5759 -26.3188 18.2781
    endloop
  endfacet
  facet normal -0.967906 0.0686405 -0.241758
    outer loop
      vertex -39.3385 -27.4319 17.0113
      vertex -39.6455 -27.3164 18.2732
      vertex -39.262 -26.3345 17.0166
    endloop
  endfacet
  facet normal -0.967859 0.0691666 -0.241795
    outer loop
      vertex -39.6455 -27.3164 18.2732
      vertex -39.3385 -27.4319 17.0113
      vertex -39.6525 -27.4161 18.2727
    endloop
  endfacet
  facet normal 0.0696143 0.997562 0.00483384
    outer loop
      vertex -40.9851 -27.315 16.6
      vertex -39.6525 -27.4161 18.2727
      vertex -39.3385 -27.4319 17.0113
    endloop
  endfacet
  facet normal 0.069594 0.997564 0.00485004
    outer loop
      vertex -39.6525 -27.4161 18.2727
      vertex -40.9851 -27.315 16.6
      vertex -44.492 -27.0726 17.0639
    endloop
  endfacet
  facet normal 0.0695947 0.997564 0.00485519
    outer loop
      vertex -44.492 -27.0726 17.0639
      vertex -40.9851 -27.315 16.6
      vertex -44.3765 -27.0784 16.6
    endloop
  endfacet
  facet normal 0.967867 -0.069167 0.241763
    outer loop
      vertex -43.3717 -11.0118 17.1423
      vertex -43.2296 -10.9189 16.6
      vertex -43.3647 -10.9121 17.1428
    endloop
  endfacet
  facet normal 0.96793 -0.06862 0.241667
    outer loop
      vertex -43.3075 -12.0161 16.6
      vertex -43.3717 -11.0118 17.1423
      vertex -43.4412 -12.0094 17.1374
    endloop
  endfacet
  facet normal 0.967879 -0.0687183 0.241843
    outer loop
      vertex -43.3717 -11.0118 17.1423
      vertex -43.3075 -12.0161 16.6
      vertex -43.2296 -10.9189 16.6
    endloop
  endfacet
  facet normal -0.967928 0.0682006 -0.241795
    outer loop
      vertex -38.2112 -11.2713 17.0901
      vertex -38.5321 -11.3553 18.351
      vertex -38.5252 -11.2556 18.3515
    endloop
  endfacet
  facet normal -0.9679 0.0687346 -0.241752
    outer loop
      vertex -38.2878 -12.3686 17.0848
      vertex -38.5321 -11.3553 18.351
      vertex -38.2112 -11.2713 17.0901
    endloop
  endfacet
  facet normal -0.967912 0.0686918 -0.24172
    outer loop
      vertex -38.5321 -11.3553 18.351
      vertex -38.2878 -12.3686 17.0848
      vertex -38.6017 -12.3529 18.3462
    endloop
  endfacet
  facet normal -0.0695943 -0.997564 -0.00484944
    outer loop
      vertex -40.1734 -11.1321 16.6
      vertex -38.5252 -11.2556 18.3515
      vertex -43.3647 -10.9121 17.1428
    endloop
  endfacet
  facet normal -0.0695899 -0.997564 -0.00482343
    outer loop
      vertex -40.1734 -11.1321 16.6
      vertex -43.3647 -10.9121 17.1428
      vertex -43.2296 -10.9189 16.6
    endloop
  endfacet
  facet normal -0.0695454 -0.997567 -0.00489571
    outer loop
      vertex -38.5252 -11.2556 18.3515
      vertex -40.1734 -11.1321 16.6
      vertex -38.2112 -11.2713 17.0901
    endloop
  endfacet
  facet normal -0.241489 0.0120889 0.970328
    outer loop
      vertex -44.485 -26.9729 17.0644
      vertex -46.3444 -26.8409 16.6
      vertex -44.492 -27.0726 17.0639
    endloop
  endfacet
  facet normal -0.241504 0.0121417 0.970324
    outer loop
      vertex -32.1712 -10.8043 19.9273
      vertex -38.5252 -11.2556 18.3515
      vertex -33.2087 -11.7332 19.6807
    endloop
  endfacet
  facet normal -0.241501 0.0120933 0.970325
    outer loop
      vertex -45.4926 -9.85881 16.6
      vertex -38.5252 -11.2556 18.3515
      vertex -32.1712 -10.8043 19.9273
    endloop
  endfacet
  facet normal -0.241481 0.0121974 0.970329
    outer loop
      vertex -38.5252 -11.2556 18.3515
      vertex -45.4926 -9.85881 16.6
      vertex -43.3647 -10.9121 17.1428
    endloop
  endfacet
  facet normal -0.241521 0.0121124 0.97032
    outer loop
      vertex -45.5427 -10.8578 16.6
      vertex -43.3647 -10.9121 17.1428
      vertex -45.4926 -9.85881 16.6
    endloop
  endfacet
  facet normal -0.241521 0.0120912 0.97032
    outer loop
      vertex -43.3647 -10.9121 17.1428
      vertex -45.5427 -10.8578 16.6
      vertex -43.3717 -11.0118 17.1423
    endloop
  endfacet
  facet normal -0.241477 0.01211 0.970331
    outer loop
      vertex -33.2087 -11.7332 19.6807
      vertex -33.4237 -28.7604 19.8397
      vertex -32.1712 -10.8043 19.9273
    endloop
  endfacet
  facet normal -0.241494 0.0121102 0.970327
    outer loop
      vertex -34.3221 -27.6942 19.6028
      vertex -33.4237 -28.7604 19.8397
      vertex -33.2087 -11.7332 19.6807
    endloop
  endfacet
  facet normal -0.241496 0.0120893 0.970327
    outer loop
      vertex -39.6525 -27.4161 18.2727
      vertex -34.3221 -27.6942 19.6028
      vertex -39.6455 -27.3164 18.2732
    endloop
  endfacet
  facet normal -0.241495 0.0121098 0.970327
    outer loop
      vertex -34.3221 -27.6942 19.6028
      vertex -39.6525 -27.4161 18.2727
      vertex -33.4237 -28.7604 19.8397
    endloop
  endfacet
  facet normal -0.241503 0.012154 0.970324
    outer loop
      vertex -46.3945 -27.8399 16.6
      vertex -39.6525 -27.4161 18.2727
      vertex -44.492 -27.0726 17.0639
    endloop
  endfacet
  facet normal -0.241486 0.0121106 0.970329
    outer loop
      vertex -46.3945 -27.8399 16.6
      vertex -44.492 -27.0726 17.0639
      vertex -46.3444 -26.8409 16.6
    endloop
  endfacet
  facet normal -0.241499 0.0120886 0.970326
    outer loop
      vertex -39.6525 -27.4161 18.2727
      vertex -46.3945 -27.8399 16.6
      vertex -33.4237 -28.7604 19.8397
    endloop
  endfacet
  facet normal -0.241529 0.0118495 0.970321
    outer loop
      vertex -33.2087 -11.7332 19.6807
      vertex -38.5252 -11.2556 18.3515
      vertex -38.5321 -11.3553 18.351
    endloop
  endfacet
  facet normal 0.241505 -0.0121079 -0.970324
    outer loop
      vertex -35.2204 -26.6279 19.3659
      vertex -38.6017 -12.3529 18.3462
      vertex -34.2462 -12.662 19.4341
    endloop
  endfacet
  facet normal 0.241483 -0.0121133 -0.970329
    outer loop
      vertex -38.6017 -12.3529 18.3462
      vertex -35.2204 -26.6279 19.3659
      vertex -39.5759 -26.3188 18.2781
    endloop
  endfacet
  facet normal 0.241503 -0.012083 -0.970325
    outer loop
      vertex -44.4155 -25.9753 17.0693
      vertex -39.5759 -26.3188 18.2781
      vertex -39.6455 -27.3164 18.2732
    endloop
  endfacet
  facet normal 0.241478 -0.0121785 -0.97033
    outer loop
      vertex -38.6017 -12.3529 18.3462
      vertex -43.3717 -11.0118 17.1423
      vertex -38.5321 -11.3553 18.351
    endloop
  endfacet
  facet normal 0.241501 -0.0121146 -0.970325
    outer loop
      vertex -39.5759 -26.3188 18.2781
      vertex -44.4155 -25.9753 17.0693
      vertex -38.6017 -12.3529 18.3462
    endloop
  endfacet
  facet normal 0.241509 -0.0120593 -0.970324
    outer loop
      vertex -38.6017 -12.3529 18.3462
      vertex -43.4412 -12.0094 17.1374
      vertex -43.3717 -11.0118 17.1423
    endloop
  endfacet
  facet normal 0.241505 -0.0121166 -0.970324
    outer loop
      vertex -38.6017 -12.3529 18.3462
      vertex -44.4155 -25.9753 17.0693
      vertex -43.4412 -12.0094 17.1374
    endloop
  endfacet
  facet normal 0.241509 -0.0120593 -0.970324
    outer loop
      vertex -44.4155 -25.9753 17.0693
      vertex -39.6455 -27.3164 18.2732
      vertex -44.485 -26.9729 17.0644
    endloop
  endfacet
  facet normal 0.241514 -0.0121172 -0.970322
    outer loop
      vertex -46.2943 -25.842 16.6
      vertex -43.4412 -12.0094 17.1374
      vertex -44.4155 -25.9753 17.0693
    endloop
  endfacet
  facet normal 0.241496 -0.0121134 -0.970326
    outer loop
      vertex -43.4412 -12.0094 17.1374
      vertex -46.2943 -25.842 16.6
      vertex -45.5928 -11.8567 16.6
    endloop
  endfacet
  facet normal 0.241474 -0.01217 -0.970331
    outer loop
      vertex -33.9322 -12.6778 18.1726
      vertex -38.2878 -12.3686 17.0848
      vertex -38.2112 -11.2713 17.0901
    endloop
  endfacet
  facet normal 0.241513 -0.0121154 -0.970322
    outer loop
      vertex -33.1098 -28.7762 18.5783
      vertex -34.9064 -26.6437 18.1045
      vertex -33.9322 -12.6778 18.1726
    endloop
  endfacet
  facet normal 0.241494 -0.0121328 -0.970327
    outer loop
      vertex -39.3385 -27.4319 17.0113
      vertex -34.9064 -26.6437 18.1045
      vertex -33.1098 -28.7762 18.5783
    endloop
  endfacet
  facet normal 0.241496 -0.0121485 -0.970326
    outer loop
      vertex -34.9064 -26.6437 18.1045
      vertex -39.3385 -27.4319 17.0113
      vertex -39.262 -26.3345 17.0166
    endloop
  endfacet
  facet normal 0.241502 -0.0120929 -0.970325
    outer loop
      vertex -41.0195 -28 16.6
      vertex -39.3385 -27.4319 17.0113
      vertex -33.1098 -28.7762 18.5783
    endloop
  endfacet
  facet normal 0.241513 -0.0121285 -0.970322
    outer loop
      vertex -39.3385 -27.4319 17.0113
      vertex -41.0195 -28 16.6
      vertex -40.9851 -27.315 16.6
    endloop
  endfacet
  facet normal 0.241515 -0.0119569 -0.970323
    outer loop
      vertex -41.0195 -28 16.6
      vertex -33.1098 -28.7762 18.5783
      vertex -44.046 -28 15.8467
    endloop
  endfacet
  facet normal 0.241525 -0.0121147 -0.970319
    outer loop
      vertex -33.9322 -12.6778 18.1726
      vertex -31.8572 -10.82 18.6659
      vertex -33.1098 -28.7762 18.5783
    endloop
  endfacet
  facet normal 0.2415 -0.012085 -0.970325
    outer loop
      vertex -38.2112 -11.2713 17.0901
      vertex -31.8572 -10.82 18.6659
      vertex -33.9322 -12.6778 18.1726
    endloop
  endfacet
  facet normal 0.241502 -0.0121092 -0.970325
    outer loop
      vertex -38.2112 -11.2713 17.0901
      vertex -40.1283 -10.233 16.6
      vertex -31.8572 -10.82 18.6659
    endloop
  endfacet
  facet normal 0.241499 -0.0121139 -0.970325
    outer loop
      vertex -40.1283 -10.233 16.6
      vertex -38.2112 -11.2713 17.0901
      vertex -40.1734 -11.1321 16.6
    endloop
  endfacet
  facet normal 0.967893 -0.0686935 0.241792
    outer loop
      vertex -33.4237 -28.7604 19.8397
      vertex -31.8572 -10.82 18.6659
      vertex -32.1712 -10.8043 19.9273
    endloop
  endfacet
  facet normal 0.96791 -0.0686993 0.241725
    outer loop
      vertex -31.8572 -10.82 18.6659
      vertex -33.4237 -28.7604 19.8397
      vertex -33.1098 -28.7762 18.5783
    endloop
  endfacet
  facet normal 0.0695869 0.997564 0.00486652
    outer loop
      vertex -64.7807 -8.51334 16.6
      vertex -66.5132 -8.45264 28.9306
      vertex -63.4442 -8.60657 16.6
    endloop
  endfacet
  facet normal 0.0695939 0.997564 0.00486751
    outer loop
      vertex -66.5132 -8.45264 28.9306
      vertex -64.7807 -8.51334 16.6
      vertex -67.7714 -8.36333 28.6164
    endloop
  endfacet
  facet normal 0.0695727 0.997565 0.00490253
    outer loop
      vertex -40.1283 -10.233 16.6
      vertex -32.1712 -10.8043 19.9273
      vertex -31.8572 -10.82 18.6659
    endloop
  endfacet
  facet normal 0.0695857 0.997564 0.00487124
    outer loop
      vertex -32.1712 -10.8043 19.9273
      vertex -40.1283 -10.233 16.6
      vertex -45.4926 -9.85881 16.6
    endloop
  endfacet
  facet normal -0.0695806 -0.997564 -0.00486557
    outer loop
      vertex -66.0551 -26.4684 16.6
      vertex -67.7657 -26.4088 28.8431
      vertex -69.024 -26.3195 28.5288
    endloop
  endfacet
  facet normal -0.0695646 -0.997566 -0.00486334
    outer loop
      vertex -67.7657 -26.4088 28.8431
      vertex -66.0551 -26.4684 16.6
      vertex -64.7186 -26.5616 16.6
    endloop
  endfacet
  facet normal -0.0695662 -0.997565 -0.00491678
    outer loop
      vertex -44.0987 -28 16.6
      vertex -33.4237 -28.7604 19.8397
      vertex -46.3945 -27.8399 16.6
    endloop
  endfacet
  facet normal -0.0695945 -0.997564 -0.00482337
    outer loop
      vertex -33.4237 -28.7604 19.8397
      vertex -44.0987 -28 16.6
      vertex -33.1098 -28.7762 18.5783
    endloop
  endfacet
  facet normal -0.0695864 -0.997564 -0.00486819
    outer loop
      vertex -33.1098 -28.7762 18.5783
      vertex -44.0987 -28 16.6
      vertex -44.046 -28 15.8467
    endloop
  endfacet
  facet normal -0.967896 0.0686969 -0.24178
    outer loop
      vertex -33.9322 -12.6778 18.1726
      vertex -35.2204 -26.6279 19.3659
      vertex -34.2462 -12.662 19.4341
    endloop
  endfacet
  facet normal -0.967892 0.068695 -0.241798
    outer loop
      vertex -35.2204 -26.6279 19.3659
      vertex -33.9322 -12.6778 18.1726
      vertex -34.9064 -26.6437 18.1045
    endloop
  endfacet
  facet normal -0.0695892 -0.997564 -0.00482718
    outer loop
      vertex -38.6017 -12.3529 18.3462
      vertex -33.9322 -12.6778 18.1726
      vertex -34.2462 -12.662 19.4341
    endloop
  endfacet
  facet normal -0.0695919 -0.997564 -0.00490181
    outer loop
      vertex -33.9322 -12.6778 18.1726
      vertex -38.6017 -12.3529 18.3462
      vertex -38.2878 -12.3686 17.0848
    endloop
  endfacet
  facet normal -0.0695803 -0.997564 -0.00487384
    outer loop
      vertex -43.4412 -12.0094 17.1374
      vertex -45.5928 -11.8567 16.6
      vertex -43.3075 -12.0161 16.6
    endloop
  endfacet
  facet normal 0.0695892 0.997564 0.00482756
    outer loop
      vertex -34.9064 -26.6437 18.1045
      vertex -39.5759 -26.3188 18.2781
      vertex -35.2204 -26.6279 19.3659
    endloop
  endfacet
  facet normal 0.0695919 0.997564 0.00490142
    outer loop
      vertex -39.5759 -26.3188 18.2781
      vertex -34.9064 -26.6437 18.1045
      vertex -39.262 -26.3345 17.0166
    endloop
  endfacet
  facet normal 0.0695836 0.997565 0.00477676
    outer loop
      vertex -44.2987 -25.9812 16.6
      vertex -46.2943 -25.842 16.6
      vertex -44.4155 -25.9753 17.0693
    endloop
  endfacet
  facet normal -0.967905 0.068697 -0.241746
    outer loop
      vertex -48.8911 -10.6242 16.6
      vertex -50.7745 -26.5466 19.6161
      vertex -49.6611 -10.5856 19.6939
    endloop
  endfacet
  facet normal -0.9679 0.068693 -0.241764
    outer loop
      vertex -50.7745 -26.5466 19.6161
      vertex -48.8911 -10.6242 16.6
      vertex -50.0238 -26.5842 16.6
    endloop
  endfacet
  facet normal -0.241502 0.0121108 0.970325
    outer loop
      vertex -49.6611 -10.5856 19.6939
      vertex -35.2881 -27.6457 23.4841
      vertex -34.1747 -11.6847 23.562
    endloop
  endfacet
  facet normal -0.241496 0.0121164 0.970326
    outer loop
      vertex -35.2881 -27.6457 23.4841
      vertex -49.6611 -10.5856 19.6939
      vertex -50.7745 -26.5466 19.6161
    endloop
  endfacet
  facet normal 0.967902 -0.0686984 0.241755
    outer loop
      vertex -35.2881 -27.6457 23.4841
      vertex -33.2087 -11.7332 19.6807
      vertex -34.1747 -11.6847 23.562
    endloop
  endfacet
  facet normal 0.967902 -0.0686984 0.241755
    outer loop
      vertex -33.2087 -11.7332 19.6807
      vertex -35.2881 -27.6457 23.4841
      vertex -34.3221 -27.6942 19.6028
    endloop
  endfacet
  facet normal 0.0696021 0.997563 0.00485761
    outer loop
      vertex -38.5321 -11.3553 18.351
      vertex -34.1747 -11.6847 23.562
      vertex -33.2087 -11.7332 19.6807
    endloop
  endfacet
  facet normal 0.0695814 0.997564 0.00487498
    outer loop
      vertex -34.1747 -11.6847 23.562
      vertex -38.5321 -11.3553 18.351
      vertex -49.6611 -10.5856 19.6939
    endloop
  endfacet
  facet normal 0.0695831 0.997564 0.00488871
    outer loop
      vertex -43.3717 -11.0118 17.1423
      vertex -49.6611 -10.5856 19.6939
      vertex -38.5321 -11.3553 18.351
    endloop
  endfacet
  facet normal 0.0695573 0.997566 0.00482467
    outer loop
      vertex -45.5427 -10.8578 16.6
      vertex -49.6611 -10.5856 19.6939
      vertex -43.3717 -11.0118 17.1423
    endloop
  endfacet
  facet normal 0.0695947 0.997563 0.00487474
    outer loop
      vertex -49.6611 -10.5856 19.6939
      vertex -45.5427 -10.8578 16.6
      vertex -48.8911 -10.6242 16.6
    endloop
  endfacet
  facet normal -0.0695875 -0.997564 -0.00485086
    outer loop
      vertex -39.6455 -27.3164 18.2732
      vertex -35.2881 -27.6457 23.4841
      vertex -50.7745 -26.5466 19.6161
    endloop
  endfacet
  facet normal -0.0695846 -0.997564 -0.00485325
    outer loop
      vertex -35.2881 -27.6457 23.4841
      vertex -39.6455 -27.3164 18.2732
      vertex -34.3221 -27.6942 19.6028
    endloop
  endfacet
  facet normal -0.0695895 -0.997564 -0.00486812
    outer loop
      vertex -50.7745 -26.5466 19.6161
      vertex -44.485 -26.9729 17.0644
      vertex -39.6455 -27.3164 18.2732
    endloop
  endfacet
  facet normal -0.0695968 -0.997563 -0.00488642
    outer loop
      vertex -46.3444 -26.8409 16.6
      vertex -50.7745 -26.5466 19.6161
      vertex -50.0238 -26.5842 16.6
    endloop
  endfacet
  facet normal -0.0695971 -0.997563 -0.00488688
    outer loop
      vertex -50.7745 -26.5466 19.6161
      vertex -46.3444 -26.8409 16.6
      vertex -44.485 -26.9729 17.0644
    endloop
  endfacet
  facet normal -0.995135 0.0697546 -0.0695707
    outer loop
      vertex -66.6786 -25.4225 16.6
      vertex -65.697 -9.46144 18.5625
      vertex -65.5598 -9.46144 16.6
    endloop
  endfacet
  facet normal -0.995133 0.0697575 -0.0695949
    outer loop
      vertex -65.697 -9.46144 18.5625
      vertex -66.6786 -25.4225 16.6
      vertex -66.8104 -25.4225 18.4846
    endloop
  endfacet
  facet normal -0.069762 -2.32743e-06 0.997564
    outer loop
      vertex -59.9905 -9.86145 18.9615
      vertex -50.8883 -26.5386 19.598
      vertex -49.7749 -10.5775 19.6759
    endloop
  endfacet
  facet normal -0.0697519 3.21426e-06 0.997564
    outer loop
      vertex -50.8883 -26.5386 19.598
      vertex -59.9905 -9.86145 18.9615
      vertex -61.1039 -25.8225 18.8837
    endloop
  endfacet
  facet normal -0.0697566 -2.71188e-06 0.997564
    outer loop
      vertex -65.697 -9.46144 18.5625
      vertex -65.1458 -25.5391 18.601
      vertex -64.0324 -9.57812 18.6789
    endloop
  endfacet
  facet normal -0.0697566 -2.71187e-06 0.997564
    outer loop
      vertex -65.1458 -25.5391 18.601
      vertex -65.697 -9.46144 18.5625
      vertex -66.8104 -25.4225 18.4846
    endloop
  endfacet
  facet normal 0.995134 -0.0697573 0.0695904
    outer loop
      vertex -50.8883 -26.5386 19.598
      vertex -49.5598 -10.5775 16.6
      vertex -49.7749 -10.5775 19.6759
    endloop
  endfacet
  facet normal 0.995133 -0.0697543 0.0696062
    outer loop
      vertex -49.5598 -10.5775 16.6
      vertex -50.8883 -26.5386 19.598
      vertex -50.6786 -26.5386 16.6
    endloop
  endfacet
  facet normal 0.0695828 0.997564 0.00486597
    outer loop
      vertex -49.5598 -10.5775 16.6
      vertex -59.9905 -9.86145 18.9615
      vertex -49.7749 -10.5775 19.6759
    endloop
  endfacet
  facet normal 0.0695873 0.997564 0.00486574
    outer loop
      vertex -59.9905 -9.86145 18.9615
      vertex -63.8055 -9.5895 17.767
      vertex -64.0324 -9.57812 18.6789
    endloop
  endfacet
  facet normal 0.0695813 0.997564 0.00486426
    outer loop
      vertex -65.0638 -9.5002 17.4528
      vertex -64.0324 -9.57812 18.6789
      vertex -63.8055 -9.5895 17.767
    endloop
  endfacet
  facet normal 0.069584 0.997564 0.00487156
    outer loop
      vertex -59.9905 -9.86145 18.9615
      vertex -49.5598 -10.5775 16.6
      vertex -63.515 -9.60407 16.6
    endloop
  endfacet
  facet normal 0.0695867 0.997564 0.00486755
    outer loop
      vertex -59.9905 -9.86145 18.9615
      vertex -63.515 -9.60407 16.6
      vertex -63.8055 -9.5895 17.767
    endloop
  endfacet
  facet normal 0.069588 0.997564 0.00486417
    outer loop
      vertex -62.4696 -9.7371 28.9225
      vertex -65.013 -9.52894 22.6187
      vertex -66.3412 -9.46231 27.9555
    endloop
  endfacet
  facet normal 0.0695855 0.997564 0.0048652
    outer loop
      vertex -59.9905 -9.86145 18.9615
      vertex -65.013 -9.52894 22.6187
      vertex -62.4696 -9.7371 28.9225
    endloop
  endfacet
  facet normal 0.0695871 0.997564 0.00486749
    outer loop
      vertex -65.013 -9.52894 22.6187
      vertex -59.9905 -9.86145 18.9615
      vertex -64.0324 -9.57812 18.6789
    endloop
  endfacet
  facet normal 0.0695842 0.997564 0.0048618
    outer loop
      vertex -64.0324 -9.57812 18.6789
      vertex -65.0638 -9.5002 17.4528
      vertex -65.697 -9.46144 18.5625
    endloop
  endfacet
  facet normal 0.0695746 0.997565 0.00487406
    outer loop
      vertex -65.5598 -9.46144 16.6
      vertex -65.0638 -9.5002 17.4528
      vertex -64.8515 -9.51084 16.6
    endloop
  endfacet
  facet normal 0.06959 0.997564 0.00486509
    outer loop
      vertex -65.0638 -9.5002 17.4528
      vertex -65.5598 -9.46144 16.6
      vertex -65.697 -9.46144 18.5625
    endloop
  endfacet
  facet normal -0.0695935 -0.997564 -0.00485245
    outer loop
      vertex -66.1264 -25.49 22.5408
      vertex -63.583 -25.6981 28.8446
      vertex -67.4546 -25.4233 27.8776
    endloop
  endfacet
  facet normal -0.0695786 -0.997565 -0.00485851
    outer loop
      vertex -66.1264 -25.49 22.5408
      vertex -61.1039 -25.8225 18.8837
      vertex -63.583 -25.6981 28.8446
    endloop
  endfacet
  facet normal -0.0696025 -0.997563 -0.00489159
    outer loop
      vertex -61.1039 -25.8225 18.8837
      vertex -66.1264 -25.49 22.5408
      vertex -65.1458 -25.5391 18.601
    endloop
  endfacet
  facet normal -0.0695347 -0.997568 -0.00488737
    outer loop
      vertex -66.1772 -25.4612 17.3749
      vertex -65.1458 -25.5391 18.601
      vertex -66.8104 -25.4225 18.4846
    endloop
  endfacet
  facet normal -0.0696055 -0.997563 -0.00484895
    outer loop
      vertex -65.1458 -25.5391 18.601
      vertex -64.9189 -25.5505 17.6892
      vertex -61.1039 -25.8225 18.8837
    endloop
  endfacet
  facet normal -0.0695997 -0.997563 -0.00486745
    outer loop
      vertex -64.6478 -25.5641 16.6
      vertex -61.1039 -25.8225 18.8837
      vertex -64.9189 -25.5505 17.6892
    endloop
  endfacet
  facet normal -0.0695907 -0.997564 -0.00488161
    outer loop
      vertex -50.6786 -26.5386 16.6
      vertex -61.1039 -25.8225 18.8837
      vertex -64.6478 -25.5641 16.6
    endloop
  endfacet
  facet normal -0.0695876 -0.997564 -0.00486742
    outer loop
      vertex -61.1039 -25.8225 18.8837
      vertex -50.6786 -26.5386 16.6
      vertex -50.8883 -26.5386 19.598
    endloop
  endfacet
  facet normal -0.0695859 -0.997564 -0.00484407
    outer loop
      vertex -65.1458 -25.5391 18.601
      vertex -66.1772 -25.4612 17.3749
      vertex -64.9189 -25.5505 17.6892
    endloop
  endfacet
  facet normal -0.0694861 -0.997571 -0.00485953
    outer loop
      vertex -66.6786 -25.4225 16.6
      vertex -66.1772 -25.4612 17.3749
      vertex -66.8104 -25.4225 18.4846
    endloop
  endfacet
  facet normal -0.0695409 -0.997567 -0.0048239
    outer loop
      vertex -66.1772 -25.4612 17.3749
      vertex -66.6786 -25.4225 16.6
      vertex -65.9843 -25.4709 16.6
    endloop
  endfacet
  facet normal 0.241511 -0.0120836 -0.970323
    outer loop
      vertex -66.1264 -25.49 22.5408
      vertex -67.3151 -24.4031 22.2314
      vertex -66.0568 -24.4924 22.5457
    endloop
  endfacet
  facet normal 0.241527 -0.0118493 -0.970322
    outer loop
      vertex -67.3916 -25.5004 22.226
      vertex -66.1264 -25.49 22.5408
      vertex -66.1333 -25.5897 22.5403
    endloop
  endfacet
  facet normal 0.241528 -0.0120634 -0.970319
    outer loop
      vertex -66.1264 -25.49 22.5408
      vertex -67.3916 -25.5004 22.226
      vertex -67.3151 -24.4031 22.2314
    endloop
  endfacet
  facet normal -0.241528 0.0118375 0.970322
    outer loop
      vertex -66.1772 -25.4612 17.3749
      vertex -64.9258 -25.6503 17.6887
      vertex -64.9189 -25.5505 17.6892
    endloop
  endfacet
  facet normal -0.241528 0.0118375 0.970322
    outer loop
      vertex -64.9258 -25.6503 17.6887
      vertex -66.1772 -25.4612 17.3749
      vertex -66.1841 -25.561 17.3744
    endloop
  endfacet
  facet normal 0.0695825 0.997564 0.00485788
    outer loop
      vertex -64.9258 -25.6503 17.6887
      vertex -67.3916 -25.5004 22.226
      vertex -66.1333 -25.5897 22.5403
    endloop
  endfacet
  facet normal 0.0695825 0.997564 0.00485788
    outer loop
      vertex -67.3916 -25.5004 22.226
      vertex -64.9258 -25.6503 17.6887
      vertex -66.1841 -25.561 17.3744
    endloop
  endfacet
  facet normal 0.241511 -0.0120841 -0.970323
    outer loop
      vertex -66.3409 -10.4372 22.2995
      vertex -65.013 -9.52894 22.6187
      vertex -65.0826 -10.5265 22.6138
    endloop
  endfacet
  facet normal 0.241511 -0.0120832 -0.970323
    outer loop
      vertex -65.013 -9.52894 22.6187
      vertex -66.2643 -9.33988 22.3049
      vertex -65.006 -9.42918 22.6192
    endloop
  endfacet
  facet normal 0.241511 -0.012084 -0.970323
    outer loop
      vertex -65.013 -9.52894 22.6187
      vertex -66.3409 -10.4372 22.2995
      vertex -66.2643 -9.33988 22.3049
    endloop
  endfacet
  facet normal -0.241511 0.0120844 0.970323
    outer loop
      vertex -65.0568 -9.40044 17.4532
      vertex -63.8055 -9.5895 17.767
      vertex -63.7985 -9.48975 17.7675
    endloop
  endfacet
  facet normal -0.241371 0.0130459 0.970345
    outer loop
      vertex -63.8055 -9.5895 17.767
      vertex -65.0568 -9.40044 17.4532
      vertex -65.0638 -9.5002 17.4528
    endloop
  endfacet
  facet normal -0.0695811 -0.997564 -0.00486359
    outer loop
      vertex -66.2643 -9.33988 22.3049
      vertex -63.7985 -9.48975 17.7675
      vertex -65.006 -9.42918 22.6192
    endloop
  endfacet
  facet normal -0.069588 -0.997564 -0.00486738
    outer loop
      vertex -63.7985 -9.48975 17.7675
      vertex -66.2643 -9.33988 22.3049
      vertex -65.0568 -9.40044 17.4532
    endloop
  endfacet
  facet normal -0.241454 0.0121138 0.970337
    outer loop
      vertex -67.7714 -8.36333 28.6164
      vertex -67.7657 -26.4088 28.8431
      vertex -66.5132 -8.45264 28.9306
    endloop
  endfacet
  facet normal -0.241509 0.0121136 0.970323
    outer loop
      vertex -67.7657 -26.4088 28.8431
      vertex -67.7714 -8.36333 28.6164
      vertex -69.024 -26.3195 28.5288
    endloop
  endfacet
  facet normal 0.967905 -0.0686382 0.241762
    outer loop
      vertex -66.5132 -8.45264 28.9306
      vertex -65.006 -9.42918 22.6192
      vertex -63.4442 -8.60657 16.6
    endloop
  endfacet
  facet normal 0.96791 -0.0685922 0.241756
    outer loop
      vertex -66.5132 -8.45264 28.9306
      vertex -66.3412 -9.46231 27.9555
      vertex -65.006 -9.42918 22.6192
    endloop
  endfacet
  facet normal 0.967879 -0.0686912 0.241853
    outer loop
      vertex -67.7657 -26.4088 28.8431
      vertex -66.3412 -9.46231 27.9555
      vertex -66.5132 -8.45264 28.9306
    endloop
  endfacet
  facet normal 0.967939 -0.0682011 0.241749
    outer loop
      vertex -67.4546 -25.4233 27.8776
      vertex -66.1333 -25.5897 22.5403
      vertex -66.1264 -25.49 22.5408
    endloop
  endfacet
  facet normal 0.967902 -0.0687198 0.241752
    outer loop
      vertex -64.7186 -26.5616 16.6
      vertex -66.1333 -25.5897 22.5403
      vertex -67.7657 -26.4088 28.8431
    endloop
  endfacet
  facet normal 0.967903 -0.0686958 0.241755
    outer loop
      vertex -67.4546 -25.4233 27.8776
      vertex -67.7657 -26.4088 28.8431
      vertex -66.1333 -25.5897 22.5403
    endloop
  endfacet
  facet normal 0.967903 -0.0686985 0.241753
    outer loop
      vertex -66.3412 -9.46231 27.9555
      vertex -67.7657 -26.4088 28.8431
      vertex -67.4546 -25.4233 27.8776
    endloop
  endfacet
  facet normal 0.967903 -0.0687101 0.241751
    outer loop
      vertex -63.7985 -9.48975 17.7675
      vertex -63.4442 -8.60657 16.6
      vertex -65.006 -9.42918 22.6192
    endloop
  endfacet
  facet normal 0.967862 -0.0691321 0.241792
    outer loop
      vertex -63.515 -9.60407 16.6
      vertex -63.7985 -9.48975 17.7675
      vertex -63.8055 -9.5895 17.767
    endloop
  endfacet
  facet normal 0.967901 -0.0686992 0.241759
    outer loop
      vertex -63.7985 -9.48975 17.7675
      vertex -63.515 -9.60407 16.6
      vertex -63.4442 -8.60657 16.6
    endloop
  endfacet
  facet normal 0.967875 -0.0691259 0.241744
    outer loop
      vertex -65.006 -9.42918 22.6192
      vertex -66.3412 -9.46231 27.9555
      vertex -65.013 -9.52894 22.6187
    endloop
  endfacet
  facet normal 0.967939 -0.0681329 0.241769
    outer loop
      vertex -64.9258 -25.6503 17.6887
      vertex -64.6478 -25.5641 16.6
      vertex -64.9189 -25.5505 17.6892
    endloop
  endfacet
  facet normal 0.967912 -0.0686999 0.241717
    outer loop
      vertex -64.9258 -25.6503 17.6887
      vertex -64.7186 -26.5616 16.6
      vertex -64.6478 -25.5641 16.6
    endloop
  endfacet
  facet normal 0.967899 -0.0687493 0.241756
    outer loop
      vertex -66.1333 -25.5897 22.5403
      vertex -64.7186 -26.5616 16.6
      vertex -64.9258 -25.6503 17.6887
    endloop
  endfacet
  facet normal -0.967899 0.0687181 -0.241764
    outer loop
      vertex -64.0324 -9.57812 18.6789
      vertex -65.0826 -10.5265 22.6138
      vertex -65.013 -9.52894 22.6187
    endloop
  endfacet
  facet normal -0.967899 0.0686953 -0.241769
    outer loop
      vertex -66.0568 -24.4924 22.5457
      vertex -65.0826 -10.5265 22.6138
      vertex -64.0324 -9.57812 18.6789
    endloop
  endfacet
  facet normal -0.967905 0.0686956 -0.241747
    outer loop
      vertex -65.0826 -10.5265 22.6138
      vertex -66.0568 -24.4924 22.5457
      vertex -67.1435 -24.4379 26.9121
    endloop
  endfacet
  facet normal -0.967902 0.0686984 -0.241759
    outer loop
      vertex -65.1458 -25.5391 18.601
      vertex -66.0568 -24.4924 22.5457
      vertex -64.0324 -9.57812 18.6789
    endloop
  endfacet
  facet normal -0.967899 0.0687153 -0.241763
    outer loop
      vertex -66.0568 -24.4924 22.5457
      vertex -65.1458 -25.5391 18.601
      vertex -66.1264 -25.49 22.5408
    endloop
  endfacet
  facet normal -0.967906 0.0686974 -0.241742
    outer loop
      vertex -66.1693 -10.472 26.9803
      vertex -65.0826 -10.5265 22.6138
      vertex -67.1435 -24.4379 26.9121
    endloop
  endfacet
  facet normal -0.96793 0.0681325 -0.241805
    outer loop
      vertex -65.9843 -25.4709 16.6
      vertex -66.1841 -25.561 17.3744
      vertex -66.1772 -25.4612 17.3749
    endloop
  endfacet
  facet normal -0.967902 0.0687053 -0.241754
    outer loop
      vertex -67.3916 -25.5004 22.226
      vertex -66.0551 -26.4684 16.6
      vertex -69.024 -26.3195 28.5288
    endloop
  endfacet
  facet normal -0.967908 0.0686996 -0.241733
    outer loop
      vertex -66.0551 -26.4684 16.6
      vertex -66.1841 -25.561 17.3744
      vertex -65.9843 -25.4709 16.6
    endloop
  endfacet
  facet normal -0.967902 0.0687554 -0.241742
    outer loop
      vertex -66.2643 -9.33988 22.3049
      vertex -66.3409 -10.4372 22.2995
      vertex -67.4276 -10.3827 26.666
    endloop
  endfacet
  facet normal -0.967901 0.0687358 -0.241751
    outer loop
      vertex -64.7807 -8.51334 16.6
      vertex -65.0568 -9.40044 17.4532
      vertex -66.2643 -9.33988 22.3049
    endloop
  endfacet
  facet normal -0.967894 0.0686987 -0.241787
    outer loop
      vertex -64.8515 -9.51084 16.6
      vertex -65.0568 -9.40044 17.4532
      vertex -64.7807 -8.51334 16.6
    endloop
  endfacet
  facet normal -0.967876 0.0688839 -0.241807
    outer loop
      vertex -65.0568 -9.40044 17.4532
      vertex -64.8515 -9.51084 16.6
      vertex -65.0638 -9.5002 17.4528
    endloop
  endfacet
  facet normal -0.967901 0.0687166 -0.241754
    outer loop
      vertex -66.2643 -9.33988 22.3049
      vertex -67.7714 -8.36333 28.6164
      vertex -64.7807 -8.51334 16.6
    endloop
  endfacet
  facet normal -0.967902 0.0687096 -0.241753
    outer loop
      vertex -67.4276 -10.3827 26.666
      vertex -67.7714 -8.36333 28.6164
      vertex -66.2643 -9.33988 22.3049
    endloop
  endfacet
  facet normal -0.967899 0.0686953 -0.241771
    outer loop
      vertex -69.024 -26.3195 28.5288
      vertex -67.4276 -10.3827 26.666
      vertex -68.4018 -24.3486 26.5979
    endloop
  endfacet
  facet normal -0.967908 0.0686689 -0.241742
    outer loop
      vertex -67.3916 -25.5004 22.226
      vertex -68.4018 -24.3486 26.5979
      vertex -67.3151 -24.4031 22.2314
    endloop
  endfacet
  facet normal -0.967905 0.0686992 -0.241743
    outer loop
      vertex -67.4276 -10.3827 26.666
      vertex -69.024 -26.3195 28.5288
      vertex -67.7714 -8.36333 28.6164
    endloop
  endfacet
  facet normal -0.967902 0.0687138 -0.241753
    outer loop
      vertex -67.3916 -25.5004 22.226
      vertex -69.024 -26.3195 28.5288
      vertex -68.4018 -24.3486 26.5979
    endloop
  endfacet
  facet normal -0.967901 0.0687203 -0.241756
    outer loop
      vertex -66.0551 -26.4684 16.6
      vertex -67.3916 -25.5004 22.226
      vertex -66.1841 -25.561 17.3744
    endloop
  endfacet
  facet normal 0.241509 -0.0121082 -0.970323
    outer loop
      vertex -67.1435 -24.4379 26.9121
      vertex -67.4276 -10.3827 26.666
      vertex -66.1693 -10.472 26.9803
    endloop
  endfacet
  facet normal 0.241437 -0.01211 -0.970341
    outer loop
      vertex -67.4276 -10.3827 26.666
      vertex -67.1435 -24.4379 26.9121
      vertex -68.4018 -24.3486 26.5979
    endloop
  endfacet
  facet normal -0.0695806 -0.997564 -0.00486567
    outer loop
      vertex -67.4276 -10.3827 26.666
      vertex -65.0826 -10.5265 22.6138
      vertex -66.1693 -10.472 26.9803
    endloop
  endfacet
  facet normal -0.0695806 -0.997564 -0.00486567
    outer loop
      vertex -65.0826 -10.5265 22.6138
      vertex -67.4276 -10.3827 26.666
      vertex -66.3409 -10.4372 22.2995
    endloop
  endfacet
  facet normal 0.0695809 0.997564 0.00486586
    outer loop
      vertex -66.0568 -24.4924 22.5457
      vertex -68.4018 -24.3486 26.5979
      vertex -67.1435 -24.4379 26.9121
    endloop
  endfacet
  facet normal 0.0695806 0.997564 0.00486567
    outer loop
      vertex -68.4018 -24.3486 26.5979
      vertex -66.0568 -24.4924 22.5457
      vertex -67.3151 -24.4031 22.2314
    endloop
  endfacet
  facet normal -0.241496 0.0121104 0.970326
    outer loop
      vertex -66.3412 -9.46231 27.9555
      vertex -63.583 -25.6981 28.8446
      vertex -62.4696 -9.7371 28.9225
    endloop
  endfacet
  facet normal -0.241496 0.0121104 0.970326
    outer loop
      vertex -63.583 -25.6981 28.8446
      vertex -66.3412 -9.46231 27.9555
      vertex -67.4546 -25.4233 27.8776
    endloop
  endfacet
  facet normal 0.967904 -0.0686985 0.24175
    outer loop
      vertex -63.583 -25.6981 28.8446
      vertex -59.9905 -9.86145 18.9615
      vertex -62.4696 -9.7371 28.9225
    endloop
  endfacet
  facet normal 0.967903 -0.0686967 0.241753
    outer loop
      vertex -59.9905 -9.86145 18.9615
      vertex -63.583 -25.6981 28.8446
      vertex -61.1039 -25.8225 18.8837
    endloop
  endfacet
  facet normal -0.960727 0.137032 -0.241302
    outer loop
      vertex -46.8563 -45.6159 14.995
      vertex -47.1823 -46.5873 15.7413
      vertex -47.0435 -45.5971 15.751
    endloop
  endfacet
  facet normal -0.960737 0.137097 -0.241223
    outer loop
      vertex -47.0117 -46.7049 14.995
      vertex -47.1823 -46.5873 15.7413
      vertex -46.8563 -45.6159 14.995
    endloop
  endfacet
  facet normal -0.960698 0.137323 -0.241249
    outer loop
      vertex -47.1823 -46.5873 15.7413
      vertex -47.0117 -46.7049 14.995
      vertex -47.1962 -46.6863 15.7403
    endloop
  endfacet
  facet normal 0.138842 0.990268 0.00965692
    outer loop
      vertex -47.0117 -46.7049 14.995
      vertex -50.1642 -46.2629 14.995
      vertex -47.1962 -46.6863 15.7403
    endloop
  endfacet
  facet normal -0.960684 0.137321 -0.241306
    outer loop
      vertex -44.7236 -30.6665 14.995
      vertex -44.961 -30.743 15.8966
      vertex -44.9471 -30.644 15.8976
    endloop
  endfacet
  facet normal -0.96071 0.137093 -0.241332
    outer loop
      vertex -44.879 -31.7555 14.995
      vertex -44.961 -30.743 15.8966
      vertex -44.7236 -30.6665 14.995
    endloop
  endfacet
  facet normal -0.960741 0.13702 -0.241253
    outer loop
      vertex -44.961 -30.743 15.8966
      vertex -44.879 -31.7555 14.995
      vertex -45.0998 -31.7333 15.8869
    endloop
  endfacet
  facet normal -0.138847 -0.990266 -0.00969564
    outer loop
      vertex -44.9471 -30.644 15.8976
      vertex -48.5414 -30.1312 14.995
      vertex -44.7236 -30.6665 14.995
    endloop
  endfacet
  facet normal -0.24024 0.0241061 0.970414
    outer loop
      vertex -38.5774 -30.6436 17.4745
      vertex -44.9471 -30.644 15.8976
      vertex -39.6769 -31.4969 17.2235
    endloop
  endfacet
  facet normal -0.240239 0.0241812 0.970412
    outer loop
      vertex -48.4512 -29.235 14.995
      vertex -44.9471 -30.644 15.8976
      vertex -38.5774 -30.6436 17.4745
    endloop
  endfacet
  facet normal -0.24024 0.0241795 0.970412
    outer loop
      vertex -44.9471 -30.644 15.8976
      vertex -48.4512 -29.235 14.995
      vertex -48.5414 -30.1312 14.995
    endloop
  endfacet
  facet normal -0.240287 0.0241714 0.970401
    outer loop
      vertex -39.6769 -31.4969 17.2235
      vertex -41.0764 -48.4685 17.2997
      vertex -38.5774 -30.6436 17.4745
    endloop
  endfacet
  facet normal -0.240189 0.0241634 0.970425
    outer loop
      vertex -41.8983 -47.3411 17.0682
      vertex -41.0764 -48.4685 17.2997
      vertex -39.6769 -31.4969 17.2235
    endloop
  endfacet
  facet normal -0.240272 0.023933 0.970411
    outer loop
      vertex -47.1962 -46.6863 15.7403
      vertex -41.8983 -47.3411 17.0682
      vertex -47.1823 -46.5873 15.7413
    endloop
  endfacet
  facet normal -0.24025 0.0241167 0.970412
    outer loop
      vertex -41.8983 -47.3411 17.0682
      vertex -47.1962 -46.6863 15.7403
      vertex -41.0764 -48.4685 17.2997
    endloop
  endfacet
  facet normal -0.240233 0.0241788 0.970414
    outer loop
      vertex -50.2544 -47.1591 14.995
      vertex -47.1962 -46.6863 15.7403
      vertex -50.1642 -46.2629 14.995
    endloop
  endfacet
  facet normal -0.240233 0.0241762 0.970414
    outer loop
      vertex -47.1962 -46.6863 15.7403
      vertex -50.2544 -47.1591 14.995
      vertex -41.0764 -48.4685 17.2997
    endloop
  endfacet
  facet normal -0.240267 0.0239324 0.970412
    outer loop
      vertex -39.6769 -31.4969 17.2235
      vertex -44.9471 -30.644 15.8976
      vertex -44.961 -30.743 15.8966
    endloop
  endfacet
  facet normal 0.240228 -0.0241675 -0.970416
    outer loop
      vertex -42.7202 -46.2138 16.8366
      vertex -45.0998 -31.7333 15.8869
      vertex -40.7765 -32.3501 16.9725
    endloop
  endfacet
  facet normal 0.240228 -0.0241674 -0.970416
    outer loop
      vertex -45.0998 -31.7333 15.8869
      vertex -42.7202 -46.2138 16.8366
      vertex -47.0435 -45.5971 15.751
    endloop
  endfacet
  facet normal 0.240237 -0.0241663 -0.970413
    outer loop
      vertex -45.0998 -31.7333 15.8869
      vertex -48.5514 -30.2308 14.995
      vertex -44.961 -30.743 15.8966
    endloop
  endfacet
  facet normal 0.240236 -0.0241685 -0.970414
    outer loop
      vertex -47.0435 -45.5971 15.751
      vertex -48.5514 -30.2308 14.995
      vertex -45.0998 -31.7333 15.8869
    endloop
  endfacet
  facet normal 0.240241 -0.0241694 -0.970412
    outer loop
      vertex -50.1542 -46.1634 14.995
      vertex -47.0435 -45.5971 15.751
      vertex -47.1823 -46.5873 15.7413
    endloop
  endfacet
  facet normal 0.240241 -0.024168 -0.970412
    outer loop
      vertex -47.0435 -45.5971 15.751
      vertex -50.1542 -46.1634 14.995
      vertex -48.5514 -30.2308 14.995
    endloop
  endfacet
  facet normal 0.240231 -0.024169 -0.970415
    outer loop
      vertex -40.7641 -48.4999 16.0382
      vertex -40.4642 -32.3815 15.711
      vertex -38.2651 -30.6751 16.2129
    endloop
  endfacet
  facet normal 0.240239 -0.0241691 -0.970413
    outer loop
      vertex -40.7641 -48.4999 16.0382
      vertex -42.4079 -46.2452 15.5751
      vertex -40.4642 -32.3815 15.711
    endloop
  endfacet
  facet normal 0.240241 -0.024167 -0.970412
    outer loop
      vertex -44.9183 -47.9072 14.995
      vertex -42.4079 -46.2452 15.5751
      vertex -40.7641 -48.4999 16.0382
    endloop
  endfacet
  facet normal 0.240247 -0.0241754 -0.970411
    outer loop
      vertex -42.4079 -46.2452 15.5751
      vertex -44.9183 -47.9072 14.995
      vertex -44.7179 -45.9157 14.995
    endloop
  endfacet
  facet normal 0.240231 -0.0241682 -0.970415
    outer loop
      vertex -40.4642 -32.3815 15.711
      vertex -43.1152 -29.9831 14.995
      vertex -38.2651 -30.6751 16.2129
    endloop
  endfacet
  facet normal 0.240237 -0.0241612 -0.970414
    outer loop
      vertex -43.1152 -29.9831 14.995
      vertex -40.4642 -32.3815 15.711
      vertex -43.3155 -31.9747 14.995
    endloop
  endfacet
  facet normal 0.960737 -0.137058 0.241246
    outer loop
      vertex -41.0764 -48.4685 17.2997
      vertex -38.2651 -30.6751 16.2129
      vertex -38.5774 -30.6436 17.4745
    endloop
  endfacet
  facet normal 0.960735 -0.137058 0.241253
    outer loop
      vertex -38.2651 -30.6751 16.2129
      vertex -41.0764 -48.4685 17.2997
      vertex -40.7641 -48.4999 16.0382
    endloop
  endfacet
  facet normal 0.138843 0.990267 0.00971288
    outer loop
      vertex -71.551 -26.0122 16.6
      vertex -72.674 -25.9518 26.495
      vertex -70.2244 -26.1982 16.6
    endloop
  endfacet
  facet normal 0.138856 0.990265 0.00971438
    outer loop
      vertex -72.674 -25.9518 26.495
      vertex -71.551 -26.0122 16.6
      vertex -73.9229 -25.7736 26.1813
    endloop
  endfacet
  facet normal 0.138865 0.990264 0.00964988
    outer loop
      vertex -43.1152 -29.9831 14.995
      vertex -38.5774 -30.6436 17.4745
      vertex -38.2651 -30.6751 16.2129
    endloop
  endfacet
  facet normal 0.138834 0.990268 0.00970761
    outer loop
      vertex -38.5774 -30.6436 17.4745
      vertex -43.1152 -29.9831 14.995
      vertex -48.4512 -29.235 14.995
    endloop
  endfacet
  facet normal -0.138859 -0.990265 -0.0097079
    outer loop
      vertex -73.6959 -43.8727 14.995
      vertex -75.173 -43.7766 26.3202
      vertex -76.4219 -43.5984 26.0066
    endloop
  endfacet
  facet normal -0.138843 -0.990267 -0.00970587
    outer loop
      vertex -75.173 -43.7766 26.3202
      vertex -73.6959 -43.8727 14.995
      vertex -72.3693 -44.0587 14.995
    endloop
  endfacet
  facet normal -0.138832 -0.990268 -0.00974538
    outer loop
      vertex -44.9183 -47.9072 14.995
      vertex -41.0764 -48.4685 17.2997
      vertex -50.2544 -47.1591 14.995
    endloop
  endfacet
  facet normal -0.138844 -0.990266 -0.0097239
    outer loop
      vertex -41.0764 -48.4685 17.2997
      vertex -44.9183 -47.9072 14.995
      vertex -40.7641 -48.4999 16.0382
    endloop
  endfacet
  facet normal -0.960735 0.137061 -0.241253
    outer loop
      vertex -40.4642 -32.3815 15.711
      vertex -42.7202 -46.2138 16.8366
      vertex -40.7765 -32.3501 16.9725
    endloop
  endfacet
  facet normal -0.960735 0.137061 -0.241253
    outer loop
      vertex -42.7202 -46.2138 16.8366
      vertex -40.4642 -32.3815 15.711
      vertex -42.4079 -46.2452 15.5751
    endloop
  endfacet
  facet normal -0.138837 -0.990267 -0.00972861
    outer loop
      vertex -43.3155 -31.9747 14.995
      vertex -40.7765 -32.3501 16.9725
      vertex -45.0998 -31.7333 15.8869
    endloop
  endfacet
  facet normal -0.138834 -0.990268 -0.00972146
    outer loop
      vertex -43.3155 -31.9747 14.995
      vertex -45.0998 -31.7333 15.8869
      vertex -44.879 -31.7555 14.995
    endloop
  endfacet
  facet normal -0.138841 -0.990267 -0.0097232
    outer loop
      vertex -40.7765 -32.3501 16.9725
      vertex -43.3155 -31.9747 14.995
      vertex -40.4642 -32.3815 15.711
    endloop
  endfacet
  facet normal 0.138813 0.990271 0.00971604
    outer loop
      vertex -44.7179 -45.9157 14.995
      vertex -42.7202 -46.2138 16.8366
      vertex -42.4079 -46.2452 15.5751
    endloop
  endfacet
  facet normal 0.13882 0.99027 0.00970839
    outer loop
      vertex -42.7202 -46.2138 16.8366
      vertex -44.7179 -45.9157 14.995
      vertex -47.0435 -45.5971 15.751
    endloop
  endfacet
  facet normal 0.138834 0.990268 0.0097522
    outer loop
      vertex -47.0435 -45.5971 15.751
      vertex -44.7179 -45.9157 14.995
      vertex -46.8563 -45.6159 14.995
    endloop
  endfacet
  facet normal -0.960737 0.137062 -0.241243
    outer loop
      vertex -55.4526 -29.2633 14.995
      vertex -58.231 -45.0515 17.0898
      vertex -56.0096 -29.2072 17.2451
    endloop
  endfacet
  facet normal -0.960733 0.137059 -0.24126
    outer loop
      vertex -58.231 -45.0515 17.0898
      vertex -55.4526 -29.2633 14.995
      vertex -57.7124 -45.1037 14.995
    endloop
  endfacet
  facet normal -0.24024 0.0241629 0.970413
    outer loop
      vertex -56.0096 -29.2072 17.2451
      vertex -42.8592 -47.2445 20.9498
      vertex -40.6379 -31.4002 21.1052
    endloop
  endfacet
  facet normal -0.240232 0.0241693 0.970415
    outer loop
      vertex -42.8592 -47.2445 20.9498
      vertex -56.0096 -29.2072 17.2451
      vertex -58.231 -45.0515 17.0898
    endloop
  endfacet
  facet normal 0.960732 -0.137057 0.241265
    outer loop
      vertex -42.8592 -47.2445 20.9498
      vertex -39.6769 -31.4969 17.2235
      vertex -40.6379 -31.4002 21.1052
    endloop
  endfacet
  facet normal 0.960737 -0.137063 0.241244
    outer loop
      vertex -39.6769 -31.4969 17.2235
      vertex -42.8592 -47.2445 20.9498
      vertex -41.8983 -47.3411 17.0682
    endloop
  endfacet
  facet normal 0.138847 0.990266 0.00970544
    outer loop
      vertex -44.961 -30.743 15.8966
      vertex -40.6379 -31.4002 21.1052
      vertex -39.6769 -31.4969 17.2235
    endloop
  endfacet
  facet normal 0.138829 0.990269 0.00972117
    outer loop
      vertex -48.5514 -30.2308 14.995
      vertex -40.6379 -31.4002 21.1052
      vertex -44.961 -30.743 15.8966
    endloop
  endfacet
  facet normal 0.138838 0.990267 0.00970874
    outer loop
      vertex -40.6379 -31.4002 21.1052
      vertex -48.5514 -30.2308 14.995
      vertex -56.0096 -29.2072 17.2451
    endloop
  endfacet
  facet normal 0.138829 0.990269 0.0096767
    outer loop
      vertex -56.0096 -29.2072 17.2451
      vertex -48.5514 -30.2308 14.995
      vertex -55.4526 -29.2633 14.995
    endloop
  endfacet
  facet normal -0.138841 -0.990267 -0.00969556
    outer loop
      vertex -50.1542 -46.1634 14.995
      vertex -42.8592 -47.2445 20.9498
      vertex -58.231 -45.0515 17.0898
    endloop
  endfacet
  facet normal -0.138827 -0.990269 -0.0097226
    outer loop
      vertex -42.8592 -47.2445 20.9498
      vertex -47.1823 -46.5873 15.7413
      vertex -41.8983 -47.3411 17.0682
    endloop
  endfacet
  facet normal -0.138841 -0.990267 -0.00969585
    outer loop
      vertex -50.1542 -46.1634 14.995
      vertex -58.231 -45.0515 17.0898
      vertex -57.7124 -45.1037 14.995
    endloop
  endfacet
  facet normal -0.138801 -0.990272 -0.00974452
    outer loop
      vertex -42.8592 -47.2445 20.9498
      vertex -50.1542 -46.1634 14.995
      vertex -47.1823 -46.5873 15.7413
    endloop
  endfacet
  facet normal -0.987854 0.139178 -0.0690888
    outer loop
      vertex -74.0817 -42.8088 14.995
      vertex -72.0734 -28 16.1117
      vertex -71.9953 -28 14.995
    endloop
  endfacet
  facet normal -0.987858 0.139175 -0.0690433
    outer loop
      vertex -72.0734 -28 16.1117
      vertex -74.0817 -42.8088 14.995
      vertex -74.1496 -42.8088 15.9665
    endloop
  endfacet
  facet normal -0.0697545 0 0.997564
    outer loop
      vertex -65.0908 -28 16.6
      vertex -56.1226 -29.1912 17.2271
      vertex -65.0908 -27.9278 16.6
    endloop
  endfacet
  facet normal -0.0697543 1.4871e-06 0.997564
    outer loop
      vertex -56.1226 -29.1912 17.2271
      vertex -65.0908 -28 16.6
      vertex -58.3439 -45.0355 17.0718
    endloop
  endfacet
  facet normal -0.0697304 -3.68884e-06 0.997566
    outer loop
      vertex -68.4848 -43.6068 16.3627
      vertex -65.0908 -28 16.6
      vertex -66.2968 -28 16.5157
    endloop
  endfacet
  facet normal -0.0697542 1.52788e-06 0.997564
    outer loop
      vertex -65.0908 -28 16.6
      vertex -68.4848 -43.6068 16.3627
      vertex -58.3439 -45.0355 17.0718
    endloop
  endfacet
  facet normal -0.0697997 3.54311e-06 0.997561
    outer loop
      vertex -72.0734 -28 16.1117
      vertex -72.4972 -43.0416 16.0821
      vertex -70.3884 -28 16.2296
    endloop
  endfacet
  facet normal -0.0697878 3.20775e-06 0.997562
    outer loop
      vertex -72.4972 -43.0416 16.0821
      vertex -72.0734 -28 16.1117
      vertex -74.1496 -42.8088 15.9665
    endloop
  endfacet
  facet normal 0.987856 -0.13917 0.0690848
    outer loop
      vertex -58.3439 -45.0355 17.0718
      vertex -55.9665 -29.1912 14.995
      vertex -56.1226 -29.1912 17.2271
    endloop
  endfacet
  facet normal 0.987857 -0.139173 0.0690663
    outer loop
      vertex -55.9665 -29.1912 14.995
      vertex -58.3439 -45.0355 17.0718
      vertex -58.1987 -45.0355 14.995
    endloop
  endfacet
  facet normal 0.138847 0.990266 0.00971516
    outer loop
      vertex -68.7296 -27.5145 26.4798
      vertex -71.2513 -27.0991 20.1776
      vertex -72.5726 -26.9662 25.5148
    endloop
  endfacet
  facet normal 0.138846 0.990266 0.00971528
    outer loop
      vertex -66.2838 -27.7605 16.6
      vertex -71.2513 -27.0991 20.1776
      vertex -68.7296 -27.5145 26.4798
    endloop
  endfacet
  facet normal 0.138843 0.990267 0.00971057
    outer loop
      vertex -71.2513 -27.0991 20.1776
      vertex -66.2838 -27.7605 16.6
      vertex -70.3656 -27.1882 16.6
    endloop
  endfacet
  facet normal 0.13883 0.990269 0.00970893
    outer loop
      vertex -64.4633 -28 14.995
      vertex -56.1226 -29.1912 17.2271
      vertex -55.9665 -29.1912 14.995
    endloop
  endfacet
  facet normal 0.138831 0.990269 0.00970517
    outer loop
      vertex -56.1226 -29.1912 17.2271
      vertex -64.4633 -28 14.995
      vertex -64.5755 -28 16.6
    endloop
  endfacet
  facet normal 0.138749 0.990269 0.0108053
    outer loop
      vertex -56.1226 -29.1912 17.2271
      vertex -64.5755 -28 16.6
      vertex -65.0908 -27.9278 16.6
    endloop
  endfacet
  facet normal -0.138826 -0.990269 -0.00970985
    outer loop
      vertex -73.4726 -42.9434 20.0222
      vertex -70.951 -43.3587 26.3245
      vertex -74.7939 -42.8105 25.3595
    endloop
  endfacet
  facet normal -0.138832 -0.990268 -0.00970736
    outer loop
      vertex -73.4726 -42.9434 20.0222
      vertex -68.4848 -43.6068 16.3627
      vertex -70.951 -43.3587 26.3245
    endloop
  endfacet
  facet normal -0.138816 -0.990271 -0.00968406
    outer loop
      vertex -68.4848 -43.6068 16.3627
      vertex -73.4726 -42.9434 20.0222
      vertex -72.4972 -43.0416 16.0821
    endloop
  endfacet
  facet normal -0.138836 -0.990268 -0.00970451
    outer loop
      vertex -72.969 -42.9648 14.995
      vertex -72.4972 -43.0416 16.0821
      vertex -74.1496 -42.8088 15.9665
    endloop
  endfacet
  facet normal -0.138813 -0.990271 -0.00972127
    outer loop
      vertex -72.2714 -43.0643 15.1702
      vertex -68.4848 -43.6068 16.3627
      vertex -72.4972 -43.0416 16.0821
    endloop
  endfacet
  facet normal -0.138732 -0.99028 -0.00998228
    outer loop
      vertex -72.2281 -43.0686 14.995
      vertex -68.4848 -43.6068 16.3627
      vertex -72.2714 -43.0643 15.1702
    endloop
  endfacet
  facet normal -0.138834 -0.990268 -0.00969863
    outer loop
      vertex -58.1987 -45.0355 14.995
      vertex -68.4848 -43.6068 16.3627
      vertex -72.2281 -43.0686 14.995
    endloop
  endfacet
  facet normal -0.138835 -0.990268 -0.00970669
    outer loop
      vertex -68.4848 -43.6068 16.3627
      vertex -58.1987 -45.0355 14.995
      vertex -58.3439 -45.0355 17.0718
    endloop
  endfacet
  facet normal -0.138835 -0.990268 -0.00970345
    outer loop
      vertex -72.969 -42.9648 14.995
      vertex -74.1496 -42.8088 15.9665
      vertex -74.0817 -42.8088 14.995
    endloop
  endfacet
  facet normal -0.138804 -0.990272 -0.00971889
    outer loop
      vertex -72.4972 -43.0416 16.0821
      vertex -72.969 -42.9648 14.995
      vertex -72.2714 -43.0643 15.1702
    endloop
  endfacet
  facet normal 0.24018 -0.0248752 -0.97041
    outer loop
      vertex -74.7355 -42.8643 19.7076
      vertex -73.4726 -42.9434 20.0222
      vertex -73.4865 -43.0425 20.0213
    endloop
  endfacet
  facet normal 0.240224 -0.0241669 -0.970417
    outer loop
      vertex -73.4726 -42.9434 20.0222
      vertex -74.5827 -41.775 19.7183
      vertex -73.3338 -41.9532 20.0319
    endloop
  endfacet
  facet normal 0.240226 -0.0241651 -0.970416
    outer loop
      vertex -73.4726 -42.9434 20.0222
      vertex -74.7355 -42.8643 19.7076
      vertex -74.5827 -41.775 19.7183
    endloop
  endfacet
  facet normal -0.24027 0.0241477 0.970406
    outer loop
      vertex -72.979 -43.0643 14.995
      vertex -72.2714 -43.0643 15.1702
      vertex -72.969 -42.9648 14.995
    endloop
  endfacet
  facet normal -0.240271 0.0239329 0.970411
    outer loop
      vertex -72.2714 -43.0643 15.1702
      vertex -72.979 -43.0643 14.995
      vertex -72.2853 -43.1633 15.1692
    endloop
  endfacet
  facet normal 0.13888 0.990261 0.00972765
    outer loop
      vertex -72.979 -43.0643 14.995
      vertex -73.4865 -43.0425 20.0213
      vertex -72.2853 -43.1633 15.1692
    endloop
  endfacet
  facet normal 0.138852 0.990265 0.00972478
    outer loop
      vertex -73.5688 -42.9816 14.995
      vertex -73.4865 -43.0425 20.0213
      vertex -72.979 -43.0643 14.995
    endloop
  endfacet
  facet normal 0.138843 0.990267 0.00972494
    outer loop
      vertex -73.4865 -43.0425 20.0213
      vertex -73.5688 -42.9816 14.995
      vertex -74.7355 -42.8643 19.7076
    endloop
  endfacet
  facet normal 0.240123 -0.0248921 -0.970423
    outer loop
      vertex -71.2513 -27.0991 20.1776
      vertex -72.4863 -26.8219 19.8649
      vertex -71.2374 -27.0001 20.1785
    endloop
  endfacet
  facet normal 0.24022 -0.0240659 -0.97042
    outer loop
      vertex -72.6391 -27.9112 19.8542
      vertex -71.2513 -27.0991 20.1776
      vertex -71.3901 -28.0894 20.1678
    endloop
  endfacet
  facet normal 0.240279 -0.0241727 -0.970403
    outer loop
      vertex -71.2513 -27.0991 20.1776
      vertex -72.6391 -27.9112 19.8542
      vertex -72.4863 -26.8219 19.8649
    endloop
  endfacet
  facet normal -0.138857 -0.990265 -0.0097142
    outer loop
      vertex -71.6781 -26.9032 16.6
      vertex -71.2374 -27.0001 20.1785
      vertex -72.4863 -26.8219 19.8649
    endloop
  endfacet
  facet normal -0.138843 -0.990267 -0.00971596
    outer loop
      vertex -71.2374 -27.0001 20.1785
      vertex -71.6781 -26.9032 16.6
      vertex -70.3515 -27.0892 16.6
    endloop
  endfacet
  facet normal -0.240297 0.0241728 0.970398
    outer loop
      vertex -73.9229 -25.7736 26.1813
      vertex -75.173 -43.7766 26.3202
      vertex -72.674 -25.9518 26.495
    endloop
  endfacet
  facet normal -0.240224 0.0241679 0.970417
    outer loop
      vertex -75.173 -43.7766 26.3202
      vertex -73.9229 -25.7736 26.1813
      vertex -76.4219 -43.5984 26.0066
    endloop
  endfacet
  facet normal 0.960731 -0.137084 0.241256
    outer loop
      vertex -72.5726 -26.9662 25.5148
      vertex -71.2513 -27.0991 20.1776
      vertex -71.2374 -27.0001 20.1785
    endloop
  endfacet
  facet normal 0.96073 -0.137087 0.241256
    outer loop
      vertex -71.2374 -27.0001 20.1785
      vertex -72.674 -25.9518 26.495
      vertex -72.5726 -26.9662 25.5148
    endloop
  endfacet
  facet normal 0.960741 -0.13706 0.241229
    outer loop
      vertex -75.173 -43.7766 26.3202
      vertex -72.5726 -26.9662 25.5148
      vertex -72.674 -25.9518 26.495
    endloop
  endfacet
  facet normal 0.960751 -0.136948 0.241253
    outer loop
      vertex -74.7939 -42.8105 25.3595
      vertex -73.4865 -43.0425 20.0213
      vertex -73.4726 -42.9434 20.0222
    endloop
  endfacet
  facet normal 0.960732 -0.137075 0.241256
    outer loop
      vertex -72.3693 -44.0587 14.995
      vertex -73.4865 -43.0425 20.0213
      vertex -75.173 -43.7766 26.3202
    endloop
  endfacet
  facet normal 0.960731 -0.137087 0.241254
    outer loop
      vertex -74.7939 -42.8105 25.3595
      vertex -75.173 -43.7766 26.3202
      vertex -73.4865 -43.0425 20.0213
    endloop
  endfacet
  facet normal 0.960727 -0.137055 0.241286
    outer loop
      vertex -72.5726 -26.9662 25.5148
      vertex -75.173 -43.7766 26.3202
      vertex -74.7939 -42.8105 25.3595
    endloop
  endfacet
  facet normal 0.960736 -0.137056 0.241252
    outer loop
      vertex -72.674 -25.9518 26.495
      vertex -71.2374 -27.0001 20.1785
      vertex -70.2244 -26.1982 16.6
    endloop
  endfacet
  facet normal 0.960736 -0.137048 0.241254
    outer loop
      vertex -70.2244 -26.1982 16.6
      vertex -71.2374 -27.0001 20.1785
      vertex -70.3515 -27.0892 16.6
    endloop
  endfacet
  facet normal 0.960802 -0.137333 0.240829
    outer loop
      vertex -72.2853 -43.1633 15.1692
      vertex -72.2281 -43.0686 14.995
      vertex -72.2714 -43.0643 15.1702
    endloop
  endfacet
  facet normal 0.960804 -0.137022 0.240999
    outer loop
      vertex -72.2853 -43.1633 15.1692
      vertex -72.3693 -44.0587 14.995
      vertex -72.2281 -43.0686 14.995
    endloop
  endfacet
  facet normal 0.960734 -0.137065 0.241254
    outer loop
      vertex -73.4865 -43.0425 20.0213
      vertex -72.3693 -44.0587 14.995
      vertex -72.2853 -43.1633 15.1692
    endloop
  endfacet
  facet normal -0.960741 0.13707 -0.241223
    outer loop
      vertex -73.3338 -41.9532 20.0319
      vertex -70.4814 -28 16.6
      vertex -70.3884 -28 16.2296
    endloop
  endfacet
  facet normal -0.960733 0.137059 -0.241259
    outer loop
      vertex -70.4814 -28 16.6
      vertex -73.3338 -41.9532 20.0319
      vertex -71.3901 -28.0894 20.1678
    endloop
  endfacet
  facet normal -0.960738 0.13706 -0.24124
    outer loop
      vertex -71.3901 -28.0894 20.1678
      vertex -73.3338 -41.9532 20.0319
      vertex -74.4148 -41.8444 24.3988
    endloop
  endfacet
  facet normal -0.960734 0.137059 -0.241259
    outer loop
      vertex -72.4972 -43.0416 16.0821
      vertex -73.3338 -41.9532 20.0319
      vertex -70.3884 -28 16.2296
    endloop
  endfacet
  facet normal -0.960739 0.137034 -0.241253
    outer loop
      vertex -73.3338 -41.9532 20.0319
      vertex -72.4972 -43.0416 16.0821
      vertex -73.4726 -42.9434 20.0222
    endloop
  endfacet
  facet normal -0.960735 0.137045 -0.241261
    outer loop
      vertex -70.4814 -28 16.6
      vertex -71.2513 -27.0991 20.1776
      vertex -70.3656 -27.1882 16.6
    endloop
  endfacet
  facet normal -0.960735 0.137044 -0.24126
    outer loop
      vertex -71.2513 -27.0991 20.1776
      vertex -70.4814 -28 16.6
      vertex -71.3901 -28.0894 20.1678
    endloop
  endfacet
  facet normal -0.960735 0.137054 -0.241258
    outer loop
      vertex -72.4712 -27.9807 24.5347
      vertex -71.3901 -28.0894 20.1678
      vertex -74.4148 -41.8444 24.3988
    endloop
  endfacet
  facet normal -0.960729 0.137134 -0.241236
    outer loop
      vertex -72.4863 -26.8219 19.8649
      vertex -72.6391 -27.9112 19.8542
      vertex -73.7201 -27.8025 24.2211
    endloop
  endfacet
  facet normal -0.960741 0.137048 -0.241236
    outer loop
      vertex -71.551 -26.0122 16.6
      vertex -71.6781 -26.9032 16.6
      vertex -72.4863 -26.8219 19.8649
    endloop
  endfacet
  facet normal -0.960744 0.137002 -0.241249
    outer loop
      vertex -72.4863 -26.8219 19.8649
      vertex -73.9229 -25.7736 26.1813
      vertex -71.551 -26.0122 16.6
    endloop
  endfacet
  facet normal -0.960735 0.137056 -0.241256
    outer loop
      vertex -73.7201 -27.8025 24.2211
      vertex -73.9229 -25.7736 26.1813
      vertex -72.4863 -26.8219 19.8649
    endloop
  endfacet
  facet normal -0.960739 0.137061 -0.241234
    outer loop
      vertex -76.4219 -43.5984 26.0066
      vertex -73.7201 -27.8025 24.2211
      vertex -75.6638 -41.6662 24.0852
    endloop
  endfacet
  facet normal -0.960723 0.137134 -0.24126
    outer loop
      vertex -74.7355 -42.8643 19.7076
      vertex -75.6638 -41.6662 24.0852
      vertex -74.5827 -41.775 19.7183
    endloop
  endfacet
  facet normal -0.960734 0.137057 -0.241257
    outer loop
      vertex -73.7201 -27.8025 24.2211
      vertex -76.4219 -43.5984 26.0066
      vertex -73.9229 -25.7736 26.1813
    endloop
  endfacet
  facet normal -0.960739 0.137054 -0.241241
    outer loop
      vertex -74.7355 -42.8643 19.7076
      vertex -76.4219 -43.5984 26.0066
      vertex -75.6638 -41.6662 24.0852
    endloop
  endfacet
  facet normal -0.960737 0.137032 -0.241261
    outer loop
      vertex -73.6959 -43.8727 14.995
      vertex -74.7355 -42.8643 19.7076
      vertex -73.5688 -42.9816 14.995
    endloop
  endfacet
  facet normal -0.960746 0.136981 -0.241252
    outer loop
      vertex -74.7355 -42.8643 19.7076
      vertex -73.6959 -43.8727 14.995
      vertex -76.4219 -43.5984 26.0066
    endloop
  endfacet
  facet normal 0.240224 -0.0241653 -0.970417
    outer loop
      vertex -74.4148 -41.8444 24.3988
      vertex -73.7201 -27.8025 24.2211
      vertex -72.4712 -27.9807 24.5347
    endloop
  endfacet
  facet normal 0.240206 -0.0241645 -0.970421
    outer loop
      vertex -73.7201 -27.8025 24.2211
      vertex -74.4148 -41.8444 24.3988
      vertex -75.6638 -41.6662 24.0852
    endloop
  endfacet
  facet normal -0.138854 -0.990265 -0.00972624
    outer loop
      vertex -73.7201 -27.8025 24.2211
      vertex -71.3901 -28.0894 20.1678
      vertex -72.4712 -27.9807 24.5347
    endloop
  endfacet
  facet normal -0.138845 -0.990266 -0.00972067
    outer loop
      vertex -71.3901 -28.0894 20.1678
      vertex -73.7201 -27.8025 24.2211
      vertex -72.6391 -27.9112 19.8542
    endloop
  endfacet
  facet normal 0.13885 0.990266 0.00969932
    outer loop
      vertex -73.3338 -41.9532 20.0319
      vertex -75.6638 -41.6662 24.0852
      vertex -74.4148 -41.8444 24.3988
    endloop
  endfacet
  facet normal 0.13886 0.990265 0.00970489
    outer loop
      vertex -75.6638 -41.6662 24.0852
      vertex -73.3338 -41.9532 20.0319
      vertex -74.5827 -41.775 19.7183
    endloop
  endfacet
  facet normal -0.240229 0.024169 0.970415
    outer loop
      vertex -72.5726 -26.9662 25.5148
      vertex -70.951 -43.3587 26.3245
      vertex -68.7296 -27.5145 26.4798
    endloop
  endfacet
  facet normal -0.240235 0.0241683 0.970414
    outer loop
      vertex -70.951 -43.3587 26.3245
      vertex -72.5726 -26.9662 25.5148
      vertex -74.7939 -42.8105 25.3595
    endloop
  endfacet
  facet normal 0.960773 -0.136795 0.241251
    outer loop
      vertex -68.7296 -27.5145 26.4798
      vertex -66.3179 -28 16.6
      vertex -66.2838 -27.7605 16.6
    endloop
  endfacet
  facet normal 0.960734 -0.137062 0.241255
    outer loop
      vertex -70.951 -43.3587 26.3245
      vertex -66.3179 -28 16.6
      vertex -68.7296 -27.5145 26.4798
    endloop
  endfacet
  facet normal 0.960734 -0.13706 0.241258
    outer loop
      vertex -68.4848 -43.6068 16.3627
      vertex -66.3179 -28 16.6
      vertex -70.951 -43.3587 26.3245
    endloop
  endfacet
  facet normal 0.960918 -0.137074 0.240514
    outer loop
      vertex -66.3179 -28 16.6
      vertex -68.4848 -43.6068 16.3627
      vertex -66.2968 -28 16.5157
    endloop
  endfacet
endsolid OpenSCAD_Model
