solid OpenSCAD_Model
  facet normal -0.321582 -0.946882 0
    outer loop
      vertex 4.85195 -54.7716 15
      vertex 5.22354 -54.8978 33
      vertex 4.85195 -54.7716 33
    endloop
  endfacet
  facet normal -0.321582 -0.946882 -0
    outer loop
      vertex 5.22354 -54.8978 33
      vertex 4.85195 -54.7716 15
      vertex 5.22354 -54.8978 15
    endloop
  endfacet
  facet normal -0.44216 -0.896936 0
    outer loop
      vertex 4.5 -54.5981 15
      vertex 4.85195 -54.7716 33
      vertex 4.5 -54.5981 33
    endloop
  endfacet
  facet normal -0.44216 -0.896936 -0
    outer loop
      vertex 4.85195 -54.7716 33
      vertex 4.5 -54.5981 15
      vertex 4.85195 -54.7716 15
    endloop
  endfacet
  facet normal -1 0 0
    outer loop
      vertex 3 30 15
      vertex 3 2 33
      vertex 3 30 33
    endloop
  endfacet
  facet normal -1 0 0
    outer loop
      vertex 3 0 38
      vertex 3 2 33
      vertex 3 0 33
    endloop
  endfacet
  facet normal -1 0 0
    outer loop
      vertex 3 30 15
      vertex 3 0 33
      vertex 3 2 33
    endloop
  endfacet
  facet normal -1 0 0
    outer loop
      vertex 3 30 15
      vertex 3 -16 33
      vertex 3 0 33
    endloop
  endfacet
  facet normal -1 0 0
    outer loop
      vertex 3 -16 33
      vertex 3 -18 33
      vertex 3 -16 38
    endloop
  endfacet
  facet normal -1 0 0
    outer loop
      vertex 3 -52 15
      vertex 3 -16 33
      vertex 3 30 15
    endloop
  endfacet
  facet normal -1 -0 0
    outer loop
      vertex 3 -16 33
      vertex 3 -52 15
      vertex 3 -18 33
    endloop
  endfacet
  facet normal -1 -0 0
    outer loop
      vertex 3 -18 33
      vertex 3 -52 15
      vertex 3 -52 33
    endloop
  endfacet
  facet normal -1 0 0
    outer loop
      vertex 3 2 33
      vertex 3 0 38
      vertex 3 2 40
    endloop
  endfacet
  facet normal -1 0 0
    outer loop
      vertex 3 -16 38
      vertex 3 2 40
      vertex 3 0 38
    endloop
  endfacet
  facet normal -1 0 0
    outer loop
      vertex 3 -16 38
      vertex 3 -18 40
      vertex 3 2 40
    endloop
  endfacet
  facet normal -1 0 0
    outer loop
      vertex 3 -18 40
      vertex 3 -16 38
      vertex 3 -18 33
    endloop
  endfacet
  facet normal 1 0 0
    outer loop
      vertex 86.15 -30 33
      vertex 86.15 -52 33
      vertex 86.15 -30 17
    endloop
  endfacet
  facet normal 1 -0 0
    outer loop
      vertex 86.15 -30 17
      vertex 86.15 -2 15
      vertex 86.15 -2 17
    endloop
  endfacet
  facet normal 1 0 0
    outer loop
      vertex 86.15 -30 17
      vertex 86.15 -52 15
      vertex 86.15 -2 15
    endloop
  endfacet
  facet normal 1 0 0
    outer loop
      vertex 86.15 -52 15
      vertex 86.15 -30 17
      vertex 86.15 -52 33
    endloop
  endfacet
  facet normal 1 -0 0
    outer loop
      vertex 86.15 18 17
      vertex 86.15 30 15
      vertex 86.15 30 17
    endloop
  endfacet
  facet normal 1 0 0
    outer loop
      vertex 86.15 30 15
      vertex 86.15 18 17
      vertex 86.15 18 15
    endloop
  endfacet
  facet normal 1 -0 0
    outer loop
      vertex 86.15 0 17
      vertex 86.15 16 15
      vertex 86.15 16 17
    endloop
  endfacet
  facet normal 1 0 0
    outer loop
      vertex 86.15 16 15
      vertex 86.15 0 17
      vertex 86.15 0 15
    endloop
  endfacet
  facet normal -0.659428 -0.751768 0
    outer loop
      vertex 3.87868 -54.1213 15
      vertex 4.17372 -54.3801 33
      vertex 3.87868 -54.1213 33
    endloop
  endfacet
  facet normal -0.659428 -0.751768 -0
    outer loop
      vertex 4.17372 -54.3801 33
      vertex 3.87868 -54.1213 15
      vertex 4.17372 -54.3801 15
    endloop
  endfacet
  facet normal 0.997853 -0.0654873 0
    outer loop
      vertex 86.1243 -52.3916 33
      vertex 86.15 -52 15
      vertex 86.15 -52 33
    endloop
  endfacet
  facet normal 0.997853 -0.0654873 0
    outer loop
      vertex 86.15 -52 15
      vertex 86.1243 -52.3916 33
      vertex 86.1243 -52.3916 15
    endloop
  endfacet
  facet normal -0.831477 -0.555558 0
    outer loop
      vertex 3.61994 -53.8263 15
      vertex 3.40192 -53.5 33
      vertex 3.40192 -53.5 15
    endloop
  endfacet
  facet normal -0.831477 -0.555558 0
    outer loop
      vertex 3.40192 -53.5 33
      vertex 3.61994 -53.8263 15
      vertex 3.61994 -53.8263 33
    endloop
  endfacet
  facet normal -0.555547 -0.831485 0
    outer loop
      vertex 4.17372 -54.3801 15
      vertex 4.5 -54.5981 33
      vertex 4.17372 -54.3801 33
    endloop
  endfacet
  facet normal -0.555547 -0.831485 -0
    outer loop
      vertex 4.5 -54.5981 33
      vertex 4.17372 -54.3801 15
      vertex 4.5 -54.5981 15
    endloop
  endfacet
  facet normal -0.997858 -0.0654112 0
    outer loop
      vertex 3.02567 -52.3916 15
      vertex 3 -52 33
      vertex 3 -52 15
    endloop
  endfacet
  facet normal -0.997858 -0.0654112 0
    outer loop
      vertex 3 -52 33
      vertex 3.02567 -52.3916 15
      vertex 3.02567 -52.3916 33
    endloop
  endfacet
  facet normal -0.980791 -0.195062 0
    outer loop
      vertex 3.10222 -52.7765 15
      vertex 3.02567 -52.3916 33
      vertex 3.02567 -52.3916 15
    endloop
  endfacet
  facet normal -0.980791 -0.195062 0
    outer loop
      vertex 3.02567 -52.3916 33
      vertex 3.10222 -52.7765 15
      vertex 3.10222 -52.7765 33
    endloop
  endfacet
  facet normal 0.946858 -0.321651 0
    outer loop
      vertex 85.9216 -53.148 33
      vertex 86.0478 -52.7765 15
      vertex 86.0478 -52.7765 33
    endloop
  endfacet
  facet normal 0.946858 -0.321651 0
    outer loop
      vertex 86.0478 -52.7765 15
      vertex 85.9216 -53.148 33
      vertex 85.9216 -53.148 15
    endloop
  endfacet
  facet normal 0 0 -1
    outer loop
      vertex 39.8746 -16.7706 15
      vertex 43.7599 -4.45325 15
      vertex 43.7599 -9.42242 15
    endloop
  endfacet
  facet normal 0 0 -1
    outer loop
      vertex 43.4351 4.842 15
      vertex 40.7208 19.1345 15
      vertex 43.4351 9.43462 15
    endloop
  endfacet
  facet normal 0 0 -1
    outer loop
      vertex 14 -31.9 15
      vertex 43.7599 -4.45325 15
      vertex 39.8746 -16.7706 15
    endloop
  endfacet
  facet normal 0 0 -1
    outer loop
      vertex 39.8746 -16.7706 15
      vertex 43.7599 -9.42242 15
      vertex 43.7901 -10.4118 15
    endloop
  endfacet
  facet normal -0 0 -1
    outer loop
      vertex 43.7599 -4.45325 15
      vertex 14 -31.9 15
      vertex 43.4351 4.842 15
    endloop
  endfacet
  facet normal -0 0 -1
    outer loop
      vertex 46.9282 -0.0212752 15
      vertex 43.7599 -4.45325 15
      vertex 43.4351 4.842 15
    endloop
  endfacet
  facet normal -0 0 -1
    outer loop
      vertex 43.4644 10.3667 15
      vertex 43.4351 9.43462 15
      vertex 40.7208 19.1345 15
    endloop
  endfacet
  facet normal 0 0 -1
    outer loop
      vertex 16.9944 -34.1977 15
      vertex 40.4198 -28.5888 15
      vertex 17.0735 -34.5954 15
    endloop
  endfacet
  facet normal 0 0 -1
    outer loop
      vertex 16.864 -33.8137 15
      vertex 40.4198 -28.5888 15
      vertex 16.9944 -34.1977 15
    endloop
  endfacet
  facet normal 0 0 -1
    outer loop
      vertex 16.6847 -33.45 15
      vertex 40.4198 -28.5888 15
      vertex 16.864 -33.8137 15
    endloop
  endfacet
  facet normal 0 0 -1
    outer loop
      vertex 16.4594 -33.1128 15
      vertex 40.4198 -28.5888 15
      vertex 16.6847 -33.45 15
    endloop
  endfacet
  facet normal 0 0 -1
    outer loop
      vertex 16.192 -32.808 15
      vertex 40.4198 -28.5888 15
      vertex 16.4594 -33.1128 15
    endloop
  endfacet
  facet normal -0 0 -1
    outer loop
      vertex 40.4198 -28.5888 15
      vertex 16.192 -32.808 15
      vertex 39.8746 -16.7706 15
    endloop
  endfacet
  facet normal 0 0 -1
    outer loop
      vertex 15.8872 -32.5406 15
      vertex 39.8746 -16.7706 15
      vertex 16.192 -32.808 15
    endloop
  endfacet
  facet normal 0 0 -1
    outer loop
      vertex 15.55 -32.3153 15
      vertex 39.8746 -16.7706 15
      vertex 15.8872 -32.5406 15
    endloop
  endfacet
  facet normal 0 0 -1
    outer loop
      vertex 15.1863 -32.136 15
      vertex 39.8746 -16.7706 15
      vertex 15.55 -32.3153 15
    endloop
  endfacet
  facet normal 0 0 -1
    outer loop
      vertex 14.8023 -32.0056 15
      vertex 39.8746 -16.7706 15
      vertex 15.1863 -32.136 15
    endloop
  endfacet
  facet normal 0 0 -1
    outer loop
      vertex 14.4046 -31.9265 15
      vertex 39.8746 -16.7706 15
      vertex 14.8023 -32.0056 15
    endloop
  endfacet
  facet normal 0 0 -1
    outer loop
      vertex 14 -31.9 15
      vertex 39.8746 -16.7706 15
      vertex 14.4046 -31.9265 15
    endloop
  endfacet
  facet normal 0 0 -1
    outer loop
      vertex 40.7208 19.1345 15
      vertex 3 30 15
      vertex 41.1149 28.512 15
    endloop
  endfacet
  facet normal -0 0 -1
    outer loop
      vertex 43.4351 4.842 15
      vertex 14 -31.9 15
      vertex 3 30 15
    endloop
  endfacet
  facet normal 0 0 -1
    outer loop
      vertex 43.4351 4.842 15
      vertex 3 30 15
      vertex 40.7208 19.1345 15
    endloop
  endfacet
  facet normal 0 0 -1
    outer loop
      vertex 3 30 15
      vertex 14 -31.9 15
      vertex 13.5954 -31.9265 15
    endloop
  endfacet
  facet normal 0 0 -1
    outer loop
      vertex 3 30 15
      vertex 13.5954 -31.9265 15
      vertex 13.1977 -32.0056 15
    endloop
  endfacet
  facet normal 0 0 -1
    outer loop
      vertex 3 30 15
      vertex 13.1977 -32.0056 15
      vertex 12.8137 -32.136 15
    endloop
  endfacet
  facet normal 0 0 -1
    outer loop
      vertex 3 30 15
      vertex 12.8137 -32.136 15
      vertex 12.45 -32.3153 15
    endloop
  endfacet
  facet normal 0 0 -1
    outer loop
      vertex 3 30 15
      vertex 12.45 -32.3153 15
      vertex 12.1128 -32.5406 15
    endloop
  endfacet
  facet normal 0 0 -1
    outer loop
      vertex 3 30 15
      vertex 12.1128 -32.5406 15
      vertex 11.808 -32.808 15
    endloop
  endfacet
  facet normal 0 0 -1
    outer loop
      vertex 3 30 15
      vertex 11.808 -32.808 15
      vertex 11.5406 -33.1128 15
    endloop
  endfacet
  facet normal 0 0 -1
    outer loop
      vertex 3 30 15
      vertex 11.5406 -33.1128 15
      vertex 11.3153 -33.45 15
    endloop
  endfacet
  facet normal 0 0 -1
    outer loop
      vertex 3 30 15
      vertex 11.3153 -33.45 15
      vertex 11.136 -33.8137 15
    endloop
  endfacet
  facet normal -0 0 -1
    outer loop
      vertex 10.9265 -35.4046 15
      vertex 3 -52 15
      vertex 10.9 -35 15
    endloop
  endfacet
  facet normal -0 0 -1
    outer loop
      vertex 10.9 -35 15
      vertex 3 -52 15
      vertex 10.9265 -34.5954 15
    endloop
  endfacet
  facet normal 0 0 -1
    outer loop
      vertex 3 -52 15
      vertex 6 -55 15
      vertex 5.60842 -54.9743 15
    endloop
  endfacet
  facet normal 0 0 -1
    outer loop
      vertex 3 -52 15
      vertex 5.60842 -54.9743 15
      vertex 5.22354 -54.8978 15
    endloop
  endfacet
  facet normal 0 0 -1
    outer loop
      vertex 3 -52 15
      vertex 5.22354 -54.8978 15
      vertex 4.85195 -54.7716 15
    endloop
  endfacet
  facet normal 0 0 -1
    outer loop
      vertex 3 -52 15
      vertex 4.85195 -54.7716 15
      vertex 4.5 -54.5981 15
    endloop
  endfacet
  facet normal 0 0 -1
    outer loop
      vertex 3 -52 15
      vertex 4.5 -54.5981 15
      vertex 4.17372 -54.3801 15
    endloop
  endfacet
  facet normal 0 0 -1
    outer loop
      vertex 3 -52 15
      vertex 4.17372 -54.3801 15
      vertex 3.87868 -54.1213 15
    endloop
  endfacet
  facet normal -0 0 -1
    outer loop
      vertex 10.9265 -34.5954 15
      vertex 3 -52 15
      vertex 11.0056 -34.1977 15
    endloop
  endfacet
  facet normal 0 0 -1
    outer loop
      vertex 3 -52 15
      vertex 3.87868 -54.1213 15
      vertex 3.61994 -53.8263 15
    endloop
  endfacet
  facet normal 0 0 -1
    outer loop
      vertex 3 -52 15
      vertex 3.61994 -53.8263 15
      vertex 3.40192 -53.5 15
    endloop
  endfacet
  facet normal 0 0 -1
    outer loop
      vertex 3 -52 15
      vertex 3.40192 -53.5 15
      vertex 3.22836 -53.148 15
    endloop
  endfacet
  facet normal 0 0 -1
    outer loop
      vertex 3 -52 15
      vertex 3.22836 -53.148 15
      vertex 3.10222 -52.7765 15
    endloop
  endfacet
  facet normal 0 0 -1
    outer loop
      vertex 3 -52 15
      vertex 3.10222 -52.7765 15
      vertex 3.02567 -52.3916 15
    endloop
  endfacet
  facet normal 0 0 -1
    outer loop
      vertex 3 30 15
      vertex 11.0056 -34.1977 15
      vertex 3 -52 15
    endloop
  endfacet
  facet normal 0 0 -1
    outer loop
      vertex 41.1149 28.512 15
      vertex 3 30 15
      vertex 41.2405 30 15
    endloop
  endfacet
  facet normal 0 0 -1
    outer loop
      vertex 11.0056 -34.1977 15
      vertex 3 30 15
      vertex 11.136 -33.8137 15
    endloop
  endfacet
  facet normal 0 0 -1
    outer loop
      vertex 83.15 -55 15
      vertex 86.15 -52 15
      vertex 86.1243 -52.3916 15
    endloop
  endfacet
  facet normal 0 0 -1
    outer loop
      vertex 83.15 -55 15
      vertex 86.1243 -52.3916 15
      vertex 86.0478 -52.7765 15
    endloop
  endfacet
  facet normal 0 0 -1
    outer loop
      vertex 83.15 -55 15
      vertex 86.0478 -52.7765 15
      vertex 85.9216 -53.148 15
    endloop
  endfacet
  facet normal 0 0 -1
    outer loop
      vertex 83.15 -55 15
      vertex 85.9216 -53.148 15
      vertex 85.7481 -53.5 15
    endloop
  endfacet
  facet normal 0 0 -1
    outer loop
      vertex 83.15 -55 15
      vertex 85.7481 -53.5 15
      vertex 85.5301 -53.8263 15
    endloop
  endfacet
  facet normal 0 0 -1
    outer loop
      vertex 83.15 -55 15
      vertex 85.5301 -53.8263 15
      vertex 85.2713 -54.1213 15
    endloop
  endfacet
  facet normal 0 0 -1
    outer loop
      vertex 83.15 -55 15
      vertex 85.2713 -54.1213 15
      vertex 84.9763 -54.3801 15
    endloop
  endfacet
  facet normal 0 0 -1
    outer loop
      vertex 83.15 -55 15
      vertex 84.9763 -54.3801 15
      vertex 84.65 -54.5981 15
    endloop
  endfacet
  facet normal 0 0 -1
    outer loop
      vertex 83.15 -55 15
      vertex 84.65 -54.5981 15
      vertex 84.298 -54.7716 15
    endloop
  endfacet
  facet normal 0 0 -1
    outer loop
      vertex 83.15 -55 15
      vertex 84.298 -54.7716 15
      vertex 83.9265 -54.8978 15
    endloop
  endfacet
  facet normal 0 0 -1
    outer loop
      vertex 83.15 -55 15
      vertex 83.9265 -54.8978 15
      vertex 83.5416 -54.9743 15
    endloop
  endfacet
  facet normal -0 0 -1
    outer loop
      vertex 86.15 -52 15
      vertex 83.15 -55 15
      vertex 75.6523 -43.5984 15
    endloop
  endfacet
  facet normal 0 0 -1
    outer loop
      vertex 86.15 -52 15
      vertex 73.65 -29.3862 15
      vertex 73.65 -26 15
    endloop
  endfacet
  facet normal 0 0 -1
    outer loop
      vertex 86.15 -52 15
      vertex 73.65 -26 15
      vertex 86.15 -2 15
    endloop
  endfacet
  facet normal 0 0 -1
    outer loop
      vertex 67.2524 -9.55623 15
      vertex 83.15 -2 15
      vertex 73.65 -26 15
    endloop
  endfacet
  facet normal 0 0 -1
    outer loop
      vertex 66.6951 -7.44791 15
      vertex 83.15 -2 15
      vertex 67.2524 -9.55623 15
    endloop
  endfacet
  facet normal 0 0 -1
    outer loop
      vertex 65.3549 2.43349 15
      vertex 83.15 -2 15
      vertex 66.6951 -7.44791 15
    endloop
  endfacet
  facet normal 0 0 -1
    outer loop
      vertex 83.15 -2 15
      vertex 65.3549 2.43349 15
      vertex 83.15 0 15
    endloop
  endfacet
  facet normal 0 0 -1
    outer loop
      vertex 86.15 -52 15
      vertex 75.6523 -43.5984 15
      vertex 73.65 -29.3862 15
    endloop
  endfacet
  facet normal 0 0 -1
    outer loop
      vertex 83.15 -55 15
      vertex 75.3393 -43.6423 15
      vertex 75.6523 -43.5984 15
    endloop
  endfacet
  facet normal 0 0 -1
    outer loop
      vertex 83.15 -55 15
      vertex 74.9811 -43.6925 15
      vertex 75.3393 -43.6423 15
    endloop
  endfacet
  facet normal 0 0 -1
    outer loop
      vertex 83.15 -55 15
      vertex 72.3705 -44.0585 15
      vertex 74.9811 -43.6925 15
    endloop
  endfacet
  facet normal 0 0 -1
    outer loop
      vertex 83.15 -55 15
      vertex 59.7489 -45.8281 15
      vertex 72.3705 -44.0585 15
    endloop
  endfacet
  facet normal 0 0 -1
    outer loop
      vertex 83.15 -55 15
      vertex 59.2433 -45.8989 15
      vertex 59.7489 -45.8281 15
    endloop
  endfacet
  facet normal 0 0 -1
    outer loop
      vertex 83.15 -55 15
      vertex 55.5165 -46.4214 15
      vertex 59.2433 -45.8989 15
    endloop
  endfacet
  facet normal 0 0 -1
    outer loop
      vertex 83.15 -55 15
      vertex 50.0011 -47.1947 15
      vertex 55.5165 -46.4214 15
    endloop
  endfacet
  facet normal 0 0 -1
    outer loop
      vertex 83.15 -55 15
      vertex 46.6592 -47.6632 15
      vertex 50.0011 -47.1947 15
    endloop
  endfacet
  facet normal 0 0 -1
    outer loop
      vertex 83.15 -55 15
      vertex 44.814 -47.9219 15
      vertex 46.6592 -47.6632 15
    endloop
  endfacet
  facet normal 0 0 -1
    outer loop
      vertex 83.15 -55 15
      vertex 44.6857 -47.9399 15
      vertex 44.814 -47.9219 15
    endloop
  endfacet
  facet normal 0 0 -1
    outer loop
      vertex 16.192 -37.192 15
      vertex 44.6385 -47.4723 15
      vertex 44.6857 -47.9399 15
    endloop
  endfacet
  facet normal -0 0 -1
    outer loop
      vertex 40.9457 -34.2636 15
      vertex 17.0735 -34.5954 15
      vertex 40.4198 -28.5888 15
    endloop
  endfacet
  facet normal 0 0 -1
    outer loop
      vertex 17.0735 -34.5954 15
      vertex 40.9457 -34.2636 15
      vertex 17.1 -35 15
    endloop
  endfacet
  facet normal 0 0 -1
    outer loop
      vertex 44.6385 -47.4723 15
      vertex 16.6847 -36.55 15
      vertex 40.9457 -34.2636 15
    endloop
  endfacet
  facet normal 0 0 -1
    outer loop
      vertex 40.9457 -34.2636 15
      vertex 17.0735 -35.4046 15
      vertex 17.1 -35 15
    endloop
  endfacet
  facet normal 0 0 -1
    outer loop
      vertex 40.9457 -34.2636 15
      vertex 16.9944 -35.8023 15
      vertex 17.0735 -35.4046 15
    endloop
  endfacet
  facet normal 0 0 -1
    outer loop
      vertex 40.9457 -34.2636 15
      vertex 16.864 -36.1863 15
      vertex 16.9944 -35.8023 15
    endloop
  endfacet
  facet normal 0 0 -1
    outer loop
      vertex 40.9457 -34.2636 15
      vertex 16.6847 -36.55 15
      vertex 16.864 -36.1863 15
    endloop
  endfacet
  facet normal 0 0 -1
    outer loop
      vertex 44.6385 -47.4723 15
      vertex 16.4594 -36.8872 15
      vertex 16.6847 -36.55 15
    endloop
  endfacet
  facet normal 0 0 -1
    outer loop
      vertex 44.6385 -47.4723 15
      vertex 16.192 -37.192 15
      vertex 16.4594 -36.8872 15
    endloop
  endfacet
  facet normal 0 0 -1
    outer loop
      vertex 44.6857 -47.9399 15
      vertex 15.8872 -37.4594 15
      vertex 16.192 -37.192 15
    endloop
  endfacet
  facet normal 0 0 -1
    outer loop
      vertex 44.6857 -47.9399 15
      vertex 15.55 -37.6847 15
      vertex 15.8872 -37.4594 15
    endloop
  endfacet
  facet normal 0 0 -1
    outer loop
      vertex 6 -55 15
      vertex 15.55 -37.6847 15
      vertex 44.6857 -47.9399 15
    endloop
  endfacet
  facet normal 0 0 -1
    outer loop
      vertex 15.55 -37.6847 15
      vertex 6 -55 15
      vertex 15.1863 -37.864 15
    endloop
  endfacet
  facet normal 0 0 -1
    outer loop
      vertex 15.1863 -37.864 15
      vertex 6 -55 15
      vertex 14.8023 -37.9944 15
    endloop
  endfacet
  facet normal 0 0 -1
    outer loop
      vertex 14.8023 -37.9944 15
      vertex 6 -55 15
      vertex 14.4046 -38.0735 15
    endloop
  endfacet
  facet normal 0 0 -1
    outer loop
      vertex 14.4046 -38.0735 15
      vertex 6 -55 15
      vertex 14 -38.1 15
    endloop
  endfacet
  facet normal -0 0 -1
    outer loop
      vertex 14 -38.1 15
      vertex 6 -55 15
      vertex 13.5954 -38.0735 15
    endloop
  endfacet
  facet normal -0 0 -1
    outer loop
      vertex 11.0056 -35.8023 15
      vertex 3 -52 15
      vertex 10.9265 -35.4046 15
    endloop
  endfacet
  facet normal -0 0 -1
    outer loop
      vertex 11.136 -36.1863 15
      vertex 3 -52 15
      vertex 11.0056 -35.8023 15
    endloop
  endfacet
  facet normal -0 0 -1
    outer loop
      vertex 11.3153 -36.55 15
      vertex 3 -52 15
      vertex 11.136 -36.1863 15
    endloop
  endfacet
  facet normal -0 0 -1
    outer loop
      vertex 11.5406 -36.8872 15
      vertex 3 -52 15
      vertex 11.3153 -36.55 15
    endloop
  endfacet
  facet normal -0 0 -1
    outer loop
      vertex 11.808 -37.192 15
      vertex 3 -52 15
      vertex 11.5406 -36.8872 15
    endloop
  endfacet
  facet normal -0 0 -1
    outer loop
      vertex 12.1128 -37.4594 15
      vertex 3 -52 15
      vertex 11.808 -37.192 15
    endloop
  endfacet
  facet normal -0 0 -1
    outer loop
      vertex 12.45 -37.6847 15
      vertex 3 -52 15
      vertex 12.1128 -37.4594 15
    endloop
  endfacet
  facet normal -0 0 -1
    outer loop
      vertex 12.8137 -37.864 15
      vertex 3 -52 15
      vertex 12.45 -37.6847 15
    endloop
  endfacet
  facet normal -0 0 -1
    outer loop
      vertex 13.1977 -37.9944 15
      vertex 3 -52 15
      vertex 12.8137 -37.864 15
    endloop
  endfacet
  facet normal 0 0 -1
    outer loop
      vertex 3 -52 15
      vertex 13.1977 -37.9944 15
      vertex 6 -55 15
    endloop
  endfacet
  facet normal -0 0 -1
    outer loop
      vertex 13.5954 -38.0735 15
      vertex 6 -55 15
      vertex 13.1977 -37.9944 15
    endloop
  endfacet
  facet normal 0 0 -1
    outer loop
      vertex 6 -55 15
      vertex 44.6857 -47.9399 15
      vertex 83.15 -55 15
    endloop
  endfacet
  facet normal 0 0 -1
    outer loop
      vertex 86.15 0 15
      vertex 84.45 1 15
      vertex 86.15 16 15
    endloop
  endfacet
  facet normal 0 0 -1
    outer loop
      vertex 83.15 0 15
      vertex 84.45 1 15
      vertex 86.15 0 15
    endloop
  endfacet
  facet normal -0 0 -1
    outer loop
      vertex 84.45 1 15
      vertex 83.15 0 15
      vertex 83.15 1 15
    endloop
  endfacet
  facet normal 0 0 -1
    outer loop
      vertex 84.45 15 15
      vertex 86.15 16 15
      vertex 84.45 1 15
    endloop
  endfacet
  facet normal 0 0 -1
    outer loop
      vertex 83.15 16 15
      vertex 84.45 15 15
      vertex 83.15 15 15
    endloop
  endfacet
  facet normal 0 0 -1
    outer loop
      vertex 84.45 15 15
      vertex 83.15 16 15
      vertex 86.15 16 15
    endloop
  endfacet
  facet normal 0 0 -1
    outer loop
      vertex 83.15 18 15
      vertex 86.15 30 15
      vertex 86.15 18 15
    endloop
  endfacet
  facet normal -0 0 -1
    outer loop
      vertex 86.15 -2 15
      vertex 73.65 -26 15
      vertex 83.15 -2 15
    endloop
  endfacet
  facet normal 0 0 -1
    outer loop
      vertex 83.15 0 15
      vertex 65.3549 2.43349 15
      vertex 83.15 1 15
    endloop
  endfacet
  facet normal 0 0 -1
    outer loop
      vertex 73.141 -25.7736 15
      vertex 73.65 -26 15
      vertex 73.1729 -26 15
    endloop
  endfacet
  facet normal 0 0 -1
    outer loop
      vertex 67.2524 -9.55623 15
      vertex 73.65 -26 15
      vertex 73.141 -25.7736 15
    endloop
  endfacet
  facet normal 0 0 -1
    outer loop
      vertex 69.3174 27.0948 15
      vertex 86.15 30 15
      vertex 83.15 18 15
    endloop
  endfacet
  facet normal 0 -0 -1
    outer loop
      vertex 65.7513 7.52179 15
      vertex 83.15 1 15
      vertex 65.3549 2.43349 15
    endloop
  endfacet
  facet normal -0 0 -1
    outer loop
      vertex 86.15 30 15
      vertex 69.3174 27.0948 15
      vertex 69.7267 30 15
    endloop
  endfacet
  facet normal 0 0 -1
    outer loop
      vertex 83.15 18 15
      vertex 69.1313 25.7736 15
      vertex 69.3174 27.0948 15
    endloop
  endfacet
  facet normal 0 -0 -1
    outer loop
      vertex 66.0057 9.35532 15
      vertex 83.15 1 15
      vertex 65.7513 7.52179 15
    endloop
  endfacet
  facet normal 0 0 -1
    outer loop
      vertex 66.6951 -7.44791 15
      vertex 67.2524 -9.55623 15
      vertex 66.8193 -8.36333 15
    endloop
  endfacet
  facet normal 0 0 -1
    outer loop
      vertex 83.15 1 15
      vertex 66.0057 9.35532 15
      vertex 83.15 15 15
    endloop
  endfacet
  facet normal 0 0 -1
    outer loop
      vertex 83.15 16 15
      vertex 69.1313 25.7736 15
      vertex 83.15 18 15
    endloop
  endfacet
  facet normal 0 -0 -1
    outer loop
      vertex 69.1313 25.7736 15
      vertex 83.15 16 15
      vertex 66.0057 9.35532 15
    endloop
  endfacet
  facet normal 0 0 -1
    outer loop
      vertex 66.0057 9.35532 15
      vertex 65.7513 7.52179 15
      vertex 65.8168 8.36333 15
    endloop
  endfacet
  facet normal -0 0 -1
    outer loop
      vertex 83.15 15 15
      vertex 66.0057 9.35532 15
      vertex 83.15 16 15
    endloop
  endfacet
  facet normal 0 0 -1
    outer loop
      vertex 54.9796 -25.2283 15
      vertex 59.3007 -14.0833 15
      vertex 59.3007 -24.9269 15
    endloop
  endfacet
  facet normal -0 0 -1
    outer loop
      vertex 59.3007 -14.0833 15
      vertex 51.7683 -15.9604 15
      vertex 59.1221 -11.5668 15
    endloop
  endfacet
  facet normal 0 0 -1
    outer loop
      vertex 59.3007 -14.0833 15
      vertex 54.9796 -25.2283 15
      vertex 51.7683 -15.9604 15
    endloop
  endfacet
  facet normal 0 0 -1
    outer loop
      vertex 50.6408 -12.7065 15
      vertex 59.1221 -11.5668 15
      vertex 51.7683 -15.9604 15
    endloop
  endfacet
  facet normal 0 0 -1
    outer loop
      vertex 50.5178 -11.5053 15
      vertex 59.1221 -11.5668 15
      vertex 50.6408 -12.7065 15
    endloop
  endfacet
  facet normal 0 0 -1
    outer loop
      vertex 50.5178 -11.5053 15
      vertex 50.6408 -12.7065 15
      vertex 50.593 -12.5769 15
    endloop
  endfacet
  facet normal 0 0 -1
    outer loop
      vertex 59.1221 -11.5668 15
      vertex 50.5178 -11.5053 15
      vertex 59.0753 -10.9084 15
    endloop
  endfacet
  facet normal 0 0 -1
    outer loop
      vertex 50.0351 17.5956 15
      vertex 59.0516 24.8743 15
      vertex 58.102 11.4956 15
    endloop
  endfacet
  facet normal 0 0 -1
    outer loop
      vertex 49.5154 11.5053 15
      vertex 58.102 11.4956 15
      vertex 58.0604 10.9093 15
    endloop
  endfacet
  facet normal -0 0 -1
    outer loop
      vertex 59.0516 24.8743 15
      vertex 50.0351 17.5956 15
      vertex 51.4786 25.4026 15
    endloop
  endfacet
  facet normal 0 0 -1
    outer loop
      vertex 58.102 11.4956 15
      vertex 49.8903 16.8536 15
      vertex 50.0351 17.5956 15
    endloop
  endfacet
  facet normal 0 0 -1
    outer loop
      vertex 58.102 11.4956 15
      vertex 49.5154 11.5053 15
      vertex 49.8903 16.8536 15
    endloop
  endfacet
  facet normal 0 0 -1
    outer loop
      vertex 48.1185 0.763498 15
      vertex 56.3509 -7 15
      vertex 49.1357 -7 15
    endloop
  endfacet
  facet normal 0 0 -1
    outer loop
      vertex 56.3509 -7 15
      vertex 48.1185 0.763498 15
      vertex 56.3509 7 15
    endloop
  endfacet
  facet normal 0 0 -1
    outer loop
      vertex 47.9829 3.37331 15
      vertex 56.3509 7 15
      vertex 48.1185 0.763498 15
    endloop
  endfacet
  facet normal 0 0 -1
    outer loop
      vertex 47.9829 3.37331 15
      vertex 48.1185 0.763498 15
      vertex 47.9829 1.16185 15
    endloop
  endfacet
  facet normal -0 0 -1
    outer loop
      vertex 56.3509 7 15
      vertex 47.9829 3.37331 15
      vertex 48.2594 7 15
    endloop
  endfacet
  facet normal 0 -1 0
    outer loop
      vertex 23.15 -55 28.15
      vertex 36 -55 33
      vertex 6 -55 33
    endloop
  endfacet
  facet normal 0 -1 -0
    outer loop
      vertex 36 -55 33
      vertex 35.15 -55 28.15
      vertex 36 -55 29
    endloop
  endfacet
  facet normal 0 -1 0
    outer loop
      vertex 35.15 -55 28.15
      vertex 36 -55 33
      vertex 23.15 -55 28.15
    endloop
  endfacet
  facet normal 0 -1 0
    outer loop
      vertex 6 -55 33
      vertex 23.15 -55 26.85
      vertex 23.15 -55 28.15
    endloop
  endfacet
  facet normal 0 -1 -0
    outer loop
      vertex 23.15 -55 26.85
      vertex 6 -55 15
      vertex 35.15 -55 26.85
    endloop
  endfacet
  facet normal 0 -1 0
    outer loop
      vertex 6 -55 15
      vertex 23.15 -55 26.85
      vertex 6 -55 33
    endloop
  endfacet
  facet normal 0 -1 0
    outer loop
      vertex 37.3 -55 29
      vertex 83.15 -55 33
      vertex 37.3 -55 33
    endloop
  endfacet
  facet normal 0 -1 -0
    outer loop
      vertex 36 -55 29
      vertex 35.15 -55 28.15
      vertex 37.3 -55 29
    endloop
  endfacet
  facet normal 0 -1 0
    outer loop
      vertex 35.15 -55 26.85
      vertex 37.3 -55 29
      vertex 35.15 -55 28.15
    endloop
  endfacet
  facet normal 0 -1 0
    outer loop
      vertex 83.15 -55 15
      vertex 37.3 -55 29
      vertex 35.15 -55 26.85
    endloop
  endfacet
  facet normal 0 -1 0
    outer loop
      vertex 83.15 -55 15
      vertex 35.15 -55 26.85
      vertex 6 -55 15
    endloop
  endfacet
  facet normal 0 -1 0
    outer loop
      vertex 37.3 -55 29
      vertex 83.15 -55 15
      vertex 83.15 -55 33
    endloop
  endfacet
  facet normal 0.0654873 -0.997853 0
    outer loop
      vertex 83.15 -55 15
      vertex 83.5416 -54.9743 33
      vertex 83.15 -55 33
    endloop
  endfacet
  facet normal 0.0654873 -0.997853 0
    outer loop
      vertex 83.5416 -54.9743 33
      vertex 83.15 -55 15
      vertex 83.5416 -54.9743 15
    endloop
  endfacet
  facet normal -0.8969 -0.442233 0
    outer loop
      vertex 3.40192 -53.5 15
      vertex 3.22836 -53.148 33
      vertex 3.22836 -53.148 15
    endloop
  endfacet
  facet normal -0.8969 -0.442233 0
    outer loop
      vertex 3.22836 -53.148 33
      vertex 3.40192 -53.5 15
      vertex 3.40192 -53.5 33
    endloop
  endfacet
  facet normal 0.751724 -0.659478 0
    outer loop
      vertex 85.2713 -54.1213 33
      vertex 85.5301 -53.8263 15
      vertex 85.5301 -53.8263 33
    endloop
  endfacet
  facet normal 0.751724 -0.659478 0
    outer loop
      vertex 85.5301 -53.8263 15
      vertex 85.2713 -54.1213 33
      vertex 85.2713 -54.1213 15
    endloop
  endfacet
  facet normal 0.321651 -0.946858 0
    outer loop
      vertex 83.9265 -54.8978 15
      vertex 84.298 -54.7716 33
      vertex 83.9265 -54.8978 33
    endloop
  endfacet
  facet normal 0.321651 -0.946858 0
    outer loop
      vertex 84.298 -54.7716 33
      vertex 83.9265 -54.8978 15
      vertex 84.298 -54.7716 15
    endloop
  endfacet
  facet normal -0.751799 -0.659392 0
    outer loop
      vertex 3.87868 -54.1213 15
      vertex 3.61994 -53.8263 33
      vertex 3.61994 -53.8263 15
    endloop
  endfacet
  facet normal -0.751799 -0.659392 0
    outer loop
      vertex 3.61994 -53.8263 33
      vertex 3.87868 -54.1213 15
      vertex 3.87868 -54.1213 33
    endloop
  endfacet
  facet normal 0.980815 -0.19494 0
    outer loop
      vertex 86.0478 -52.7765 33
      vertex 86.1243 -52.3916 15
      vertex 86.1243 -52.3916 33
    endloop
  endfacet
  facet normal 0.980815 -0.19494 0
    outer loop
      vertex 86.1243 -52.3916 15
      vertex 86.0478 -52.7765 33
      vertex 86.0478 -52.7765 15
    endloop
  endfacet
  facet normal 0.555523 -0.831501 0
    outer loop
      vertex 84.65 -54.5981 15
      vertex 84.9763 -54.3801 33
      vertex 84.65 -54.5981 33
    endloop
  endfacet
  facet normal 0.555523 -0.831501 0
    outer loop
      vertex 84.9763 -54.3801 33
      vertex 84.65 -54.5981 15
      vertex 84.9763 -54.3801 15
    endloop
  endfacet
  facet normal 0.659478 -0.751724 0
    outer loop
      vertex 84.9763 -54.3801 15
      vertex 85.2713 -54.1213 33
      vertex 84.9763 -54.3801 33
    endloop
  endfacet
  facet normal 0.659478 -0.751724 0
    outer loop
      vertex 85.2713 -54.1213 33
      vertex 84.9763 -54.3801 15
      vertex 85.2713 -54.1213 15
    endloop
  endfacet
  facet normal -0.946905 -0.321514 0
    outer loop
      vertex 3.22836 -53.148 15
      vertex 3.10222 -52.7765 33
      vertex 3.10222 -52.7765 15
    endloop
  endfacet
  facet normal -0.946905 -0.321514 0
    outer loop
      vertex 3.10222 -52.7765 33
      vertex 3.22836 -53.148 15
      vertex 3.22836 -53.148 33
    endloop
  endfacet
  facet normal 0.831501 -0.555523 0
    outer loop
      vertex 85.5301 -53.8263 33
      vertex 85.7481 -53.5 15
      vertex 85.7481 -53.5 33
    endloop
  endfacet
  facet normal 0.831501 -0.555523 0
    outer loop
      vertex 85.7481 -53.5 15
      vertex 85.5301 -53.8263 33
      vertex 85.5301 -53.8263 15
    endloop
  endfacet
  facet normal 0.896961 -0.44211 0
    outer loop
      vertex 85.7481 -53.5 33
      vertex 85.9216 -53.148 15
      vertex 85.9216 -53.148 33
    endloop
  endfacet
  facet normal 0.896961 -0.44211 0
    outer loop
      vertex 85.9216 -53.148 15
      vertex 85.7481 -53.5 33
      vertex 85.7481 -53.5 15
    endloop
  endfacet
  facet normal 0.19494 -0.980815 0
    outer loop
      vertex 83.5416 -54.9743 15
      vertex 83.9265 -54.8978 33
      vertex 83.5416 -54.9743 33
    endloop
  endfacet
  facet normal 0.19494 -0.980815 0
    outer loop
      vertex 83.9265 -54.8978 33
      vertex 83.5416 -54.9743 15
      vertex 83.9265 -54.8978 15
    endloop
  endfacet
  facet normal -0.0654906 -0.997853 0
    outer loop
      vertex 5.60842 -54.9743 15
      vertex 6 -55 33
      vertex 5.60842 -54.9743 33
    endloop
  endfacet
  facet normal -0.0654906 -0.997853 -0
    outer loop
      vertex 6 -55 33
      vertex 5.60842 -54.9743 15
      vertex 6 -55 15
    endloop
  endfacet
  facet normal -0 0 1
    outer loop
      vertex 83.65 -30 33
      vertex 86.15 -52 33
      vertex 86.15 -30 33
    endloop
  endfacet
  facet normal 0 0 1
    outer loop
      vertex 83.65 -52.5 33
      vertex 86.15 -52 33
      vertex 83.65 -30 33
    endloop
  endfacet
  facet normal 0 0 1
    outer loop
      vertex 86.1243 -52.3916 33
      vertex 83.65 -52.5 33
      vertex 86.0478 -52.7765 33
    endloop
  endfacet
  facet normal 0 0 1
    outer loop
      vertex 86.0478 -52.7765 33
      vertex 83.65 -52.5 33
      vertex 85.9216 -53.148 33
    endloop
  endfacet
  facet normal 0 0 1
    outer loop
      vertex 85.9216 -53.148 33
      vertex 83.65 -52.5 33
      vertex 85.7481 -53.5 33
    endloop
  endfacet
  facet normal 0 0 1
    outer loop
      vertex 85.7481 -53.5 33
      vertex 83.65 -52.5 33
      vertex 85.5301 -53.8263 33
    endloop
  endfacet
  facet normal 0 0 1
    outer loop
      vertex 85.5301 -53.8263 33
      vertex 83.65 -52.5 33
      vertex 85.2713 -54.1213 33
    endloop
  endfacet
  facet normal 0 0 1
    outer loop
      vertex 85.2713 -54.1213 33
      vertex 83.65 -52.5 33
      vertex 84.9763 -54.3801 33
    endloop
  endfacet
  facet normal 0 0 1
    outer loop
      vertex 84.9763 -54.3801 33
      vertex 83.65 -52.5 33
      vertex 84.65 -54.5981 33
    endloop
  endfacet
  facet normal 0 0 1
    outer loop
      vertex 84.65 -54.5981 33
      vertex 83.65 -52.5 33
      vertex 84.298 -54.7716 33
    endloop
  endfacet
  facet normal 0 0 1
    outer loop
      vertex 86.15 -52 33
      vertex 83.65 -52.5 33
      vertex 86.1243 -52.3916 33
    endloop
  endfacet
  facet normal 0 0 1
    outer loop
      vertex 84.298 -54.7716 33
      vertex 83.65 -52.5 33
      vertex 83.9265 -54.8978 33
    endloop
  endfacet
  facet normal 0 0 1
    outer loop
      vertex 83.65 -52.5 33
      vertex 83.5416 -54.9743 33
      vertex 83.9265 -54.8978 33
    endloop
  endfacet
  facet normal 0 0 1
    outer loop
      vertex 83.65 -52.5 33
      vertex 83.15 -55 33
      vertex 83.5416 -54.9743 33
    endloop
  endfacet
  facet normal -0 0 1
    outer loop
      vertex 37.3 -52.5 33
      vertex 83.15 -55 33
      vertex 83.65 -52.5 33
    endloop
  endfacet
  facet normal 0 0 1
    outer loop
      vertex 83.15 -55 33
      vertex 37.3 -52.5 33
      vertex 37.3 -55 33
    endloop
  endfacet
  facet normal 0 0 0
    outer loop
      vertex 83.65 -52.5 33
      vertex 83.65 -30 33
      vertex 83.65 30 33
    endloop
  endfacet
  facet normal -0 0 1
    outer loop
      vertex 3 -52 33
      vertex 5.5 -52.5 33
      vertex 5.5 -30 33
    endloop
  endfacet
  facet normal -0 -0 1
    outer loop
      vertex 3.02567 -52.3916 33
      vertex 5.5 -52.5 33
      vertex 3 -52 33
    endloop
  endfacet
  facet normal 0 0 1
    outer loop
      vertex 5.5 -52.5 33
      vertex 4.85195 -54.7716 33
      vertex 5.22354 -54.8978 33
    endloop
  endfacet
  facet normal 0 0 1
    outer loop
      vertex 5.5 -52.5 33
      vertex 4.5 -54.5981 33
      vertex 4.85195 -54.7716 33
    endloop
  endfacet
  facet normal 0 0 1
    outer loop
      vertex 5.5 -52.5 33
      vertex 4.17372 -54.3801 33
      vertex 4.5 -54.5981 33
    endloop
  endfacet
  facet normal 0 0 1
    outer loop
      vertex 5.5 -52.5 33
      vertex 3.87868 -54.1213 33
      vertex 4.17372 -54.3801 33
    endloop
  endfacet
  facet normal 0 0 1
    outer loop
      vertex 5.5 -52.5 33
      vertex 3.61994 -53.8263 33
      vertex 3.87868 -54.1213 33
    endloop
  endfacet
  facet normal 0 0 1
    outer loop
      vertex 5.5 -52.5 33
      vertex 3.40192 -53.5 33
      vertex 3.61994 -53.8263 33
    endloop
  endfacet
  facet normal 0 0 1
    outer loop
      vertex 5.5 -52.5 33
      vertex 3.22836 -53.148 33
      vertex 3.40192 -53.5 33
    endloop
  endfacet
  facet normal 0 0 1
    outer loop
      vertex 5.5 -52.5 33
      vertex 3.10222 -52.7765 33
      vertex 3.22836 -53.148 33
    endloop
  endfacet
  facet normal 0 0 1
    outer loop
      vertex 3 -52 33
      vertex 5.5 -30 33
      vertex 3 -30 33
    endloop
  endfacet
  facet normal 0 0 1
    outer loop
      vertex 5.5 -52.5 33
      vertex 3.02567 -52.3916 33
      vertex 3.10222 -52.7765 33
    endloop
  endfacet
  facet normal 0 0 0
    outer loop
      vertex 3 -52 33
      vertex 3 -30 33
      vertex 3 -18 33
    endloop
  endfacet
  facet normal 0 0 1
    outer loop
      vertex 36 -52.5 33
      vertex 6 -55 33
      vertex 36 -55 33
    endloop
  endfacet
  facet normal -0 0 1
    outer loop
      vertex 5.5 -52.5 33
      vertex 6 -55 33
      vertex 36 -52.5 33
    endloop
  endfacet
  facet normal 0 0 1
    outer loop
      vertex 6 -55 33
      vertex 5.5 -52.5 33
      vertex 5.60842 -54.9743 33
    endloop
  endfacet
  facet normal 0 0 1
    outer loop
      vertex 5.60842 -54.9743 33
      vertex 5.5 -52.5 33
      vertex 5.22354 -54.8978 33
    endloop
  endfacet
  facet normal 0.44211 -0.896961 0
    outer loop
      vertex 84.298 -54.7716 15
      vertex 84.65 -54.5981 33
      vertex 84.298 -54.7716 33
    endloop
  endfacet
  facet normal 0.44211 -0.896961 0
    outer loop
      vertex 84.65 -54.5981 33
      vertex 84.298 -54.7716 15
      vertex 84.65 -54.5981 15
    endloop
  endfacet
  facet normal -0.19495 -0.980813 0
    outer loop
      vertex 5.22354 -54.8978 15
      vertex 5.60842 -54.9743 33
      vertex 5.22354 -54.8978 33
    endloop
  endfacet
  facet normal -0.19495 -0.980813 -0
    outer loop
      vertex 5.60842 -54.9743 33
      vertex 5.22354 -54.8978 15
      vertex 5.60842 -54.9743 15
    endloop
  endfacet
  facet normal -1 0 0
    outer loop
      vertex 83.65 -2 15.01
      vertex 83.65 -52.5 15.01
      vertex 83.65 -2 30
    endloop
  endfacet
  facet normal -1 0 0
    outer loop
      vertex 83.65 18 30
      vertex 83.65 30 15.01
      vertex 83.65 18 15.01
    endloop
  endfacet
  facet normal -1 0 0
    outer loop
      vertex 83.65 30 15.01
      vertex 83.65 18 30
      vertex 83.65 30 33
    endloop
  endfacet
  facet normal -1 0 0
    outer loop
      vertex 83.65 -2 30
      vertex 83.65 30 33
      vertex 83.65 18 30
    endloop
  endfacet
  facet normal -1 0 0
    outer loop
      vertex 83.65 -2 30
      vertex 83.65 -52.5 33
      vertex 83.65 30 33
    endloop
  endfacet
  facet normal -1 0 0
    outer loop
      vertex 83.65 -52.5 33
      vertex 83.65 -2 30
      vertex 83.65 -52.5 15.01
    endloop
  endfacet
  facet normal -1 0 0
    outer loop
      vertex 83.65 1 15.01
      vertex 83.65 0 15.01
      vertex 83.65 1 27
    endloop
  endfacet
  facet normal -1 0 0
    outer loop
      vertex 83.65 15 27
      vertex 83.65 16 15.01
      vertex 83.65 15 15.01
    endloop
  endfacet
  facet normal -1 0 0
    outer loop
      vertex 83.65 16 15.01
      vertex 83.65 15 27
      vertex 83.65 16 28
    endloop
  endfacet
  facet normal -1 0 0
    outer loop
      vertex 83.65 1 27
      vertex 83.65 16 28
      vertex 83.65 15 27
    endloop
  endfacet
  facet normal -1 0 0
    outer loop
      vertex 83.65 1 27
      vertex 83.65 0 28
      vertex 83.65 16 28
    endloop
  endfacet
  facet normal -1 0 0
    outer loop
      vertex 83.65 0 28
      vertex 83.65 1 27
      vertex 83.65 0 15.01
    endloop
  endfacet
  facet normal 0 0 1
    outer loop
      vertex 43.3564 4.76502 15.01
      vertex 17.1 -35 15.01
      vertex 39.8245 -16.7341 15.01
    endloop
  endfacet
  facet normal 0 0 1
    outer loop
      vertex 5.5 30 15.01
      vertex 40.6619 19.0855 15.01
      vertex 41.0581 28.5136 15.01
    endloop
  endfacet
  facet normal -0 0 1
    outer loop
      vertex 5.5 30 15.01
      vertex 41.0581 28.5136 15.01
      vertex 41.1836 30 15.01
    endloop
  endfacet
  facet normal 0 0 1
    outer loop
      vertex 43.3564 4.76502 15.01
      vertex 17.0735 -34.5954 15.01
      vertex 17.1 -35 15.01
    endloop
  endfacet
  facet normal 0 0 1
    outer loop
      vertex 43.3564 4.76502 15.01
      vertex 16.9944 -34.1977 15.01
      vertex 17.0735 -34.5954 15.01
    endloop
  endfacet
  facet normal 0 0 1
    outer loop
      vertex 43.3564 4.76502 15.01
      vertex 16.864 -33.8137 15.01
      vertex 16.9944 -34.1977 15.01
    endloop
  endfacet
  facet normal 0 0 1
    outer loop
      vertex 43.3564 4.76502 15.01
      vertex 16.6847 -33.45 15.01
      vertex 16.864 -33.8137 15.01
    endloop
  endfacet
  facet normal 0 0 1
    outer loop
      vertex 43.3564 4.76502 15.01
      vertex 16.4594 -33.1128 15.01
      vertex 16.6847 -33.45 15.01
    endloop
  endfacet
  facet normal 0 0 1
    outer loop
      vertex 43.3564 4.76502 15.01
      vertex 16.192 -32.808 15.01
      vertex 16.4594 -33.1128 15.01
    endloop
  endfacet
  facet normal 0 0 1
    outer loop
      vertex 43.3564 4.76502 15.01
      vertex 15.8872 -32.5406 15.01
      vertex 16.192 -32.808 15.01
    endloop
  endfacet
  facet normal 0 0 1
    outer loop
      vertex 43.3564 4.76502 15.01
      vertex 15.55 -32.3153 15.01
      vertex 15.8872 -32.5406 15.01
    endloop
  endfacet
  facet normal 0 0 1
    outer loop
      vertex 43.3564 4.76502 15.01
      vertex 15.1863 -32.136 15.01
      vertex 15.55 -32.3153 15.01
    endloop
  endfacet
  facet normal 0 0 1
    outer loop
      vertex 43.3564 4.76502 15.01
      vertex 14.8023 -32.0056 15.01
      vertex 15.1863 -32.136 15.01
    endloop
  endfacet
  facet normal 0 0 1
    outer loop
      vertex 43.3564 4.76502 15.01
      vertex 5.5 30 15.01
      vertex 14 -31.9 15.01
    endloop
  endfacet
  facet normal 0 0 1
    outer loop
      vertex 43.3564 4.76502 15.01
      vertex 14.4046 -31.9265 15.01
      vertex 14.8023 -32.0056 15.01
    endloop
  endfacet
  facet normal 0 0 1
    outer loop
      vertex 43.3564 4.76502 15.01
      vertex 14 -31.9 15.01
      vertex 14.4046 -31.9265 15.01
    endloop
  endfacet
  facet normal 0 0 1
    outer loop
      vertex 14 -31.9 15.01
      vertex 5.5 30 15.01
      vertex 13.5954 -31.9265 15.01
    endloop
  endfacet
  facet normal 0 0 1
    outer loop
      vertex 13.5954 -31.9265 15.01
      vertex 5.5 30 15.01
      vertex 13.1977 -32.0056 15.01
    endloop
  endfacet
  facet normal 0 0 1
    outer loop
      vertex 13.1977 -32.0056 15.01
      vertex 5.5 30 15.01
      vertex 12.8137 -32.136 15.01
    endloop
  endfacet
  facet normal 0 0 1
    outer loop
      vertex 12.8137 -32.136 15.01
      vertex 5.5 30 15.01
      vertex 12.45 -32.3153 15.01
    endloop
  endfacet
  facet normal 0 0 1
    outer loop
      vertex 12.45 -32.3153 15.01
      vertex 5.5 30 15.01
      vertex 12.1128 -32.5406 15.01
    endloop
  endfacet
  facet normal 0 0 1
    outer loop
      vertex 12.1128 -32.5406 15.01
      vertex 5.5 30 15.01
      vertex 11.808 -32.808 15.01
    endloop
  endfacet
  facet normal 0 0 1
    outer loop
      vertex 11.808 -32.808 15.01
      vertex 5.5 30 15.01
      vertex 11.5406 -33.1128 15.01
    endloop
  endfacet
  facet normal 0 0 1
    outer loop
      vertex 11.5406 -33.1128 15.01
      vertex 5.5 30 15.01
      vertex 11.3153 -33.45 15.01
    endloop
  endfacet
  facet normal 0 0 1
    outer loop
      vertex 11.0056 -34.1977 15.01
      vertex 5.5 -52.5 15.01
      vertex 10.9265 -34.5954 15.01
    endloop
  endfacet
  facet normal 0 0 1
    outer loop
      vertex 5.5 -52.5 15.01
      vertex 11.0056 -34.1977 15.01
      vertex 5.5 30 15.01
    endloop
  endfacet
  facet normal 0 0 1
    outer loop
      vertex 11.136 -33.8137 15.01
      vertex 5.5 30 15.01
      vertex 11.0056 -34.1977 15.01
    endloop
  endfacet
  facet normal 0 0 1
    outer loop
      vertex 11.3153 -33.45 15.01
      vertex 5.5 30 15.01
      vertex 11.136 -33.8137 15.01
    endloop
  endfacet
  facet normal 0 0 1
    outer loop
      vertex 5.5 30 15.01
      vertex 43.3564 9.43221 15.01
      vertex 40.6619 19.0855 15.01
    endloop
  endfacet
  facet normal 0 0 1
    outer loop
      vertex 40.6619 19.0855 15.01
      vertex 43.3564 9.43221 15.01
      vertex 43.3862 10.3795 15.01
    endloop
  endfacet
  facet normal 0 0 1
    outer loop
      vertex 39.8245 -16.7341 15.01
      vertex 43.6794 -4.37844 15.01
      vertex 43.3564 4.76502 15.01
    endloop
  endfacet
  facet normal 0 0 1
    outer loop
      vertex 43.3564 4.76502 15.01
      vertex 43.6794 -4.37844 15.01
      vertex 46.7942 -0.0212752 15.01
    endloop
  endfacet
  facet normal 0 0 1
    outer loop
      vertex 43.3564 9.43221 15.01
      vertex 5.5 30 15.01
      vertex 43.3564 4.76502 15.01
    endloop
  endfacet
  facet normal 0 0 1
    outer loop
      vertex 43.6794 -4.37844 15.01
      vertex 39.8245 -16.7341 15.01
      vertex 43.6794 -9.42007 15.01
    endloop
  endfacet
  facet normal 0 0 1
    outer loop
      vertex 43.6794 -9.42007 15.01
      vertex 39.8245 -16.7341 15.01
      vertex 43.7101 -10.4239 15.01
    endloop
  endfacet
  facet normal 0 0 1
    outer loop
      vertex 83.65 30 15.01
      vertex 83.15 18 15.01
      vertex 83.65 18 15.01
    endloop
  endfacet
  facet normal 0 0 1
    outer loop
      vertex 69.132 25.7736 15.01
      vertex 83.15 16 15.01
      vertex 83.15 18 15.01
    endloop
  endfacet
  facet normal 0 0 1
    outer loop
      vertex 83.15 16 15.01
      vertex 66.0089 9.3685 15.01
      vertex 83.15 15 15.01
    endloop
  endfacet
  facet normal 0 0 1
    outer loop
      vertex 83.15 15 15.01
      vertex 66.0089 9.3685 15.01
      vertex 83.15 1 15.01
    endloop
  endfacet
  facet normal -0 0 1
    outer loop
      vertex 65.7511 7.51061 15.01
      vertex 83.15 1 15.01
      vertex 66.0089 9.3685 15.01
    endloop
  endfacet
  facet normal -0 0 1
    outer loop
      vertex 65.3556 2.43349 15.01
      vertex 83.15 1 15.01
      vertex 65.7511 7.51061 15.01
    endloop
  endfacet
  facet normal -0 0 1
    outer loop
      vertex 69.132 25.7736 15.01
      vertex 83.15 18 15.01
      vertex 83.65 30 15.01
    endloop
  endfacet
  facet normal 0 0 1
    outer loop
      vertex 73.65 -29.3813 15.01
      vertex 83.15 -2 15.01
      vertex 73.65 -26 15.01
    endloop
  endfacet
  facet normal 0 0 1
    outer loop
      vertex 83.15 -2 15.01
      vertex 67.2584 -9.57073 15.01
      vertex 73.65 -26 15.01
    endloop
  endfacet
  facet normal 0 0 1
    outer loop
      vertex 73.65 -26 15.01
      vertex 73.1417 -25.7736 15.01
      vertex 73.1736 -26 15.01
    endloop
  endfacet
  facet normal 0 0 1
    outer loop
      vertex 69.32 27.1083 15.01
      vertex 83.65 30 15.01
      vertex 69.7274 30 15.01
    endloop
  endfacet
  facet normal 0 0 1
    outer loop
      vertex 69.132 25.7736 15.01
      vertex 83.65 30 15.01
      vertex 69.32 27.1083 15.01
    endloop
  endfacet
  facet normal 0 0 1
    outer loop
      vertex 83.15 16 15.01
      vertex 69.132 25.7736 15.01
      vertex 66.0089 9.3685 15.01
    endloop
  endfacet
  facet normal 0 0 1
    outer loop
      vertex 83.15 1 15.01
      vertex 65.3556 2.43349 15.01
      vertex 83.15 0 15.01
    endloop
  endfacet
  facet normal 0 0 1
    outer loop
      vertex 73.65 -26 15.01
      vertex 67.2584 -9.57073 15.01
      vertex 73.1417 -25.7736 15.01
    endloop
  endfacet
  facet normal 0 0 1
    outer loop
      vertex 67.2584 -9.57073 15.01
      vertex 66.6943 -7.43678 15.01
      vertex 66.82 -8.36333 15.01
    endloop
  endfacet
  facet normal 0 0 1
    outer loop
      vertex 83.15 -2 15.01
      vertex 66.6943 -7.43678 15.01
      vertex 67.2584 -9.57073 15.01
    endloop
  endfacet
  facet normal 0 0 1
    outer loop
      vertex 65.7511 7.51061 15.01
      vertex 66.0089 9.3685 15.01
      vertex 65.8175 8.36333 15.01
    endloop
  endfacet
  facet normal 0 0 1
    outer loop
      vertex 83.15 0 15.01
      vertex 65.3556 2.43349 15.01
      vertex 83.15 -2 15.01
    endloop
  endfacet
  facet normal 0 0 1
    outer loop
      vertex 83.15 -2 15.01
      vertex 65.3556 2.43349 15.01
      vertex 66.6943 -7.43678 15.01
    endloop
  endfacet
  facet normal -0 0 1
    outer loop
      vertex 83.15 16 15.01
      vertex 83.65 15 15.01
      vertex 83.65 16 15.01
    endloop
  endfacet
  facet normal 0 0 1
    outer loop
      vertex 83.65 15 15.01
      vertex 83.15 16 15.01
      vertex 83.15 15 15.01
    endloop
  endfacet
  facet normal -0 0 1
    outer loop
      vertex 83.15 1 15.01
      vertex 83.65 0 15.01
      vertex 83.65 1 15.01
    endloop
  endfacet
  facet normal 0 0 1
    outer loop
      vertex 83.65 0 15.01
      vertex 83.15 1 15.01
      vertex 83.15 0 15.01
    endloop
  endfacet
  facet normal 0 0 1
    outer loop
      vertex 75.653 -43.5984 15.01
      vertex 83.65 -2 15.01
      vertex 83.15 -2 15.01
    endloop
  endfacet
  facet normal 0 0 1
    outer loop
      vertex 83.65 -2 15.01
      vertex 75.653 -43.5984 15.01
      vertex 83.65 -52.5 15.01
    endloop
  endfacet
  facet normal -0 0 1
    outer loop
      vertex 75.3403 -43.6423 15.01
      vertex 83.65 -52.5 15.01
      vertex 75.653 -43.5984 15.01
    endloop
  endfacet
  facet normal -0 0 1
    outer loop
      vertex 74.9813 -43.6926 15.01
      vertex 83.65 -52.5 15.01
      vertex 75.3403 -43.6423 15.01
    endloop
  endfacet
  facet normal -0 0 1
    outer loop
      vertex 72.373 -44.0583 15.01
      vertex 83.65 -52.5 15.01
      vertex 74.9813 -43.6926 15.01
    endloop
  endfacet
  facet normal -0 0 1
    outer loop
      vertex 59.7626 -45.8263 15.01
      vertex 83.65 -52.5 15.01
      vertex 72.373 -44.0583 15.01
    endloop
  endfacet
  facet normal -0 0 1
    outer loop
      vertex 59.2509 -45.898 15.01
      vertex 83.65 -52.5 15.01
      vertex 59.7626 -45.8263 15.01
    endloop
  endfacet
  facet normal -0 0 1
    outer loop
      vertex 55.4537 -46.4303 15.01
      vertex 83.65 -52.5 15.01
      vertex 59.2509 -45.898 15.01
    endloop
  endfacet
  facet normal -0 0 1
    outer loop
      vertex 49.9623 -47.2002 15.01
      vertex 83.65 -52.5 15.01
      vertex 55.4537 -46.4303 15.01
    endloop
  endfacet
  facet normal -0 0 1
    outer loop
      vertex 46.6024 -47.6713 15.01
      vertex 83.65 -52.5 15.01
      vertex 49.9623 -47.2002 15.01
    endloop
  endfacet
  facet normal -0 0 1
    outer loop
      vertex 44.775 -47.9275 15.01
      vertex 83.65 -52.5 15.01
      vertex 46.6024 -47.6713 15.01
    endloop
  endfacet
  facet normal -0 0 1
    outer loop
      vertex 44.6463 -47.9455 15.01
      vertex 83.65 -52.5 15.01
      vertex 44.775 -47.9275 15.01
    endloop
  endfacet
  facet normal -0 0 1
    outer loop
      vertex 16.6847 -36.55 15.01
      vertex 44.5995 -47.4826 15.01
      vertex 40.8939 -34.228 15.01
    endloop
  endfacet
  facet normal 0 0 1
    outer loop
      vertex 17.1 -35 15.01
      vertex 40.3714 -28.59 15.01
      vertex 39.8245 -16.7341 15.01
    endloop
  endfacet
  facet normal 0 0 1
    outer loop
      vertex 17.1 -35 15.01
      vertex 40.8939 -34.228 15.01
      vertex 40.3714 -28.59 15.01
    endloop
  endfacet
  facet normal 0 0 1
    outer loop
      vertex 17.0735 -35.4046 15.01
      vertex 40.8939 -34.228 15.01
      vertex 17.1 -35 15.01
    endloop
  endfacet
  facet normal 0 0 1
    outer loop
      vertex 16.9944 -35.8023 15.01
      vertex 40.8939 -34.228 15.01
      vertex 17.0735 -35.4046 15.01
    endloop
  endfacet
  facet normal 0 0 1
    outer loop
      vertex 16.864 -36.1863 15.01
      vertex 40.8939 -34.228 15.01
      vertex 16.9944 -35.8023 15.01
    endloop
  endfacet
  facet normal 0 0 1
    outer loop
      vertex 16.6847 -36.55 15.01
      vertex 40.8939 -34.228 15.01
      vertex 16.864 -36.1863 15.01
    endloop
  endfacet
  facet normal -0 0 1
    outer loop
      vertex 16.4594 -36.8872 15.01
      vertex 44.5995 -47.4826 15.01
      vertex 16.6847 -36.55 15.01
    endloop
  endfacet
  facet normal -0 0 1
    outer loop
      vertex 16.192 -37.192 15.01
      vertex 44.5995 -47.4826 15.01
      vertex 16.4594 -36.8872 15.01
    endloop
  endfacet
  facet normal 0 0 1
    outer loop
      vertex 44.5995 -47.4826 15.01
      vertex 16.192 -37.192 15.01
      vertex 44.6463 -47.9455 15.01
    endloop
  endfacet
  facet normal -0 0 1
    outer loop
      vertex 15.8872 -37.4594 15.01
      vertex 44.6463 -47.9455 15.01
      vertex 16.192 -37.192 15.01
    endloop
  endfacet
  facet normal -0 0 1
    outer loop
      vertex 15.55 -37.6847 15.01
      vertex 44.6463 -47.9455 15.01
      vertex 15.8872 -37.4594 15.01
    endloop
  endfacet
  facet normal 0 0 1
    outer loop
      vertex 5.5 -52.5 15.01
      vertex 15.55 -37.6847 15.01
      vertex 15.1863 -37.864 15.01
    endloop
  endfacet
  facet normal 0 0 1
    outer loop
      vertex 5.5 -52.5 15.01
      vertex 15.1863 -37.864 15.01
      vertex 14.8023 -37.9944 15.01
    endloop
  endfacet
  facet normal 0 0 1
    outer loop
      vertex 5.5 -52.5 15.01
      vertex 14.8023 -37.9944 15.01
      vertex 14.4046 -38.0735 15.01
    endloop
  endfacet
  facet normal 0 0 1
    outer loop
      vertex 5.5 -52.5 15.01
      vertex 14.4046 -38.0735 15.01
      vertex 14 -38.1 15.01
    endloop
  endfacet
  facet normal 0 0 1
    outer loop
      vertex 5.5 -52.5 15.01
      vertex 14 -38.1 15.01
      vertex 13.5954 -38.0735 15.01
    endloop
  endfacet
  facet normal 0 0 1
    outer loop
      vertex 5.5 -52.5 15.01
      vertex 13.5954 -38.0735 15.01
      vertex 13.1977 -37.9944 15.01
    endloop
  endfacet
  facet normal 0 0 1
    outer loop
      vertex 10.9265 -34.5954 15.01
      vertex 5.5 -52.5 15.01
      vertex 10.9 -35 15.01
    endloop
  endfacet
  facet normal 0 0 1
    outer loop
      vertex 44.6463 -47.9455 15.01
      vertex 5.5 -52.5 15.01
      vertex 83.65 -52.5 15.01
    endloop
  endfacet
  facet normal 0 0 1
    outer loop
      vertex 15.55 -37.6847 15.01
      vertex 5.5 -52.5 15.01
      vertex 44.6463 -47.9455 15.01
    endloop
  endfacet
  facet normal 0 0 1
    outer loop
      vertex 12.8137 -37.864 15.01
      vertex 5.5 -52.5 15.01
      vertex 13.1977 -37.9944 15.01
    endloop
  endfacet
  facet normal 0 0 1
    outer loop
      vertex 12.45 -37.6847 15.01
      vertex 5.5 -52.5 15.01
      vertex 12.8137 -37.864 15.01
    endloop
  endfacet
  facet normal 0 0 1
    outer loop
      vertex 12.1128 -37.4594 15.01
      vertex 5.5 -52.5 15.01
      vertex 12.45 -37.6847 15.01
    endloop
  endfacet
  facet normal 0 0 1
    outer loop
      vertex 11.808 -37.192 15.01
      vertex 5.5 -52.5 15.01
      vertex 12.1128 -37.4594 15.01
    endloop
  endfacet
  facet normal 0 0 1
    outer loop
      vertex 11.5406 -36.8872 15.01
      vertex 5.5 -52.5 15.01
      vertex 11.808 -37.192 15.01
    endloop
  endfacet
  facet normal 0 0 1
    outer loop
      vertex 11.3153 -36.55 15.01
      vertex 5.5 -52.5 15.01
      vertex 11.5406 -36.8872 15.01
    endloop
  endfacet
  facet normal 0 0 1
    outer loop
      vertex 11.136 -36.1863 15.01
      vertex 5.5 -52.5 15.01
      vertex 11.3153 -36.55 15.01
    endloop
  endfacet
  facet normal 0 0 1
    outer loop
      vertex 11.0056 -35.8023 15.01
      vertex 5.5 -52.5 15.01
      vertex 11.136 -36.1863 15.01
    endloop
  endfacet
  facet normal 0 0 1
    outer loop
      vertex 10.9265 -35.4046 15.01
      vertex 5.5 -52.5 15.01
      vertex 11.0056 -35.8023 15.01
    endloop
  endfacet
  facet normal 0 0 1
    outer loop
      vertex 10.9 -35 15.01
      vertex 5.5 -52.5 15.01
      vertex 10.9265 -35.4046 15.01
    endloop
  endfacet
  facet normal 0 0 1
    outer loop
      vertex 83.15 -2 15.01
      vertex 73.65 -29.3813 15.01
      vertex 75.653 -43.5984 15.01
    endloop
  endfacet
  facet normal -0 0 1
    outer loop
      vertex 48.1015 0.914385 15.01
      vertex 56.3534 -7 15.01
      vertex 56.3534 7 15.01
    endloop
  endfacet
  facet normal 0 0 1
    outer loop
      vertex 47.9836 3.34535 15.01
      vertex 56.3534 7 15.01
      vertex 48.2622 7 15.01
    endloop
  endfacet
  facet normal 0 0 1
    outer loop
      vertex 56.3534 -7 15.01
      vertex 48.1015 0.914385 15.01
      vertex 49.1385 -7 15.01
    endloop
  endfacet
  facet normal 0 0 1
    outer loop
      vertex 56.3534 7 15.01
      vertex 47.9836 3.34535 15.01
      vertex 48.1015 0.914385 15.01
    endloop
  endfacet
  facet normal 0 0 1
    outer loop
      vertex 48.1015 0.914385 15.01
      vertex 47.9836 3.34535 15.01
      vertex 47.9836 1.26093 15.01
    endloop
  endfacet
  facet normal -0 0 1
    outer loop
      vertex 50.0027 17.4168 15.01
      vertex 58.1052 11.5058 15.01
      vertex 59.0541 24.8742 15.01
    endloop
  endfacet
  facet normal 0 0 1
    outer loop
      vertex 50.0027 17.4168 15.01
      vertex 59.0541 24.8742 15.01
      vertex 51.4793 25.4026 15.01
    endloop
  endfacet
  facet normal -0 0 1
    outer loop
      vertex 49.89 16.839 15.01
      vertex 58.1052 11.5058 15.01
      vertex 50.0027 17.4168 15.01
    endloop
  endfacet
  facet normal 0 0 1
    outer loop
      vertex 49.5161 11.5053 15.01
      vertex 58.1052 11.5058 15.01
      vertex 49.89 16.839 15.01
    endloop
  endfacet
  facet normal 0 0 1
    outer loop
      vertex 58.1052 11.5058 15.01
      vertex 49.5161 11.5053 15.01
      vertex 58.0629 10.9092 15.01
    endloop
  endfacet
  facet normal 0 0 1
    outer loop
      vertex 50.6128 -12.6237 15.01
      vertex 59.1577 -12.0334 15.01
      vertex 59.1253 -11.577 15.01
    endloop
  endfacet
  facet normal -0 0 1
    outer loop
      vertex 50.5185 -11.5053 15.01
      vertex 59.1253 -11.577 15.01
      vertex 59.0778 -10.9083 15.01
    endloop
  endfacet
  facet normal 0 0 1
    outer loop
      vertex 59.1577 -12.0334 15.01
      vertex 51.7463 -15.895 15.01
      vertex 59.1577 -24.9369 15.01
    endloop
  endfacet
  facet normal 0 0 1
    outer loop
      vertex 59.1577 -24.9369 15.01
      vertex 51.7463 -15.895 15.01
      vertex 54.9803 -25.2283 15.01
    endloop
  endfacet
  facet normal 0 0 1
    outer loop
      vertex 59.1577 -12.0334 15.01
      vertex 50.6128 -12.6237 15.01
      vertex 51.7463 -15.895 15.01
    endloop
  endfacet
  facet normal 0 0 1
    outer loop
      vertex 59.1253 -11.577 15.01
      vertex 50.5185 -11.5053 15.01
      vertex 50.6128 -12.6237 15.01
    endloop
  endfacet
  facet normal 0 0 1
    outer loop
      vertex 50.6128 -12.6237 15.01
      vertex 50.5185 -11.5053 15.01
      vertex 50.5932 -12.5707 15.01
    endloop
  endfacet
  facet normal 1 0 0
    outer loop
      vertex 5.5 -30 33
      vertex 5.5 -52.5 33
      vertex 5.5 -30 17
    endloop
  endfacet
  facet normal 1 -0 0
    outer loop
      vertex 5.5 -30 17
      vertex 5.5 30 15.01
      vertex 5.5 30 17
    endloop
  endfacet
  facet normal 1 0 0
    outer loop
      vertex 5.5 -30 17
      vertex 5.5 -52.5 15.01
      vertex 5.5 30 15.01
    endloop
  endfacet
  facet normal 1 0 0
    outer loop
      vertex 5.5 -52.5 15.01
      vertex 5.5 -30 17
      vertex 5.5 -52.5 33
    endloop
  endfacet
  facet normal 0 1 0
    outer loop
      vertex 83.65 -52.5 33
      vertex 37.3 -52.5 29
      vertex 37.3 -52.5 33
    endloop
  endfacet
  facet normal 0 1 0
    outer loop
      vertex 37.3 -52.5 29
      vertex 35.15 -52.5 28.15
      vertex 36 -52.5 29
    endloop
  endfacet
  facet normal 0 1 -0
    outer loop
      vertex 83.65 -52.5 15.01
      vertex 37.3 -52.5 29
      vertex 83.65 -52.5 33
    endloop
  endfacet
  facet normal 0 1 0
    outer loop
      vertex 37.3 -52.5 29
      vertex 35.15 -52.5 26.85
      vertex 35.15 -52.5 28.15
    endloop
  endfacet
  facet normal 0 1 0
    outer loop
      vertex 5.5 -52.5 15.01
      vertex 35.15 -52.5 26.85
      vertex 83.65 -52.5 15.01
    endloop
  endfacet
  facet normal 0 1 0
    outer loop
      vertex 37.3 -52.5 29
      vertex 83.65 -52.5 15.01
      vertex 35.15 -52.5 26.85
    endloop
  endfacet
  facet normal 0 1 0
    outer loop
      vertex 35.15 -52.5 28.15
      vertex 36 -52.5 33
      vertex 36 -52.5 29
    endloop
  endfacet
  facet normal 0 1 0
    outer loop
      vertex 36 -52.5 33
      vertex 35.15 -52.5 28.15
      vertex 23.15 -52.5 28.15
    endloop
  endfacet
  facet normal 0 1 0
    outer loop
      vertex 36 -52.5 33
      vertex 23.15 -52.5 28.15
      vertex 5.5 -52.5 33
    endloop
  endfacet
  facet normal 0 1 -0
    outer loop
      vertex 23.15 -52.5 26.85
      vertex 5.5 -52.5 33
      vertex 23.15 -52.5 28.15
    endloop
  endfacet
  facet normal 0 1 0
    outer loop
      vertex 23.15 -52.5 26.85
      vertex 5.5 -52.5 15.01
      vertex 5.5 -52.5 33
    endloop
  endfacet
  facet normal 0 1 0
    outer loop
      vertex 35.15 -52.5 26.85
      vertex 5.5 -52.5 15.01
      vertex 23.15 -52.5 26.85
    endloop
  endfacet
  facet normal 0 1 0
    outer loop
      vertex 41.1836 30 15.01
      vertex 41.2405 30 15
      vertex 5.5 30 15.01
    endloop
  endfacet
  facet normal 0 1 0
    outer loop
      vertex 5.5 30 17
      vertex 5.5 30 15.01
      vertex 3 30 17
    endloop
  endfacet
  facet normal 0 -0 0
    outer loop
      vertex 3 30 17
      vertex 3 30 15
      vertex 3 30 33
    endloop
  endfacet
  facet normal 0 1 0
    outer loop
      vertex 5.5 30 15.01
      vertex 3 30 15
      vertex 3 30 17
    endloop
  endfacet
  facet normal 0 1 0
    outer loop
      vertex 3 30 15
      vertex 5.5 30 15.01
      vertex 41.2405 30 15
    endloop
  endfacet
  facet normal 0 1 0
    outer loop
      vertex 86.15 30 17
      vertex 83.65 30 15.01
      vertex 83.65 30 17
    endloop
  endfacet
  facet normal 0 1 -0
    outer loop
      vertex 86.15 30 15
      vertex 83.65 30 15.01
      vertex 86.15 30 17
    endloop
  endfacet
  facet normal 0 1 0
    outer loop
      vertex 69.7267 30 15
      vertex 83.65 30 15.01
      vertex 86.15 30 15
    endloop
  endfacet
  facet normal 0 1 0
    outer loop
      vertex 83.65 30 15.01
      vertex 69.7267 30 15
      vertex 69.7274 30 15.01
    endloop
  endfacet
  facet normal 0 -0 0
    outer loop
      vertex 83.65 30 17
      vertex 83.65 30 15.01
      vertex 83.65 30 33
    endloop
  endfacet
  facet normal 0.896928 -0.442176 0
    outer loop
      vertex 16.6847 33.45 17
      vertex 16.864 33.8137 14.9
      vertex 16.864 33.8137 17
    endloop
  endfacet
  facet normal 0.896928 -0.442176 0
    outer loop
      vertex 16.864 33.8137 14.9
      vertex 16.6847 33.45 17
      vertex 16.6847 33.45 14.9
    endloop
  endfacet
  facet normal 0.980789 0.195073 0
    outer loop
      vertex 17.0735 35.4046 17
      vertex 16.9944 35.8023 14.9
      vertex 16.9944 35.8023 17
    endloop
  endfacet
  facet normal 0.980789 0.195073 0
    outer loop
      vertex 16.9944 35.8023 14.9
      vertex 17.0735 35.4046 17
      vertex 17.0735 35.4046 14.9
    endloop
  endfacet
  facet normal 0.997862 0.0653568 0
    outer loop
      vertex 17.1 35 17
      vertex 17.0735 35.4046 14.9
      vertex 17.0735 35.4046 17
    endloop
  endfacet
  facet normal 0.997862 0.0653568 0
    outer loop
      vertex 17.0735 35.4046 14.9
      vertex 17.1 35 17
      vertex 17.1 35 14.9
    endloop
  endfacet
  facet normal 0.946893 0.321549 0
    outer loop
      vertex 16.9944 35.8023 17
      vertex 16.864 36.1863 14.9
      vertex 16.864 36.1863 17
    endloop
  endfacet
  facet normal 0.946893 0.321549 0
    outer loop
      vertex 16.864 36.1863 14.9
      vertex 16.9944 35.8023 17
      vertex 16.9944 35.8023 14.9
    endloop
  endfacet
  facet normal 0.980789 -0.195073 0
    outer loop
      vertex 16.9944 34.1977 17
      vertex 17.0735 34.5954 14.9
      vertex 17.0735 34.5954 17
    endloop
  endfacet
  facet normal 0.980789 -0.195073 0
    outer loop
      vertex 17.0735 34.5954 14.9
      vertex 16.9944 34.1977 17
      vertex 16.9944 34.1977 14.9
    endloop
  endfacet
  facet normal 0.896928 0.442176 0
    outer loop
      vertex 16.864 36.1863 17
      vertex 16.6847 36.55 14.9
      vertex 16.6847 36.55 17
    endloop
  endfacet
  facet normal 0.896928 0.442176 0
    outer loop
      vertex 16.6847 36.55 14.9
      vertex 16.864 36.1863 17
      vertex 16.864 36.1863 14.9
    endloop
  endfacet
  facet normal -0.946893 0.321549 0
    outer loop
      vertex 11.0056 35.8023 14.9
      vertex 11.136 36.1863 17
      vertex 11.136 36.1863 14.9
    endloop
  endfacet
  facet normal -0.946893 0.321549 0
    outer loop
      vertex 11.136 36.1863 17
      vertex 11.0056 35.8023 14.9
      vertex 11.0056 35.8023 17
    endloop
  endfacet
  facet normal 0.831481 -0.555553 0
    outer loop
      vertex 16.4594 33.1128 17
      vertex 16.6847 33.45 14.9
      vertex 16.6847 33.45 17
    endloop
  endfacet
  facet normal 0.831481 -0.555553 0
    outer loop
      vertex 16.6847 33.45 14.9
      vertex 16.4594 33.1128 17
      vertex 16.4594 33.1128 14.9
    endloop
  endfacet
  facet normal 0.321549 0.946893 -0
    outer loop
      vertex 15.1863 37.864 14.9
      vertex 14.8023 37.9944 17
      vertex 15.1863 37.864 17
    endloop
  endfacet
  facet normal 0.321549 0.946893 0
    outer loop
      vertex 14.8023 37.9944 17
      vertex 15.1863 37.864 14.9
      vertex 14.8023 37.9944 14.9
    endloop
  endfacet
  facet normal -0.555553 0.831481 0
    outer loop
      vertex 12.45 37.6847 14.9
      vertex 12.1128 37.4594 17
      vertex 12.45 37.6847 17
    endloop
  endfacet
  facet normal -0.555553 0.831481 0
    outer loop
      vertex 12.1128 37.4594 17
      vertex 12.45 37.6847 14.9
      vertex 12.1128 37.4594 14.9
    endloop
  endfacet
  facet normal -0.896928 0.442176 0
    outer loop
      vertex 11.136 36.1863 14.9
      vertex 11.3153 36.55 17
      vertex 11.3153 36.55 14.9
    endloop
  endfacet
  facet normal -0.896928 0.442176 0
    outer loop
      vertex 11.3153 36.55 17
      vertex 11.136 36.1863 14.9
      vertex 11.136 36.1863 17
    endloop
  endfacet
  facet normal 0.442176 0.896928 -0
    outer loop
      vertex 15.55 37.6847 14.9
      vertex 15.1863 37.864 17
      vertex 15.55 37.6847 17
    endloop
  endfacet
  facet normal 0.442176 0.896928 0
    outer loop
      vertex 15.1863 37.864 17
      vertex 15.55 37.6847 14.9
      vertex 15.1863 37.864 14.9
    endloop
  endfacet
  facet normal 0.659482 0.751721 -0
    outer loop
      vertex 16.192 37.192 14.9
      vertex 15.8872 37.4594 17
      vertex 16.192 37.192 17
    endloop
  endfacet
  facet normal 0.659482 0.751721 0
    outer loop
      vertex 15.8872 37.4594 17
      vertex 16.192 37.192 14.9
      vertex 15.8872 37.4594 14.9
    endloop
  endfacet
  facet normal -0.896928 -0.442176 0
    outer loop
      vertex 11.3153 33.45 14.9
      vertex 11.136 33.8137 17
      vertex 11.136 33.8137 14.9
    endloop
  endfacet
  facet normal -0.896928 -0.442176 0
    outer loop
      vertex 11.136 33.8137 17
      vertex 11.3153 33.45 14.9
      vertex 11.3153 33.45 17
    endloop
  endfacet
  facet normal -0.997862 0.0653568 0
    outer loop
      vertex 10.9 35 14.9
      vertex 10.9265 35.4046 17
      vertex 10.9265 35.4046 14.9
    endloop
  endfacet
  facet normal -0.997862 0.0653568 0
    outer loop
      vertex 10.9265 35.4046 17
      vertex 10.9 35 14.9
      vertex 10.9 35 17
    endloop
  endfacet
  facet normal -0.659482 -0.751721 0
    outer loop
      vertex 11.808 32.808 14.9
      vertex 12.1128 32.5406 17
      vertex 11.808 32.808 17
    endloop
  endfacet
  facet normal -0.659482 -0.751721 -0
    outer loop
      vertex 12.1128 32.5406 17
      vertex 11.808 32.808 14.9
      vertex 12.1128 32.5406 14.9
    endloop
  endfacet
  facet normal -0.751721 0.659482 0
    outer loop
      vertex 11.5406 36.8872 14.9
      vertex 11.808 37.192 17
      vertex 11.808 37.192 14.9
    endloop
  endfacet
  facet normal -0.751721 0.659482 0
    outer loop
      vertex 11.808 37.192 17
      vertex 11.5406 36.8872 14.9
      vertex 11.5406 36.8872 17
    endloop
  endfacet
  facet normal -0.442176 0.896928 0
    outer loop
      vertex 12.8137 37.864 14.9
      vertex 12.45 37.6847 17
      vertex 12.8137 37.864 17
    endloop
  endfacet
  facet normal -0.442176 0.896928 0
    outer loop
      vertex 12.45 37.6847 17
      vertex 12.8137 37.864 14.9
      vertex 12.45 37.6847 14.9
    endloop
  endfacet
  facet normal 0.195073 0.980789 -0
    outer loop
      vertex 14.8023 37.9944 14.9
      vertex 14.4046 38.0735 17
      vertex 14.8023 37.9944 17
    endloop
  endfacet
  facet normal 0.195073 0.980789 0
    outer loop
      vertex 14.4046 38.0735 17
      vertex 14.8023 37.9944 14.9
      vertex 14.4046 38.0735 14.9
    endloop
  endfacet
  facet normal 0.442176 -0.896928 0
    outer loop
      vertex 15.1863 32.136 14.9
      vertex 15.55 32.3153 17
      vertex 15.1863 32.136 17
    endloop
  endfacet
  facet normal 0.442176 -0.896928 0
    outer loop
      vertex 15.55 32.3153 17
      vertex 15.1863 32.136 14.9
      vertex 15.55 32.3153 14.9
    endloop
  endfacet
  facet normal 0.997862 -0.0653568 0
    outer loop
      vertex 17.0735 34.5954 17
      vertex 17.1 35 14.9
      vertex 17.1 35 17
    endloop
  endfacet
  facet normal 0.997862 -0.0653568 0
    outer loop
      vertex 17.1 35 14.9
      vertex 17.0735 34.5954 17
      vertex 17.0735 34.5954 14.9
    endloop
  endfacet
  facet normal 0.321549 -0.946893 0
    outer loop
      vertex 14.8023 32.0056 14.9
      vertex 15.1863 32.136 17
      vertex 14.8023 32.0056 17
    endloop
  endfacet
  facet normal 0.321549 -0.946893 0
    outer loop
      vertex 15.1863 32.136 17
      vertex 14.8023 32.0056 14.9
      vertex 15.1863 32.136 14.9
    endloop
  endfacet
  facet normal 0.555553 0.831481 -0
    outer loop
      vertex 15.8872 37.4594 14.9
      vertex 15.55 37.6847 17
      vertex 15.8872 37.4594 17
    endloop
  endfacet
  facet normal 0.555553 0.831481 0
    outer loop
      vertex 15.55 37.6847 17
      vertex 15.8872 37.4594 14.9
      vertex 15.55 37.6847 14.9
    endloop
  endfacet
  facet normal 0 0 1
    outer loop
      vertex 17.0735 35.4046 17
      vertex 17.0735 34.5954 17
      vertex 17.1 35 17
    endloop
  endfacet
  facet normal 0 0 1
    outer loop
      vertex 16.9944 35.8023 17
      vertex 17.0735 34.5954 17
      vertex 17.0735 35.4046 17
    endloop
  endfacet
  facet normal 0 0 1
    outer loop
      vertex 16.9944 35.8023 17
      vertex 16.9944 34.1977 17
      vertex 17.0735 34.5954 17
    endloop
  endfacet
  facet normal 0 0 1
    outer loop
      vertex 16.864 36.1863 17
      vertex 16.9944 34.1977 17
      vertex 16.9944 35.8023 17
    endloop
  endfacet
  facet normal 0 0 1
    outer loop
      vertex 16.864 36.1863 17
      vertex 16.864 33.8137 17
      vertex 16.9944 34.1977 17
    endloop
  endfacet
  facet normal 0 0 1
    outer loop
      vertex 16.6847 36.55 17
      vertex 16.864 33.8137 17
      vertex 16.864 36.1863 17
    endloop
  endfacet
  facet normal 0 0 1
    outer loop
      vertex 16.6847 36.55 17
      vertex 16.6847 33.45 17
      vertex 16.864 33.8137 17
    endloop
  endfacet
  facet normal 0 0 1
    outer loop
      vertex 16.4594 36.8872 17
      vertex 16.6847 33.45 17
      vertex 16.6847 36.55 17
    endloop
  endfacet
  facet normal 0 0 1
    outer loop
      vertex 16.4594 36.8872 17
      vertex 16.4594 33.1128 17
      vertex 16.6847 33.45 17
    endloop
  endfacet
  facet normal 0 0 1
    outer loop
      vertex 16.192 37.192 17
      vertex 16.4594 33.1128 17
      vertex 16.4594 36.8872 17
    endloop
  endfacet
  facet normal 0 0 1
    outer loop
      vertex 16.192 37.192 17
      vertex 16.192 32.808 17
      vertex 16.4594 33.1128 17
    endloop
  endfacet
  facet normal 0 0 1
    outer loop
      vertex 15.8872 37.4594 17
      vertex 16.192 32.808 17
      vertex 16.192 37.192 17
    endloop
  endfacet
  facet normal 0 0 1
    outer loop
      vertex 15.8872 37.4594 17
      vertex 15.8872 32.5406 17
      vertex 16.192 32.808 17
    endloop
  endfacet
  facet normal 0 0 1
    outer loop
      vertex 15.55 37.6847 17
      vertex 15.8872 32.5406 17
      vertex 15.8872 37.4594 17
    endloop
  endfacet
  facet normal 0 0 1
    outer loop
      vertex 15.55 37.6847 17
      vertex 15.55 32.3153 17
      vertex 15.8872 32.5406 17
    endloop
  endfacet
  facet normal 0 0 1
    outer loop
      vertex 15.1863 37.864 17
      vertex 15.55 32.3153 17
      vertex 15.55 37.6847 17
    endloop
  endfacet
  facet normal 0 0 1
    outer loop
      vertex 15.1863 37.864 17
      vertex 15.1863 32.136 17
      vertex 15.55 32.3153 17
    endloop
  endfacet
  facet normal 0 0 1
    outer loop
      vertex 14.8023 37.9944 17
      vertex 15.1863 32.136 17
      vertex 15.1863 37.864 17
    endloop
  endfacet
  facet normal 0 0 1
    outer loop
      vertex 14.8023 37.9944 17
      vertex 14.8023 32.0056 17
      vertex 15.1863 32.136 17
    endloop
  endfacet
  facet normal 0 0 1
    outer loop
      vertex 14.4046 38.0735 17
      vertex 14.8023 32.0056 17
      vertex 14.8023 37.9944 17
    endloop
  endfacet
  facet normal 0 0 1
    outer loop
      vertex 14.4046 38.0735 17
      vertex 14.4046 31.9265 17
      vertex 14.8023 32.0056 17
    endloop
  endfacet
  facet normal 0 0 1
    outer loop
      vertex 14 38.1 17
      vertex 14.4046 31.9265 17
      vertex 14.4046 38.0735 17
    endloop
  endfacet
  facet normal 0 0 1
    outer loop
      vertex 14 38.1 17
      vertex 14 31.9 17
      vertex 14.4046 31.9265 17
    endloop
  endfacet
  facet normal -0 0 1
    outer loop
      vertex 13.5954 38.0735 17
      vertex 14 31.9 17
      vertex 14 38.1 17
    endloop
  endfacet
  facet normal 0 0 1
    outer loop
      vertex 13.5954 38.0735 17
      vertex 13.5954 31.9265 17
      vertex 14 31.9 17
    endloop
  endfacet
  facet normal -0 0 1
    outer loop
      vertex 13.1977 37.9944 17
      vertex 13.5954 31.9265 17
      vertex 13.5954 38.0735 17
    endloop
  endfacet
  facet normal 0 0 1
    outer loop
      vertex 13.1977 37.9944 17
      vertex 13.1977 32.0056 17
      vertex 13.5954 31.9265 17
    endloop
  endfacet
  facet normal -0 0 1
    outer loop
      vertex 12.8137 37.864 17
      vertex 13.1977 32.0056 17
      vertex 13.1977 37.9944 17
    endloop
  endfacet
  facet normal 0 0 1
    outer loop
      vertex 12.8137 37.864 17
      vertex 12.8137 32.136 17
      vertex 13.1977 32.0056 17
    endloop
  endfacet
  facet normal -0 0 1
    outer loop
      vertex 12.45 37.6847 17
      vertex 12.8137 32.136 17
      vertex 12.8137 37.864 17
    endloop
  endfacet
  facet normal 0 0 1
    outer loop
      vertex 12.45 37.6847 17
      vertex 12.45 32.3153 17
      vertex 12.8137 32.136 17
    endloop
  endfacet
  facet normal -0 0 1
    outer loop
      vertex 12.1128 37.4594 17
      vertex 12.45 32.3153 17
      vertex 12.45 37.6847 17
    endloop
  endfacet
  facet normal 0 0 1
    outer loop
      vertex 12.1128 37.4594 17
      vertex 12.1128 32.5406 17
      vertex 12.45 32.3153 17
    endloop
  endfacet
  facet normal -0 0 1
    outer loop
      vertex 11.808 37.192 17
      vertex 12.1128 32.5406 17
      vertex 12.1128 37.4594 17
    endloop
  endfacet
  facet normal 0 0 1
    outer loop
      vertex 11.808 37.192 17
      vertex 11.808 32.808 17
      vertex 12.1128 32.5406 17
    endloop
  endfacet
  facet normal -0 0 1
    outer loop
      vertex 11.5406 36.8872 17
      vertex 11.808 32.808 17
      vertex 11.808 37.192 17
    endloop
  endfacet
  facet normal 0 0 1
    outer loop
      vertex 11.5406 36.8872 17
      vertex 11.5406 33.1128 17
      vertex 11.808 32.808 17
    endloop
  endfacet
  facet normal -0 0 1
    outer loop
      vertex 11.3153 36.55 17
      vertex 11.5406 33.1128 17
      vertex 11.5406 36.8872 17
    endloop
  endfacet
  facet normal 0 0 1
    outer loop
      vertex 11.3153 36.55 17
      vertex 11.3153 33.45 17
      vertex 11.5406 33.1128 17
    endloop
  endfacet
  facet normal -0 0 1
    outer loop
      vertex 11.136 36.1863 17
      vertex 11.3153 33.45 17
      vertex 11.3153 36.55 17
    endloop
  endfacet
  facet normal 0 0 1
    outer loop
      vertex 11.136 36.1863 17
      vertex 11.136 33.8137 17
      vertex 11.3153 33.45 17
    endloop
  endfacet
  facet normal -0 0 1
    outer loop
      vertex 11.0056 35.8023 17
      vertex 11.136 33.8137 17
      vertex 11.136 36.1863 17
    endloop
  endfacet
  facet normal 0 0 1
    outer loop
      vertex 11.0056 35.8023 17
      vertex 11.0056 34.1977 17
      vertex 11.136 33.8137 17
    endloop
  endfacet
  facet normal -0 0 1
    outer loop
      vertex 10.9265 35.4046 17
      vertex 11.0056 34.1977 17
      vertex 11.0056 35.8023 17
    endloop
  endfacet
  facet normal 0 0 1
    outer loop
      vertex 10.9265 35.4046 17
      vertex 10.9265 34.5954 17
      vertex 11.0056 34.1977 17
    endloop
  endfacet
  facet normal 0 -0 1
    outer loop
      vertex 10.9265 34.5954 17
      vertex 10.9265 35.4046 17
      vertex 10.9 35 17
    endloop
  endfacet
  facet normal 0.831481 0.555553 0
    outer loop
      vertex 16.6847 36.55 17
      vertex 16.4594 36.8872 14.9
      vertex 16.4594 36.8872 17
    endloop
  endfacet
  facet normal 0.831481 0.555553 0
    outer loop
      vertex 16.4594 36.8872 14.9
      vertex 16.6847 36.55 17
      vertex 16.6847 36.55 14.9
    endloop
  endfacet
  facet normal 0.751721 -0.659482 0
    outer loop
      vertex 16.192 32.808 17
      vertex 16.4594 33.1128 14.9
      vertex 16.4594 33.1128 17
    endloop
  endfacet
  facet normal 0.751721 -0.659482 0
    outer loop
      vertex 16.4594 33.1128 14.9
      vertex 16.192 32.808 17
      vertex 16.192 32.808 14.9
    endloop
  endfacet
  facet normal 0.0653568 -0.997862 0
    outer loop
      vertex 14 31.9 14.9
      vertex 14.4046 31.9265 17
      vertex 14 31.9 17
    endloop
  endfacet
  facet normal 0.0653568 -0.997862 0
    outer loop
      vertex 14.4046 31.9265 17
      vertex 14 31.9 14.9
      vertex 14.4046 31.9265 14.9
    endloop
  endfacet
  facet normal 0.946893 -0.321549 0
    outer loop
      vertex 16.864 33.8137 17
      vertex 16.9944 34.1977 14.9
      vertex 16.9944 34.1977 17
    endloop
  endfacet
  facet normal 0.946893 -0.321549 0
    outer loop
      vertex 16.9944 34.1977 14.9
      vertex 16.864 33.8137 17
      vertex 16.864 33.8137 14.9
    endloop
  endfacet
  facet normal -0.751721 -0.659482 0
    outer loop
      vertex 11.808 32.808 14.9
      vertex 11.5406 33.1128 17
      vertex 11.5406 33.1128 14.9
    endloop
  endfacet
  facet normal -0.751721 -0.659482 0
    outer loop
      vertex 11.5406 33.1128 17
      vertex 11.808 32.808 14.9
      vertex 11.808 32.808 17
    endloop
  endfacet
  facet normal -0.321549 0.946893 0
    outer loop
      vertex 13.1977 37.9944 14.9
      vertex 12.8137 37.864 17
      vertex 13.1977 37.9944 17
    endloop
  endfacet
  facet normal -0.321549 0.946893 0
    outer loop
      vertex 12.8137 37.864 17
      vertex 13.1977 37.9944 14.9
      vertex 12.8137 37.864 14.9
    endloop
  endfacet
  facet normal -0.195073 -0.980789 0
    outer loop
      vertex 13.1977 32.0056 14.9
      vertex 13.5954 31.9265 17
      vertex 13.1977 32.0056 17
    endloop
  endfacet
  facet normal -0.195073 -0.980789 -0
    outer loop
      vertex 13.5954 31.9265 17
      vertex 13.1977 32.0056 14.9
      vertex 13.5954 31.9265 14.9
    endloop
  endfacet
  facet normal 0 0 -1
    outer loop
      vertex 17.0735 34.5954 14.9
      vertex 17.0735 35.4046 14.9
      vertex 17.1 35 14.9
    endloop
  endfacet
  facet normal 0 0 -1
    outer loop
      vertex 16.9944 34.1977 14.9
      vertex 17.0735 35.4046 14.9
      vertex 17.0735 34.5954 14.9
    endloop
  endfacet
  facet normal 0 0 -1
    outer loop
      vertex 16.9944 34.1977 14.9
      vertex 16.9944 35.8023 14.9
      vertex 17.0735 35.4046 14.9
    endloop
  endfacet
  facet normal 0 0 -1
    outer loop
      vertex 16.864 33.8137 14.9
      vertex 16.9944 35.8023 14.9
      vertex 16.9944 34.1977 14.9
    endloop
  endfacet
  facet normal 0 0 -1
    outer loop
      vertex 16.864 33.8137 14.9
      vertex 16.864 36.1863 14.9
      vertex 16.9944 35.8023 14.9
    endloop
  endfacet
  facet normal 0 0 -1
    outer loop
      vertex 16.6847 33.45 14.9
      vertex 16.864 36.1863 14.9
      vertex 16.864 33.8137 14.9
    endloop
  endfacet
  facet normal 0 0 -1
    outer loop
      vertex 16.6847 33.45 14.9
      vertex 16.6847 36.55 14.9
      vertex 16.864 36.1863 14.9
    endloop
  endfacet
  facet normal 0 0 -1
    outer loop
      vertex 16.4594 33.1128 14.9
      vertex 16.6847 36.55 14.9
      vertex 16.6847 33.45 14.9
    endloop
  endfacet
  facet normal 0 0 -1
    outer loop
      vertex 16.4594 33.1128 14.9
      vertex 16.4594 36.8872 14.9
      vertex 16.6847 36.55 14.9
    endloop
  endfacet
  facet normal 0 0 -1
    outer loop
      vertex 16.192 32.808 14.9
      vertex 16.4594 36.8872 14.9
      vertex 16.4594 33.1128 14.9
    endloop
  endfacet
  facet normal 0 0 -1
    outer loop
      vertex 16.192 32.808 14.9
      vertex 16.192 37.192 14.9
      vertex 16.4594 36.8872 14.9
    endloop
  endfacet
  facet normal 0 0 -1
    outer loop
      vertex 15.8872 32.5406 14.9
      vertex 16.192 37.192 14.9
      vertex 16.192 32.808 14.9
    endloop
  endfacet
  facet normal 0 0 -1
    outer loop
      vertex 15.8872 32.5406 14.9
      vertex 15.8872 37.4594 14.9
      vertex 16.192 37.192 14.9
    endloop
  endfacet
  facet normal 0 0 -1
    outer loop
      vertex 15.55 32.3153 14.9
      vertex 15.8872 37.4594 14.9
      vertex 15.8872 32.5406 14.9
    endloop
  endfacet
  facet normal 0 0 -1
    outer loop
      vertex 15.55 32.3153 14.9
      vertex 15.55 37.6847 14.9
      vertex 15.8872 37.4594 14.9
    endloop
  endfacet
  facet normal 0 0 -1
    outer loop
      vertex 15.1863 32.136 14.9
      vertex 15.55 37.6847 14.9
      vertex 15.55 32.3153 14.9
    endloop
  endfacet
  facet normal 0 0 -1
    outer loop
      vertex 15.1863 32.136 14.9
      vertex 15.1863 37.864 14.9
      vertex 15.55 37.6847 14.9
    endloop
  endfacet
  facet normal 0 0 -1
    outer loop
      vertex 14.8023 32.0056 14.9
      vertex 15.1863 37.864 14.9
      vertex 15.1863 32.136 14.9
    endloop
  endfacet
  facet normal 0 0 -1
    outer loop
      vertex 14.8023 32.0056 14.9
      vertex 14.8023 37.9944 14.9
      vertex 15.1863 37.864 14.9
    endloop
  endfacet
  facet normal 0 0 -1
    outer loop
      vertex 14.4046 31.9265 14.9
      vertex 14.8023 37.9944 14.9
      vertex 14.8023 32.0056 14.9
    endloop
  endfacet
  facet normal 0 0 -1
    outer loop
      vertex 14.4046 31.9265 14.9
      vertex 14.4046 38.0735 14.9
      vertex 14.8023 37.9944 14.9
    endloop
  endfacet
  facet normal 0 0 -1
    outer loop
      vertex 14 31.9 14.9
      vertex 14.4046 38.0735 14.9
      vertex 14.4046 31.9265 14.9
    endloop
  endfacet
  facet normal 0 0 -1
    outer loop
      vertex 14 31.9 14.9
      vertex 14 38.1 14.9
      vertex 14.4046 38.0735 14.9
    endloop
  endfacet
  facet normal 0 0 -1
    outer loop
      vertex 13.5954 31.9265 14.9
      vertex 14 38.1 14.9
      vertex 14 31.9 14.9
    endloop
  endfacet
  facet normal 0 0 -1
    outer loop
      vertex 13.5954 31.9265 14.9
      vertex 13.5954 38.0735 14.9
      vertex 14 38.1 14.9
    endloop
  endfacet
  facet normal 0 0 -1
    outer loop
      vertex 13.1977 32.0056 14.9
      vertex 13.5954 38.0735 14.9
      vertex 13.5954 31.9265 14.9
    endloop
  endfacet
  facet normal 0 0 -1
    outer loop
      vertex 13.1977 32.0056 14.9
      vertex 13.1977 37.9944 14.9
      vertex 13.5954 38.0735 14.9
    endloop
  endfacet
  facet normal 0 0 -1
    outer loop
      vertex 12.8137 32.136 14.9
      vertex 13.1977 37.9944 14.9
      vertex 13.1977 32.0056 14.9
    endloop
  endfacet
  facet normal 0 0 -1
    outer loop
      vertex 12.8137 32.136 14.9
      vertex 12.8137 37.864 14.9
      vertex 13.1977 37.9944 14.9
    endloop
  endfacet
  facet normal 0 0 -1
    outer loop
      vertex 12.45 32.3153 14.9
      vertex 12.8137 37.864 14.9
      vertex 12.8137 32.136 14.9
    endloop
  endfacet
  facet normal 0 0 -1
    outer loop
      vertex 12.45 32.3153 14.9
      vertex 12.45 37.6847 14.9
      vertex 12.8137 37.864 14.9
    endloop
  endfacet
  facet normal 0 0 -1
    outer loop
      vertex 12.1128 32.5406 14.9
      vertex 12.45 37.6847 14.9
      vertex 12.45 32.3153 14.9
    endloop
  endfacet
  facet normal 0 0 -1
    outer loop
      vertex 12.1128 32.5406 14.9
      vertex 12.1128 37.4594 14.9
      vertex 12.45 37.6847 14.9
    endloop
  endfacet
  facet normal 0 0 -1
    outer loop
      vertex 11.808 32.808 14.9
      vertex 12.1128 37.4594 14.9
      vertex 12.1128 32.5406 14.9
    endloop
  endfacet
  facet normal 0 0 -1
    outer loop
      vertex 11.808 32.808 14.9
      vertex 11.808 37.192 14.9
      vertex 12.1128 37.4594 14.9
    endloop
  endfacet
  facet normal 0 0 -1
    outer loop
      vertex 11.5406 33.1128 14.9
      vertex 11.808 37.192 14.9
      vertex 11.808 32.808 14.9
    endloop
  endfacet
  facet normal 0 0 -1
    outer loop
      vertex 11.5406 33.1128 14.9
      vertex 11.5406 36.8872 14.9
      vertex 11.808 37.192 14.9
    endloop
  endfacet
  facet normal 0 0 -1
    outer loop
      vertex 11.3153 33.45 14.9
      vertex 11.5406 36.8872 14.9
      vertex 11.5406 33.1128 14.9
    endloop
  endfacet
  facet normal 0 0 -1
    outer loop
      vertex 11.3153 33.45 14.9
      vertex 11.3153 36.55 14.9
      vertex 11.5406 36.8872 14.9
    endloop
  endfacet
  facet normal 0 0 -1
    outer loop
      vertex 11.136 33.8137 14.9
      vertex 11.3153 36.55 14.9
      vertex 11.3153 33.45 14.9
    endloop
  endfacet
  facet normal 0 0 -1
    outer loop
      vertex 11.136 33.8137 14.9
      vertex 11.136 36.1863 14.9
      vertex 11.3153 36.55 14.9
    endloop
  endfacet
  facet normal 0 0 -1
    outer loop
      vertex 11.0056 34.1977 14.9
      vertex 11.136 36.1863 14.9
      vertex 11.136 33.8137 14.9
    endloop
  endfacet
  facet normal 0 0 -1
    outer loop
      vertex 11.0056 34.1977 14.9
      vertex 11.0056 35.8023 14.9
      vertex 11.136 36.1863 14.9
    endloop
  endfacet
  facet normal 0 0 -1
    outer loop
      vertex 10.9265 34.5954 14.9
      vertex 11.0056 35.8023 14.9
      vertex 11.0056 34.1977 14.9
    endloop
  endfacet
  facet normal 0 0 -1
    outer loop
      vertex 10.9265 34.5954 14.9
      vertex 10.9265 35.4046 14.9
      vertex 11.0056 35.8023 14.9
    endloop
  endfacet
  facet normal 0 -0 -1
    outer loop
      vertex 10.9265 35.4046 14.9
      vertex 10.9265 34.5954 14.9
      vertex 10.9 35 14.9
    endloop
  endfacet
  facet normal 0.751721 0.659482 0
    outer loop
      vertex 16.4594 36.8872 17
      vertex 16.192 37.192 14.9
      vertex 16.192 37.192 17
    endloop
  endfacet
  facet normal 0.751721 0.659482 0
    outer loop
      vertex 16.192 37.192 14.9
      vertex 16.4594 36.8872 17
      vertex 16.4594 36.8872 14.9
    endloop
  endfacet
  facet normal -0.442176 -0.896928 0
    outer loop
      vertex 12.45 32.3153 14.9
      vertex 12.8137 32.136 17
      vertex 12.45 32.3153 17
    endloop
  endfacet
  facet normal -0.442176 -0.896928 -0
    outer loop
      vertex 12.8137 32.136 17
      vertex 12.45 32.3153 14.9
      vertex 12.8137 32.136 14.9
    endloop
  endfacet
  facet normal 0.195073 -0.980789 0
    outer loop
      vertex 14.4046 31.9265 14.9
      vertex 14.8023 32.0056 17
      vertex 14.4046 31.9265 17
    endloop
  endfacet
  facet normal 0.195073 -0.980789 0
    outer loop
      vertex 14.8023 32.0056 17
      vertex 14.4046 31.9265 14.9
      vertex 14.8023 32.0056 14.9
    endloop
  endfacet
  facet normal 0.659482 -0.751721 0
    outer loop
      vertex 15.8872 32.5406 14.9
      vertex 16.192 32.808 17
      vertex 15.8872 32.5406 17
    endloop
  endfacet
  facet normal 0.659482 -0.751721 0
    outer loop
      vertex 16.192 32.808 17
      vertex 15.8872 32.5406 14.9
      vertex 16.192 32.808 14.9
    endloop
  endfacet
  facet normal -0.555553 -0.831481 0
    outer loop
      vertex 12.1128 32.5406 14.9
      vertex 12.45 32.3153 17
      vertex 12.1128 32.5406 17
    endloop
  endfacet
  facet normal -0.555553 -0.831481 -0
    outer loop
      vertex 12.45 32.3153 17
      vertex 12.1128 32.5406 14.9
      vertex 12.45 32.3153 14.9
    endloop
  endfacet
  facet normal -0.321549 -0.946893 0
    outer loop
      vertex 12.8137 32.136 14.9
      vertex 13.1977 32.0056 17
      vertex 12.8137 32.136 17
    endloop
  endfacet
  facet normal -0.321549 -0.946893 -0
    outer loop
      vertex 13.1977 32.0056 17
      vertex 12.8137 32.136 14.9
      vertex 13.1977 32.0056 14.9
    endloop
  endfacet
  facet normal -0.946893 -0.321549 0
    outer loop
      vertex 11.136 33.8137 14.9
      vertex 11.0056 34.1977 17
      vertex 11.0056 34.1977 14.9
    endloop
  endfacet
  facet normal -0.946893 -0.321549 0
    outer loop
      vertex 11.0056 34.1977 17
      vertex 11.136 33.8137 14.9
      vertex 11.136 33.8137 17
    endloop
  endfacet
  facet normal 0.555553 -0.831481 0
    outer loop
      vertex 15.55 32.3153 14.9
      vertex 15.8872 32.5406 17
      vertex 15.55 32.3153 17
    endloop
  endfacet
  facet normal 0.555553 -0.831481 0
    outer loop
      vertex 15.8872 32.5406 17
      vertex 15.55 32.3153 14.9
      vertex 15.8872 32.5406 14.9
    endloop
  endfacet
  facet normal -0.195073 0.980789 0
    outer loop
      vertex 13.5954 38.0735 14.9
      vertex 13.1977 37.9944 17
      vertex 13.5954 38.0735 17
    endloop
  endfacet
  facet normal -0.195073 0.980789 0
    outer loop
      vertex 13.1977 37.9944 17
      vertex 13.5954 38.0735 14.9
      vertex 13.1977 37.9944 14.9
    endloop
  endfacet
  facet normal -0.980789 0.195073 0
    outer loop
      vertex 10.9265 35.4046 14.9
      vertex 11.0056 35.8023 17
      vertex 11.0056 35.8023 14.9
    endloop
  endfacet
  facet normal -0.980789 0.195073 0
    outer loop
      vertex 11.0056 35.8023 17
      vertex 10.9265 35.4046 14.9
      vertex 10.9265 35.4046 17
    endloop
  endfacet
  facet normal -0.659482 0.751721 0
    outer loop
      vertex 12.1128 37.4594 14.9
      vertex 11.808 37.192 17
      vertex 12.1128 37.4594 17
    endloop
  endfacet
  facet normal -0.659482 0.751721 0
    outer loop
      vertex 11.808 37.192 17
      vertex 12.1128 37.4594 14.9
      vertex 11.808 37.192 14.9
    endloop
  endfacet
  facet normal -0.980789 -0.195073 0
    outer loop
      vertex 11.0056 34.1977 14.9
      vertex 10.9265 34.5954 17
      vertex 10.9265 34.5954 14.9
    endloop
  endfacet
  facet normal -0.980789 -0.195073 0
    outer loop
      vertex 10.9265 34.5954 17
      vertex 11.0056 34.1977 14.9
      vertex 11.0056 34.1977 17
    endloop
  endfacet
  facet normal 0.0653568 0.997862 -0
    outer loop
      vertex 14.4046 38.0735 14.9
      vertex 14 38.1 17
      vertex 14.4046 38.0735 17
    endloop
  endfacet
  facet normal 0.0653568 0.997862 0
    outer loop
      vertex 14 38.1 17
      vertex 14.4046 38.0735 14.9
      vertex 14 38.1 14.9
    endloop
  endfacet
  facet normal -0.997862 -0.0653568 0
    outer loop
      vertex 10.9265 34.5954 14.9
      vertex 10.9 35 17
      vertex 10.9 35 14.9
    endloop
  endfacet
  facet normal -0.997862 -0.0653568 0
    outer loop
      vertex 10.9 35 17
      vertex 10.9265 34.5954 14.9
      vertex 10.9265 34.5954 17
    endloop
  endfacet
  facet normal -0.0653568 0.997862 0
    outer loop
      vertex 14 38.1 14.9
      vertex 13.5954 38.0735 17
      vertex 14 38.1 17
    endloop
  endfacet
  facet normal -0.0653568 0.997862 0
    outer loop
      vertex 13.5954 38.0735 17
      vertex 14 38.1 14.9
      vertex 13.5954 38.0735 14.9
    endloop
  endfacet
  facet normal -0.831481 -0.555553 0
    outer loop
      vertex 11.5406 33.1128 14.9
      vertex 11.3153 33.45 17
      vertex 11.3153 33.45 14.9
    endloop
  endfacet
  facet normal -0.831481 -0.555553 0
    outer loop
      vertex 11.3153 33.45 17
      vertex 11.5406 33.1128 14.9
      vertex 11.5406 33.1128 17
    endloop
  endfacet
  facet normal -0.0653568 -0.997862 0
    outer loop
      vertex 13.5954 31.9265 14.9
      vertex 14 31.9 17
      vertex 13.5954 31.9265 17
    endloop
  endfacet
  facet normal -0.0653568 -0.997862 -0
    outer loop
      vertex 14 31.9 17
      vertex 13.5954 31.9265 14.9
      vertex 14 31.9 14.9
    endloop
  endfacet
  facet normal -0.831481 0.555553 0
    outer loop
      vertex 11.3153 36.55 14.9
      vertex 11.5406 36.8872 17
      vertex 11.5406 36.8872 14.9
    endloop
  endfacet
  facet normal -0.831481 0.555553 0
    outer loop
      vertex 11.5406 36.8872 17
      vertex 11.3153 36.55 14.9
      vertex 11.3153 36.55 17
    endloop
  endfacet
  facet normal 0.442176 -0.896928 0
    outer loop
      vertex 15.1863 -37.864 14.9
      vertex 15.55 -37.6847 15
      vertex 15.1863 -37.864 15
    endloop
  endfacet
  facet normal 0.442176 -0.896928 0
    outer loop
      vertex 15.55 -37.6847 15
      vertex 15.1863 -37.864 14.9
      vertex 15.55 -37.6847 14.9
    endloop
  endfacet
  facet normal 0.442176 -0.896928 0
    outer loop
      vertex 15.1863 -37.864 15.01
      vertex 15.55 -37.6847 17
      vertex 15.1863 -37.864 17
    endloop
  endfacet
  facet normal 0.442176 -0.896928 0
    outer loop
      vertex 15.55 -37.6847 17
      vertex 15.1863 -37.864 15.01
      vertex 15.55 -37.6847 15.01
    endloop
  endfacet
  facet normal 0.980789 0.195073 0
    outer loop
      vertex 17.0735 -34.5954 15
      vertex 16.9944 -34.1977 14.9
      vertex 16.9944 -34.1977 15
    endloop
  endfacet
  facet normal 0.980789 0.195073 0
    outer loop
      vertex 16.9944 -34.1977 14.9
      vertex 17.0735 -34.5954 15
      vertex 17.0735 -34.5954 14.9
    endloop
  endfacet
  facet normal 0.980789 0.195073 0
    outer loop
      vertex 17.0735 -34.5954 17
      vertex 16.9944 -34.1977 15.01
      vertex 16.9944 -34.1977 17
    endloop
  endfacet
  facet normal 0.980789 0.195073 0
    outer loop
      vertex 16.9944 -34.1977 15.01
      vertex 17.0735 -34.5954 17
      vertex 17.0735 -34.5954 15.01
    endloop
  endfacet
  facet normal 0.997862 0.0653568 0
    outer loop
      vertex 17.1 -35 15
      vertex 17.0735 -34.5954 14.9
      vertex 17.0735 -34.5954 15
    endloop
  endfacet
  facet normal 0.997862 0.0653568 0
    outer loop
      vertex 17.0735 -34.5954 14.9
      vertex 17.1 -35 15
      vertex 17.1 -35 14.9
    endloop
  endfacet
  facet normal 0.997862 0.0653568 0
    outer loop
      vertex 17.1 -35 17
      vertex 17.0735 -34.5954 15.01
      vertex 17.0735 -34.5954 17
    endloop
  endfacet
  facet normal 0.997862 0.0653568 0
    outer loop
      vertex 17.0735 -34.5954 15.01
      vertex 17.1 -35 17
      vertex 17.1 -35 15.01
    endloop
  endfacet
  facet normal 0.946893 0.321549 0
    outer loop
      vertex 16.9944 -34.1977 15
      vertex 16.864 -33.8137 14.9
      vertex 16.864 -33.8137 15
    endloop
  endfacet
  facet normal 0.946893 0.321549 0
    outer loop
      vertex 16.864 -33.8137 14.9
      vertex 16.9944 -34.1977 15
      vertex 16.9944 -34.1977 14.9
    endloop
  endfacet
  facet normal 0.946893 0.321549 0
    outer loop
      vertex 16.9944 -34.1977 17
      vertex 16.864 -33.8137 15.01
      vertex 16.864 -33.8137 17
    endloop
  endfacet
  facet normal 0.946893 0.321549 0
    outer loop
      vertex 16.864 -33.8137 15.01
      vertex 16.9944 -34.1977 17
      vertex 16.9944 -34.1977 15.01
    endloop
  endfacet
  facet normal 0.751721 -0.659482 0
    outer loop
      vertex 16.192 -37.192 17
      vertex 16.4594 -36.8872 15.01
      vertex 16.4594 -36.8872 17
    endloop
  endfacet
  facet normal 0.751721 -0.659482 0
    outer loop
      vertex 16.4594 -36.8872 15.01
      vertex 16.192 -37.192 17
      vertex 16.192 -37.192 15.01
    endloop
  endfacet
  facet normal 0.751721 -0.659482 0
    outer loop
      vertex 16.192 -37.192 15
      vertex 16.4594 -36.8872 14.9
      vertex 16.4594 -36.8872 15
    endloop
  endfacet
  facet normal 0.751721 -0.659482 0
    outer loop
      vertex 16.4594 -36.8872 14.9
      vertex 16.192 -37.192 15
      vertex 16.192 -37.192 14.9
    endloop
  endfacet
  facet normal 0.321549 0.946893 -0
    outer loop
      vertex 15.1863 -32.136 14.9
      vertex 14.8023 -32.0056 15
      vertex 15.1863 -32.136 15
    endloop
  endfacet
  facet normal 0.321549 0.946893 0
    outer loop
      vertex 14.8023 -32.0056 15
      vertex 15.1863 -32.136 14.9
      vertex 14.8023 -32.0056 14.9
    endloop
  endfacet
  facet normal 0.321549 0.946893 -0
    outer loop
      vertex 15.1863 -32.136 15.01
      vertex 14.8023 -32.0056 17
      vertex 15.1863 -32.136 17
    endloop
  endfacet
  facet normal 0.321549 0.946893 0
    outer loop
      vertex 14.8023 -32.0056 17
      vertex 15.1863 -32.136 15.01
      vertex 14.8023 -32.0056 15.01
    endloop
  endfacet
  facet normal 0.555553 0.831481 -0
    outer loop
      vertex 15.8872 -32.5406 15.01
      vertex 15.55 -32.3153 17
      vertex 15.8872 -32.5406 17
    endloop
  endfacet
  facet normal 0.555553 0.831481 0
    outer loop
      vertex 15.55 -32.3153 17
      vertex 15.8872 -32.5406 15.01
      vertex 15.55 -32.3153 15.01
    endloop
  endfacet
  facet normal 0.555553 0.831481 -0
    outer loop
      vertex 15.8872 -32.5406 14.9
      vertex 15.55 -32.3153 15
      vertex 15.8872 -32.5406 15
    endloop
  endfacet
  facet normal 0.555553 0.831481 0
    outer loop
      vertex 15.55 -32.3153 15
      vertex 15.8872 -32.5406 14.9
      vertex 15.55 -32.3153 14.9
    endloop
  endfacet
  facet normal 0.896928 -0.442176 0
    outer loop
      vertex 16.6847 -36.55 17
      vertex 16.864 -36.1863 15.01
      vertex 16.864 -36.1863 17
    endloop
  endfacet
  facet normal 0.896928 -0.442176 0
    outer loop
      vertex 16.864 -36.1863 15.01
      vertex 16.6847 -36.55 17
      vertex 16.6847 -36.55 15.01
    endloop
  endfacet
  facet normal 0.896928 -0.442176 0
    outer loop
      vertex 16.6847 -36.55 15
      vertex 16.864 -36.1863 14.9
      vertex 16.864 -36.1863 15
    endloop
  endfacet
  facet normal 0.896928 -0.442176 0
    outer loop
      vertex 16.864 -36.1863 14.9
      vertex 16.6847 -36.55 15
      vertex 16.6847 -36.55 14.9
    endloop
  endfacet
  facet normal 0.321549 -0.946893 0
    outer loop
      vertex 14.8023 -37.9944 14.9
      vertex 15.1863 -37.864 15
      vertex 14.8023 -37.9944 15
    endloop
  endfacet
  facet normal 0.321549 -0.946893 0
    outer loop
      vertex 15.1863 -37.864 15
      vertex 14.8023 -37.9944 14.9
      vertex 15.1863 -37.864 14.9
    endloop
  endfacet
  facet normal 0.321549 -0.946893 0
    outer loop
      vertex 14.8023 -37.9944 15.01
      vertex 15.1863 -37.864 17
      vertex 14.8023 -37.9944 17
    endloop
  endfacet
  facet normal 0.321549 -0.946893 0
    outer loop
      vertex 15.1863 -37.864 17
      vertex 14.8023 -37.9944 15.01
      vertex 15.1863 -37.864 15.01
    endloop
  endfacet
  facet normal 0.896928 0.442176 0
    outer loop
      vertex 16.864 -33.8137 15
      vertex 16.6847 -33.45 14.9
      vertex 16.6847 -33.45 15
    endloop
  endfacet
  facet normal 0.896928 0.442176 0
    outer loop
      vertex 16.6847 -33.45 14.9
      vertex 16.864 -33.8137 15
      vertex 16.864 -33.8137 14.9
    endloop
  endfacet
  facet normal 0.896928 0.442176 0
    outer loop
      vertex 16.864 -33.8137 17
      vertex 16.6847 -33.45 15.01
      vertex 16.6847 -33.45 17
    endloop
  endfacet
  facet normal 0.896928 0.442176 0
    outer loop
      vertex 16.6847 -33.45 15.01
      vertex 16.864 -33.8137 17
      vertex 16.864 -33.8137 15.01
    endloop
  endfacet
  facet normal -0.195073 0.980789 0
    outer loop
      vertex 13.5954 -31.9265 14.9
      vertex 13.1977 -32.0056 15
      vertex 13.5954 -31.9265 15
    endloop
  endfacet
  facet normal -0.195073 0.980789 0
    outer loop
      vertex 13.1977 -32.0056 15
      vertex 13.5954 -31.9265 14.9
      vertex 13.1977 -32.0056 14.9
    endloop
  endfacet
  facet normal -0.195073 0.980789 0
    outer loop
      vertex 13.5954 -31.9265 15.01
      vertex 13.1977 -32.0056 17
      vertex 13.5954 -31.9265 17
    endloop
  endfacet
  facet normal -0.195073 0.980789 0
    outer loop
      vertex 13.1977 -32.0056 17
      vertex 13.5954 -31.9265 15.01
      vertex 13.1977 -32.0056 15.01
    endloop
  endfacet
  facet normal -0.0653568 -0.997862 0
    outer loop
      vertex 13.5954 -38.0735 14.9
      vertex 14 -38.1 15
      vertex 13.5954 -38.0735 15
    endloop
  endfacet
  facet normal -0.0653568 -0.997862 -0
    outer loop
      vertex 14 -38.1 15
      vertex 13.5954 -38.0735 14.9
      vertex 14 -38.1 14.9
    endloop
  endfacet
  facet normal -0.0653568 -0.997862 0
    outer loop
      vertex 13.5954 -38.0735 15.01
      vertex 14 -38.1 17
      vertex 13.5954 -38.0735 17
    endloop
  endfacet
  facet normal -0.0653568 -0.997862 -0
    outer loop
      vertex 14 -38.1 17
      vertex 13.5954 -38.0735 15.01
      vertex 14 -38.1 15.01
    endloop
  endfacet
  facet normal -0.555553 0.831481 0
    outer loop
      vertex 12.45 -32.3153 15.01
      vertex 12.1128 -32.5406 17
      vertex 12.45 -32.3153 17
    endloop
  endfacet
  facet normal -0.555553 0.831481 0
    outer loop
      vertex 12.1128 -32.5406 17
      vertex 12.45 -32.3153 15.01
      vertex 12.1128 -32.5406 15.01
    endloop
  endfacet
  facet normal -0.555553 0.831481 0
    outer loop
      vertex 12.45 -32.3153 14.9
      vertex 12.1128 -32.5406 15
      vertex 12.45 -32.3153 15
    endloop
  endfacet
  facet normal -0.555553 0.831481 0
    outer loop
      vertex 12.1128 -32.5406 15
      vertex 12.45 -32.3153 14.9
      vertex 12.1128 -32.5406 14.9
    endloop
  endfacet
  facet normal -0.321549 -0.946893 0
    outer loop
      vertex 12.8137 -37.864 15.01
      vertex 13.1977 -37.9944 17
      vertex 12.8137 -37.864 17
    endloop
  endfacet
  facet normal -0.321549 -0.946893 -0
    outer loop
      vertex 13.1977 -37.9944 17
      vertex 12.8137 -37.864 15.01
      vertex 13.1977 -37.9944 15.01
    endloop
  endfacet
  facet normal -0.321549 -0.946893 0
    outer loop
      vertex 12.8137 -37.864 14.9
      vertex 13.1977 -37.9944 15
      vertex 12.8137 -37.864 15
    endloop
  endfacet
  facet normal -0.321549 -0.946893 -0
    outer loop
      vertex 13.1977 -37.9944 15
      vertex 12.8137 -37.864 14.9
      vertex 13.1977 -37.9944 14.9
    endloop
  endfacet
  facet normal 0.946893 -0.321549 0
    outer loop
      vertex 16.864 -36.1863 17
      vertex 16.9944 -35.8023 15.01
      vertex 16.9944 -35.8023 17
    endloop
  endfacet
  facet normal 0.946893 -0.321549 0
    outer loop
      vertex 16.9944 -35.8023 15.01
      vertex 16.864 -36.1863 17
      vertex 16.864 -36.1863 15.01
    endloop
  endfacet
  facet normal 0.946893 -0.321549 0
    outer loop
      vertex 16.864 -36.1863 15
      vertex 16.9944 -35.8023 14.9
      vertex 16.9944 -35.8023 15
    endloop
  endfacet
  facet normal 0.946893 -0.321549 0
    outer loop
      vertex 16.9944 -35.8023 14.9
      vertex 16.864 -36.1863 15
      vertex 16.864 -36.1863 14.9
    endloop
  endfacet
  facet normal -0.831481 -0.555553 0
    outer loop
      vertex 11.5406 -36.8872 14.9
      vertex 11.3153 -36.55 15
      vertex 11.3153 -36.55 14.9
    endloop
  endfacet
  facet normal -0.831481 -0.555553 0
    outer loop
      vertex 11.3153 -36.55 15
      vertex 11.5406 -36.8872 14.9
      vertex 11.5406 -36.8872 15
    endloop
  endfacet
  facet normal -0.831481 -0.555553 0
    outer loop
      vertex 11.5406 -36.8872 15.01
      vertex 11.3153 -36.55 17
      vertex 11.3153 -36.55 15.01
    endloop
  endfacet
  facet normal -0.831481 -0.555553 0
    outer loop
      vertex 11.3153 -36.55 17
      vertex 11.5406 -36.8872 15.01
      vertex 11.5406 -36.8872 17
    endloop
  endfacet
  facet normal -0.659482 -0.751721 0
    outer loop
      vertex 11.808 -37.192 15.01
      vertex 12.1128 -37.4594 17
      vertex 11.808 -37.192 17
    endloop
  endfacet
  facet normal -0.659482 -0.751721 -0
    outer loop
      vertex 12.1128 -37.4594 17
      vertex 11.808 -37.192 15.01
      vertex 12.1128 -37.4594 15.01
    endloop
  endfacet
  facet normal -0.659482 -0.751721 0
    outer loop
      vertex 11.808 -37.192 14.9
      vertex 12.1128 -37.4594 15
      vertex 11.808 -37.192 15
    endloop
  endfacet
  facet normal -0.659482 -0.751721 -0
    outer loop
      vertex 12.1128 -37.4594 15
      vertex 11.808 -37.192 14.9
      vertex 12.1128 -37.4594 14.9
    endloop
  endfacet
  facet normal -0.659482 0.751721 0
    outer loop
      vertex 12.1128 -32.5406 14.9
      vertex 11.808 -32.808 15
      vertex 12.1128 -32.5406 15
    endloop
  endfacet
  facet normal -0.659482 0.751721 0
    outer loop
      vertex 11.808 -32.808 15
      vertex 12.1128 -32.5406 14.9
      vertex 11.808 -32.808 14.9
    endloop
  endfacet
  facet normal -0.659482 0.751721 0
    outer loop
      vertex 12.1128 -32.5406 15.01
      vertex 11.808 -32.808 17
      vertex 12.1128 -32.5406 17
    endloop
  endfacet
  facet normal -0.659482 0.751721 0
    outer loop
      vertex 11.808 -32.808 17
      vertex 12.1128 -32.5406 15.01
      vertex 11.808 -32.808 15.01
    endloop
  endfacet
  facet normal -0.946893 0.321549 0
    outer loop
      vertex 11.0056 -34.1977 15.01
      vertex 11.136 -33.8137 17
      vertex 11.136 -33.8137 15.01
    endloop
  endfacet
  facet normal -0.946893 0.321549 0
    outer loop
      vertex 11.136 -33.8137 17
      vertex 11.0056 -34.1977 15.01
      vertex 11.0056 -34.1977 17
    endloop
  endfacet
  facet normal -0.946893 0.321549 0
    outer loop
      vertex 11.0056 -34.1977 14.9
      vertex 11.136 -33.8137 15
      vertex 11.136 -33.8137 14.9
    endloop
  endfacet
  facet normal -0.946893 0.321549 0
    outer loop
      vertex 11.136 -33.8137 15
      vertex 11.0056 -34.1977 14.9
      vertex 11.0056 -34.1977 15
    endloop
  endfacet
  facet normal -0.442176 0.896928 0
    outer loop
      vertex 12.8137 -32.136 15.01
      vertex 12.45 -32.3153 17
      vertex 12.8137 -32.136 17
    endloop
  endfacet
  facet normal -0.442176 0.896928 0
    outer loop
      vertex 12.45 -32.3153 17
      vertex 12.8137 -32.136 15.01
      vertex 12.45 -32.3153 15.01
    endloop
  endfacet
  facet normal -0.442176 0.896928 0
    outer loop
      vertex 12.8137 -32.136 14.9
      vertex 12.45 -32.3153 15
      vertex 12.8137 -32.136 15
    endloop
  endfacet
  facet normal -0.442176 0.896928 0
    outer loop
      vertex 12.45 -32.3153 15
      vertex 12.8137 -32.136 14.9
      vertex 12.45 -32.3153 14.9
    endloop
  endfacet
  facet normal -0.980789 0.195073 0
    outer loop
      vertex 10.9265 -34.5954 15.01
      vertex 11.0056 -34.1977 17
      vertex 11.0056 -34.1977 15.01
    endloop
  endfacet
  facet normal -0.980789 0.195073 0
    outer loop
      vertex 11.0056 -34.1977 17
      vertex 10.9265 -34.5954 15.01
      vertex 10.9265 -34.5954 17
    endloop
  endfacet
  facet normal -0.980789 0.195073 0
    outer loop
      vertex 10.9265 -34.5954 14.9
      vertex 11.0056 -34.1977 15
      vertex 11.0056 -34.1977 14.9
    endloop
  endfacet
  facet normal -0.980789 0.195073 0
    outer loop
      vertex 11.0056 -34.1977 15
      vertex 10.9265 -34.5954 14.9
      vertex 10.9265 -34.5954 15
    endloop
  endfacet
  facet normal -0.321549 0.946893 0
    outer loop
      vertex 13.1977 -32.0056 14.9
      vertex 12.8137 -32.136 15
      vertex 13.1977 -32.0056 15
    endloop
  endfacet
  facet normal -0.321549 0.946893 0
    outer loop
      vertex 12.8137 -32.136 15
      vertex 13.1977 -32.0056 14.9
      vertex 12.8137 -32.136 14.9
    endloop
  endfacet
  facet normal -0.321549 0.946893 0
    outer loop
      vertex 13.1977 -32.0056 15.01
      vertex 12.8137 -32.136 17
      vertex 13.1977 -32.0056 17
    endloop
  endfacet
  facet normal -0.321549 0.946893 0
    outer loop
      vertex 12.8137 -32.136 17
      vertex 13.1977 -32.0056 15.01
      vertex 12.8137 -32.136 15.01
    endloop
  endfacet
  facet normal 0.659482 -0.751721 0
    outer loop
      vertex 15.8872 -37.4594 15.01
      vertex 16.192 -37.192 17
      vertex 15.8872 -37.4594 17
    endloop
  endfacet
  facet normal 0.659482 -0.751721 0
    outer loop
      vertex 16.192 -37.192 17
      vertex 15.8872 -37.4594 15.01
      vertex 16.192 -37.192 15.01
    endloop
  endfacet
  facet normal 0.659482 -0.751721 0
    outer loop
      vertex 15.8872 -37.4594 14.9
      vertex 16.192 -37.192 15
      vertex 15.8872 -37.4594 15
    endloop
  endfacet
  facet normal 0.659482 -0.751721 0
    outer loop
      vertex 16.192 -37.192 15
      vertex 15.8872 -37.4594 14.9
      vertex 16.192 -37.192 14.9
    endloop
  endfacet
  facet normal 0.0653568 0.997862 -0
    outer loop
      vertex 14.4046 -31.9265 14.9
      vertex 14 -31.9 15
      vertex 14.4046 -31.9265 15
    endloop
  endfacet
  facet normal 0.0653568 0.997862 0
    outer loop
      vertex 14 -31.9 15
      vertex 14.4046 -31.9265 14.9
      vertex 14 -31.9 14.9
    endloop
  endfacet
  facet normal 0.0653568 0.997862 -0
    outer loop
      vertex 14.4046 -31.9265 15.01
      vertex 14 -31.9 17
      vertex 14.4046 -31.9265 17
    endloop
  endfacet
  facet normal 0.0653568 0.997862 0
    outer loop
      vertex 14 -31.9 17
      vertex 14.4046 -31.9265 15.01
      vertex 14 -31.9 15.01
    endloop
  endfacet
  facet normal 0.831481 0.555553 0
    outer loop
      vertex 16.6847 -33.45 15
      vertex 16.4594 -33.1128 14.9
      vertex 16.4594 -33.1128 15
    endloop
  endfacet
  facet normal 0.831481 0.555553 0
    outer loop
      vertex 16.4594 -33.1128 14.9
      vertex 16.6847 -33.45 15
      vertex 16.6847 -33.45 14.9
    endloop
  endfacet
  facet normal 0.831481 0.555553 0
    outer loop
      vertex 16.6847 -33.45 17
      vertex 16.4594 -33.1128 15.01
      vertex 16.4594 -33.1128 17
    endloop
  endfacet
  facet normal 0.831481 0.555553 0
    outer loop
      vertex 16.4594 -33.1128 15.01
      vertex 16.6847 -33.45 17
      vertex 16.6847 -33.45 15.01
    endloop
  endfacet
  facet normal 0.195073 -0.980789 0
    outer loop
      vertex 14.4046 -38.0735 15.01
      vertex 14.8023 -37.9944 17
      vertex 14.4046 -38.0735 17
    endloop
  endfacet
  facet normal 0.195073 -0.980789 0
    outer loop
      vertex 14.8023 -37.9944 17
      vertex 14.4046 -38.0735 15.01
      vertex 14.8023 -37.9944 15.01
    endloop
  endfacet
  facet normal 0.195073 -0.980789 0
    outer loop
      vertex 14.4046 -38.0735 14.9
      vertex 14.8023 -37.9944 15
      vertex 14.4046 -38.0735 15
    endloop
  endfacet
  facet normal 0.195073 -0.980789 0
    outer loop
      vertex 14.8023 -37.9944 15
      vertex 14.4046 -38.0735 14.9
      vertex 14.8023 -37.9944 14.9
    endloop
  endfacet
  facet normal -0.980789 -0.195073 0
    outer loop
      vertex 11.0056 -35.8023 15.01
      vertex 10.9265 -35.4046 17
      vertex 10.9265 -35.4046 15.01
    endloop
  endfacet
  facet normal -0.980789 -0.195073 0
    outer loop
      vertex 10.9265 -35.4046 17
      vertex 11.0056 -35.8023 15.01
      vertex 11.0056 -35.8023 17
    endloop
  endfacet
  facet normal -0.980789 -0.195073 0
    outer loop
      vertex 11.0056 -35.8023 14.9
      vertex 10.9265 -35.4046 15
      vertex 10.9265 -35.4046 14.9
    endloop
  endfacet
  facet normal -0.980789 -0.195073 0
    outer loop
      vertex 10.9265 -35.4046 15
      vertex 11.0056 -35.8023 14.9
      vertex 11.0056 -35.8023 15
    endloop
  endfacet
  facet normal -0.751721 0.659482 0
    outer loop
      vertex 11.5406 -33.1128 15.01
      vertex 11.808 -32.808 17
      vertex 11.808 -32.808 15.01
    endloop
  endfacet
  facet normal -0.751721 0.659482 0
    outer loop
      vertex 11.808 -32.808 17
      vertex 11.5406 -33.1128 15.01
      vertex 11.5406 -33.1128 17
    endloop
  endfacet
  facet normal -0.751721 0.659482 0
    outer loop
      vertex 11.5406 -33.1128 14.9
      vertex 11.808 -32.808 15
      vertex 11.808 -32.808 14.9
    endloop
  endfacet
  facet normal -0.751721 0.659482 0
    outer loop
      vertex 11.808 -32.808 15
      vertex 11.5406 -33.1128 14.9
      vertex 11.5406 -33.1128 15
    endloop
  endfacet
  facet normal 0.659482 0.751721 -0
    outer loop
      vertex 16.192 -32.808 15.01
      vertex 15.8872 -32.5406 17
      vertex 16.192 -32.808 17
    endloop
  endfacet
  facet normal 0.659482 0.751721 0
    outer loop
      vertex 15.8872 -32.5406 17
      vertex 16.192 -32.808 15.01
      vertex 15.8872 -32.5406 15.01
    endloop
  endfacet
  facet normal 0.659482 0.751721 -0
    outer loop
      vertex 16.192 -32.808 14.9
      vertex 15.8872 -32.5406 15
      vertex 16.192 -32.808 15
    endloop
  endfacet
  facet normal 0.659482 0.751721 0
    outer loop
      vertex 15.8872 -32.5406 15
      vertex 16.192 -32.808 14.9
      vertex 15.8872 -32.5406 14.9
    endloop
  endfacet
  facet normal 0.997862 -0.0653568 0
    outer loop
      vertex 17.0735 -35.4046 15
      vertex 17.1 -35 14.9
      vertex 17.1 -35 15
    endloop
  endfacet
  facet normal 0.997862 -0.0653568 0
    outer loop
      vertex 17.1 -35 14.9
      vertex 17.0735 -35.4046 15
      vertex 17.0735 -35.4046 14.9
    endloop
  endfacet
  facet normal 0.997862 -0.0653568 0
    outer loop
      vertex 17.0735 -35.4046 17
      vertex 17.1 -35 15.01
      vertex 17.1 -35 17
    endloop
  endfacet
  facet normal 0.997862 -0.0653568 0
    outer loop
      vertex 17.1 -35 15.01
      vertex 17.0735 -35.4046 17
      vertex 17.0735 -35.4046 15.01
    endloop
  endfacet
  facet normal 0.980789 -0.195073 0
    outer loop
      vertex 16.9944 -35.8023 15
      vertex 17.0735 -35.4046 14.9
      vertex 17.0735 -35.4046 15
    endloop
  endfacet
  facet normal 0.980789 -0.195073 0
    outer loop
      vertex 17.0735 -35.4046 14.9
      vertex 16.9944 -35.8023 15
      vertex 16.9944 -35.8023 14.9
    endloop
  endfacet
  facet normal 0.980789 -0.195073 0
    outer loop
      vertex 16.9944 -35.8023 17
      vertex 17.0735 -35.4046 15.01
      vertex 17.0735 -35.4046 17
    endloop
  endfacet
  facet normal 0.980789 -0.195073 0
    outer loop
      vertex 17.0735 -35.4046 15.01
      vertex 16.9944 -35.8023 17
      vertex 16.9944 -35.8023 15.01
    endloop
  endfacet
  facet normal 0.555553 -0.831481 0
    outer loop
      vertex 15.55 -37.6847 14.9
      vertex 15.8872 -37.4594 15
      vertex 15.55 -37.6847 15
    endloop
  endfacet
  facet normal 0.555553 -0.831481 0
    outer loop
      vertex 15.8872 -37.4594 15
      vertex 15.55 -37.6847 14.9
      vertex 15.8872 -37.4594 14.9
    endloop
  endfacet
  facet normal 0.555553 -0.831481 0
    outer loop
      vertex 15.55 -37.6847 15.01
      vertex 15.8872 -37.4594 17
      vertex 15.55 -37.6847 17
    endloop
  endfacet
  facet normal 0.555553 -0.831481 0
    outer loop
      vertex 15.8872 -37.4594 17
      vertex 15.55 -37.6847 15.01
      vertex 15.8872 -37.4594 15.01
    endloop
  endfacet
  facet normal 0.195073 0.980789 -0
    outer loop
      vertex 14.8023 -32.0056 14.9
      vertex 14.4046 -31.9265 15
      vertex 14.8023 -32.0056 15
    endloop
  endfacet
  facet normal 0.195073 0.980789 0
    outer loop
      vertex 14.4046 -31.9265 15
      vertex 14.8023 -32.0056 14.9
      vertex 14.4046 -31.9265 14.9
    endloop
  endfacet
  facet normal 0.195073 0.980789 -0
    outer loop
      vertex 14.8023 -32.0056 15.01
      vertex 14.4046 -31.9265 17
      vertex 14.8023 -32.0056 17
    endloop
  endfacet
  facet normal 0.195073 0.980789 0
    outer loop
      vertex 14.4046 -31.9265 17
      vertex 14.8023 -32.0056 15.01
      vertex 14.4046 -31.9265 15.01
    endloop
  endfacet
  facet normal 0.751721 0.659482 0
    outer loop
      vertex 16.4594 -33.1128 15
      vertex 16.192 -32.808 14.9
      vertex 16.192 -32.808 15
    endloop
  endfacet
  facet normal 0.751721 0.659482 0
    outer loop
      vertex 16.192 -32.808 14.9
      vertex 16.4594 -33.1128 15
      vertex 16.4594 -33.1128 14.9
    endloop
  endfacet
  facet normal 0.751721 0.659482 0
    outer loop
      vertex 16.4594 -33.1128 17
      vertex 16.192 -32.808 15.01
      vertex 16.192 -32.808 17
    endloop
  endfacet
  facet normal 0.751721 0.659482 0
    outer loop
      vertex 16.192 -32.808 15.01
      vertex 16.4594 -33.1128 17
      vertex 16.4594 -33.1128 15.01
    endloop
  endfacet
  facet normal 0.442176 0.896928 -0
    outer loop
      vertex 15.55 -32.3153 15.01
      vertex 15.1863 -32.136 17
      vertex 15.55 -32.3153 17
    endloop
  endfacet
  facet normal 0.442176 0.896928 0
    outer loop
      vertex 15.1863 -32.136 17
      vertex 15.55 -32.3153 15.01
      vertex 15.1863 -32.136 15.01
    endloop
  endfacet
  facet normal 0.442176 0.896928 -0
    outer loop
      vertex 15.55 -32.3153 14.9
      vertex 15.1863 -32.136 15
      vertex 15.55 -32.3153 15
    endloop
  endfacet
  facet normal 0.442176 0.896928 0
    outer loop
      vertex 15.1863 -32.136 15
      vertex 15.55 -32.3153 14.9
      vertex 15.1863 -32.136 14.9
    endloop
  endfacet
  facet normal -0.997862 -0.0653568 0
    outer loop
      vertex 10.9265 -35.4046 15.01
      vertex 10.9 -35 17
      vertex 10.9 -35 15.01
    endloop
  endfacet
  facet normal -0.997862 -0.0653568 0
    outer loop
      vertex 10.9 -35 17
      vertex 10.9265 -35.4046 15.01
      vertex 10.9265 -35.4046 17
    endloop
  endfacet
  facet normal -0.997862 -0.0653568 0
    outer loop
      vertex 10.9265 -35.4046 14.9
      vertex 10.9 -35 15
      vertex 10.9 -35 14.9
    endloop
  endfacet
  facet normal -0.997862 -0.0653568 0
    outer loop
      vertex 10.9 -35 15
      vertex 10.9265 -35.4046 14.9
      vertex 10.9265 -35.4046 15
    endloop
  endfacet
  facet normal 0.831481 -0.555553 0
    outer loop
      vertex 16.4594 -36.8872 17
      vertex 16.6847 -36.55 15.01
      vertex 16.6847 -36.55 17
    endloop
  endfacet
  facet normal 0.831481 -0.555553 0
    outer loop
      vertex 16.6847 -36.55 15.01
      vertex 16.4594 -36.8872 17
      vertex 16.4594 -36.8872 15.01
    endloop
  endfacet
  facet normal 0.831481 -0.555553 0
    outer loop
      vertex 16.4594 -36.8872 15
      vertex 16.6847 -36.55 14.9
      vertex 16.6847 -36.55 15
    endloop
  endfacet
  facet normal 0.831481 -0.555553 0
    outer loop
      vertex 16.6847 -36.55 14.9
      vertex 16.4594 -36.8872 15
      vertex 16.4594 -36.8872 14.9
    endloop
  endfacet
  facet normal -0.751721 -0.659482 0
    outer loop
      vertex 11.808 -37.192 15.01
      vertex 11.5406 -36.8872 17
      vertex 11.5406 -36.8872 15.01
    endloop
  endfacet
  facet normal -0.751721 -0.659482 0
    outer loop
      vertex 11.5406 -36.8872 17
      vertex 11.808 -37.192 15.01
      vertex 11.808 -37.192 17
    endloop
  endfacet
  facet normal -0.751721 -0.659482 0
    outer loop
      vertex 11.808 -37.192 14.9
      vertex 11.5406 -36.8872 15
      vertex 11.5406 -36.8872 14.9
    endloop
  endfacet
  facet normal -0.751721 -0.659482 0
    outer loop
      vertex 11.5406 -36.8872 15
      vertex 11.808 -37.192 14.9
      vertex 11.808 -37.192 15
    endloop
  endfacet
  facet normal -0.997862 0.0653568 0
    outer loop
      vertex 10.9 -35 15.01
      vertex 10.9265 -34.5954 17
      vertex 10.9265 -34.5954 15.01
    endloop
  endfacet
  facet normal -0.997862 0.0653568 0
    outer loop
      vertex 10.9265 -34.5954 17
      vertex 10.9 -35 15.01
      vertex 10.9 -35 17
    endloop
  endfacet
  facet normal -0.997862 0.0653568 0
    outer loop
      vertex 10.9 -35 14.9
      vertex 10.9265 -34.5954 15
      vertex 10.9265 -34.5954 14.9
    endloop
  endfacet
  facet normal -0.997862 0.0653568 0
    outer loop
      vertex 10.9265 -34.5954 15
      vertex 10.9 -35 14.9
      vertex 10.9 -35 15
    endloop
  endfacet
  facet normal -0.442176 -0.896928 0
    outer loop
      vertex 12.45 -37.6847 15.01
      vertex 12.8137 -37.864 17
      vertex 12.45 -37.6847 17
    endloop
  endfacet
  facet normal -0.442176 -0.896928 -0
    outer loop
      vertex 12.8137 -37.864 17
      vertex 12.45 -37.6847 15.01
      vertex 12.8137 -37.864 15.01
    endloop
  endfacet
  facet normal -0.442176 -0.896928 0
    outer loop
      vertex 12.45 -37.6847 14.9
      vertex 12.8137 -37.864 15
      vertex 12.45 -37.6847 15
    endloop
  endfacet
  facet normal -0.442176 -0.896928 -0
    outer loop
      vertex 12.8137 -37.864 15
      vertex 12.45 -37.6847 14.9
      vertex 12.8137 -37.864 14.9
    endloop
  endfacet
  facet normal -0.946893 -0.321549 0
    outer loop
      vertex 11.136 -36.1863 14.9
      vertex 11.0056 -35.8023 15
      vertex 11.0056 -35.8023 14.9
    endloop
  endfacet
  facet normal -0.946893 -0.321549 0
    outer loop
      vertex 11.0056 -35.8023 15
      vertex 11.136 -36.1863 14.9
      vertex 11.136 -36.1863 15
    endloop
  endfacet
  facet normal -0.946893 -0.321549 0
    outer loop
      vertex 11.136 -36.1863 15.01
      vertex 11.0056 -35.8023 17
      vertex 11.0056 -35.8023 15.01
    endloop
  endfacet
  facet normal -0.946893 -0.321549 0
    outer loop
      vertex 11.0056 -35.8023 17
      vertex 11.136 -36.1863 15.01
      vertex 11.136 -36.1863 17
    endloop
  endfacet
  facet normal -0.195073 -0.980789 0
    outer loop
      vertex 13.1977 -37.9944 14.9
      vertex 13.5954 -38.0735 15
      vertex 13.1977 -37.9944 15
    endloop
  endfacet
  facet normal -0.195073 -0.980789 -0
    outer loop
      vertex 13.5954 -38.0735 15
      vertex 13.1977 -37.9944 14.9
      vertex 13.5954 -38.0735 14.9
    endloop
  endfacet
  facet normal -0.195073 -0.980789 0
    outer loop
      vertex 13.1977 -37.9944 15.01
      vertex 13.5954 -38.0735 17
      vertex 13.1977 -37.9944 17
    endloop
  endfacet
  facet normal -0.195073 -0.980789 -0
    outer loop
      vertex 13.5954 -38.0735 17
      vertex 13.1977 -37.9944 15.01
      vertex 13.5954 -38.0735 15.01
    endloop
  endfacet
  facet normal 0.0653568 -0.997862 0
    outer loop
      vertex 14 -38.1 14.9
      vertex 14.4046 -38.0735 15
      vertex 14 -38.1 15
    endloop
  endfacet
  facet normal 0.0653568 -0.997862 0
    outer loop
      vertex 14.4046 -38.0735 15
      vertex 14 -38.1 14.9
      vertex 14.4046 -38.0735 14.9
    endloop
  endfacet
  facet normal 0.0653568 -0.997862 0
    outer loop
      vertex 14 -38.1 15.01
      vertex 14.4046 -38.0735 17
      vertex 14 -38.1 17
    endloop
  endfacet
  facet normal 0.0653568 -0.997862 0
    outer loop
      vertex 14.4046 -38.0735 17
      vertex 14 -38.1 15.01
      vertex 14.4046 -38.0735 15.01
    endloop
  endfacet
  facet normal -0.0653568 0.997862 0
    outer loop
      vertex 14 -31.9 15.01
      vertex 13.5954 -31.9265 17
      vertex 14 -31.9 17
    endloop
  endfacet
  facet normal -0.0653568 0.997862 0
    outer loop
      vertex 13.5954 -31.9265 17
      vertex 14 -31.9 15.01
      vertex 13.5954 -31.9265 15.01
    endloop
  endfacet
  facet normal -0.0653568 0.997862 0
    outer loop
      vertex 14 -31.9 14.9
      vertex 13.5954 -31.9265 15
      vertex 14 -31.9 15
    endloop
  endfacet
  facet normal -0.0653568 0.997862 0
    outer loop
      vertex 13.5954 -31.9265 15
      vertex 14 -31.9 14.9
      vertex 13.5954 -31.9265 14.9
    endloop
  endfacet
  facet normal 0 0 -1
    outer loop
      vertex 17.0735 -35.4046 14.9
      vertex 17.0735 -34.5954 14.9
      vertex 17.1 -35 14.9
    endloop
  endfacet
  facet normal 0 0 -1
    outer loop
      vertex 16.9944 -35.8023 14.9
      vertex 17.0735 -34.5954 14.9
      vertex 17.0735 -35.4046 14.9
    endloop
  endfacet
  facet normal 0 0 -1
    outer loop
      vertex 16.9944 -35.8023 14.9
      vertex 16.9944 -34.1977 14.9
      vertex 17.0735 -34.5954 14.9
    endloop
  endfacet
  facet normal 0 0 -1
    outer loop
      vertex 16.864 -36.1863 14.9
      vertex 16.9944 -34.1977 14.9
      vertex 16.9944 -35.8023 14.9
    endloop
  endfacet
  facet normal 0 0 -1
    outer loop
      vertex 16.864 -36.1863 14.9
      vertex 16.864 -33.8137 14.9
      vertex 16.9944 -34.1977 14.9
    endloop
  endfacet
  facet normal 0 0 -1
    outer loop
      vertex 16.6847 -36.55 14.9
      vertex 16.864 -33.8137 14.9
      vertex 16.864 -36.1863 14.9
    endloop
  endfacet
  facet normal 0 0 -1
    outer loop
      vertex 16.6847 -36.55 14.9
      vertex 16.6847 -33.45 14.9
      vertex 16.864 -33.8137 14.9
    endloop
  endfacet
  facet normal 0 0 -1
    outer loop
      vertex 16.4594 -36.8872 14.9
      vertex 16.6847 -33.45 14.9
      vertex 16.6847 -36.55 14.9
    endloop
  endfacet
  facet normal 0 0 -1
    outer loop
      vertex 16.4594 -36.8872 14.9
      vertex 16.4594 -33.1128 14.9
      vertex 16.6847 -33.45 14.9
    endloop
  endfacet
  facet normal 0 0 -1
    outer loop
      vertex 16.192 -37.192 14.9
      vertex 16.4594 -33.1128 14.9
      vertex 16.4594 -36.8872 14.9
    endloop
  endfacet
  facet normal 0 0 -1
    outer loop
      vertex 16.192 -37.192 14.9
      vertex 16.192 -32.808 14.9
      vertex 16.4594 -33.1128 14.9
    endloop
  endfacet
  facet normal 0 0 -1
    outer loop
      vertex 15.8872 -37.4594 14.9
      vertex 16.192 -32.808 14.9
      vertex 16.192 -37.192 14.9
    endloop
  endfacet
  facet normal 0 0 -1
    outer loop
      vertex 15.8872 -37.4594 14.9
      vertex 15.8872 -32.5406 14.9
      vertex 16.192 -32.808 14.9
    endloop
  endfacet
  facet normal 0 0 -1
    outer loop
      vertex 15.55 -37.6847 14.9
      vertex 15.8872 -32.5406 14.9
      vertex 15.8872 -37.4594 14.9
    endloop
  endfacet
  facet normal 0 0 -1
    outer loop
      vertex 15.55 -37.6847 14.9
      vertex 15.55 -32.3153 14.9
      vertex 15.8872 -32.5406 14.9
    endloop
  endfacet
  facet normal 0 0 -1
    outer loop
      vertex 15.1863 -37.864 14.9
      vertex 15.55 -32.3153 14.9
      vertex 15.55 -37.6847 14.9
    endloop
  endfacet
  facet normal 0 0 -1
    outer loop
      vertex 15.1863 -37.864 14.9
      vertex 15.1863 -32.136 14.9
      vertex 15.55 -32.3153 14.9
    endloop
  endfacet
  facet normal 0 0 -1
    outer loop
      vertex 14.8023 -37.9944 14.9
      vertex 15.1863 -32.136 14.9
      vertex 15.1863 -37.864 14.9
    endloop
  endfacet
  facet normal 0 0 -1
    outer loop
      vertex 14.8023 -37.9944 14.9
      vertex 14.8023 -32.0056 14.9
      vertex 15.1863 -32.136 14.9
    endloop
  endfacet
  facet normal 0 0 -1
    outer loop
      vertex 14.4046 -38.0735 14.9
      vertex 14.8023 -32.0056 14.9
      vertex 14.8023 -37.9944 14.9
    endloop
  endfacet
  facet normal 0 0 -1
    outer loop
      vertex 14.4046 -38.0735 14.9
      vertex 14.4046 -31.9265 14.9
      vertex 14.8023 -32.0056 14.9
    endloop
  endfacet
  facet normal 0 0 -1
    outer loop
      vertex 14 -38.1 14.9
      vertex 14.4046 -31.9265 14.9
      vertex 14.4046 -38.0735 14.9
    endloop
  endfacet
  facet normal 0 0 -1
    outer loop
      vertex 14 -38.1 14.9
      vertex 14 -31.9 14.9
      vertex 14.4046 -31.9265 14.9
    endloop
  endfacet
  facet normal 0 0 -1
    outer loop
      vertex 13.5954 -38.0735 14.9
      vertex 14 -31.9 14.9
      vertex 14 -38.1 14.9
    endloop
  endfacet
  facet normal 0 0 -1
    outer loop
      vertex 13.5954 -38.0735 14.9
      vertex 13.5954 -31.9265 14.9
      vertex 14 -31.9 14.9
    endloop
  endfacet
  facet normal 0 0 -1
    outer loop
      vertex 13.1977 -37.9944 14.9
      vertex 13.5954 -31.9265 14.9
      vertex 13.5954 -38.0735 14.9
    endloop
  endfacet
  facet normal 0 0 -1
    outer loop
      vertex 13.1977 -37.9944 14.9
      vertex 13.1977 -32.0056 14.9
      vertex 13.5954 -31.9265 14.9
    endloop
  endfacet
  facet normal 0 0 -1
    outer loop
      vertex 12.8137 -37.864 14.9
      vertex 13.1977 -32.0056 14.9
      vertex 13.1977 -37.9944 14.9
    endloop
  endfacet
  facet normal 0 0 -1
    outer loop
      vertex 12.8137 -37.864 14.9
      vertex 12.8137 -32.136 14.9
      vertex 13.1977 -32.0056 14.9
    endloop
  endfacet
  facet normal 0 0 -1
    outer loop
      vertex 12.45 -37.6847 14.9
      vertex 12.8137 -32.136 14.9
      vertex 12.8137 -37.864 14.9
    endloop
  endfacet
  facet normal 0 0 -1
    outer loop
      vertex 12.45 -37.6847 14.9
      vertex 12.45 -32.3153 14.9
      vertex 12.8137 -32.136 14.9
    endloop
  endfacet
  facet normal 0 0 -1
    outer loop
      vertex 12.1128 -37.4594 14.9
      vertex 12.45 -32.3153 14.9
      vertex 12.45 -37.6847 14.9
    endloop
  endfacet
  facet normal 0 0 -1
    outer loop
      vertex 12.1128 -37.4594 14.9
      vertex 12.1128 -32.5406 14.9
      vertex 12.45 -32.3153 14.9
    endloop
  endfacet
  facet normal 0 0 -1
    outer loop
      vertex 11.808 -37.192 14.9
      vertex 12.1128 -32.5406 14.9
      vertex 12.1128 -37.4594 14.9
    endloop
  endfacet
  facet normal 0 0 -1
    outer loop
      vertex 11.808 -37.192 14.9
      vertex 11.808 -32.808 14.9
      vertex 12.1128 -32.5406 14.9
    endloop
  endfacet
  facet normal 0 0 -1
    outer loop
      vertex 11.5406 -36.8872 14.9
      vertex 11.808 -32.808 14.9
      vertex 11.808 -37.192 14.9
    endloop
  endfacet
  facet normal 0 0 -1
    outer loop
      vertex 11.5406 -36.8872 14.9
      vertex 11.5406 -33.1128 14.9
      vertex 11.808 -32.808 14.9
    endloop
  endfacet
  facet normal 0 0 -1
    outer loop
      vertex 11.3153 -36.55 14.9
      vertex 11.5406 -33.1128 14.9
      vertex 11.5406 -36.8872 14.9
    endloop
  endfacet
  facet normal 0 0 -1
    outer loop
      vertex 11.3153 -36.55 14.9
      vertex 11.3153 -33.45 14.9
      vertex 11.5406 -33.1128 14.9
    endloop
  endfacet
  facet normal 0 0 -1
    outer loop
      vertex 11.136 -36.1863 14.9
      vertex 11.3153 -33.45 14.9
      vertex 11.3153 -36.55 14.9
    endloop
  endfacet
  facet normal 0 0 -1
    outer loop
      vertex 11.136 -36.1863 14.9
      vertex 11.136 -33.8137 14.9
      vertex 11.3153 -33.45 14.9
    endloop
  endfacet
  facet normal 0 0 -1
    outer loop
      vertex 11.0056 -35.8023 14.9
      vertex 11.136 -33.8137 14.9
      vertex 11.136 -36.1863 14.9
    endloop
  endfacet
  facet normal 0 0 -1
    outer loop
      vertex 11.0056 -35.8023 14.9
      vertex 11.0056 -34.1977 14.9
      vertex 11.136 -33.8137 14.9
    endloop
  endfacet
  facet normal 0 0 -1
    outer loop
      vertex 10.9265 -35.4046 14.9
      vertex 11.0056 -34.1977 14.9
      vertex 11.0056 -35.8023 14.9
    endloop
  endfacet
  facet normal 0 0 -1
    outer loop
      vertex 10.9265 -35.4046 14.9
      vertex 10.9265 -34.5954 14.9
      vertex 11.0056 -34.1977 14.9
    endloop
  endfacet
  facet normal 0 -0 -1
    outer loop
      vertex 10.9265 -34.5954 14.9
      vertex 10.9265 -35.4046 14.9
      vertex 10.9 -35 14.9
    endloop
  endfacet
  facet normal -0.896928 -0.442176 0
    outer loop
      vertex 11.3153 -36.55 14.9
      vertex 11.136 -36.1863 15
      vertex 11.136 -36.1863 14.9
    endloop
  endfacet
  facet normal -0.896928 -0.442176 0
    outer loop
      vertex 11.136 -36.1863 15
      vertex 11.3153 -36.55 14.9
      vertex 11.3153 -36.55 15
    endloop
  endfacet
  facet normal -0.896928 -0.442176 0
    outer loop
      vertex 11.3153 -36.55 15.01
      vertex 11.136 -36.1863 17
      vertex 11.136 -36.1863 15.01
    endloop
  endfacet
  facet normal -0.896928 -0.442176 0
    outer loop
      vertex 11.136 -36.1863 17
      vertex 11.3153 -36.55 15.01
      vertex 11.3153 -36.55 17
    endloop
  endfacet
  facet normal -0.896928 0.442176 0
    outer loop
      vertex 11.136 -33.8137 15.01
      vertex 11.3153 -33.45 17
      vertex 11.3153 -33.45 15.01
    endloop
  endfacet
  facet normal -0.896928 0.442176 0
    outer loop
      vertex 11.3153 -33.45 17
      vertex 11.136 -33.8137 15.01
      vertex 11.136 -33.8137 17
    endloop
  endfacet
  facet normal -0.896928 0.442176 0
    outer loop
      vertex 11.136 -33.8137 14.9
      vertex 11.3153 -33.45 15
      vertex 11.3153 -33.45 14.9
    endloop
  endfacet
  facet normal -0.896928 0.442176 0
    outer loop
      vertex 11.3153 -33.45 15
      vertex 11.136 -33.8137 14.9
      vertex 11.136 -33.8137 15
    endloop
  endfacet
  facet normal -0.831481 0.555553 0
    outer loop
      vertex 11.3153 -33.45 15.01
      vertex 11.5406 -33.1128 17
      vertex 11.5406 -33.1128 15.01
    endloop
  endfacet
  facet normal -0.831481 0.555553 0
    outer loop
      vertex 11.5406 -33.1128 17
      vertex 11.3153 -33.45 15.01
      vertex 11.3153 -33.45 17
    endloop
  endfacet
  facet normal -0.831481 0.555553 0
    outer loop
      vertex 11.3153 -33.45 14.9
      vertex 11.5406 -33.1128 15
      vertex 11.5406 -33.1128 14.9
    endloop
  endfacet
  facet normal -0.831481 0.555553 0
    outer loop
      vertex 11.5406 -33.1128 15
      vertex 11.3153 -33.45 14.9
      vertex 11.3153 -33.45 15
    endloop
  endfacet
  facet normal -0.555553 -0.831481 0
    outer loop
      vertex 12.1128 -37.4594 15.01
      vertex 12.45 -37.6847 17
      vertex 12.1128 -37.4594 17
    endloop
  endfacet
  facet normal -0.555553 -0.831481 -0
    outer loop
      vertex 12.45 -37.6847 17
      vertex 12.1128 -37.4594 15.01
      vertex 12.45 -37.6847 15.01
    endloop
  endfacet
  facet normal -0.555553 -0.831481 0
    outer loop
      vertex 12.1128 -37.4594 14.9
      vertex 12.45 -37.6847 15
      vertex 12.1128 -37.4594 15
    endloop
  endfacet
  facet normal -0.555553 -0.831481 -0
    outer loop
      vertex 12.45 -37.6847 15
      vertex 12.1128 -37.4594 14.9
      vertex 12.45 -37.6847 14.9
    endloop
  endfacet
  facet normal 0 0 1
    outer loop
      vertex 17.0735 -34.5954 17
      vertex 17.0735 -35.4046 17
      vertex 17.1 -35 17
    endloop
  endfacet
  facet normal 0 0 1
    outer loop
      vertex 16.9944 -34.1977 17
      vertex 17.0735 -35.4046 17
      vertex 17.0735 -34.5954 17
    endloop
  endfacet
  facet normal 0 0 1
    outer loop
      vertex 16.9944 -34.1977 17
      vertex 16.9944 -35.8023 17
      vertex 17.0735 -35.4046 17
    endloop
  endfacet
  facet normal 0 0 1
    outer loop
      vertex 16.864 -33.8137 17
      vertex 16.9944 -35.8023 17
      vertex 16.9944 -34.1977 17
    endloop
  endfacet
  facet normal 0 0 1
    outer loop
      vertex 16.864 -33.8137 17
      vertex 16.864 -36.1863 17
      vertex 16.9944 -35.8023 17
    endloop
  endfacet
  facet normal 0 0 1
    outer loop
      vertex 16.6847 -33.45 17
      vertex 16.864 -36.1863 17
      vertex 16.864 -33.8137 17
    endloop
  endfacet
  facet normal 0 0 1
    outer loop
      vertex 16.6847 -33.45 17
      vertex 16.6847 -36.55 17
      vertex 16.864 -36.1863 17
    endloop
  endfacet
  facet normal 0 0 1
    outer loop
      vertex 16.4594 -33.1128 17
      vertex 16.6847 -36.55 17
      vertex 16.6847 -33.45 17
    endloop
  endfacet
  facet normal 0 0 1
    outer loop
      vertex 16.4594 -33.1128 17
      vertex 16.4594 -36.8872 17
      vertex 16.6847 -36.55 17
    endloop
  endfacet
  facet normal 0 0 1
    outer loop
      vertex 16.192 -32.808 17
      vertex 16.4594 -36.8872 17
      vertex 16.4594 -33.1128 17
    endloop
  endfacet
  facet normal 0 0 1
    outer loop
      vertex 16.192 -32.808 17
      vertex 16.192 -37.192 17
      vertex 16.4594 -36.8872 17
    endloop
  endfacet
  facet normal 0 0 1
    outer loop
      vertex 15.8872 -32.5406 17
      vertex 16.192 -37.192 17
      vertex 16.192 -32.808 17
    endloop
  endfacet
  facet normal 0 0 1
    outer loop
      vertex 15.8872 -32.5406 17
      vertex 15.8872 -37.4594 17
      vertex 16.192 -37.192 17
    endloop
  endfacet
  facet normal 0 0 1
    outer loop
      vertex 15.55 -32.3153 17
      vertex 15.8872 -37.4594 17
      vertex 15.8872 -32.5406 17
    endloop
  endfacet
  facet normal 0 0 1
    outer loop
      vertex 15.55 -32.3153 17
      vertex 15.55 -37.6847 17
      vertex 15.8872 -37.4594 17
    endloop
  endfacet
  facet normal 0 0 1
    outer loop
      vertex 15.1863 -32.136 17
      vertex 15.55 -37.6847 17
      vertex 15.55 -32.3153 17
    endloop
  endfacet
  facet normal 0 0 1
    outer loop
      vertex 15.1863 -32.136 17
      vertex 15.1863 -37.864 17
      vertex 15.55 -37.6847 17
    endloop
  endfacet
  facet normal 0 0 1
    outer loop
      vertex 14.8023 -32.0056 17
      vertex 15.1863 -37.864 17
      vertex 15.1863 -32.136 17
    endloop
  endfacet
  facet normal 0 0 1
    outer loop
      vertex 14.8023 -32.0056 17
      vertex 14.8023 -37.9944 17
      vertex 15.1863 -37.864 17
    endloop
  endfacet
  facet normal 0 0 1
    outer loop
      vertex 14.4046 -31.9265 17
      vertex 14.8023 -37.9944 17
      vertex 14.8023 -32.0056 17
    endloop
  endfacet
  facet normal 0 0 1
    outer loop
      vertex 14.4046 -31.9265 17
      vertex 14.4046 -38.0735 17
      vertex 14.8023 -37.9944 17
    endloop
  endfacet
  facet normal 0 0 1
    outer loop
      vertex 14 -31.9 17
      vertex 14.4046 -38.0735 17
      vertex 14.4046 -31.9265 17
    endloop
  endfacet
  facet normal 0 0 1
    outer loop
      vertex 14 -31.9 17
      vertex 14 -38.1 17
      vertex 14.4046 -38.0735 17
    endloop
  endfacet
  facet normal -0 0 1
    outer loop
      vertex 13.5954 -31.9265 17
      vertex 14 -38.1 17
      vertex 14 -31.9 17
    endloop
  endfacet
  facet normal 0 0 1
    outer loop
      vertex 13.5954 -31.9265 17
      vertex 13.5954 -38.0735 17
      vertex 14 -38.1 17
    endloop
  endfacet
  facet normal -0 0 1
    outer loop
      vertex 13.1977 -32.0056 17
      vertex 13.5954 -38.0735 17
      vertex 13.5954 -31.9265 17
    endloop
  endfacet
  facet normal 0 0 1
    outer loop
      vertex 13.1977 -32.0056 17
      vertex 13.1977 -37.9944 17
      vertex 13.5954 -38.0735 17
    endloop
  endfacet
  facet normal -0 0 1
    outer loop
      vertex 12.8137 -32.136 17
      vertex 13.1977 -37.9944 17
      vertex 13.1977 -32.0056 17
    endloop
  endfacet
  facet normal 0 0 1
    outer loop
      vertex 12.8137 -32.136 17
      vertex 12.8137 -37.864 17
      vertex 13.1977 -37.9944 17
    endloop
  endfacet
  facet normal -0 0 1
    outer loop
      vertex 12.45 -32.3153 17
      vertex 12.8137 -37.864 17
      vertex 12.8137 -32.136 17
    endloop
  endfacet
  facet normal 0 0 1
    outer loop
      vertex 12.45 -32.3153 17
      vertex 12.45 -37.6847 17
      vertex 12.8137 -37.864 17
    endloop
  endfacet
  facet normal -0 0 1
    outer loop
      vertex 12.1128 -32.5406 17
      vertex 12.45 -37.6847 17
      vertex 12.45 -32.3153 17
    endloop
  endfacet
  facet normal 0 0 1
    outer loop
      vertex 12.1128 -32.5406 17
      vertex 12.1128 -37.4594 17
      vertex 12.45 -37.6847 17
    endloop
  endfacet
  facet normal -0 0 1
    outer loop
      vertex 11.808 -32.808 17
      vertex 12.1128 -37.4594 17
      vertex 12.1128 -32.5406 17
    endloop
  endfacet
  facet normal 0 0 1
    outer loop
      vertex 11.808 -32.808 17
      vertex 11.808 -37.192 17
      vertex 12.1128 -37.4594 17
    endloop
  endfacet
  facet normal -0 0 1
    outer loop
      vertex 11.5406 -33.1128 17
      vertex 11.808 -37.192 17
      vertex 11.808 -32.808 17
    endloop
  endfacet
  facet normal 0 0 1
    outer loop
      vertex 11.5406 -33.1128 17
      vertex 11.5406 -36.8872 17
      vertex 11.808 -37.192 17
    endloop
  endfacet
  facet normal -0 0 1
    outer loop
      vertex 11.3153 -33.45 17
      vertex 11.5406 -36.8872 17
      vertex 11.5406 -33.1128 17
    endloop
  endfacet
  facet normal 0 0 1
    outer loop
      vertex 11.3153 -33.45 17
      vertex 11.3153 -36.55 17
      vertex 11.5406 -36.8872 17
    endloop
  endfacet
  facet normal -0 0 1
    outer loop
      vertex 11.136 -33.8137 17
      vertex 11.3153 -36.55 17
      vertex 11.3153 -33.45 17
    endloop
  endfacet
  facet normal 0 0 1
    outer loop
      vertex 11.136 -33.8137 17
      vertex 11.136 -36.1863 17
      vertex 11.3153 -36.55 17
    endloop
  endfacet
  facet normal -0 0 1
    outer loop
      vertex 11.0056 -34.1977 17
      vertex 11.136 -36.1863 17
      vertex 11.136 -33.8137 17
    endloop
  endfacet
  facet normal 0 0 1
    outer loop
      vertex 11.0056 -34.1977 17
      vertex 11.0056 -35.8023 17
      vertex 11.136 -36.1863 17
    endloop
  endfacet
  facet normal -0 0 1
    outer loop
      vertex 10.9265 -34.5954 17
      vertex 11.0056 -35.8023 17
      vertex 11.0056 -34.1977 17
    endloop
  endfacet
  facet normal 0 0 1
    outer loop
      vertex 10.9265 -34.5954 17
      vertex 10.9265 -35.4046 17
      vertex 11.0056 -35.8023 17
    endloop
  endfacet
  facet normal 0 -0 1
    outer loop
      vertex 10.9265 -35.4046 17
      vertex 10.9265 -34.5954 17
      vertex 10.9 -35 17
    endloop
  endfacet
  facet normal 0.896928 -0.442176 0
    outer loop
      vertex 57.6847 33.45 33
      vertex 57.864 33.8137 30.9
      vertex 57.864 33.8137 33
    endloop
  endfacet
  facet normal 0.896928 -0.442176 0
    outer loop
      vertex 57.864 33.8137 30.9
      vertex 57.6847 33.45 33
      vertex 57.6847 33.45 30.9
    endloop
  endfacet
  facet normal 0.980789 0.195073 0
    outer loop
      vertex 58.0735 35.4046 33
      vertex 57.9944 35.8023 30.9
      vertex 57.9944 35.8023 33
    endloop
  endfacet
  facet normal 0.980789 0.195073 0
    outer loop
      vertex 57.9944 35.8023 30.9
      vertex 58.0735 35.4046 33
      vertex 58.0735 35.4046 30.9
    endloop
  endfacet
  facet normal 0.997862 0.0653568 0
    outer loop
      vertex 58.1 35 33
      vertex 58.0735 35.4046 30.9
      vertex 58.0735 35.4046 33
    endloop
  endfacet
  facet normal 0.997862 0.0653568 0
    outer loop
      vertex 58.0735 35.4046 30.9
      vertex 58.1 35 33
      vertex 58.1 35 30.9
    endloop
  endfacet
  facet normal 0.946893 0.321549 0
    outer loop
      vertex 57.9944 35.8023 33
      vertex 57.864 36.1863 30.9
      vertex 57.864 36.1863 33
    endloop
  endfacet
  facet normal 0.946893 0.321549 0
    outer loop
      vertex 57.864 36.1863 30.9
      vertex 57.9944 35.8023 33
      vertex 57.9944 35.8023 30.9
    endloop
  endfacet
  facet normal 0.980789 -0.195073 0
    outer loop
      vertex 57.9944 34.1977 33
      vertex 58.0735 34.5954 30.9
      vertex 58.0735 34.5954 33
    endloop
  endfacet
  facet normal 0.980789 -0.195073 0
    outer loop
      vertex 58.0735 34.5954 30.9
      vertex 57.9944 34.1977 33
      vertex 57.9944 34.1977 30.9
    endloop
  endfacet
  facet normal 0.896928 0.442176 0
    outer loop
      vertex 57.864 36.1863 33
      vertex 57.6847 36.55 30.9
      vertex 57.6847 36.55 33
    endloop
  endfacet
  facet normal 0.896928 0.442176 0
    outer loop
      vertex 57.6847 36.55 30.9
      vertex 57.864 36.1863 33
      vertex 57.864 36.1863 30.9
    endloop
  endfacet
  facet normal -0.946893 0.321549 0
    outer loop
      vertex 52.0056 35.8023 31.1891
      vertex 52.136 36.1863 30.9
      vertex 52.0056 35.8023 30.9
    endloop
  endfacet
  facet normal -0.946893 0.321549 0
    outer loop
      vertex 52.136 36.1863 30.9
      vertex 52.0056 35.8023 31.1891
      vertex 52.136 36.1863 31.2042
    endloop
  endfacet
  facet normal 0.831481 -0.555553 0
    outer loop
      vertex 57.4594 33.1128 33
      vertex 57.6847 33.45 30.9
      vertex 57.6847 33.45 33
    endloop
  endfacet
  facet normal 0.831481 -0.555553 0
    outer loop
      vertex 57.6847 33.45 30.9
      vertex 57.4594 33.1128 33
      vertex 57.4594 33.1128 30.9
    endloop
  endfacet
  facet normal 0.321549 0.946893 -0
    outer loop
      vertex 56.1863 37.864 30.9
      vertex 55.8023 37.9944 33
      vertex 56.1863 37.864 33
    endloop
  endfacet
  facet normal 0.321549 0.946893 0
    outer loop
      vertex 55.8023 37.9944 33
      vertex 56.1863 37.864 30.9
      vertex 55.8023 37.9944 30.9
    endloop
  endfacet
  facet normal -0.555553 0.831481 0
    outer loop
      vertex 53.45 37.6847 30.9
      vertex 53.1128 37.4594 33
      vertex 53.45 37.6847 33
    endloop
  endfacet
  facet normal -0.555553 0.831481 0
    outer loop
      vertex 53.1128 37.4594 33
      vertex 53.45 37.6847 30.9
      vertex 53.1128 37.4594 30.9
    endloop
  endfacet
  facet normal -0.896928 0.442176 0
    outer loop
      vertex 52.136 36.1863 31.2042
      vertex 52.3153 36.55 30.9
      vertex 52.136 36.1863 30.9
    endloop
  endfacet
  facet normal -0.896928 0.442176 0
    outer loop
      vertex 52.3153 36.55 30.9
      vertex 52.136 36.1863 31.2042
      vertex 52.3153 36.55 31.2117
    endloop
  endfacet
  facet normal 0.442176 0.896928 -0
    outer loop
      vertex 56.55 37.6847 30.9
      vertex 56.1863 37.864 33
      vertex 56.55 37.6847 33
    endloop
  endfacet
  facet normal 0.442176 0.896928 0
    outer loop
      vertex 56.1863 37.864 33
      vertex 56.55 37.6847 30.9
      vertex 56.1863 37.864 30.9
    endloop
  endfacet
  facet normal 0.659482 0.751721 -0
    outer loop
      vertex 57.192 37.192 30.9
      vertex 56.8872 37.4594 33
      vertex 57.192 37.192 33
    endloop
  endfacet
  facet normal 0.659482 0.751721 0
    outer loop
      vertex 56.8872 37.4594 33
      vertex 57.192 37.192 30.9
      vertex 56.8872 37.4594 30.9
    endloop
  endfacet
  facet normal -0.896928 -0.442176 -0
    outer loop
      vertex 52.3153 33.45 30.9601
      vertex 52.136 33.8137 30.9
      vertex 52.3153 33.45 30.9
    endloop
  endfacet
  facet normal -0.896928 -0.442176 0
    outer loop
      vertex 52.136 33.8137 30.9
      vertex 52.3153 33.45 30.9601
      vertex 52.136 33.8137 31.0116
    endloop
  endfacet
  facet normal -0.997862 0.0653568 0
    outer loop
      vertex 51.9 35 31.1369
      vertex 51.9265 35.4046 30.9
      vertex 51.9 35 30.9
    endloop
  endfacet
  facet normal -0.997862 0.0653568 0
    outer loop
      vertex 51.9265 35.4046 30.9
      vertex 51.9 35 31.1369
      vertex 51.9265 35.4046 31.1665
    endloop
  endfacet
  facet normal -0.750825 0.660501 0
    outer loop
      vertex 52.808 37.192 30.9
      vertex 52.7846 37.1654 32.5021
      vertex 52.808 37.192 32.988
    endloop
  endfacet
  facet normal -0.751351 0.659903 -1.76057e-05
    outer loop
      vertex 52.808 37.192 30.9
      vertex 52.7731 37.1523 32.2643
      vertex 52.7846 37.1654 32.5021
    endloop
  endfacet
  facet normal -0.751745 0.659454 -4.07522e-05
    outer loop
      vertex 52.808 37.192 30.9
      vertex 52.6441 37.0052 31.5159
      vertex 52.7731 37.1523 32.2643
    endloop
  endfacet
  facet normal -0.751758 0.659439 -4.84012e-05
    outer loop
      vertex 52.808 37.192 30.9
      vertex 52.5614 36.9109 31.2107
      vertex 52.6441 37.0052 31.5159
    endloop
  endfacet
  facet normal -0.751721 0.659482 1.9527e-05
    outer loop
      vertex 52.5406 36.8872 30.9
      vertex 52.5614 36.9109 31.2107
      vertex 52.808 37.192 30.9
    endloop
  endfacet
  facet normal -0.751594 0.659626 0
    outer loop
      vertex 52.5614 36.9109 31.2107
      vertex 52.5406 36.8872 30.9
      vertex 52.5406 36.8872 31.2114
    endloop
  endfacet
  facet normal -0.442176 0.896928 0
    outer loop
      vertex 53.8137 37.864 30.9
      vertex 53.45 37.6847 33
      vertex 53.8137 37.864 33
    endloop
  endfacet
  facet normal -0.442176 0.896928 0
    outer loop
      vertex 53.45 37.6847 33
      vertex 53.8137 37.864 30.9
      vertex 53.45 37.6847 30.9
    endloop
  endfacet
  facet normal 0.195073 0.980789 -0
    outer loop
      vertex 55.8023 37.9944 30.9
      vertex 55.4046 38.0735 33
      vertex 55.8023 37.9944 33
    endloop
  endfacet
  facet normal 0.195073 0.980789 0
    outer loop
      vertex 55.4046 38.0735 33
      vertex 55.8023 37.9944 30.9
      vertex 55.4046 38.0735 30.9
    endloop
  endfacet
  facet normal 0.442176 -0.896928 0
    outer loop
      vertex 56.1863 32.136 30.9
      vertex 56.55 32.3153 33
      vertex 56.1863 32.136 33
    endloop
  endfacet
  facet normal 0.442176 -0.896928 0
    outer loop
      vertex 56.55 32.3153 33
      vertex 56.1863 32.136 30.9
      vertex 56.55 32.3153 30.9
    endloop
  endfacet
  facet normal 0.997862 -0.0653568 0
    outer loop
      vertex 58.0735 34.5954 33
      vertex 58.1 35 30.9
      vertex 58.1 35 33
    endloop
  endfacet
  facet normal 0.997862 -0.0653568 0
    outer loop
      vertex 58.1 35 30.9
      vertex 58.0735 34.5954 33
      vertex 58.0735 34.5954 30.9
    endloop
  endfacet
  facet normal 0.321549 -0.946893 0
    outer loop
      vertex 55.8023 32.0056 30.9
      vertex 56.1863 32.136 33
      vertex 55.8023 32.0056 33
    endloop
  endfacet
  facet normal 0.321549 -0.946893 0
    outer loop
      vertex 56.1863 32.136 33
      vertex 55.8023 32.0056 30.9
      vertex 56.1863 32.136 30.9
    endloop
  endfacet
  facet normal 0.555553 0.831481 -0
    outer loop
      vertex 56.8872 37.4594 30.9
      vertex 56.55 37.6847 33
      vertex 56.8872 37.4594 33
    endloop
  endfacet
  facet normal 0.555553 0.831481 0
    outer loop
      vertex 56.55 37.6847 33
      vertex 56.8872 37.4594 30.9
      vertex 56.55 37.6847 30.9
    endloop
  endfacet
  facet normal 0 0 1
    outer loop
      vertex 58.0735 35.4046 33
      vertex 58.0735 34.5954 33
      vertex 58.1 35 33
    endloop
  endfacet
  facet normal 0 0 1
    outer loop
      vertex 57.9944 35.8023 33
      vertex 58.0735 34.5954 33
      vertex 58.0735 35.4046 33
    endloop
  endfacet
  facet normal 0 0 1
    outer loop
      vertex 57.9944 35.8023 33
      vertex 57.9944 34.1977 33
      vertex 58.0735 34.5954 33
    endloop
  endfacet
  facet normal 0 0 1
    outer loop
      vertex 57.864 36.1863 33
      vertex 57.9944 34.1977 33
      vertex 57.9944 35.8023 33
    endloop
  endfacet
  facet normal 0 0 1
    outer loop
      vertex 57.864 36.1863 33
      vertex 57.864 33.8137 33
      vertex 57.9944 34.1977 33
    endloop
  endfacet
  facet normal 0 0 1
    outer loop
      vertex 57.6847 36.55 33
      vertex 57.864 33.8137 33
      vertex 57.864 36.1863 33
    endloop
  endfacet
  facet normal 0 0 1
    outer loop
      vertex 57.6847 36.55 33
      vertex 57.6847 33.45 33
      vertex 57.864 33.8137 33
    endloop
  endfacet
  facet normal 0 0 1
    outer loop
      vertex 57.4594 36.8872 33
      vertex 57.6847 33.45 33
      vertex 57.6847 36.55 33
    endloop
  endfacet
  facet normal 0 0 1
    outer loop
      vertex 57.4594 36.8872 33
      vertex 57.4594 33.1128 33
      vertex 57.6847 33.45 33
    endloop
  endfacet
  facet normal 0 0 1
    outer loop
      vertex 57.192 37.192 33
      vertex 57.4594 33.1128 33
      vertex 57.4594 36.8872 33
    endloop
  endfacet
  facet normal 0 0 1
    outer loop
      vertex 57.192 37.192 33
      vertex 57.192 32.808 33
      vertex 57.4594 33.1128 33
    endloop
  endfacet
  facet normal 0 0 1
    outer loop
      vertex 56.8872 37.4594 33
      vertex 57.192 32.808 33
      vertex 57.192 37.192 33
    endloop
  endfacet
  facet normal 0 0 1
    outer loop
      vertex 56.8872 37.4594 33
      vertex 56.8872 32.5406 33
      vertex 57.192 32.808 33
    endloop
  endfacet
  facet normal 0 0 1
    outer loop
      vertex 56.55 37.6847 33
      vertex 56.8872 32.5406 33
      vertex 56.8872 37.4594 33
    endloop
  endfacet
  facet normal 0 0 1
    outer loop
      vertex 56.55 37.6847 33
      vertex 56.55 32.3153 33
      vertex 56.8872 32.5406 33
    endloop
  endfacet
  facet normal 0 0 1
    outer loop
      vertex 56.1863 37.864 33
      vertex 56.55 32.3153 33
      vertex 56.55 37.6847 33
    endloop
  endfacet
  facet normal 0 0 1
    outer loop
      vertex 56.1863 37.864 33
      vertex 56.1863 32.136 33
      vertex 56.55 32.3153 33
    endloop
  endfacet
  facet normal 0 0 1
    outer loop
      vertex 55.8023 37.9944 33
      vertex 56.1863 32.136 33
      vertex 56.1863 37.864 33
    endloop
  endfacet
  facet normal 0 0 1
    outer loop
      vertex 55.8023 37.9944 33
      vertex 55.8023 32.0056 33
      vertex 56.1863 32.136 33
    endloop
  endfacet
  facet normal 0 0 1
    outer loop
      vertex 55.4046 38.0735 33
      vertex 55.8023 32.0056 33
      vertex 55.8023 37.9944 33
    endloop
  endfacet
  facet normal 0 0 1
    outer loop
      vertex 55.4046 38.0735 33
      vertex 55.4046 31.9265 33
      vertex 55.8023 32.0056 33
    endloop
  endfacet
  facet normal 0 0 1
    outer loop
      vertex 55 38.1 33
      vertex 55.4046 31.9265 33
      vertex 55.4046 38.0735 33
    endloop
  endfacet
  facet normal 0 0 1
    outer loop
      vertex 54.9078 31.906 33
      vertex 55.4046 31.9265 33
      vertex 55 38.1 33
    endloop
  endfacet
  facet normal 0 0 1
    outer loop
      vertex 55.4046 31.9265 33
      vertex 54.9078 31.906 33
      vertex 55 31.9 33
    endloop
  endfacet
  facet normal -0 0 1
    outer loop
      vertex 54.5954 38.0735 33
      vertex 54.9078 31.906 33
      vertex 55 38.1 33
    endloop
  endfacet
  facet normal -0 0 1
    outer loop
      vertex 54.1977 37.9944 33
      vertex 54.9078 31.906 33
      vertex 54.5954 38.0735 33
    endloop
  endfacet
  facet normal -0 0 1
    outer loop
      vertex 53.8137 37.864 33
      vertex 54.9078 31.906 33
      vertex 54.1977 37.9944 33
    endloop
  endfacet
  facet normal -0 0 1
    outer loop
      vertex 53.45 37.6847 33
      vertex 54.9078 31.906 33
      vertex 53.8137 37.864 33
    endloop
  endfacet
  facet normal -0 0 1
    outer loop
      vertex 53.1128 37.4594 33
      vertex 54.9078 31.906 33
      vertex 53.45 37.6847 33
    endloop
  endfacet
  facet normal 0 0 1
    outer loop
      vertex 54.9078 31.906 33
      vertex 53.1128 37.4594 33
      vertex 52.8086 37.1926 33
    endloop
  endfacet
  facet normal 0.831481 0.555553 0
    outer loop
      vertex 57.6847 36.55 33
      vertex 57.4594 36.8872 30.9
      vertex 57.4594 36.8872 33
    endloop
  endfacet
  facet normal 0.831481 0.555553 0
    outer loop
      vertex 57.4594 36.8872 30.9
      vertex 57.6847 36.55 33
      vertex 57.6847 36.55 30.9
    endloop
  endfacet
  facet normal -0.195073 0.980789 0
    outer loop
      vertex 54.5954 38.0735 30.9
      vertex 54.1977 37.9944 33
      vertex 54.5954 38.0735 33
    endloop
  endfacet
  facet normal -0.195073 0.980789 0
    outer loop
      vertex 54.1977 37.9944 33
      vertex 54.5954 38.0735 30.9
      vertex 54.1977 37.9944 30.9
    endloop
  endfacet
  facet normal 0.751721 -0.659482 0
    outer loop
      vertex 57.192 32.808 33
      vertex 57.4594 33.1128 30.9
      vertex 57.4594 33.1128 33
    endloop
  endfacet
  facet normal 0.751721 -0.659482 0
    outer loop
      vertex 57.4594 33.1128 30.9
      vertex 57.192 32.808 33
      vertex 57.192 32.808 30.9
    endloop
  endfacet
  facet normal 0.0653568 -0.997862 0
    outer loop
      vertex 55 31.9 30.9
      vertex 55.4046 31.9265 33
      vertex 55 31.9 33
    endloop
  endfacet
  facet normal 0.0653568 -0.997862 0
    outer loop
      vertex 55.4046 31.9265 33
      vertex 55 31.9 30.9
      vertex 55.4046 31.9265 30.9
    endloop
  endfacet
  facet normal 0.946893 -0.321549 0
    outer loop
      vertex 57.864 33.8137 33
      vertex 57.9944 34.1977 30.9
      vertex 57.9944 34.1977 33
    endloop
  endfacet
  facet normal 0.946893 -0.321549 0
    outer loop
      vertex 57.9944 34.1977 30.9
      vertex 57.864 33.8137 33
      vertex 57.864 33.8137 30.9
    endloop
  endfacet
  facet normal -0.750995 -0.660308 -0
    outer loop
      vertex 52.5406 33.1128 30.905
      vertex 52.5406 33.1128 30.9
      vertex 52.5639 33.0863 30.9
    endloop
  endfacet
  facet normal -0.321549 0.946893 0
    outer loop
      vertex 54.1977 37.9944 30.9
      vertex 53.8137 37.864 33
      vertex 54.1977 37.9944 33
    endloop
  endfacet
  facet normal -0.321549 0.946893 0
    outer loop
      vertex 53.8137 37.864 33
      vertex 54.1977 37.9944 30.9
      vertex 53.8137 37.864 30.9
    endloop
  endfacet
  facet normal -0.659372 0.751803 -0.00462154
    outer loop
      vertex 53.1128 37.4594 33
      vertex 52.808 37.192 32.988
      vertex 52.8086 37.1926 33
    endloop
  endfacet
  facet normal -0.659482 0.751721 0
    outer loop
      vertex 53.1128 37.4594 30.9
      vertex 52.808 37.192 32.988
      vertex 53.1128 37.4594 33
    endloop
  endfacet
  facet normal -0.659482 0.751721 0
    outer loop
      vertex 52.808 37.192 32.988
      vertex 53.1128 37.4594 30.9
      vertex 52.808 37.192 30.9
    endloop
  endfacet
  facet normal 0 0 -1
    outer loop
      vertex 53.4976 34.5 30.9
      vertex 58.1 35 30.9
      vertex 58.0735 34.5954 30.9
    endloop
  endfacet
  facet normal 0 0 -1
    outer loop
      vertex 53.4976 34.5 30.9
      vertex 58.0735 34.5954 30.9
      vertex 57.9944 34.1977 30.9
    endloop
  endfacet
  facet normal -0 0 -1
    outer loop
      vertex 58.1 35 30.9
      vertex 53.4976 34.5 30.9
      vertex 58.0735 35.4046 30.9
    endloop
  endfacet
  facet normal 0 0 -1
    outer loop
      vertex 54.0444 33.2595 30.9
      vertex 57.9944 34.1977 30.9
      vertex 57.864 33.8137 30.9
    endloop
  endfacet
  facet normal -0 0 -1
    outer loop
      vertex 58.0735 35.4046 30.9
      vertex 53.4976 34.5 30.9
      vertex 57.9944 35.8023 30.9
    endloop
  endfacet
  facet normal 0 0 -1
    outer loop
      vertex 54.0444 33.2595 30.9
      vertex 57.864 33.8137 30.9
      vertex 57.6847 33.45 30.9
    endloop
  endfacet
  facet normal -0 0 -1
    outer loop
      vertex 57.9944 35.8023 30.9
      vertex 53.4976 34.5 30.9
      vertex 57.864 36.1863 30.9
    endloop
  endfacet
  facet normal 0 0 -1
    outer loop
      vertex 54.0444 33.2595 30.9
      vertex 57.6847 33.45 30.9
      vertex 57.4594 33.1128 30.9
    endloop
  endfacet
  facet normal -0 0 -1
    outer loop
      vertex 57.864 36.1863 30.9
      vertex 53.4976 34.5 30.9
      vertex 57.6847 36.55 30.9
    endloop
  endfacet
  facet normal 0 0 -1
    outer loop
      vertex 54.0444 33.2595 30.9
      vertex 57.4594 33.1128 30.9
      vertex 57.192 32.808 30.9
    endloop
  endfacet
  facet normal -0 0 -1
    outer loop
      vertex 57.6847 36.55 30.9
      vertex 53.4976 34.5 30.9
      vertex 57.4594 36.8872 30.9
    endloop
  endfacet
  facet normal 0 0 -1
    outer loop
      vertex 54.0444 33.2595 30.9
      vertex 57.192 32.808 30.9
      vertex 56.8872 32.5406 30.9
    endloop
  endfacet
  facet normal -0 0 -1
    outer loop
      vertex 57.4594 36.8872 30.9
      vertex 53.4976 34.5 30.9
      vertex 57.192 37.192 30.9
    endloop
  endfacet
  facet normal 0 0 -1
    outer loop
      vertex 54.0444 33.2595 30.9
      vertex 56.8872 32.5406 30.9
      vertex 56.55 32.3153 30.9
    endloop
  endfacet
  facet normal -0 0 -1
    outer loop
      vertex 57.192 37.192 30.9
      vertex 53.4976 34.5 30.9
      vertex 56.8872 37.4594 30.9
    endloop
  endfacet
  facet normal 0 0 -1
    outer loop
      vertex 54.0444 33.2595 30.9
      vertex 56.55 32.3153 30.9
      vertex 56.1863 32.136 30.9
    endloop
  endfacet
  facet normal -0 0 -1
    outer loop
      vertex 57.9944 34.1977 30.9
      vertex 54.0444 33.2595 30.9
      vertex 53.4976 34.5 30.9
    endloop
  endfacet
  facet normal 0 0 -1
    outer loop
      vertex 54.0444 33.2595 30.9
      vertex 56.1863 32.136 30.9
      vertex 55.8023 32.0056 30.9
    endloop
  endfacet
  facet normal -0 0 -1
    outer loop
      vertex 56.8872 37.4594 30.9
      vertex 53.4976 34.5 30.9
      vertex 56.55 37.6847 30.9
    endloop
  endfacet
  facet normal 0 0 -1
    outer loop
      vertex 54.0444 33.2595 30.9
      vertex 55.8023 32.0056 30.9
      vertex 55.4046 31.9265 30.9
    endloop
  endfacet
  facet normal -0 0 -1
    outer loop
      vertex 56.55 37.6847 30.9
      vertex 53.4976 34.5 30.9
      vertex 56.1863 37.864 30.9
    endloop
  endfacet
  facet normal 0 0 -1
    outer loop
      vertex 54.0444 33.2595 30.9
      vertex 55.4046 31.9265 30.9
      vertex 55 31.9 30.9
    endloop
  endfacet
  facet normal -0 0 -1
    outer loop
      vertex 56.1863 37.864 30.9
      vertex 53.4976 34.5 30.9
      vertex 55.8023 37.9944 30.9
    endloop
  endfacet
  facet normal 0 0 -1
    outer loop
      vertex 54.0444 33.2595 30.9
      vertex 55 31.9 30.9
      vertex 54.5984 31.9263 30.9
    endloop
  endfacet
  facet normal -0 0 -1
    outer loop
      vertex 55.8023 37.9944 30.9
      vertex 53.4976 34.5 30.9
      vertex 55.4046 38.0735 30.9
    endloop
  endfacet
  facet normal -0 0 -1
    outer loop
      vertex 55.4046 38.0735 30.9
      vertex 53.4976 34.5 30.9
      vertex 55 38.1 30.9
    endloop
  endfacet
  facet normal 0 0 -1
    outer loop
      vertex 55 38.1 30.9
      vertex 53.4976 34.5 30.9
      vertex 54.5954 38.0735 30.9
    endloop
  endfacet
  facet normal 0 0 -1
    outer loop
      vertex 54.5954 38.0735 30.9
      vertex 53.4976 34.5 30.9
      vertex 54.1977 37.9944 30.9
    endloop
  endfacet
  facet normal 0 0 -1
    outer loop
      vertex 54.1977 37.9944 30.9
      vertex 53.4976 34.5 30.9
      vertex 53.8137 37.864 30.9
    endloop
  endfacet
  facet normal 0 0 -1
    outer loop
      vertex 53.4976 34.5 30.9
      vertex 53.45 37.6847 30.9
      vertex 53.8137 37.864 30.9
    endloop
  endfacet
  facet normal 0 0 -1
    outer loop
      vertex 53.4976 34.5 30.9
      vertex 53.1128 37.4594 30.9
      vertex 53.45 37.6847 30.9
    endloop
  endfacet
  facet normal 0 0 -1
    outer loop
      vertex 53.4976 34.5 30.9
      vertex 52.808 37.192 30.9
      vertex 53.1128 37.4594 30.9
    endloop
  endfacet
  facet normal 0 0 -1
    outer loop
      vertex 52.5406 33.1128 30.9
      vertex 53.4976 34.5 30.9
      vertex 52.5639 33.0863 30.9
    endloop
  endfacet
  facet normal 0 0 -1
    outer loop
      vertex 53.4976 34.5 30.9
      vertex 52.5406 33.1128 30.9
      vertex 52.3153 33.45 30.9
    endloop
  endfacet
  facet normal 0 0 -1
    outer loop
      vertex 53.4976 34.5 30.9
      vertex 52.5406 36.8872 30.9
      vertex 52.808 37.192 30.9
    endloop
  endfacet
  facet normal 0 0 -1
    outer loop
      vertex 52.136 33.8137 30.9
      vertex 53.4976 34.5 30.9
      vertex 52.3153 33.45 30.9
    endloop
  endfacet
  facet normal 0 0 -1
    outer loop
      vertex 53.4976 34.5 30.9
      vertex 52.3153 36.55 30.9
      vertex 52.5406 36.8872 30.9
    endloop
  endfacet
  facet normal 0 0 -1
    outer loop
      vertex 52.0056 34.1977 30.9
      vertex 53.4976 34.5 30.9
      vertex 52.136 33.8137 30.9
    endloop
  endfacet
  facet normal 0 0 -1
    outer loop
      vertex 53.4976 34.5 30.9
      vertex 52.136 36.1863 30.9
      vertex 52.3153 36.55 30.9
    endloop
  endfacet
  facet normal 0 0 -1
    outer loop
      vertex 51.9265 34.5954 30.9
      vertex 53.4976 34.5 30.9
      vertex 52.0056 34.1977 30.9
    endloop
  endfacet
  facet normal 0 0 -1
    outer loop
      vertex 53.4976 34.5 30.9
      vertex 52.0056 35.8023 30.9
      vertex 52.136 36.1863 30.9
    endloop
  endfacet
  facet normal 0 0 -1
    outer loop
      vertex 51.9 35 30.9
      vertex 53.4976 34.5 30.9
      vertex 51.9265 34.5954 30.9
    endloop
  endfacet
  facet normal 0 0 -1
    outer loop
      vertex 53.4976 34.5 30.9
      vertex 51.9265 35.4046 30.9
      vertex 52.0056 35.8023 30.9
    endloop
  endfacet
  facet normal 0 0 -1
    outer loop
      vertex 53.4976 34.5 30.9
      vertex 51.9 35 30.9
      vertex 51.9265 35.4046 30.9
    endloop
  endfacet
  facet normal 0.751721 0.659482 0
    outer loop
      vertex 57.4594 36.8872 33
      vertex 57.192 37.192 30.9
      vertex 57.192 37.192 33
    endloop
  endfacet
  facet normal 0.751721 0.659482 0
    outer loop
      vertex 57.192 37.192 30.9
      vertex 57.4594 36.8872 33
      vertex 57.4594 36.8872 30.9
    endloop
  endfacet
  facet normal 0.195073 -0.980789 0
    outer loop
      vertex 55.4046 31.9265 30.9
      vertex 55.8023 32.0056 33
      vertex 55.4046 31.9265 33
    endloop
  endfacet
  facet normal 0.195073 -0.980789 0
    outer loop
      vertex 55.8023 32.0056 33
      vertex 55.4046 31.9265 30.9
      vertex 55.8023 32.0056 30.9
    endloop
  endfacet
  facet normal 0.659482 -0.751721 0
    outer loop
      vertex 56.8872 32.5406 30.9
      vertex 57.192 32.808 33
      vertex 56.8872 32.5406 33
    endloop
  endfacet
  facet normal 0.659482 -0.751721 0
    outer loop
      vertex 57.192 32.808 33
      vertex 56.8872 32.5406 30.9
      vertex 57.192 32.808 30.9
    endloop
  endfacet
  facet normal -0.946893 -0.321549 -0
    outer loop
      vertex 52.136 33.8137 31.0116
      vertex 52.0056 34.1977 30.9
      vertex 52.136 33.8137 30.9
    endloop
  endfacet
  facet normal -0.946893 -0.321549 0
    outer loop
      vertex 52.0056 34.1977 30.9
      vertex 52.136 33.8137 31.0116
      vertex 52.0056 34.1977 31.0588
    endloop
  endfacet
  facet normal 0.555553 -0.831481 0
    outer loop
      vertex 56.55 32.3153 30.9
      vertex 56.8872 32.5406 33
      vertex 56.55 32.3153 33
    endloop
  endfacet
  facet normal 0.555553 -0.831481 0
    outer loop
      vertex 56.8872 32.5406 33
      vertex 56.55 32.3153 30.9
      vertex 56.8872 32.5406 30.9
    endloop
  endfacet
  facet normal -0.980789 0.195073 0
    outer loop
      vertex 51.9265 35.4046 31.1665
      vertex 52.0056 35.8023 30.9
      vertex 51.9265 35.4046 30.9
    endloop
  endfacet
  facet normal -0.980789 0.195073 0
    outer loop
      vertex 52.0056 35.8023 30.9
      vertex 51.9265 35.4046 31.1665
      vertex 52.0056 35.8023 31.1891
    endloop
  endfacet
  facet normal -0.980789 -0.195073 -0
    outer loop
      vertex 52.0056 34.1977 31.0588
      vertex 51.9265 34.5954 30.9
      vertex 52.0056 34.1977 30.9
    endloop
  endfacet
  facet normal -0.980789 -0.195073 0
    outer loop
      vertex 51.9265 34.5954 30.9
      vertex 52.0056 34.1977 31.0588
      vertex 51.9265 34.5954 31.1008
    endloop
  endfacet
  facet normal 0.0653568 0.997862 -0
    outer loop
      vertex 55.4046 38.0735 30.9
      vertex 55 38.1 33
      vertex 55.4046 38.0735 33
    endloop
  endfacet
  facet normal 0.0653568 0.997862 0
    outer loop
      vertex 55 38.1 33
      vertex 55.4046 38.0735 30.9
      vertex 55 38.1 30.9
    endloop
  endfacet
  facet normal -0.997862 -0.0653568 -0
    outer loop
      vertex 51.9265 34.5954 31.1008
      vertex 51.9 35 30.9
      vertex 51.9265 34.5954 30.9
    endloop
  endfacet
  facet normal -0.997862 -0.0653568 0
    outer loop
      vertex 51.9 35 30.9
      vertex 51.9265 34.5954 31.1008
      vertex 51.9 35 31.1369
    endloop
  endfacet
  facet normal -0.831481 0.555553 0
    outer loop
      vertex 52.3153 36.55 30.9
      vertex 52.5406 36.8872 31.2114
      vertex 52.5406 36.8872 30.9
    endloop
  endfacet
  facet normal -0.831481 0.555553 0
    outer loop
      vertex 52.5406 36.8872 31.2114
      vertex 52.3153 36.55 30.9
      vertex 52.3153 36.55 31.2117
    endloop
  endfacet
  facet normal -0.0653568 0.997862 0
    outer loop
      vertex 55 38.1 30.9
      vertex 54.5954 38.0735 33
      vertex 55 38.1 33
    endloop
  endfacet
  facet normal -0.0653568 0.997862 0
    outer loop
      vertex 54.5954 38.0735 33
      vertex 55 38.1 30.9
      vertex 54.5954 38.0735 30.9
    endloop
  endfacet
  facet normal -0.831481 -0.555553 -0
    outer loop
      vertex 52.5406 33.1128 30.905
      vertex 52.3153 33.45 30.9
      vertex 52.5406 33.1128 30.9
    endloop
  endfacet
  facet normal -0.831481 -0.555553 0
    outer loop
      vertex 52.3153 33.45 30.9
      vertex 52.5406 33.1128 30.905
      vertex 52.3153 33.45 30.9601
    endloop
  endfacet
  facet normal -0.0649386 -0.997889 -9.14134e-05
    outer loop
      vertex 54.8234 31.9116 31.8255
      vertex 55 31.9 33
      vertex 54.9078 31.906 33
    endloop
  endfacet
  facet normal -0.0649514 -0.997888 0.000113555
    outer loop
      vertex 55 31.9 30.9
      vertex 54.8234 31.9116 31.8255
      vertex 54.8171 31.912 31.7371
    endloop
  endfacet
  facet normal -0.0655439 -0.99785 0
    outer loop
      vertex 54.8234 31.9116 31.8255
      vertex 55 31.9 30.9
      vertex 55 31.9 33
    endloop
  endfacet
  facet normal -0.0653481 -0.997863 2.65064e-05
    outer loop
      vertex 55 31.9 30.9
      vertex 54.8171 31.912 31.7371
      vertex 54.5984 31.9263 30.9
    endloop
  endfacet
  facet normal 0.442176 -0.896928 0
    outer loop
      vertex 56.1863 -37.864 30.9
      vertex 56.55 -37.6847 33
      vertex 56.1863 -37.864 33
    endloop
  endfacet
  facet normal 0.442176 -0.896928 0
    outer loop
      vertex 56.55 -37.6847 33
      vertex 56.1863 -37.864 30.9
      vertex 56.55 -37.6847 30.9
    endloop
  endfacet
  facet normal 0.980789 0.195073 0
    outer loop
      vertex 58.0735 -34.5954 33
      vertex 57.9944 -34.1977 30.9
      vertex 57.9944 -34.1977 33
    endloop
  endfacet
  facet normal 0.980789 0.195073 0
    outer loop
      vertex 57.9944 -34.1977 30.9
      vertex 58.0735 -34.5954 33
      vertex 58.0735 -34.5954 30.9
    endloop
  endfacet
  facet normal 0.997862 0.0653568 0
    outer loop
      vertex 58.1 -35 33
      vertex 58.0735 -34.5954 30.9
      vertex 58.0735 -34.5954 33
    endloop
  endfacet
  facet normal 0.997862 0.0653568 0
    outer loop
      vertex 58.0735 -34.5954 30.9
      vertex 58.1 -35 33
      vertex 58.1 -35 30.9
    endloop
  endfacet
  facet normal 0.946893 0.321549 0
    outer loop
      vertex 57.9944 -34.1977 33
      vertex 57.864 -33.8137 30.9
      vertex 57.864 -33.8137 33
    endloop
  endfacet
  facet normal 0.946893 0.321549 0
    outer loop
      vertex 57.864 -33.8137 30.9
      vertex 57.9944 -34.1977 33
      vertex 57.9944 -34.1977 30.9
    endloop
  endfacet
  facet normal 0.751721 -0.659482 0
    outer loop
      vertex 57.192 -37.192 33
      vertex 57.4594 -36.8872 30.9
      vertex 57.4594 -36.8872 33
    endloop
  endfacet
  facet normal 0.751721 -0.659482 0
    outer loop
      vertex 57.4594 -36.8872 30.9
      vertex 57.192 -37.192 33
      vertex 57.192 -37.192 30.9
    endloop
  endfacet
  facet normal 0.321873 0.946783 -0
    outer loop
      vertex 56.1863 -32.136 30.9
      vertex 56.0707 -32.0967 30.9
      vertex 56.1863 -32.136 31.3985
    endloop
  endfacet
  facet normal 0.555553 0.831481 -0
    outer loop
      vertex 56.8872 -32.5406 30.9
      vertex 56.55 -32.3153 33
      vertex 56.8872 -32.5406 33
    endloop
  endfacet
  facet normal 0.555553 0.831481 0
    outer loop
      vertex 56.55 -32.3153 33
      vertex 56.8872 -32.5406 30.9
      vertex 56.55 -32.3153 30.9
    endloop
  endfacet
  facet normal 0.896928 -0.442176 0
    outer loop
      vertex 57.6847 -36.55 33
      vertex 57.864 -36.1863 30.9
      vertex 57.864 -36.1863 33
    endloop
  endfacet
  facet normal 0.896928 -0.442176 0
    outer loop
      vertex 57.864 -36.1863 30.9
      vertex 57.6847 -36.55 33
      vertex 57.6847 -36.55 30.9
    endloop
  endfacet
  facet normal 0.321549 -0.946893 0
    outer loop
      vertex 55.8023 -37.9944 30.9
      vertex 56.1863 -37.864 33
      vertex 55.8023 -37.9944 33
    endloop
  endfacet
  facet normal 0.321549 -0.946893 0
    outer loop
      vertex 56.1863 -37.864 33
      vertex 55.8023 -37.9944 30.9
      vertex 56.1863 -37.864 30.9
    endloop
  endfacet
  facet normal 0.896928 0.442176 0
    outer loop
      vertex 57.864 -33.8137 33
      vertex 57.6847 -33.45 30.9
      vertex 57.6847 -33.45 33
    endloop
  endfacet
  facet normal 0.896928 0.442176 0
    outer loop
      vertex 57.6847 -33.45 30.9
      vertex 57.864 -33.8137 33
      vertex 57.864 -33.8137 30.9
    endloop
  endfacet
  facet normal -0.0650963 -0.997879 -2.64957e-05
    outer loop
      vertex 54.8042 -38.0872 31.9813
      vertex 55 -38.1 33
      vertex 54.8743 -38.0918 33
    endloop
  endfacet
  facet normal -0.0653568 -0.997862 0
    outer loop
      vertex 55 -38.1 30.9
      vertex 54.5954 -38.0735 31.1401
      vertex 54.5954 -38.0735 30.9
    endloop
  endfacet
  facet normal -0.0651742 -0.997874 0.000308946
    outer loop
      vertex 54.5954 -38.0735 31.1401
      vertex 55 -38.1 30.9
      vertex 54.6391 -38.0763 31.3151
    endloop
  endfacet
  facet normal -0.0652336 -0.99787 0
    outer loop
      vertex 54.8042 -38.0872 31.9813
      vertex 55 -38.1 30.9
      vertex 55 -38.1 33
    endloop
  endfacet
  facet normal -0.0656055 -0.997846 -6.76287e-05
    outer loop
      vertex 54.6391 -38.0763 31.3151
      vertex 55 -38.1 30.9
      vertex 54.8042 -38.0872 31.9813
    endloop
  endfacet
  facet normal 0.946893 -0.321549 0
    outer loop
      vertex 57.864 -36.1863 33
      vertex 57.9944 -35.8023 30.9
      vertex 57.9944 -35.8023 33
    endloop
  endfacet
  facet normal 0.946893 -0.321549 0
    outer loop
      vertex 57.9944 -35.8023 30.9
      vertex 57.864 -36.1863 33
      vertex 57.864 -36.1863 30.9
    endloop
  endfacet
  facet normal -0.831895 -0.554933 0.00016503
    outer loop
      vertex 52.5406 -36.8872 30.9
      vertex 52.507 -36.8368 31.0029
      vertex 52.4857 -36.8049 30.9
    endloop
  endfacet
  facet normal -0.83205 -0.5547 0
    outer loop
      vertex 52.507 -36.8368 31.0029
      vertex 52.5406 -36.8872 30.9
      vertex 52.5406 -36.8872 30.999
    endloop
  endfacet
  facet normal -0.659482 -0.751721 0
    outer loop
      vertex 52.808 -37.192 30.9
      vertex 53.1128 -37.4594 30.9237
      vertex 52.808 -37.192 30.9649
    endloop
  endfacet
  facet normal -0.659482 -0.751721 -0
    outer loop
      vertex 53.1128 -37.4594 30.9237
      vertex 52.808 -37.192 30.9
      vertex 53.1128 -37.4594 30.9
    endloop
  endfacet
  facet normal 0.659482 -0.751721 0
    outer loop
      vertex 56.8872 -37.4594 30.9
      vertex 57.192 -37.192 33
      vertex 56.8872 -37.4594 33
    endloop
  endfacet
  facet normal 0.659482 -0.751721 0
    outer loop
      vertex 57.192 -37.192 33
      vertex 56.8872 -37.4594 30.9
      vertex 57.192 -37.192 30.9
    endloop
  endfacet
  facet normal 0.831481 0.555553 0
    outer loop
      vertex 57.6847 -33.45 33
      vertex 57.4594 -33.1128 30.9
      vertex 57.4594 -33.1128 33
    endloop
  endfacet
  facet normal 0.831481 0.555553 0
    outer loop
      vertex 57.4594 -33.1128 30.9
      vertex 57.6847 -33.45 33
      vertex 57.6847 -33.45 30.9
    endloop
  endfacet
  facet normal 0.195073 -0.980789 0
    outer loop
      vertex 55.4046 -38.0735 30.9
      vertex 55.8023 -37.9944 33
      vertex 55.4046 -38.0735 33
    endloop
  endfacet
  facet normal 0.195073 -0.980789 0
    outer loop
      vertex 55.8023 -37.9944 33
      vertex 55.4046 -38.0735 30.9
      vertex 55.8023 -37.9944 30.9
    endloop
  endfacet
  facet normal 0.659482 0.751721 -0
    outer loop
      vertex 57.192 -32.808 30.9
      vertex 56.8872 -32.5406 33
      vertex 57.192 -32.808 33
    endloop
  endfacet
  facet normal 0.659482 0.751721 0
    outer loop
      vertex 56.8872 -32.5406 33
      vertex 57.192 -32.808 30.9
      vertex 56.8872 -32.5406 30.9
    endloop
  endfacet
  facet normal 0.997862 -0.0653568 0
    outer loop
      vertex 58.0735 -35.4046 33
      vertex 58.1 -35 30.9
      vertex 58.1 -35 33
    endloop
  endfacet
  facet normal 0.997862 -0.0653568 0
    outer loop
      vertex 58.1 -35 30.9
      vertex 58.0735 -35.4046 33
      vertex 58.0735 -35.4046 30.9
    endloop
  endfacet
  facet normal 0.980789 -0.195073 0
    outer loop
      vertex 57.9944 -35.8023 33
      vertex 58.0735 -35.4046 30.9
      vertex 58.0735 -35.4046 33
    endloop
  endfacet
  facet normal 0.980789 -0.195073 0
    outer loop
      vertex 58.0735 -35.4046 30.9
      vertex 57.9944 -35.8023 33
      vertex 57.9944 -35.8023 30.9
    endloop
  endfacet
  facet normal 0.555553 -0.831481 0
    outer loop
      vertex 56.55 -37.6847 30.9
      vertex 56.8872 -37.4594 33
      vertex 56.55 -37.6847 33
    endloop
  endfacet
  facet normal 0.555553 -0.831481 0
    outer loop
      vertex 56.8872 -37.4594 33
      vertex 56.55 -37.6847 30.9
      vertex 56.8872 -37.4594 30.9
    endloop
  endfacet
  facet normal 0.751721 0.659482 0
    outer loop
      vertex 57.4594 -33.1128 33
      vertex 57.192 -32.808 30.9
      vertex 57.192 -32.808 33
    endloop
  endfacet
  facet normal 0.751721 0.659482 0
    outer loop
      vertex 57.192 -32.808 30.9
      vertex 57.4594 -33.1128 33
      vertex 57.4594 -33.1128 30.9
    endloop
  endfacet
  facet normal 0.442309 0.896863 3.0187e-06
    outer loop
      vertex 56.55 -32.3153 33
      vertex 56.227 -32.156 31.5804
      vertex 56.3156 -32.1997 33
    endloop
  endfacet
  facet normal 0.44232 0.896857 -0
    outer loop
      vertex 56.55 -32.3153 30.9
      vertex 56.227 -32.156 31.5804
      vertex 56.55 -32.3153 33
    endloop
  endfacet
  facet normal 0.441907 0.897061 -0.000243966
    outer loop
      vertex 56.227 -32.156 31.5804
      vertex 56.55 -32.3153 30.9
      vertex 56.1863 -32.136 31.3985
    endloop
  endfacet
  facet normal 0.442176 0.896928 0
    outer loop
      vertex 56.1863 -32.136 31.3985
      vertex 56.55 -32.3153 30.9
      vertex 56.1863 -32.136 30.9
    endloop
  endfacet
  facet normal 0.831481 -0.555553 0
    outer loop
      vertex 57.4594 -36.8872 33
      vertex 57.6847 -36.55 30.9
      vertex 57.6847 -36.55 33
    endloop
  endfacet
  facet normal 0.831481 -0.555553 0
    outer loop
      vertex 57.6847 -36.55 30.9
      vertex 57.4594 -36.8872 33
      vertex 57.4594 -36.8872 30.9
    endloop
  endfacet
  facet normal -0.751721 -0.659482 -0
    outer loop
      vertex 52.808 -37.192 30.9649
      vertex 52.5406 -36.8872 30.9
      vertex 52.808 -37.192 30.9
    endloop
  endfacet
  facet normal -0.751721 -0.659482 0
    outer loop
      vertex 52.5406 -36.8872 30.9
      vertex 52.808 -37.192 30.9649
      vertex 52.5406 -36.8872 30.999
    endloop
  endfacet
  facet normal -0.196116 -0.980581 -0
    outer loop
      vertex 54.5954 -38.0735 31.1401
      vertex 54.5374 -38.0619 30.9
      vertex 54.5954 -38.0735 30.9
    endloop
  endfacet
  facet normal 0.0653568 -0.997862 0
    outer loop
      vertex 55 -38.1 30.9
      vertex 55.4046 -38.0735 33
      vertex 55 -38.1 33
    endloop
  endfacet
  facet normal 0.0653568 -0.997862 0
    outer loop
      vertex 55.4046 -38.0735 33
      vertex 55 -38.1 30.9
      vertex 55.4046 -38.0735 30.9
    endloop
  endfacet
  facet normal 0 0 -1
    outer loop
      vertex 55.3457 -34.9186 30.9
      vertex 58.1 -35 30.9
      vertex 58.0735 -35.4046 30.9
    endloop
  endfacet
  facet normal 0 0 -1
    outer loop
      vertex 55.3457 -34.9186 30.9
      vertex 58.0735 -35.4046 30.9
      vertex 57.9944 -35.8023 30.9
    endloop
  endfacet
  facet normal 0 0 -1
    outer loop
      vertex 58.1 -35 30.9
      vertex 55.3457 -34.9186 30.9
      vertex 58.0735 -34.5954 30.9
    endloop
  endfacet
  facet normal 0 0 -1
    outer loop
      vertex 55.3457 -34.9186 30.9
      vertex 57.9944 -35.8023 30.9
      vertex 57.864 -36.1863 30.9
    endloop
  endfacet
  facet normal -0 0 -1
    outer loop
      vertex 58.0735 -34.5954 30.9
      vertex 55.3457 -34.9186 30.9
      vertex 57.9944 -34.1977 30.9
    endloop
  endfacet
  facet normal 0 0 -1
    outer loop
      vertex 55.3457 -34.9186 30.9
      vertex 57.864 -36.1863 30.9
      vertex 57.6847 -36.55 30.9
    endloop
  endfacet
  facet normal -0 0 -1
    outer loop
      vertex 57.9944 -34.1977 30.9
      vertex 55.3457 -34.9186 30.9
      vertex 57.864 -33.8137 30.9
    endloop
  endfacet
  facet normal 0 0 -1
    outer loop
      vertex 55.3457 -34.9186 30.9
      vertex 57.6847 -36.55 30.9
      vertex 57.4594 -36.8872 30.9
    endloop
  endfacet
  facet normal -0 0 -1
    outer loop
      vertex 57.864 -33.8137 30.9
      vertex 55.3457 -34.9186 30.9
      vertex 57.6847 -33.45 30.9
    endloop
  endfacet
  facet normal 0 0 -1
    outer loop
      vertex 55.3457 -34.9186 30.9
      vertex 57.4594 -36.8872 30.9
      vertex 57.192 -37.192 30.9
    endloop
  endfacet
  facet normal -0 0 -1
    outer loop
      vertex 57.6847 -33.45 30.9
      vertex 55.3457 -34.9186 30.9
      vertex 57.4594 -33.1128 30.9
    endloop
  endfacet
  facet normal 0 0 -1
    outer loop
      vertex 55.3457 -34.9186 30.9
      vertex 57.192 -37.192 30.9
      vertex 56.8872 -37.4594 30.9
    endloop
  endfacet
  facet normal -0 0 -1
    outer loop
      vertex 57.4594 -33.1128 30.9
      vertex 55.3457 -34.9186 30.9
      vertex 57.192 -32.808 30.9
    endloop
  endfacet
  facet normal 0 0 -1
    outer loop
      vertex 55.3457 -34.9186 30.9
      vertex 56.8872 -37.4594 30.9
      vertex 56.55 -37.6847 30.9
    endloop
  endfacet
  facet normal -0 0 -1
    outer loop
      vertex 57.192 -32.808 30.9
      vertex 55.3457 -34.9186 30.9
      vertex 56.8872 -32.5406 30.9
    endloop
  endfacet
  facet normal 0 0 -1
    outer loop
      vertex 55.3457 -34.9186 30.9
      vertex 56.55 -37.6847 30.9
      vertex 56.1863 -37.864 30.9
    endloop
  endfacet
  facet normal -0 0 -1
    outer loop
      vertex 56.8872 -32.5406 30.9
      vertex 55.3457 -34.9186 30.9
      vertex 56.55 -32.3153 30.9
    endloop
  endfacet
  facet normal -0 0 -1
    outer loop
      vertex 56.55 -32.3153 30.9
      vertex 55.3457 -34.9186 30.9
      vertex 56.1863 -32.136 30.9
    endloop
  endfacet
  facet normal 0 0 -1
    outer loop
      vertex 55.3457 -34.9186 30.9
      vertex 56.1863 -37.864 30.9
      vertex 55.8023 -37.9944 30.9
    endloop
  endfacet
  facet normal 0 0 -1
    outer loop
      vertex 55.3457 -34.9186 30.9
      vertex 55.8023 -37.9944 30.9
      vertex 55.4046 -38.0735 30.9
    endloop
  endfacet
  facet normal -0 0 -1
    outer loop
      vertex 56.1863 -32.136 30.9
      vertex 55.3457 -34.9186 30.9
      vertex 56.0707 -32.0967 30.9
    endloop
  endfacet
  facet normal 0 0 -1
    outer loop
      vertex 55 -38.1 30.9
      vertex 55.3457 -34.9186 30.9
      vertex 55.4046 -38.0735 30.9
    endloop
  endfacet
  facet normal 0 0 -1
    outer loop
      vertex 54.5954 -38.0735 30.9
      vertex 55.3457 -34.9186 30.9
      vertex 55 -38.1 30.9
    endloop
  endfacet
  facet normal 0 0 -1
    outer loop
      vertex 55.3457 -34.9186 30.9
      vertex 54.5954 -38.0735 30.9
      vertex 54.5374 -38.0619 30.9
    endloop
  endfacet
  facet normal 0 0 -1
    outer loop
      vertex 52.7748 -34.7781 30.9
      vertex 53.1128 -37.4594 30.9
      vertex 52.808 -37.192 30.9
    endloop
  endfacet
  facet normal 0 0 -1
    outer loop
      vertex 53.1128 -37.4594 30.9
      vertex 52.7748 -34.7781 30.9
      vertex 53.2807 -37.5715 30.9
    endloop
  endfacet
  facet normal 0 0 -1
    outer loop
      vertex 52.5406 -36.8872 30.9
      vertex 52.7748 -34.7781 30.9
      vertex 52.808 -37.192 30.9
    endloop
  endfacet
  facet normal 0 0 -1
    outer loop
      vertex 52.7748 -34.7781 30.9
      vertex 52.5406 -36.8872 30.9
      vertex 52.4857 -36.8049 30.9
    endloop
  endfacet
  facet normal -0.555272 -0.831669 -0
    outer loop
      vertex 53.1128 -37.4594 30.9237
      vertex 53.1128 -37.4594 30.9
      vertex 53.2807 -37.5715 30.9
    endloop
  endfacet
  facet normal 0 0 1
    outer loop
      vertex 58.0735 -34.5954 33
      vertex 58.0735 -35.4046 33
      vertex 58.1 -35 33
    endloop
  endfacet
  facet normal 0 0 1
    outer loop
      vertex 57.9944 -34.1977 33
      vertex 58.0735 -35.4046 33
      vertex 58.0735 -34.5954 33
    endloop
  endfacet
  facet normal 0 0 1
    outer loop
      vertex 57.9944 -34.1977 33
      vertex 57.9944 -35.8023 33
      vertex 58.0735 -35.4046 33
    endloop
  endfacet
  facet normal 0 0 1
    outer loop
      vertex 57.864 -33.8137 33
      vertex 57.9944 -35.8023 33
      vertex 57.9944 -34.1977 33
    endloop
  endfacet
  facet normal 0 0 1
    outer loop
      vertex 57.864 -33.8137 33
      vertex 57.864 -36.1863 33
      vertex 57.9944 -35.8023 33
    endloop
  endfacet
  facet normal 0 0 1
    outer loop
      vertex 57.6847 -33.45 33
      vertex 57.864 -36.1863 33
      vertex 57.864 -33.8137 33
    endloop
  endfacet
  facet normal 0 0 1
    outer loop
      vertex 57.6847 -33.45 33
      vertex 57.6847 -36.55 33
      vertex 57.864 -36.1863 33
    endloop
  endfacet
  facet normal 0 0 1
    outer loop
      vertex 57.4594 -33.1128 33
      vertex 57.6847 -36.55 33
      vertex 57.6847 -33.45 33
    endloop
  endfacet
  facet normal 0 0 1
    outer loop
      vertex 57.4594 -33.1128 33
      vertex 57.4594 -36.8872 33
      vertex 57.6847 -36.55 33
    endloop
  endfacet
  facet normal 0 0 1
    outer loop
      vertex 57.192 -32.808 33
      vertex 57.4594 -36.8872 33
      vertex 57.4594 -33.1128 33
    endloop
  endfacet
  facet normal 0 0 1
    outer loop
      vertex 57.192 -32.808 33
      vertex 57.192 -37.192 33
      vertex 57.4594 -36.8872 33
    endloop
  endfacet
  facet normal 0 0 1
    outer loop
      vertex 56.8872 -32.5406 33
      vertex 57.192 -37.192 33
      vertex 57.192 -32.808 33
    endloop
  endfacet
  facet normal 0 0 1
    outer loop
      vertex 56.8872 -32.5406 33
      vertex 56.8872 -37.4594 33
      vertex 57.192 -37.192 33
    endloop
  endfacet
  facet normal 0 0 1
    outer loop
      vertex 56.3156 -32.1997 33
      vertex 56.8872 -32.5406 33
      vertex 56.55 -32.3153 33
    endloop
  endfacet
  facet normal 0 0 1
    outer loop
      vertex 56.8872 -32.5406 33
      vertex 56.3156 -32.1997 33
      vertex 56.8872 -37.4594 33
    endloop
  endfacet
  facet normal 0 0 1
    outer loop
      vertex 56.8872 -37.4594 33
      vertex 56.3156 -32.1997 33
      vertex 56.55 -37.6847 33
    endloop
  endfacet
  facet normal 0 0 1
    outer loop
      vertex 56.3156 -32.1997 33
      vertex 56.1863 -37.864 33
      vertex 56.55 -37.6847 33
    endloop
  endfacet
  facet normal 0 0 1
    outer loop
      vertex 56.3156 -32.1997 33
      vertex 55.8023 -37.9944 33
      vertex 56.1863 -37.864 33
    endloop
  endfacet
  facet normal 0 0 1
    outer loop
      vertex 54.8743 -38.0918 33
      vertex 55.8023 -37.9944 33
      vertex 56.3156 -32.1997 33
    endloop
  endfacet
  facet normal 0 0 1
    outer loop
      vertex 55.8023 -37.9944 33
      vertex 54.8743 -38.0918 33
      vertex 55.4046 -38.0735 33
    endloop
  endfacet
  facet normal 0 0 1
    outer loop
      vertex 55.4046 -38.0735 33
      vertex 54.8743 -38.0918 33
      vertex 55 -38.1 33
    endloop
  endfacet
  facet normal 0 0 -1
    outer loop
      vertex 83.15 -2 10
      vertex 86.15 18 10
      vertex 86.15 -2 10
    endloop
  endfacet
  facet normal -0 0 -1
    outer loop
      vertex 86.15 18 10
      vertex 83.15 -2 10
      vertex 83.15 18 10
    endloop
  endfacet
  facet normal 1 0 0
    outer loop
      vertex 86.15 52 35
      vertex 86.15 18 17
      vertex 86.15 52 17
    endloop
  endfacet
  facet normal 1 0 0
    outer loop
      vertex 86.15 16 12
      vertex 86.15 18 17
      vertex 86.15 16 17
    endloop
  endfacet
  facet normal 1 0 0
    outer loop
      vertex 86.15 52 35
      vertex 86.15 16 17
      vertex 86.15 18 17
    endloop
  endfacet
  facet normal 1 -0 0
    outer loop
      vertex 86.15 -30 35
      vertex 86.15 16 17
      vertex 86.15 52 35
    endloop
  endfacet
  facet normal 1 0 0
    outer loop
      vertex 86.15 0 17
      vertex 86.15 -2 17
      vertex 86.15 0 12
    endloop
  endfacet
  facet normal 1 0 0
    outer loop
      vertex 86.15 16 17
      vertex 86.15 -30 35
      vertex 86.15 0 17
    endloop
  endfacet
  facet normal 1 0 0
    outer loop
      vertex 86.15 0 17
      vertex 86.15 -30 35
      vertex 86.15 -2 17
    endloop
  endfacet
  facet normal 1 0 0
    outer loop
      vertex 86.15 -2 17
      vertex 86.15 -30 35
      vertex 86.15 -30 17
    endloop
  endfacet
  facet normal 1 0 0
    outer loop
      vertex 86.15 18 17
      vertex 86.15 16 12
      vertex 86.15 18 10
    endloop
  endfacet
  facet normal 1 -0 0
    outer loop
      vertex 86.15 0 12
      vertex 86.15 18 10
      vertex 86.15 16 12
    endloop
  endfacet
  facet normal 1 0 0
    outer loop
      vertex 86.15 0 12
      vertex 86.15 -2 10
      vertex 86.15 18 10
    endloop
  endfacet
  facet normal 1 0 0
    outer loop
      vertex 86.15 -2 10
      vertex 86.15 0 12
      vertex 86.15 -2 17
    endloop
  endfacet
  facet normal -1 0 0
    outer loop
      vertex 83.15 18 10
      vertex 83.15 16 12
      vertex 83.15 18 15
    endloop
  endfacet
  facet normal -1 0 0
    outer loop
      vertex 83.15 18 10
      vertex 83.15 0 12
      vertex 83.15 16 12
    endloop
  endfacet
  facet normal -1 0 0
    outer loop
      vertex 83.15 -2 10
      vertex 83.15 0 12
      vertex 83.15 18 10
    endloop
  endfacet
  facet normal -1 0 0
    outer loop
      vertex 83.15 -2 15
      vertex 83.15 0 12
      vertex 83.15 -2 10
    endloop
  endfacet
  facet normal -1 0 0
    outer loop
      vertex 83.15 0 12
      vertex 83.15 -2 15
      vertex 83.15 0 15
    endloop
  endfacet
  facet normal -1 -0 0
    outer loop
      vertex 83.15 18 15
      vertex 83.15 16 12
      vertex 83.15 16 15
    endloop
  endfacet
  facet normal -1 0 0
    outer loop
      vertex 83.15 0 15.01
      vertex 83.15 -2 15.01
      vertex 83.15 0 28
    endloop
  endfacet
  facet normal -1 0 0
    outer loop
      vertex 83.15 16 28
      vertex 83.15 18 15.01
      vertex 83.15 16 15.01
    endloop
  endfacet
  facet normal -1 0 0
    outer loop
      vertex 83.15 18 15.01
      vertex 83.15 16 28
      vertex 83.15 18 30
    endloop
  endfacet
  facet normal -1 0 0
    outer loop
      vertex 83.15 0 28
      vertex 83.15 18 30
      vertex 83.15 16 28
    endloop
  endfacet
  facet normal -1 0 0
    outer loop
      vertex 83.15 0 28
      vertex 83.15 -2 30
      vertex 83.15 18 30
    endloop
  endfacet
  facet normal -1 0 0
    outer loop
      vertex 83.15 -2 30
      vertex 83.15 0 28
      vertex 83.15 -2 15.01
    endloop
  endfacet
  facet normal -0 0 1
    outer loop
      vertex 83.15 18 30
      vertex 83.65 -2 30
      vertex 83.65 18 30
    endloop
  endfacet
  facet normal 0 0 1
    outer loop
      vertex 83.65 -2 30
      vertex 83.15 18 30
      vertex 83.15 -2 30
    endloop
  endfacet
  facet normal 0 1 -0
    outer loop
      vertex 86.15 18 10
      vertex 83.15 18 15
      vertex 86.15 18 15
    endloop
  endfacet
  facet normal 0 1 0
    outer loop
      vertex 83.15 18 15
      vertex 86.15 18 10
      vertex 83.15 18 10
    endloop
  endfacet
  facet normal 0 0 0
    outer loop
      vertex 86.15 18 10
      vertex 86.15 18 15
      vertex 86.15 18 17
    endloop
  endfacet
  facet normal 0 1 -0
    outer loop
      vertex 83.65 18 15.01
      vertex 83.15 18 30
      vertex 83.65 18 30
    endloop
  endfacet
  facet normal 0 1 0
    outer loop
      vertex 83.15 18 30
      vertex 83.65 18 15.01
      vertex 83.15 18 15.01
    endloop
  endfacet
  facet normal 0 -1 0
    outer loop
      vertex 83.15 -2 10
      vertex 86.15 -2 15
      vertex 83.15 -2 15
    endloop
  endfacet
  facet normal 0 -1 -0
    outer loop
      vertex 86.15 -2 15
      vertex 83.15 -2 10
      vertex 86.15 -2 10
    endloop
  endfacet
  facet normal 0 -0 0
    outer loop
      vertex 86.15 -2 15
      vertex 86.15 -2 10
      vertex 86.15 -2 17
    endloop
  endfacet
  facet normal 0 -1 0
    outer loop
      vertex 83.15 -2 15.01
      vertex 83.65 -2 30
      vertex 83.15 -2 30
    endloop
  endfacet
  facet normal 0 -1 -0
    outer loop
      vertex 83.65 -2 30
      vertex 83.15 -2 15.01
      vertex 83.65 -2 15.01
    endloop
  endfacet
  facet normal -0 0 1
    outer loop
      vertex 83.15 16 12
      vertex 86.15 0 12
      vertex 86.15 16 12
    endloop
  endfacet
  facet normal 0 0 1
    outer loop
      vertex 86.15 0 12
      vertex 83.15 16 12
      vertex 83.15 0 12
    endloop
  endfacet
  facet normal 0 0 -1
    outer loop
      vertex 83.15 0 28
      vertex 83.65 16 28
      vertex 83.65 0 28
    endloop
  endfacet
  facet normal -0 0 -1
    outer loop
      vertex 83.65 16 28
      vertex 83.15 0 28
      vertex 83.15 16 28
    endloop
  endfacet
  facet normal 0 -1 0
    outer loop
      vertex 83.15 16 12
      vertex 86.15 16 15
      vertex 83.15 16 15
    endloop
  endfacet
  facet normal 0 -1 -0
    outer loop
      vertex 86.15 16 15
      vertex 83.15 16 12
      vertex 86.15 16 12
    endloop
  endfacet
  facet normal 0 -0 0
    outer loop
      vertex 86.15 16 15
      vertex 86.15 16 12
      vertex 86.15 16 17
    endloop
  endfacet
  facet normal 0 -1 0
    outer loop
      vertex 83.15 16 15.01
      vertex 83.65 16 28
      vertex 83.15 16 28
    endloop
  endfacet
  facet normal 0 -1 -0
    outer loop
      vertex 83.65 16 28
      vertex 83.15 16 15.01
      vertex 83.65 16 15.01
    endloop
  endfacet
  facet normal 0 1 -0
    outer loop
      vertex 86.15 0 12
      vertex 83.15 0 15
      vertex 86.15 0 15
    endloop
  endfacet
  facet normal 0 1 0
    outer loop
      vertex 83.15 0 15
      vertex 86.15 0 12
      vertex 83.15 0 12
    endloop
  endfacet
  facet normal 0 0 0
    outer loop
      vertex 86.15 0 12
      vertex 86.15 0 15
      vertex 86.15 0 17
    endloop
  endfacet
  facet normal 0 1 -0
    outer loop
      vertex 83.65 0 15.01
      vertex 83.15 0 28
      vertex 83.65 0 28
    endloop
  endfacet
  facet normal 0 1 0
    outer loop
      vertex 83.15 0 28
      vertex 83.65 0 15.01
      vertex 83.15 0 15.01
    endloop
  endfacet
  facet normal 0 0 -1
    outer loop
      vertex 83.15 1 13
      vertex 84.45 15 13
      vertex 84.45 1 13
    endloop
  endfacet
  facet normal -0 0 -1
    outer loop
      vertex 84.45 15 13
      vertex 83.15 1 13
      vertex 83.15 15 13
    endloop
  endfacet
  facet normal 1 -0 0
    outer loop
      vertex 84.45 1 15
      vertex 84.45 15 13
      vertex 84.45 15 15
    endloop
  endfacet
  facet normal 1 0 0
    outer loop
      vertex 84.45 15 13
      vertex 84.45 1 15
      vertex 84.45 1 13
    endloop
  endfacet
  facet normal -1 0 0
    outer loop
      vertex 83.15 1 13
      vertex 83.15 15 15
      vertex 83.15 15 13
    endloop
  endfacet
  facet normal -1 -0 0
    outer loop
      vertex 83.15 15 15
      vertex 83.15 1 13
      vertex 83.15 1 15
    endloop
  endfacet
  facet normal -1 0 0
    outer loop
      vertex 83.15 1 15.01
      vertex 83.15 15 27
      vertex 83.15 15 15.01
    endloop
  endfacet
  facet normal -1 -0 0
    outer loop
      vertex 83.15 15 27
      vertex 83.15 1 15.01
      vertex 83.15 1 27
    endloop
  endfacet
  facet normal -0 0 1
    outer loop
      vertex 83.15 15 27
      vertex 83.65 1 27
      vertex 83.65 15 27
    endloop
  endfacet
  facet normal 0 0 1
    outer loop
      vertex 83.65 1 27
      vertex 83.15 15 27
      vertex 83.15 1 27
    endloop
  endfacet
  facet normal 0 1 -0
    outer loop
      vertex 84.45 15 13
      vertex 83.15 15 15
      vertex 84.45 15 15
    endloop
  endfacet
  facet normal 0 1 0
    outer loop
      vertex 83.15 15 15
      vertex 84.45 15 13
      vertex 83.15 15 13
    endloop
  endfacet
  facet normal 0 1 -0
    outer loop
      vertex 83.65 15 15.01
      vertex 83.15 15 27
      vertex 83.65 15 27
    endloop
  endfacet
  facet normal 0 1 0
    outer loop
      vertex 83.15 15 27
      vertex 83.65 15 15.01
      vertex 83.15 15 15.01
    endloop
  endfacet
  facet normal 0 -1 0
    outer loop
      vertex 83.15 1 13
      vertex 84.45 1 15
      vertex 83.15 1 15
    endloop
  endfacet
  facet normal 0 -1 -0
    outer loop
      vertex 84.45 1 15
      vertex 83.15 1 13
      vertex 84.45 1 13
    endloop
  endfacet
  facet normal 0 -1 0
    outer loop
      vertex 83.15 1 15.01
      vertex 83.65 1 27
      vertex 83.15 1 27
    endloop
  endfacet
  facet normal 0 -1 -0
    outer loop
      vertex 83.65 1 27
      vertex 83.15 1 15.01
      vertex 83.65 1 15.01
    endloop
  endfacet
  facet normal 0 1 -0
    outer loop
      vertex 66 60.65 9
      vertex 54 60.65 21
      vertex 66 60.65 21
    endloop
  endfacet
  facet normal 0 1 0
    outer loop
      vertex 54 60.65 21
      vertex 66 60.65 9
      vertex 54 60.65 9
    endloop
  endfacet
  facet normal -1 0 0
    outer loop
      vertex 54 59.35 9
      vertex 54 60.65 21
      vertex 54 60.65 9
    endloop
  endfacet
  facet normal -1 -0 0
    outer loop
      vertex 54 60.65 21
      vertex 54 59.35 9
      vertex 54 59.35 21
    endloop
  endfacet
  facet normal 0 0 -1
    outer loop
      vertex 54 59.35 9
      vertex 66 60.65 9
      vertex 66 59.35 9
    endloop
  endfacet
  facet normal -0 0 -1
    outer loop
      vertex 66 60.65 9
      vertex 54 59.35 9
      vertex 54 60.65 9
    endloop
  endfacet
  facet normal 0 -1 0
    outer loop
      vertex 54 59.35 9
      vertex 66 59.35 21
      vertex 54 59.35 21
    endloop
  endfacet
  facet normal 0 -1 -0
    outer loop
      vertex 66 59.35 21
      vertex 54 59.35 9
      vertex 66 59.35 9
    endloop
  endfacet
  facet normal -0 0 1
    outer loop
      vertex 54 60.65 21
      vertex 66 59.35 21
      vertex 66 60.65 21
    endloop
  endfacet
  facet normal 0 0 1
    outer loop
      vertex 66 59.35 21
      vertex 54 60.65 21
      vertex 54 59.35 21
    endloop
  endfacet
  facet normal 1 -0 0
    outer loop
      vertex 66 59.35 21
      vertex 66 60.65 9
      vertex 66 60.65 21
    endloop
  endfacet
  facet normal 1 0 0
    outer loop
      vertex 66 60.65 9
      vertex 66 59.35 21
      vertex 66 59.35 9
    endloop
  endfacet
  facet normal 1 -0 0
    outer loop
      vertex 66 55 23.15
      vertex 66 58.5 21.85
      vertex 66 58.5 23.15
    endloop
  endfacet
  facet normal 1 0 0
    outer loop
      vertex 66 58.5 21.85
      vertex 66 55 23.15
      vertex 66 55 21.85
    endloop
  endfacet
  facet normal 1 -0 0
    outer loop
      vertex 66 46.5 23.15
      vertex 66 52.5 21.85
      vertex 66 52.5 23.15
    endloop
  endfacet
  facet normal 1 0 0
    outer loop
      vertex 66 52.5 21.85
      vertex 66 46.5 23.15
      vertex 66 46.5 21.85
    endloop
  endfacet
  facet normal -0 0 1
    outer loop
      vertex 54 58.5 23.15
      vertex 66 55 23.15
      vertex 66 58.5 23.15
    endloop
  endfacet
  facet normal 0 0 1
    outer loop
      vertex 66 55 23.15
      vertex 54 58.5 23.15
      vertex 54 55 23.15
    endloop
  endfacet
  facet normal -0 0 1
    outer loop
      vertex 54 52.5 23.15
      vertex 66 46.5 23.15
      vertex 66 52.5 23.15
    endloop
  endfacet
  facet normal 0 0 1
    outer loop
      vertex 66 46.5 23.15
      vertex 54 52.5 23.15
      vertex 54 46.5 23.15
    endloop
  endfacet
  facet normal 0 0 -1
    outer loop
      vertex 54 55 21.85
      vertex 66 58.5 21.85
      vertex 66 55 21.85
    endloop
  endfacet
  facet normal -0 0 -1
    outer loop
      vertex 66 58.5 21.85
      vertex 54 55 21.85
      vertex 54 58.5 21.85
    endloop
  endfacet
  facet normal 0 0 -1
    outer loop
      vertex 54 46.5 21.85
      vertex 66 52.5 21.85
      vertex 66 46.5 21.85
    endloop
  endfacet
  facet normal -0 0 -1
    outer loop
      vertex 66 52.5 21.85
      vertex 54 46.5 21.85
      vertex 54 52.5 21.85
    endloop
  endfacet
  facet normal -1 0 0
    outer loop
      vertex 54 55 21.85
      vertex 54 58.5 23.15
      vertex 54 58.5 21.85
    endloop
  endfacet
  facet normal -1 -0 0
    outer loop
      vertex 54 58.5 23.15
      vertex 54 55 21.85
      vertex 54 55 23.15
    endloop
  endfacet
  facet normal -1 0 0
    outer loop
      vertex 54 46.5 21.85
      vertex 54 52.5 23.15
      vertex 54 52.5 21.85
    endloop
  endfacet
  facet normal -1 -0 0
    outer loop
      vertex 54 52.5 23.15
      vertex 54 46.5 21.85
      vertex 54 46.5 23.15
    endloop
  endfacet
  facet normal 0 1 -0
    outer loop
      vertex 66 58.5 21.85
      vertex 54 58.5 23.15
      vertex 66 58.5 23.15
    endloop
  endfacet
  facet normal 0 1 0
    outer loop
      vertex 54 58.5 23.15
      vertex 66 58.5 21.85
      vertex 54 58.5 21.85
    endloop
  endfacet
  facet normal 0 -1 0
    outer loop
      vertex 54 46.5 21.85
      vertex 66 46.5 23.15
      vertex 54 46.5 23.15
    endloop
  endfacet
  facet normal 0 -1 -0
    outer loop
      vertex 66 46.5 23.15
      vertex 54 46.5 21.85
      vertex 66 46.5 21.85
    endloop
  endfacet
  facet normal 0 0 -1
    outer loop
      vertex 54 46.5 6.85
      vertex 66 58.5 6.85
      vertex 66 46.5 6.85
    endloop
  endfacet
  facet normal -0 0 -1
    outer loop
      vertex 66 58.5 6.85
      vertex 54 46.5 6.85
      vertex 54 58.5 6.85
    endloop
  endfacet
  facet normal -1 0 0
    outer loop
      vertex 54 46.5 6.85
      vertex 54 58.5 8.15
      vertex 54 58.5 6.85
    endloop
  endfacet
  facet normal -1 -0 0
    outer loop
      vertex 54 58.5 8.15
      vertex 54 46.5 6.85
      vertex 54 46.5 8.15
    endloop
  endfacet
  facet normal -0 0 1
    outer loop
      vertex 54 58.5 8.15
      vertex 66 46.5 8.15
      vertex 66 58.5 8.15
    endloop
  endfacet
  facet normal 0 0 1
    outer loop
      vertex 66 46.5 8.15
      vertex 54 58.5 8.15
      vertex 54 46.5 8.15
    endloop
  endfacet
  facet normal 0 1 -0
    outer loop
      vertex 66 58.5 6.85
      vertex 54 58.5 8.15
      vertex 66 58.5 8.15
    endloop
  endfacet
  facet normal 0 1 0
    outer loop
      vertex 54 58.5 8.15
      vertex 66 58.5 6.85
      vertex 54 58.5 6.85
    endloop
  endfacet
  facet normal 0 -1 0
    outer loop
      vertex 54 46.5 6.85
      vertex 66 46.5 8.15
      vertex 54 46.5 8.15
    endloop
  endfacet
  facet normal 0 -1 -0
    outer loop
      vertex 66 46.5 8.15
      vertex 54 46.5 6.85
      vertex 66 46.5 6.85
    endloop
  endfacet
  facet normal 1 -0 0
    outer loop
      vertex 66 46.5 8.15
      vertex 66 58.5 6.85
      vertex 66 58.5 8.15
    endloop
  endfacet
  facet normal 1 0 0
    outer loop
      vertex 66 58.5 6.85
      vertex 66 46.5 8.15
      vertex 66 46.5 6.85
    endloop
  endfacet
  facet normal 0 0 -1
    outer loop
      vertex 51.85 46.5 9
      vertex 53.15 58.5 9
      vertex 53.15 46.5 9
    endloop
  endfacet
  facet normal -0 0 -1
    outer loop
      vertex 53.15 58.5 9
      vertex 51.85 46.5 9
      vertex 51.85 58.5 9
    endloop
  endfacet
  facet normal 1 0 0
    outer loop
      vertex 53.15 52.5 21
      vertex 53.15 46.5 21
      vertex 53.15 52.5 17
    endloop
  endfacet
  facet normal 1 0 0
    outer loop
      vertex 53.15 55 17
      vertex 53.15 58.5 21
      vertex 53.15 55 21
    endloop
  endfacet
  facet normal 1 0 0
    outer loop
      vertex 53.15 58.5 21
      vertex 53.15 55 17
      vertex 53.15 58.5 9
    endloop
  endfacet
  facet normal 1 -0 0
    outer loop
      vertex 53.15 52.5 17
      vertex 53.15 58.5 9
      vertex 53.15 55 17
    endloop
  endfacet
  facet normal 1 0 0
    outer loop
      vertex 53.15 46.5 9
      vertex 53.15 52.5 17
      vertex 53.15 46.5 21
    endloop
  endfacet
  facet normal 1 0 0
    outer loop
      vertex 53.15 52.5 17
      vertex 53.15 46.5 9
      vertex 53.15 58.5 9
    endloop
  endfacet
  facet normal -1 0 0
    outer loop
      vertex 51.85 58.5 9
      vertex 51.85 55 17
      vertex 51.85 58.5 21
    endloop
  endfacet
  facet normal -1 0 0
    outer loop
      vertex 51.85 58.5 9
      vertex 51.85 52.5 17
      vertex 51.85 55 17
    endloop
  endfacet
  facet normal -1 0 0
    outer loop
      vertex 51.85 46.5 9
      vertex 51.85 52.5 17
      vertex 51.85 58.5 9
    endloop
  endfacet
  facet normal -1 0 0
    outer loop
      vertex 51.85 46.5 21
      vertex 51.85 52.5 17
      vertex 51.85 46.5 9
    endloop
  endfacet
  facet normal -1 0 0
    outer loop
      vertex 51.85 52.5 17
      vertex 51.85 46.5 21
      vertex 51.85 52.5 21
    endloop
  endfacet
  facet normal -1 -0 0
    outer loop
      vertex 51.85 58.5 21
      vertex 51.85 55 17
      vertex 51.85 55 21
    endloop
  endfacet
  facet normal -0 0 1
    outer loop
      vertex 51.85 58.5 21
      vertex 53.15 55 21
      vertex 53.15 58.5 21
    endloop
  endfacet
  facet normal 0 0 1
    outer loop
      vertex 53.15 55 21
      vertex 51.85 58.5 21
      vertex 51.85 55 21
    endloop
  endfacet
  facet normal -0 0 1
    outer loop
      vertex 51.85 52.5 21
      vertex 53.15 46.5 21
      vertex 53.15 52.5 21
    endloop
  endfacet
  facet normal 0 0 1
    outer loop
      vertex 53.15 46.5 21
      vertex 51.85 52.5 21
      vertex 51.85 46.5 21
    endloop
  endfacet
  facet normal 0 1 -0
    outer loop
      vertex 53.15 58.5 9
      vertex 51.85 58.5 21
      vertex 53.15 58.5 21
    endloop
  endfacet
  facet normal 0 1 0
    outer loop
      vertex 51.85 58.5 21
      vertex 53.15 58.5 9
      vertex 51.85 58.5 9
    endloop
  endfacet
  facet normal 0 -1 0
    outer loop
      vertex 51.85 46.5 9
      vertex 53.15 46.5 21
      vertex 51.85 46.5 21
    endloop
  endfacet
  facet normal 0 -1 -0
    outer loop
      vertex 53.15 46.5 21
      vertex 51.85 46.5 9
      vertex 53.15 46.5 9
    endloop
  endfacet
  facet normal 1 0 0
    outer loop
      vertex 86.65 -42 13
      vertex 86.65 -45 13
      vertex 86.65 -42 5
    endloop
  endfacet
  facet normal 1 -0 0
    outer loop
      vertex 86.65 -42 5
      vertex 86.65 -38.5 4.53558
      vertex 86.65 -38.5 5
    endloop
  endfacet
  facet normal 1 0 0
    outer loop
      vertex 86.65 -38.5 4.53558
      vertex 86.65 -42 5
      vertex 86.65 -41.0356 2
    endloop
  endfacet
  facet normal 1 0 0
    outer loop
      vertex 86.65 -45 2
      vertex 86.65 -42 5
      vertex 86.65 -45 13
    endloop
  endfacet
  facet normal 1 0 0
    outer loop
      vertex 86.65 -42 5
      vertex 86.65 -45 2
      vertex 86.65 -41.0356 2
    endloop
  endfacet
  facet normal 0 0 1
    outer loop
      vertex 85.25 -28 13
      vertex 83.65 -28 13
      vertex 85.25 -42 13
    endloop
  endfacet
  facet normal -0 0 1
    outer loop
      vertex 85.25 -42 13
      vertex 86.65 -45 13
      vertex 86.65 -42 13
    endloop
  endfacet
  facet normal 0 0 1
    outer loop
      vertex 83.65 -44.0082 13
      vertex 85.25 -42 13
      vertex 83.65 -28 13
    endloop
  endfacet
  facet normal -0 0 1
    outer loop
      vertex 83.65 -44.0082 13
      vertex 86.65 -45 13
      vertex 85.25 -42 13
    endloop
  endfacet
  facet normal -0 0 1
    outer loop
      vertex 72.5898 -44.0082 13
      vertex 86.65 -45 13
      vertex 83.65 -44.0082 13
    endloop
  endfacet
  facet normal -0 0 1
    outer loop
      vertex 71.8754 -44.1083 13
      vertex 86.65 -45 13
      vertex 72.5898 -44.0082 13
    endloop
  endfacet
  facet normal 0 0 1
    outer loop
      vertex 67.65 -45 13
      vertex 71.8754 -44.1083 13
      vertex 67.65 -44.7007 13
    endloop
  endfacet
  facet normal 0 0 1
    outer loop
      vertex 71.8754 -44.1083 13
      vertex 67.65 -45 13
      vertex 86.65 -45 13
    endloop
  endfacet
  facet normal 0 0 -1
    outer loop
      vertex 86.65 -45 2
      vertex 85.25 -41.0356 2
      vertex 86.65 -41.0356 2
    endloop
  endfacet
  facet normal 0 0 -1
    outer loop
      vertex 85.25 -41.0356 2
      vertex 83.65 -41.0356 2
      vertex 85.25 -28 2
    endloop
  endfacet
  facet normal 0 0 -1
    outer loop
      vertex 86.65 -45 2
      vertex 83.65 -41.0356 2
      vertex 85.25 -41.0356 2
    endloop
  endfacet
  facet normal 0 0 -1
    outer loop
      vertex 67.65 -45 2
      vertex 83.65 -41.0356 2
      vertex 86.65 -45 2
    endloop
  endfacet
  facet normal -0 0 -1
    outer loop
      vertex 83.65 -41.0356 2
      vertex 67.65 -45 2
      vertex 67.65 -41.0356 2
    endloop
  endfacet
  facet normal -0 0 -1
    outer loop
      vertex 85.25 -28 2
      vertex 83.65 -41.0356 2
      vertex 83.65 -28 2
    endloop
  endfacet
  facet normal -1 0 0
    outer loop
      vertex 67.65 -42 5
      vertex 67.65 -38.5 4.53558
      vertex 67.65 -41.0356 2
    endloop
  endfacet
  facet normal -1 0 0
    outer loop
      vertex 67.65 -38.5 4.53558
      vertex 67.65 -42 5
      vertex 67.65 -38.5 5
    endloop
  endfacet
  facet normal -1 0 0
    outer loop
      vertex 67.65 -42 5
      vertex 67.65 -44.6666 9.52089
      vertex 67.65 -42 9.46561
    endloop
  endfacet
  facet normal -1 0 0
    outer loop
      vertex 67.65 -45 2
      vertex 67.65 -42 5
      vertex 67.65 -41.0356 2
    endloop
  endfacet
  facet normal -1 -0 0
    outer loop
      vertex 67.65 -42 5
      vertex 67.65 -45 2
      vertex 67.65 -44.6666 9.52089
    endloop
  endfacet
  facet normal -1 0 0
    outer loop
      vertex 67.65 -45 13
      vertex 67.65 -44.6666 9.52089
      vertex 67.65 -45 2
    endloop
  endfacet
  facet normal -1 0 0
    outer loop
      vertex 67.65 -44.6666 9.52089
      vertex 67.65 -45 13
      vertex 67.65 -44.6669 9.54998
    endloop
  endfacet
  facet normal -1 0 0
    outer loop
      vertex 67.65 -44.6669 9.54998
      vertex 67.65 -45 13
      vertex 67.65 -44.6699 9.8589
    endloop
  endfacet
  facet normal -1 0 0
    outer loop
      vertex 67.65 -44.6699 9.8589
      vertex 67.65 -45 13
      vertex 67.65 -44.7007 13
    endloop
  endfacet
  facet normal 0 -1 0
    outer loop
      vertex 67.65 -45 2
      vertex 86.65 -45 13
      vertex 67.65 -45 13
    endloop
  endfacet
  facet normal 0 -1 -0
    outer loop
      vertex 86.65 -45 13
      vertex 67.65 -45 2
      vertex 86.65 -45 2
    endloop
  endfacet
  facet normal 0 1 -0
    outer loop
      vertex 86.65 -42 5
      vertex 85.25 -42 13
      vertex 86.65 -42 13
    endloop
  endfacet
  facet normal 0 1 0
    outer loop
      vertex 85.25 -42 13
      vertex 86.65 -42 5
      vertex 85.25 -42 5
    endloop
  endfacet
  facet normal 0 1 0
    outer loop
      vertex 83.65 -42 10.9918
      vertex 74.7345 -42 10.8918
      vertex 74.7566 -42 10.9918
    endloop
  endfacet
  facet normal 0 1 0
    outer loop
      vertex 83.65 -42 10.9918
      vertex 74.6739 -42 10.6169
      vertex 74.7345 -42 10.8918
    endloop
  endfacet
  facet normal 0 1 -0
    outer loop
      vertex 83.65 -42 5
      vertex 74.6739 -42 10.6169
      vertex 83.65 -42 10.9918
    endloop
  endfacet
  facet normal 0 1 0
    outer loop
      vertex 74.6739 -42 10.6169
      vertex 83.65 -42 5
      vertex 74.4017 -42 10.4212
    endloop
  endfacet
  facet normal 0 1 0
    outer loop
      vertex 74.4017 -42 10.4212
      vertex 83.65 -42 5
      vertex 71.8126 -42 8.55907
    endloop
  endfacet
  facet normal 0 1 0
    outer loop
      vertex 67.65 -42 5
      vertex 71.8126 -42 8.55907
      vertex 83.65 -42 5
    endloop
  endfacet
  facet normal 0 1 0
    outer loop
      vertex 71.8126 -42 8.55907
      vertex 67.65 -42 5
      vertex 67.65 -42 9.46561
    endloop
  endfacet
  facet normal 0 0.707107 0.707107
    outer loop
      vertex 83.65 -44.0082 13
      vertex 74.9416 -43.6752 12.667
      vertex 72.5898 -44.0082 13
    endloop
  endfacet
  facet normal 1.92567e-15 0.707107 0.707107
    outer loop
      vertex 83.65 -44.0082 13
      vertex 75.1075 -43.6517 12.6435
      vertex 74.9416 -43.6752 12.667
    endloop
  endfacet
  facet normal 2.64819e-15 0.707107 0.707107
    outer loop
      vertex 83.65 -44.0082 13
      vertex 75.3442 -43.6182 12.61
      vertex 75.1075 -43.6517 12.6435
    endloop
  endfacet
  facet normal -1.88264e-17 0.707107 0.707107
    outer loop
      vertex 83.65 -42 10.9918
      vertex 75.3442 -43.6182 12.61
      vertex 83.65 -44.0082 13
    endloop
  endfacet
  facet normal 0 0.707107 0.707107
    outer loop
      vertex 75.3442 -43.6182 12.61
      vertex 83.65 -42 10.9918
      vertex 74.7566 -42 10.9918
    endloop
  endfacet
  facet normal -1 0 0
    outer loop
      vertex 83.65 -38.5 5
      vertex 83.65 -28 2
      vertex 83.65 -38.5 4.53558
    endloop
  endfacet
  facet normal -1 0 -0
    outer loop
      vertex 83.65 -38.5 4.53558
      vertex 83.65 -28 2
      vertex 83.65 -41.0356 2
    endloop
  endfacet
  facet normal -1 0 0
    outer loop
      vertex 83.65 -28 2
      vertex 83.65 -38.5 5
      vertex 83.65 -28 13
    endloop
  endfacet
  facet normal -1 0 0
    outer loop
      vertex 83.65 -42 10.9918
      vertex 83.65 -38.5 5
      vertex 83.65 -42 5
    endloop
  endfacet
  facet normal -1 0 0
    outer loop
      vertex 83.65 -38.5 5
      vertex 83.65 -42 10.9918
      vertex 83.65 -28 13
    endloop
  endfacet
  facet normal -1 -0 0
    outer loop
      vertex 83.65 -28 13
      vertex 83.65 -42 10.9918
      vertex 83.65 -44.0082 13
    endloop
  endfacet
  facet normal 1 -0 0
    outer loop
      vertex 73.65 -28.8899 16
      vertex 73.65 -26 15.01
      vertex 73.65 -26 16
    endloop
  endfacet
  facet normal 1 -0 0
    outer loop
      vertex 73.65 -28.9333 15.9125
      vertex 73.65 -26 15.01
      vertex 73.65 -28.8899 16
    endloop
  endfacet
  facet normal 1 0 0
    outer loop
      vertex 73.65 -26 15.01
      vertex 73.65 -28.9333 15.9125
      vertex 73.65 -29.3813 15.01
    endloop
  endfacet
  facet normal 1 -0 0
    outer loop
      vertex 73.65 -29.3862 15
      vertex 73.65 -26 13
      vertex 73.65 -26 15
    endloop
  endfacet
  facet normal 1 -0 0
    outer loop
      vertex 73.65 -30.0335 13.6959
      vertex 73.65 -26 13
      vertex 73.65 -29.3862 15
    endloop
  endfacet
  facet normal 1 0 0
    outer loop
      vertex 73.65 -26 13
      vertex 73.65 -30.0335 13.6959
      vertex 73.65 -31.1126 13
    endloop
  endfacet
  facet normal 0 -0 1
    outer loop
      vertex 73.65 -28.8899 16
      vertex 73.65 -26 16
      vertex 73.2429 -26 16
    endloop
  endfacet
  facet normal 0 0 -1
    outer loop
      vertex 73.4887 -29.9794 13
      vertex 73.65 -26 13
      vertex 73.65 -31.1126 13
    endloop
  endfacet
  facet normal -0 0 -1
    outer loop
      vertex 73.65 -26 13
      vertex 73.4887 -29.9794 13
      vertex 72.9222 -26 13
    endloop
  endfacet
  facet normal 0 1 -0
    outer loop
      vertex 73.65 -26 15.01
      vertex 73.2429 -26 16
      vertex 73.65 -26 16
    endloop
  endfacet
  facet normal 0 1 0
    outer loop
      vertex 73.2429 -26 16
      vertex 73.65 -26 15.01
      vertex 73.1736 -26 15.01
    endloop
  endfacet
  facet normal 0 1 0
    outer loop
      vertex 73.65 -26 15
      vertex 73.0956 -26 13.8935
      vertex 73.1729 -26 15
    endloop
  endfacet
  facet normal 0 1 -0
    outer loop
      vertex 73.65 -26 13
      vertex 73.0956 -26 13.8935
      vertex 73.65 -26 15
    endloop
  endfacet
  facet normal 0 1 0
    outer loop
      vertex 73.0956 -26 13.8935
      vertex 73.65 -26 13
      vertex 73.0845 -26 13.7354
    endloop
  endfacet
  facet normal 0 1 0
    outer loop
      vertex 73.0845 -26 13.7354
      vertex 73.65 -26 13
      vertex 73.0762 -26 13.6979
    endloop
  endfacet
  facet normal 0 1 0
    outer loop
      vertex 73.0762 -26 13.6979
      vertex 73.65 -26 13
      vertex 72.9222 -26 13
    endloop
  endfacet
  facet normal -0 0 1
    outer loop
      vertex 67.65 -38.5 5
      vertex 83.65 -42 5
      vertex 83.65 -38.5 5
    endloop
  endfacet
  facet normal 0 0 1
    outer loop
      vertex 83.65 -42 5
      vertex 67.65 -38.5 5
      vertex 67.65 -42 5
    endloop
  endfacet
  facet normal -0 0 1
    outer loop
      vertex 85.25 -38.5 5
      vertex 86.65 -42 5
      vertex 86.65 -38.5 5
    endloop
  endfacet
  facet normal 0 0 1
    outer loop
      vertex 86.65 -42 5
      vertex 85.25 -38.5 5
      vertex 85.25 -42 5
    endloop
  endfacet
  facet normal 0 1 -0
    outer loop
      vertex 83.65 -38.5 4.53558
      vertex 67.65 -38.5 5
      vertex 83.65 -38.5 5
    endloop
  endfacet
  facet normal 0 1 0
    outer loop
      vertex 67.65 -38.5 5
      vertex 83.65 -38.5 4.53558
      vertex 67.65 -38.5 4.53558
    endloop
  endfacet
  facet normal 0 1 -0
    outer loop
      vertex 86.65 -38.5 4.53558
      vertex 85.25 -38.5 5
      vertex 86.65 -38.5 5
    endloop
  endfacet
  facet normal 0 1 0
    outer loop
      vertex 85.25 -38.5 5
      vertex 86.65 -38.5 4.53558
      vertex 85.25 -38.5 4.53558
    endloop
  endfacet
  facet normal 0 0.707104 -0.70711
    outer loop
      vertex 83.65 -41.0356 2
      vertex 67.65 -38.5 4.53558
      vertex 83.65 -38.5 4.53558
    endloop
  endfacet
  facet normal 0 0.707104 -0.70711
    outer loop
      vertex 67.65 -38.5 4.53558
      vertex 83.65 -41.0356 2
      vertex 67.65 -41.0356 2
    endloop
  endfacet
  facet normal 0 0.707104 -0.70711
    outer loop
      vertex 86.65 -41.0356 2
      vertex 85.25 -38.5 4.53558
      vertex 86.65 -38.5 4.53558
    endloop
  endfacet
  facet normal 0 0.707104 -0.70711
    outer loop
      vertex 85.25 -38.5 4.53558
      vertex 86.65 -41.0356 2
      vertex 85.25 -41.0356 2
    endloop
  endfacet
  facet normal 1 0 0
    outer loop
      vertex 85.25 -28 13
      vertex 85.25 -32 5.3
      vertex 85.25 -28 2
    endloop
  endfacet
  facet normal 1 0 0
    outer loop
      vertex 85.25 -28 13
      vertex 85.25 -38 5.3
      vertex 85.25 -32 5.3
    endloop
  endfacet
  facet normal 1 0 0
    outer loop
      vertex 85.25 -38.5 4.53558
      vertex 85.25 -38 5.3
      vertex 85.25 -38.5 5
    endloop
  endfacet
  facet normal 1 -0 0
    outer loop
      vertex 85.25 -42 13
      vertex 85.25 -38 5.3
      vertex 85.25 -28 13
    endloop
  endfacet
  facet normal 1 0 0
    outer loop
      vertex 85.25 -42 5
      vertex 85.25 -38 5.3
      vertex 85.25 -42 13
    endloop
  endfacet
  facet normal 1 0 0
    outer loop
      vertex 85.25 -38 5.3
      vertex 85.25 -42 5
      vertex 85.25 -38.5 5
    endloop
  endfacet
  facet normal 1 -0 0
    outer loop
      vertex 85.25 -32 2.06001
      vertex 85.25 -28 2
      vertex 85.25 -32 5.3
    endloop
  endfacet
  facet normal 1 -0 0
    outer loop
      vertex 85.25 -38 2.06001
      vertex 85.25 -28 2
      vertex 85.25 -32 2.06001
    endloop
  endfacet
  facet normal 1 0 0
    outer loop
      vertex 85.25 -38 5.3
      vertex 85.25 -38.5 4.53558
      vertex 85.25 -38 2.06001
    endloop
  endfacet
  facet normal 1 0 0
    outer loop
      vertex 85.25 -38 2.06001
      vertex 85.25 -41.0356 2
      vertex 85.25 -28 2
    endloop
  endfacet
  facet normal 1 0 0
    outer loop
      vertex 85.25 -41.0356 2
      vertex 85.25 -38 2.06001
      vertex 85.25 -38.5 4.53558
    endloop
  endfacet
  facet normal 0 1 -0
    outer loop
      vertex 85.25 -28 2
      vertex 83.65 -28 13
      vertex 85.25 -28 13
    endloop
  endfacet
  facet normal 0 1 0
    outer loop
      vertex 83.65 -28 13
      vertex 85.25 -28 2
      vertex 83.65 -28 2
    endloop
  endfacet
  facet normal 0 1 -0
    outer loop
      vertex 86.95 -32 5.12002
      vertex 85.25 -32 5.3
      vertex 86.95 -32 5.3
    endloop
  endfacet
  facet normal 0 1 0
    outer loop
      vertex 85.25 -32 5.3
      vertex 86.95 -32 5.12002
      vertex 85.25 -32 2.06001
    endloop
  endfacet
  facet normal -0 0 1
    outer loop
      vertex 85.25 -32 5.3
      vertex 86.95 -38 5.3
      vertex 86.95 -32 5.3
    endloop
  endfacet
  facet normal 0 0 1
    outer loop
      vertex 86.95 -38 5.3
      vertex 85.25 -32 5.3
      vertex 85.25 -38 5.3
    endloop
  endfacet
  facet normal 0 -1 0
    outer loop
      vertex 85.25 -38 5.3
      vertex 86.95 -38 5.12002
      vertex 86.95 -38 5.3
    endloop
  endfacet
  facet normal -0 -1 0
    outer loop
      vertex 86.95 -38 5.12002
      vertex 85.25 -38 5.3
      vertex 85.25 -38 2.06001
    endloop
  endfacet
  facet normal 0.874158 0 -0.485642
    outer loop
      vertex 86.95 -38 5.12002
      vertex 85.25 -32 2.06001
      vertex 86.95 -32 5.12002
    endloop
  endfacet
  facet normal 0.874158 0 -0.485642
    outer loop
      vertex 85.25 -32 2.06001
      vertex 86.95 -38 5.12002
      vertex 85.25 -38 2.06001
    endloop
  endfacet
  facet normal 0.138832 0.990268 -0.00971014
    outer loop
      vertex 53.2047 46.165 13.1207
      vertex 36.8436 48.4999 17.3148
      vertex 53.2954 46.165 14.4175
    endloop
  endfacet
  facet normal 0.138837 0.990268 -0.00969609
    outer loop
      vertex 53.2954 46.165 14.4175
      vertex 37.1559 48.4685 18.5763
      vertex 54.9408 45.9473 15.7439
    endloop
  endfacet
  facet normal 0.131553 0.990786 -0.0321982
    outer loop
      vertex 71.0768 43.6599 13.1741
      vertex 71.0605 43.6621 13.1752
      vertex 71.0623 43.6619 13.1764
    endloop
  endfacet
  facet normal 0.138831 0.990268 -0.00972049
    outer loop
      vertex 53.2954 46.165 14.4175
      vertex 36.8436 48.4999 17.3148
      vertex 37.1559 48.4685 18.5763
    endloop
  endfacet
  facet normal 0.133134 0.991054 -0.00931155
    outer loop
      vertex 71.0768 43.6599 13.1741
      vertex 70.9861 43.6599 11.8773
      vertex 71.0605 43.6621 13.1752
    endloop
  endfacet
  facet normal 0.13878 0.990273 -0.00998033
    outer loop
      vertex 68.1772 44.0334 9.81572
      vertex 53.2047 46.165 13.1207
      vertex 66.9282 44.2116 10.1294
    endloop
  endfacet
  facet normal 0.138836 0.990267 -0.00975493
    outer loop
      vertex 68.1772 44.0334 9.81572
      vertex 66.9282 44.2116 10.1294
      vertex 70.9861 43.6599 11.8773
    endloop
  endfacet
  facet normal 0.581543 -0.0894555 -0.808582
    outer loop
      vertex 68.4871 25.835 12.052
      vertex 65.6782 26.2086 9.99047
      vertex 70.9861 43.6599 11.8773
    endloop
  endfacet
  facet normal 0.581554 -0.0894597 -0.808574
    outer loop
      vertex 70.9861 43.6599 11.8773
      vertex 65.6782 26.2086 9.99047
      vertex 68.1772 44.0334 9.81572
    endloop
  endfacet
  facet normal -0.212753 0.020253 -0.976896
    outer loop
      vertex 68.1772 44.0334 9.81572
      vertex 50.7057 28.3401 13.2954
      vertex 53.2047 46.165 13.1207
    endloop
  endfacet
  facet normal 0.135461 0.990738 -0.00935934
    outer loop
      vertex 72.5014 43.5984 27.2832
      vertex 71.0769 43.6599 13.176
      vertex 71.0623 43.6619 13.1764
    endloop
  endfacet
  facet normal 0.0898085 0.995948 -0.00472676
    outer loop
      vertex 72.5014 43.5984 27.2832
      vertex 71.0768 43.6599 13.1741
      vertex 71.0769 43.6599 13.176
    endloop
  endfacet
  facet normal 0.139106 0.99023 -0.00972926
    outer loop
      vertex 71.0768 43.6599 13.1741
      vertex 72.5014 43.5984 27.2832
      vertex 70.9861 43.6599 11.8773
    endloop
  endfacet
  facet normal 0.138859 0.990265 -0.00970807
    outer loop
      vertex 71.0623 43.6619 13.1764
      vertex 71.2525 43.7766 27.5968
      vertex 72.5014 43.5984 27.2832
    endloop
  endfacet
  facet normal 0.11664 0.993129 -0.0094378
    outer loop
      vertex 71.0605 43.6621 13.1752
      vertex 71.2525 43.7766 27.5968
      vertex 71.0623 43.6619 13.1764
    endloop
  endfacet
  facet normal 0.140473 0.990037 -0.00973054
    outer loop
      vertex 71.2525 43.7766 27.5968
      vertex 71.0605 43.6621 13.1752
      vertex 70.9861 43.6599 11.8773
    endloop
  endfacet
  facet normal -0.212751 0.02025 -0.976897
    outer loop
      vertex 65.6782 26.2086 9.99047
      vertex 50.7057 28.3401 13.2954
      vertex 68.1772 44.0334 9.81572
    endloop
  endfacet
  facet normal 0.138838 0.990268 -0.00971051
    outer loop
      vertex 66.9282 44.2116 10.1294
      vertex 53.2047 46.165 13.1207
      vertex 53.2954 46.165 14.4175
    endloop
  endfacet
  facet normal 0.138838 0.990268 -0.00971013
    outer loop
      vertex 66.9282 44.2116 10.1294
      vertex 53.2954 46.165 14.4175
      vertex 71.2525 43.7766 27.5968
    endloop
  endfacet
  facet normal 0.138814 0.990271 -0.00970417
    outer loop
      vertex 70.9861 43.6599 11.8773
      vertex 66.9282 44.2116 10.1294
      vertex 71.2525 43.7766 27.5968
    endloop
  endfacet
  facet normal -0.970296 0 0.24192
    outer loop
      vertex 29.4979 -9 19.8333
      vertex 29.8124 9 21.0947
      vertex 29.4979 9 19.8333
    endloop
  endfacet
  facet normal -0.970296 0 0.24192
    outer loop
      vertex 29.8124 9 21.0947
      vertex 29.4979 -9 19.8333
      vertex 29.8124 -9 21.0947
    endloop
  endfacet
  facet normal 0.156496 0 0.987679
    outer loop
      vertex 47.9075 9 18.2287
      vertex 47.2139 8 18.3386
      vertex 47.9075 8 18.2287
    endloop
  endfacet
  facet normal 0.156306 0 0.987709
    outer loop
      vertex 47.2139 8 18.3386
      vertex 46.6673 8 18.4251
      vertex 47.2139 -8 18.3386
    endloop
  endfacet
  facet normal 0.156306 0.000135417 0.987709
    outer loop
      vertex 47.9075 9 18.2287
      vertex 46.6673 8 18.4251
      vertex 47.2139 8 18.3386
    endloop
  endfacet
  facet normal 0.156435 -2.92326e-05 0.987688
    outer loop
      vertex 29.8124 9 21.0947
      vertex 46.6673 8 18.4251
      vertex 47.9075 9 18.2287
    endloop
  endfacet
  facet normal 0.156397 0 0.987694
    outer loop
      vertex 30.8039 8 20.9377
      vertex 29.8124 9 21.0947
      vertex 30.8039 -8 20.9377
    endloop
  endfacet
  facet normal 0.15644 4.29048e-05 0.987688
    outer loop
      vertex 46.6673 8 18.4251
      vertex 29.8124 9 21.0947
      vertex 30.8039 8 20.9377
    endloop
  endfacet
  facet normal 0.156496 0 0.987679
    outer loop
      vertex 47.2139 -8 18.3386
      vertex 47.9075 -9 18.2287
      vertex 47.9075 -8 18.2287
    endloop
  endfacet
  facet normal 0.156306 -0 0.987709
    outer loop
      vertex 46.6673 -8 18.4251
      vertex 47.2139 -8 18.3386
      vertex 46.6673 8 18.4251
    endloop
  endfacet
  facet normal 0.156306 -0.000135417 0.987709
    outer loop
      vertex 46.6673 -8 18.4251
      vertex 47.9075 -9 18.2287
      vertex 47.2139 -8 18.3386
    endloop
  endfacet
  facet normal 0.15644 -4.29048e-05 0.987688
    outer loop
      vertex 29.8124 -9 21.0947
      vertex 46.6673 -8 18.4251
      vertex 30.8039 -8 20.9377
    endloop
  endfacet
  facet normal 0.156435 2.92326e-05 0.987688
    outer loop
      vertex 46.6673 -8 18.4251
      vertex 29.8124 -9 21.0947
      vertex 47.9075 -9 18.2287
    endloop
  endfacet
  facet normal 0.156397 -0 0.987694
    outer loop
      vertex 29.8124 -9 21.0947
      vertex 30.8039 -8 20.9377
      vertex 29.8124 9 21.0947
    endloop
  endfacet
  facet normal -0.587784 0 0.809018
    outer loop
      vertex 64.2363 9 30.0923
      vertex 63.1802 8 29.325
      vertex 64.2363 -9 30.0923
    endloop
  endfacet
  facet normal -0.587785 3.76211e-07 0.809017
    outer loop
      vertex 64.2363 9 30.0923
      vertex 59.2019 8 26.4346
      vertex 63.1802 8 29.325
    endloop
  endfacet
  facet normal -0.587783 0 0.809018
    outer loop
      vertex 59.2019 8 26.4346
      vertex 51.147 8 20.5824
      vertex 59.2019 -8 26.4346
    endloop
  endfacet
  facet normal -0.587786 1.26876e-05 0.809016
    outer loop
      vertex 47.9075 9 18.2287
      vertex 59.2019 8 26.4346
      vertex 64.2363 9 30.0923
    endloop
  endfacet
  facet normal -0.587783 6.18929e-05 0.809018
    outer loop
      vertex 59.2019 8 26.4346
      vertex 47.9075 9 18.2287
      vertex 51.147 8 20.5824
    endloop
  endfacet
  facet normal -0.587796 0 0.809009
    outer loop
      vertex 51.147 8 20.5824
      vertex 47.9075 9 18.2287
      vertex 47.9075 8 18.2287
    endloop
  endfacet
  facet normal -0.587784 0 0.809018
    outer loop
      vertex 63.1802 -8 29.325
      vertex 64.2363 -9 30.0923
      vertex 63.1802 8 29.325
    endloop
  endfacet
  facet normal -0.587785 -3.76211e-07 0.809017
    outer loop
      vertex 59.2019 -8 26.4346
      vertex 64.2363 -9 30.0923
      vertex 63.1802 -8 29.325
    endloop
  endfacet
  facet normal -0.587783 0 0.809018
    outer loop
      vertex 51.147 -8 20.5824
      vertex 59.2019 -8 26.4346
      vertex 51.147 8 20.5824
    endloop
  endfacet
  facet normal -0.587783 -6.18929e-05 0.809018
    outer loop
      vertex 47.9075 -9 18.2287
      vertex 59.2019 -8 26.4346
      vertex 51.147 -8 20.5824
    endloop
  endfacet
  facet normal -0.587796 0 0.809009
    outer loop
      vertex 47.9075 -9 18.2287
      vertex 51.147 -8 20.5824
      vertex 47.9075 -8 18.2287
    endloop
  endfacet
  facet normal -0.587786 -1.26876e-05 0.809016
    outer loop
      vertex 59.2019 -8 26.4346
      vertex 47.9075 -9 18.2287
      vertex 64.2363 -9 30.0923
    endloop
  endfacet
  facet normal 0.24192 0 0.970296
    outer loop
      vertex 64.2363 9 30.0923
      vertex 65.4977 -9 29.7778
      vertex 65.4977 9 29.7778
    endloop
  endfacet
  facet normal 0.24192 0 0.970296
    outer loop
      vertex 65.4977 -9 29.7778
      vertex 64.2363 9 30.0923
      vertex 64.2363 -9 30.0923
    endloop
  endfacet
  facet normal 0.138837 -0.990268 -0.0097256
    outer loop
      vertex 55.4537 -46.4303 15.01
      vertex 41.0764 -48.4685 17.2997
      vertex 49.9623 -47.2002 15.01
    endloop
  endfacet
  facet normal 0.138843 -0.990267 -0.00965792
    outer loop
      vertex 57.2159 -46.165 13.1409
      vertex 55.5165 -46.4214 15
      vertex 50.0011 -47.1947 15
    endloop
  endfacet
  facet normal 0.13882 -0.99027 -0.00967959
    outer loop
      vertex 55.5165 -46.4214 15
      vertex 57.2159 -46.165 13.1409
      vertex 58.8423 -45.95 14.4703
    endloop
  endfacet
  facet normal 0.138832 -0.990268 -0.00972075
    outer loop
      vertex 46.6024 -47.6713 15.01
      vertex 41.0764 -48.4685 17.2997
      vertex 40.7641 -48.4999 16.0382
    endloop
  endfacet
  facet normal 0.138848 -0.990266 -0.00968153
    outer loop
      vertex 41.0764 -48.4685 17.2997
      vertex 46.6024 -47.6713 15.01
      vertex 49.9623 -47.2002 15.01
    endloop
  endfacet
  facet normal 0.138826 -0.990269 -0.00972599
    outer loop
      vertex 50.0011 -47.1947 15
      vertex 46.6592 -47.6632 15
      vertex 57.2159 -46.165 13.1409
    endloop
  endfacet
  facet normal 0.138835 -0.990268 -0.00970338
    outer loop
      vertex 46.6024 -47.6713 15.01
      vertex 40.7641 -48.4999 16.0382
      vertex 44.775 -47.9275 15.01
    endloop
  endfacet
  facet normal 0.138837 -0.990268 -0.00968021
    outer loop
      vertex 57.1252 -46.165 11.8441
      vertex 46.6592 -47.6632 15
      vertex 44.814 -47.9219 15
    endloop
  endfacet
  facet normal 0.138828 -0.990269 -0.00970985
    outer loop
      vertex 46.6592 -47.6632 15
      vertex 57.1252 -46.165 11.8441
      vertex 57.2159 -46.165 13.1409
    endloop
  endfacet
  facet normal 0.581407 0.0894413 -0.808682
    outer loop
      vertex 74.4017 -42 10.4212
      vertex 72.4076 -25.835 10.7754
      vertex 74.6739 -42 10.6169
    endloop
  endfacet
  facet normal 0.581541 0.0894557 -0.808584
    outer loop
      vertex 72.4076 -25.835 10.7754
      vertex 74.4017 -42 10.4212
      vertex 69.5987 -26.2086 8.71388
    endloop
  endfacet
  facet normal 0.138842 -0.990267 -0.00970791
    outer loop
      vertex 75.173 -43.7766 26.3202
      vertex 72.373 -44.0583 15.01
      vertex 74.9813 -43.6926 15.01
    endloop
  endfacet
  facet normal 0.138756 -0.990279 -0.00969098
    outer loop
      vertex 72.5898 -44.0082 13
      vertex 72.3705 -44.0585 15
      vertex 71.8754 -44.1083 13
    endloop
  endfacet
  facet normal 0.138833 -0.990268 -0.00968218
    outer loop
      vertex 72.3705 -44.0585 15
      vertex 72.5898 -44.0082 13
      vertex 74.9811 -43.6925 15
    endloop
  endfacet
  facet normal 0.138843 -0.990267 -0.00969392
    outer loop
      vertex 74.9811 -43.6925 15
      vertex 72.5898 -44.0082 13
      vertex 74.9416 -43.6752 12.667
    endloop
  endfacet
  facet normal 0.581546 0.0894576 -0.80858
    outer loop
      vertex 71.8126 -42 8.55907
      vertex 69.5987 -26.2086 8.71388
      vertex 74.4017 -42 10.4212
    endloop
  endfacet
  facet normal 0.13873 -0.990278 -0.0102126
    outer loop
      vertex 67.65 -44.6669 9.54998
      vertex 57.1252 -46.165 11.8441
      vertex 67.65 -44.6666 9.52089
    endloop
  endfacet
  facet normal 0.138859 -0.990265 -0.00970818
    outer loop
      vertex 74.9813 -43.6926 15.01
      vertex 76.4219 -43.5984 26.0066
      vertex 75.173 -43.7766 26.3202
    endloop
  endfacet
  facet normal 0.13875 -0.99028 -0.00969374
    outer loop
      vertex 76.4219 -43.5984 26.0066
      vertex 74.9813 -43.6926 15.01
      vertex 75.3403 -43.6423 15.01
    endloop
  endfacet
  facet normal 0.138782 -0.990275 -0.00969296
    outer loop
      vertex 74.9416 -43.6752 12.667
      vertex 75.3393 -43.6423 15
      vertex 74.9811 -43.6925 15
    endloop
  endfacet
  facet normal 0.138896 -0.990259 -0.00971256
    outer loop
      vertex 75.3393 -43.6423 15
      vertex 74.9416 -43.6752 12.667
      vertex 75.1075 -43.6517 12.6435
    endloop
  endfacet
  facet normal 0.138841 -0.990267 -0.00971071
    outer loop
      vertex 57.1252 -46.165 11.8441
      vertex 67.65 -44.6699 9.8589
      vertex 57.2159 -46.165 13.1409
    endloop
  endfacet
  facet normal 0.138858 -0.990266 -0.00961672
    outer loop
      vertex 67.65 -44.6699 9.8589
      vertex 57.1252 -46.165 11.8441
      vertex 67.65 -44.6669 9.54998
    endloop
  endfacet
  facet normal 0.138837 -0.990268 -0.0097068
    outer loop
      vertex 75.173 -43.7766 26.3202
      vertex 59.7626 -45.8263 15.01
      vertex 72.373 -44.0583 15.01
    endloop
  endfacet
  facet normal 0.138842 -0.990267 -0.00971004
    outer loop
      vertex 59.7489 -45.8281 15
      vertex 67.65 -44.6699 9.8589
      vertex 67.65 -44.7007 13
    endloop
  endfacet
  facet normal 0.13884 -0.990267 -0.00971423
    outer loop
      vertex 67.65 -44.6699 9.8589
      vertex 59.7489 -45.8281 15
      vertex 57.2159 -46.165 13.1409
    endloop
  endfacet
  facet normal 0.13884 -0.990267 -0.00972117
    outer loop
      vertex 59.7489 -45.8281 15
      vertex 67.65 -44.7007 13
      vertex 72.3705 -44.0585 15
    endloop
  endfacet
  facet normal 0.138835 -0.990268 -0.00971101
    outer loop
      vertex 72.3705 -44.0585 15
      vertex 67.65 -44.7007 13
      vertex 71.8754 -44.1083 13
    endloop
  endfacet
  facet normal -0.212754 -0.0202516 -0.976896
    outer loop
      vertex 67.65 -44.6666 9.52089
      vertex 57.1252 -46.165 11.8441
      vertex 67.65 -42 9.46561
    endloop
  endfacet
  facet normal -0.212751 -0.02025 -0.976897
    outer loop
      vertex 67.65 -42 9.46561
      vertex 69.5987 -26.2086 8.71388
      vertex 71.8126 -42 8.55907
    endloop
  endfacet
  facet normal -0.212753 -0.0202529 -0.976896
    outer loop
      vertex 54.6262 -28.3401 12.0188
      vertex 67.65 -42 9.46561
      vertex 57.1252 -46.165 11.8441
    endloop
  endfacet
  facet normal -0.21275 -0.02025 -0.976897
    outer loop
      vertex 67.65 -42 9.46561
      vertex 54.6262 -28.3401 12.0188
      vertex 69.5987 -26.2086 8.71388
    endloop
  endfacet
  facet normal -0.940889 0.241747 0.237247
    outer loop
      vertex 32.9637 32.136 18.6015
      vertex 32.1122 28.7762 18.6481
      vertex 33.0793 32.0967 19.1
    endloop
  endfacet
  facet normal -0.940922 0.241754 0.237111
    outer loop
      vertex 32.1122 28.7762 18.6481
      vertex 32.9637 32.136 18.6015
      vertex 32.923 32.156 18.4196
    endloop
  endfacet
  facet normal -0.940907 0.241737 0.237184
    outer loop
      vertex 33.0793 32.0967 19.1
      vertex 32.4262 28.7604 19.9095
      vertex 33.8043 34.9186 19.1
    endloop
  endfacet
  facet normal -0.94089 0.241748 0.237244
    outer loop
      vertex 32.4262 28.7604 19.9095
      vertex 33.0793 32.0967 19.1
      vertex 32.1122 28.7762 18.6481
    endloop
  endfacet
  facet normal -0.940919 0.241738 0.237137
    outer loop
      vertex 36.8436 48.4999 17.3148
      vertex 34.3458 38.0872 18.0187
      vertex 34.5109 38.0763 18.6849
    endloop
  endfacet
  facet normal -0.940457 0.241859 0.238842
    outer loop
      vertex 34.5109 38.0763 18.6849
      vertex 37.1559 48.4685 18.5763
      vertex 36.8436 48.4999 17.3148
    endloop
  endfacet
  facet normal -0.940485 0.241865 0.238722
    outer loop
      vertex 34.5546 38.0735 18.8599
      vertex 37.1559 48.4685 18.5763
      vertex 34.5109 38.0763 18.6849
    endloop
  endfacet
  facet normal -0.94045 0.24186 0.238866
    outer loop
      vertex 34.6126 38.0619 19.1
      vertex 37.1559 48.4685 18.5763
      vertex 34.5546 38.0735 18.8599
    endloop
  endfacet
  facet normal -0.940382 0.241857 0.239139
    outer loop
      vertex 34.6126 38.0619 19.1
      vertex 32.4262 28.7604 19.9095
      vertex 37.1559 48.4685 18.5763
    endloop
  endfacet
  facet normal -0.940488 0.241847 0.238732
    outer loop
      vertex 32.4262 28.7604 19.9095
      vertex 34.6126 38.0619 19.1
      vertex 33.8043 34.9186 19.1
    endloop
  endfacet
  facet normal 0.35227 -0.0200072 0.935685
    outer loop
      vertex 68.0264 26.3195 28.5985
      vertex 66.7739 8.36333 28.6861
      vertex 72.5014 43.5984 27.2832
    endloop
  endfacet
  facet normal 0.244919 0.0103685 0.969488
    outer loop
      vertex 71.2525 43.7766 27.5968
      vertex 68.0264 26.3195 28.5985
      vertex 72.5014 43.5984 27.2832
    endloop
  endfacet
  facet normal 0.243058 0.0107391 0.969952
    outer loop
      vertex 71.2525 43.7766 27.5968
      vertex 66.7682 26.4088 28.9128
      vertex 68.0264 26.3195 28.5985
    endloop
  endfacet
  facet normal 0.797501 -0.105987 0.593936
    outer loop
      vertex 72.5014 43.5984 27.2832
      vertex 66.7739 8.36333 28.6861
      vertex 70.0024 25.7736 27.4579
    endloop
  endfacet
  facet normal -0.960556 0.141333 0.239492
    outer loop
      vertex 32.1122 28.7762 18.6481
      vertex 29.4979 9 19.8333
      vertex 29.8124 9 21.0947
    endloop
  endfacet
  facet normal -0.960212 0.141454 0.240797
    outer loop
      vertex 32.1122 28.7762 18.6481
      vertex 29.8124 9 21.0947
      vertex 32.4262 28.7604 19.9095
    endloop
  endfacet
  facet normal 0.422671 -1.68799e-06 0.906283
    outer loop
      vertex 68.0264 26.3195 28.5985
      vertex 65.4977 9 29.7778
      vertex 66.3056 2.28452 29.401
    endloop
  endfacet
  facet normal 0.244268 0.030332 0.969233
    outer loop
      vertex 66.7682 26.4088 28.9128
      vertex 65.4977 9 29.7778
      vertex 68.0264 26.3195 28.5985
    endloop
  endfacet
  facet normal 0.241807 0.0305419 0.969843
    outer loop
      vertex 66.7682 26.4088 28.9128
      vertex 64.2363 9 30.0923
      vertex 65.4977 9 29.7778
    endloop
  endfacet
  facet normal 0.995535 -0.0691282 0.0642748
    outer loop
      vertex 68.0264 26.3195 28.5985
      vertex 66.3325 2.62519 29.3514
      vertex 66.7739 8.36333 28.6861
    endloop
  endfacet
  facet normal 0.995468 -0.0690891 0.0653527
    outer loop
      vertex 66.3325 2.62519 29.3514
      vertex 68.0264 26.3195 28.5985
      vertex 66.3056 2.28452 29.401
    endloop
  endfacet
  facet normal 0.995548 -0.069156 0.0640435
    outer loop
      vertex 66.7739 8.36333 28.6861
      vertex 66.3325 2.62519 29.3514
      vertex 66.338 2.43349 29.0589
    endloop
  endfacet
  facet normal -0.952312 -0.189241 0.239354
    outer loop
      vertex 33.4237 -28.7604 19.8397
      vertex 29.8124 -9 21.0947
      vertex 33.1098 -28.7762 18.5783
    endloop
  endfacet
  facet normal -0.952791 -0.189092 0.237556
    outer loop
      vertex 29.8124 -9 21.0947
      vertex 29.4979 -9 19.8333
      vertex 33.1098 -28.7762 18.5783
    endloop
  endfacet
  facet normal 0.333871 0 0.942619
    outer loop
      vertex 65.4977 9 29.7778
      vertex 65.4977 -9 29.7778
      vertex 69.024 -26.3195 28.5288
    endloop
  endfacet
  facet normal 0.243643 -0.0203202 0.969652
    outer loop
      vertex 69.024 -26.3195 28.5288
      vertex 65.4977 -9 29.7778
      vertex 67.7657 -26.4088 28.8431
    endloop
  endfacet
  facet normal 0.711012 0.0461762 0.701662
    outer loop
      vertex 66.3056 2.28452 29.401
      vertex 69.024 -26.3195 28.5288
      vertex 67.7714 -8.36333 28.6164
    endloop
  endfacet
  facet normal 0.711172 0.0461963 0.701499
    outer loop
      vertex 69.024 -26.3195 28.5288
      vertex 66.3056 2.28452 29.401
      vertex 65.4977 9 29.7778
    endloop
  endfacet
  facet normal 0.710649 0.0460988 0.702035
    outer loop
      vertex 66.3325 2.62519 29.3514
      vertex 66.3056 2.28452 29.401
      vertex 67.7714 -8.36333 28.6164
    endloop
  endfacet
  facet normal 0.241869 -0.0205749 0.970091
    outer loop
      vertex 65.4977 -9 29.7778
      vertex 64.2363 -9 30.0923
      vertex 67.7657 -26.4088 28.8431
    endloop
  endfacet
  facet normal 0.244608 -0.0364266 0.968938
    outer loop
      vertex 69.024 -26.3195 28.5288
      vertex 67.7657 -26.4088 28.8431
      vertex 75.173 -43.7766 26.3202
    endloop
  endfacet
  facet normal 0.519839 0.0645317 0.851823
    outer loop
      vertex 73.9229 -25.7736 26.1813
      vertex 67.7714 -8.36333 28.6164
      vertex 76.4219 -43.5984 26.0066
    endloop
  endfacet
  facet normal 0.248098 -0.0350912 0.968099
    outer loop
      vertex 76.4219 -43.5984 26.0066
      vertex 69.024 -26.3195 28.5288
      vertex 75.173 -43.7766 26.3202
    endloop
  endfacet
  facet normal 0.366238 0.0210098 0.930284
    outer loop
      vertex 76.4219 -43.5984 26.0066
      vertex 67.7714 -8.36333 28.6164
      vertex 69.024 -26.3195 28.5288
    endloop
  endfacet
  facet normal 0.158374 0.0285842 0.986965
    outer loop
      vertex 37.1559 48.4685 18.5763
      vertex 38.0093 47.338 18.4721
      vertex 38.1724 47.3148 18.4466
    endloop
  endfacet
  facet normal 0.15854 0.0287125 0.986935
    outer loop
      vertex 35.8693 37.5715 19.1
      vertex 38.0093 47.338 18.4721
      vertex 37.1559 48.4685 18.5763
    endloop
  endfacet
  facet normal 0.157793 0.0288166 0.987052
    outer loop
      vertex 38.0093 47.338 18.4721
      vertex 36.6094 36.8872 19.001
      vertex 36.643 36.8368 18.9971
    endloop
  endfacet
  facet normal 0.158578 0.0287054 0.986929
    outer loop
      vertex 38.0093 47.338 18.4721
      vertex 36.342 37.192 19.0351
      vertex 36.6094 36.8872 19.001
    endloop
  endfacet
  facet normal 0.158586 0.028704 0.986928
    outer loop
      vertex 38.0093 47.338 18.4721
      vertex 36.0372 37.4594 19.0763
      vertex 36.342 37.192 19.0351
    endloop
  endfacet
  facet normal 0.15849 0.0287239 0.986943
    outer loop
      vertex 38.0093 47.338 18.4721
      vertex 35.8693 37.5715 19.1
      vertex 36.0372 37.4594 19.0763
    endloop
  endfacet
  facet normal 0.158567 0.0287092 0.986931
    outer loop
      vertex 35.8693 37.5715 19.1
      vertex 37.1559 48.4685 18.5763
      vertex 32.4262 28.7604 19.9095
    endloop
  endfacet
  facet normal 0.158533 0.0287113 0.986936
    outer loop
      vertex 35.8693 37.5715 19.1
      vertex 36.295 34.1622 19.1308
      vertex 36.3752 34.7781 19.1
    endloop
  endfacet
  facet normal 0.158555 0.0287139 0.986933
    outer loop
      vertex 36.295 34.1622 19.1308
      vertex 35.8693 37.5715 19.1
      vertex 32.4262 28.7604 19.9095
    endloop
  endfacet
  facet normal 0.158565 0.0287287 0.986931
    outer loop
      vertex 40.7898 30.7912 18.5068
      vertex 50.4769 27.4873 17.0466
      vertex 50.9451 29.3519 16.9171
    endloop
  endfacet
  facet normal 0.158549 0.0287216 0.986933
    outer loop
      vertex 32.4262 28.7604 19.9095
      vertex 40.7898 30.7912 18.5068
      vertex 35.9458 31.4778 19.265
    endloop
  endfacet
  facet normal 0.158555 0.0286987 0.986933
    outer loop
      vertex 40.7898 30.7912 18.5068
      vertex 32.4262 28.7604 19.9095
      vertex 50.4769 27.4873 17.0466
    endloop
  endfacet
  facet normal 0.158555 0.0287136 0.986932
    outer loop
      vertex 36.295 34.1622 19.1308
      vertex 32.4262 28.7604 19.9095
      vertex 35.9458 31.4778 19.265
    endloop
  endfacet
  facet normal -0.250723 -0.0164163 -0.96792
    outer loop
      vertex 50.537 28.2398 13.3408
      vertex 50.7057 28.3401 13.2954
      vertex 50.5484 28.2013 13.3385
    endloop
  endfacet
  facet normal -0.250465 -0.0168773 -0.967979
    outer loop
      vertex 50.7057 28.3401 13.2954
      vertex 50.537 28.2398 13.3408
      vertex 50.486 28.3715 13.3517
    endloop
  endfacet
  facet normal -0.248211 -0.0194465 -0.968511
    outer loop
      vertex 50.635 27.9476 13.3214
      vertex 50.5484 28.2013 13.3385
      vertex 50.7057 28.3401 13.2954
    endloop
  endfacet
  facet normal -0.568464 0.198183 0.798481
    outer loop
      vertex 52.1541 29.1912 17.8178
      vertex 53.1381 36.9895 16.5828
      vertex 52.3773 34.5099 16.6566
    endloop
  endfacet
  facet normal -0.569154 0.198192 0.797987
    outer loop
      vertex 53.1381 36.9895 16.5828
      vertex 52.1541 29.1912 17.8178
      vertex 53.1898 37.1581 16.5778
    endloop
  endfacet
  facet normal -0.568483 0.198181 0.798468
    outer loop
      vertex 52.1541 29.1912 17.8178
      vertex 52.3773 34.5099 16.6566
      vertex 51.8608 29.2302 17.5993
    endloop
  endfacet
  facet normal -0.568499 0.198148 0.798465
    outer loop
      vertex 56.1201 38.9078 18.2297
      vertex 64.8232 29.2609 26.8202
      vertex 57.7796 39.5894 19.2421
    endloop
  endfacet
  facet normal -0.568442 0.198199 0.798493
    outer loop
      vertex 65.3227 27.4412 27.6275
      vertex 66.7682 26.4088 28.9128
      vertex 65.541 28.2083 27.5925
    endloop
  endfacet
  facet normal -0.568588 0.197944 0.798452
    outer loop
      vertex 64.6539 27.5301 27.1292
      vertex 66.7682 26.4088 28.9128
      vertex 65.3227 27.4412 27.6275
    endloop
  endfacet
  facet normal -0.568473 0.198181 0.798476
    outer loop
      vertex 53 29.0788 18.4479
      vertex 64.8232 29.2609 26.8202
      vertex 56.1201 38.9078 18.2297
    endloop
  endfacet
  facet normal -0.568475 0.198159 0.798479
    outer loop
      vertex 64.8232 29.2609 26.8202
      vertex 53 29.0788 18.4479
      vertex 64.6539 27.5301 27.1292
    endloop
  endfacet
  facet normal -0.568471 0.198179 0.798477
    outer loop
      vertex 50.4769 27.4873 17.0466
      vertex 64.6539 27.5301 27.1292
      vertex 53 29.0788 18.4479
    endloop
  endfacet
  facet normal -0.568459 0.198146 0.798494
    outer loop
      vertex 50.4769 27.4873 17.0466
      vertex 53 29.0788 18.4479
      vertex 52.1541 29.1912 17.8178
    endloop
  endfacet
  facet normal -0.568483 0.198182 0.798468
    outer loop
      vertex 50.4769 27.4873 17.0466
      vertex 52.1541 29.1912 17.8178
      vertex 51.8608 29.2302 17.5993
    endloop
  endfacet
  facet normal -0.568504 0.198205 0.798447
    outer loop
      vertex 50.4769 27.4873 17.0466
      vertex 51.8608 29.2302 17.5993
      vertex 50.9451 29.3519 16.9171
    endloop
  endfacet
  facet normal -0.568468 0.198203 0.798473
    outer loop
      vertex 64.6539 27.5301 27.1292
      vertex 50.4769 27.4873 17.0466
      vertex 66.7682 26.4088 28.9128
    endloop
  endfacet
  facet normal -0.561093 0.205564 0.801822
    outer loop
      vertex 71.2525 43.7766 27.5968
      vertex 68.9827 43.0712 26.1893
      vertex 69.9183 42.9468 26.8759
    endloop
  endfacet
  facet normal -0.561118 0.205636 0.801786
    outer loop
      vertex 66.905 32.801 27.3692
      vertex 71.2525 43.7766 27.5968
      vertex 69.9183 42.9468 26.8759
    endloop
  endfacet
  facet normal -0.5611 0.205628 0.8018
    outer loop
      vertex 66.905 32.801 27.3692
      vertex 66.7682 26.4088 28.9128
      vertex 71.2525 43.7766 27.5968
    endloop
  endfacet
  facet normal -0.561104 0.205628 0.801798
    outer loop
      vertex 66.7682 26.4088 28.9128
      vertex 66.905 32.801 27.3692
      vertex 65.541 28.2083 27.5925
    endloop
  endfacet
  facet normal -0.561111 0.205662 0.801784
    outer loop
      vertex 58.2695 39.7416 19.5459
      vertex 65.8843 40.4377 24.6964
      vertex 66.0478 42.159 24.3693
    endloop
  endfacet
  facet normal -0.561113 0.205626 0.801792
    outer loop
      vertex 65.8843 40.4377 24.6964
      vertex 58.2695 39.7416 19.5459
      vertex 64.8232 29.2609 26.8202
    endloop
  endfacet
  facet normal -0.561102 0.205637 0.801797
    outer loop
      vertex 64.8232 29.2609 26.8202
      vertex 58.2695 39.7416 19.5459
      vertex 57.7796 39.5894 19.2421
    endloop
  endfacet
  facet normal 0.57382 -0.16286 -0.802625
    outer loop
      vertex 65.2553 8.39411 13.2804
      vertex 62.4269 8.58137 11.2203
      vertex 68.4871 25.835 12.052
    endloop
  endfacet
  facet normal 0.977393 -0.188011 -0.0967205
    outer loop
      vertex 65.31 8.39301 13.8353
      vertex 65.2553 8.39411 13.2804
      vertex 65.4266 9.02139 13.7921
    endloop
  endfacet
  facet normal -0.216318 -0.0281554 -0.975917
    outer loop
      vertex 47.66 9.62727 14.4633
      vertex 50.3045 11.4446 13.8247
      vertex 62.4269 8.58137 11.2203
    endloop
  endfacet
  facet normal -0.216266 -0.0282336 -0.975926
    outer loop
      vertex 50.3045 11.4446 13.8247
      vertex 47.66 9.62727 14.4633
      vertex 49.4464 11.5053 14.0131
    endloop
  endfacet
  facet normal -0.216398 -0.0281022 -0.975901
    outer loop
      vertex 49.4464 11.5053 14.0131
      vertex 47.66 9.62727 14.4633
      vertex 47.6794 9.95364 14.4496
    endloop
  endfacet
  facet normal -0.219087 -0.0279174 -0.975306
    outer loop
      vertex 47.6794 9.95364 14.4496
      vertex 47.66 9.62727 14.4633
      vertex 47.6389 9.68805 14.4663
    endloop
  endfacet
  facet normal -0.216323 -0.0281782 -0.975915
    outer loop
      vertex 50.1616 12.1953 13.8347
      vertex 62.4269 8.58137 11.2203
      vertex 50.3045 11.4446 13.8247
    endloop
  endfacet
  facet normal -0.216326 -0.0281876 -0.975914
    outer loop
      vertex 62.4269 8.58137 11.2203
      vertex 50.1616 12.1953 13.8347
      vertex 65.6782 26.2086 9.99047
    endloop
  endfacet
  facet normal -0.217156 -0.0271985 -0.975758
    outer loop
      vertex 49.4495 11.5523 14.0111
      vertex 49.4464 11.5053 14.0131
      vertex 47.6794 9.95364 14.4496
    endloop
  endfacet
  facet normal 0.569889 -0.161329 -0.805729
    outer loop
      vertex 68.4871 25.835 12.052
      vertex 62.4269 8.58137 11.2203
      vertex 65.6782 26.2086 9.99047
    endloop
  endfacet
  facet normal 0.977391 -0.187933 -0.0968931
    outer loop
      vertex 65.7526 10.7788 13.6711
      vertex 68.4871 25.835 12.052
      vertex 68.6297 25.8292 13.5017
    endloop
  endfacet
  facet normal 0.977396 -0.18797 -0.0967717
    outer loop
      vertex 65.2553 8.39411 13.2804
      vertex 65.7526 10.7788 13.6711
      vertex 65.4266 9.02139 13.7921
    endloop
  endfacet
  facet normal 0.977384 -0.187938 -0.0969522
    outer loop
      vertex 65.7526 10.7788 13.6711
      vertex 65.2553 8.39411 13.2804
      vertex 68.4871 25.835 12.052
    endloop
  endfacet
  facet normal -0.21888 -0.0252256 -0.975426
    outer loop
      vertex 49.6845 15.0474 13.868
      vertex 65.6782 26.2086 9.99047
      vertex 50.1616 12.1953 13.8347
    endloop
  endfacet
  facet normal -0.218895 -0.0252025 -0.975423
    outer loop
      vertex 65.6782 26.2086 9.99047
      vertex 49.6845 15.0474 13.868
      vertex 50.8851 27.5824 13.2747
    endloop
  endfacet
  facet normal -0.21891 -0.0252009 -0.97542
    outer loop
      vertex 49.6845 15.0474 13.868
      vertex 47.6794 9.95364 14.4496
      vertex 50.8851 27.5824 13.2747
    endloop
  endfacet
  facet normal -0.218861 -0.0252215 -0.97543
    outer loop
      vertex 47.6794 9.95364 14.4496
      vertex 49.6845 15.0474 13.868
      vertex 49.4495 11.5523 14.0111
    endloop
  endfacet
  facet normal -0.218893 -0.025179 -0.975424
    outer loop
      vertex 50.8851 27.5824 13.2747
      vertex 50.7057 28.3401 13.2954
      vertex 65.6782 26.2086 9.99047
    endloop
  endfacet
  facet normal -0.218908 -0.0251826 -0.975421
    outer loop
      vertex 50.7057 28.3401 13.2954
      vertex 50.8851 27.5824 13.2747
      vertex 50.635 27.9476 13.3214
    endloop
  endfacet
  facet normal 0.157125 0.03981 0.986776
    outer loop
      vertex 32.4262 28.7604 19.9095
      vertex 34.1951 27.6335 19.6733
      vertex 34.2354 27.6306 19.667
    endloop
  endfacet
  facet normal 0.156292 0.0384642 0.986962
    outer loop
      vertex 34.1951 27.6335 19.6733
      vertex 32.4262 28.7604 19.9095
      vertex 33.3571 27.6926 19.8037
    endloop
  endfacet
  facet normal 0.156356 0.0385209 0.986949
    outer loop
      vertex 32.4262 28.7604 19.9095
      vertex 32.4166 11.7229 20.576
      vertex 33.3571 27.6926 19.8037
    endloop
  endfacet
  facet normal 0.156303 0.0385213 0.986958
    outer loop
      vertex 32.4166 11.7229 20.576
      vertex 32.4262 28.7604 19.9095
      vertex 29.8124 9 21.0947
    endloop
  endfacet
  facet normal 0.156318 0.038498 0.986956
    outer loop
      vertex 32.4166 11.7229 20.576
      vertex 47.9075 9 18.2287
      vertex 48.1356 10.6144 18.1296
    endloop
  endfacet
  facet normal 0.156319 0.0385056 0.986956
    outer loop
      vertex 47.9075 9 18.2287
      vertex 32.4166 11.7229 20.576
      vertex 29.8124 9 21.0947
    endloop
  endfacet
  facet normal 0.156231 0.0385478 0.986968
    outer loop
      vertex 48.7222 18.5838 17.7256
      vertex 49.1302 17.6548 17.6973
      vertex 49.1733 18.302 17.6652
    endloop
  endfacet
  facet normal 0.156198 0.0385332 0.986974
    outer loop
      vertex 49.1302 17.6548 17.6973
      vertex 48.7222 18.5838 17.7256
      vertex 48.3366 12.0376 18.0422
    endloop
  endfacet
  facet normal 0.159556 0.0437304 0.98622
    outer loop
      vertex 50.4769 27.4873 17.0466
      vertex 49.7189 26.5386 17.2113
      vertex 50.3328 26.4953 17.1139
    endloop
  endfacet
  facet normal 0.159491 0.0437835 0.986228
    outer loop
      vertex 50.4769 27.4873 17.0466
      vertex 49.1823 26.5764 17.2964
      vertex 49.7189 26.5386 17.2113
    endloop
  endfacet
  facet normal 0.159504 0.0437654 0.986227
    outer loop
      vertex 50.4769 27.4873 17.0466
      vertex 34.2354 27.6306 19.667
      vertex 49.1823 26.5764 17.2964
    endloop
  endfacet
  facet normal 0.159504 0.0437368 0.986228
    outer loop
      vertex 34.2354 27.6306 19.667
      vertex 50.4769 27.4873 17.0466
      vertex 32.4262 28.7604 19.9095
    endloop
  endfacet
  facet normal 0.159491 0.0437857 0.986228
    outer loop
      vertex 48.74 18.8941 17.709
      vertex 49.7189 26.5386 17.2113
      vertex 49.1823 26.5764 17.2964
    endloop
  endfacet
  facet normal 0.159519 0.0437818 0.986223
    outer loop
      vertex 49.7189 26.5386 17.2113
      vertex 48.74 18.8941 17.709
      vertex 49.1733 18.302 17.6652
    endloop
  endfacet
  facet normal 0.159307 0.0436234 0.986265
    outer loop
      vertex 49.1733 18.302 17.6652
      vertex 48.74 18.8941 17.709
      vertex 48.7222 18.5838 17.7256
    endloop
  endfacet
  facet normal 0.995176 0 -0.0981008
    outer loop
      vertex 65.31 8.393 13.8353
      vertex 65.2553 8.39411 13.2804
      vertex 65.31 8.39301 13.8353
    endloop
  endfacet
  facet normal 0.992051 -0.0789923 -0.0979508
    outer loop
      vertex 64.8371 2.42528 13.8584
      vertex 65.2553 8.39411 13.2804
      vertex 65.31 8.393 13.8353
    endloop
  endfacet
  facet normal 0.992053 -0.0789906 -0.097932
    outer loop
      vertex 65.2553 8.39411 13.2804
      vertex 64.8371 2.42528 13.8584
      vertex 64.7646 1.71125 13.6999
    endloop
  endfacet
  facet normal -0.582642 0.13156 0.80201
    outer loop
      vertex 49.1302 17.6548 17.6973
      vertex 48.3366 12.0376 18.0422
      vertex 48.6931 10.5775 18.5407
    endloop
  endfacet
  facet normal -0.582675 0.131556 0.801987
    outer loop
      vertex 50.1929 10.4783 19.6466
      vertex 61.2615 12.5594 27.347
      vertex 52.7252 22.7731 19.4696
    endloop
  endfacet
  facet normal -0.582682 0.131581 0.801977
    outer loop
      vertex 62.5138 9.66316 28.732
      vertex 64.2363 9 30.0923
      vertex 62.7218 10.8122 28.6946
    endloop
  endfacet
  facet normal -0.582657 0.131658 0.801983
    outer loop
      vertex 61.1586 9.75282 27.7327
      vertex 64.2363 9 30.0923
      vertex 62.5138 9.66316 28.732
    endloop
  endfacet
  facet normal -0.582676 0.131577 0.801982
    outer loop
      vertex 61.2615 12.5594 27.347
      vertex 50.1929 10.4783 19.6466
      vertex 61.1586 9.75282 27.7327
    endloop
  endfacet
  facet normal -0.582676 0.131581 0.801982
    outer loop
      vertex 47.9075 9 18.2287
      vertex 61.1586 9.75282 27.7327
      vertex 50.1929 10.4783 19.6466
    endloop
  endfacet
  facet normal -0.582663 0.131548 0.801997
    outer loop
      vertex 47.9075 9 18.2287
      vertex 50.1929 10.4783 19.6466
      vertex 48.6931 10.5775 18.5407
    endloop
  endfacet
  facet normal -0.582676 0.131544 0.801988
    outer loop
      vertex 48.2841 10.6046 18.2391
      vertex 48.6931 10.5775 18.5407
      vertex 48.3366 12.0376 18.0422
    endloop
  endfacet
  facet normal -0.582675 0.131556 0.801987
    outer loop
      vertex 47.9075 9 18.2287
      vertex 48.6931 10.5775 18.5407
      vertex 48.2841 10.6046 18.2391
    endloop
  endfacet
  facet normal -0.58268 0.131557 0.801983
    outer loop
      vertex 47.9075 9 18.2287
      vertex 48.2841 10.6046 18.2391
      vertex 48.1356 10.6144 18.1296
    endloop
  endfacet
  facet normal -0.582676 0.13158 0.801982
    outer loop
      vertex 61.1586 9.75282 27.7327
      vertex 47.9075 9 18.2287
      vertex 64.2363 9 30.0923
    endloop
  endfacet
  facet normal 0.582196 -0.0926908 -0.807748
    outer loop
      vertex 63.8028 2.25034 12.9385
      vertex 62.4269 8.58137 11.2203
      vertex 65.2553 8.39411 13.2804
    endloop
  endfacet
  facet normal 0.585205 -0.0935312 -0.805473
    outer loop
      vertex 64.035 2.21951 13.1108
      vertex 65.2553 8.39411 13.2804
      vertex 64.7646 1.71125 13.6999
    endloop
  endfacet
  facet normal 0.585259 -0.0934451 -0.805444
    outer loop
      vertex 63.8028 2.25034 12.9385
      vertex 64.035 2.21951 13.1108
      vertex 63.8295 2.13571 12.9712
    endloop
  endfacet
  facet normal 0.585245 -0.0935399 -0.805443
    outer loop
      vertex 64.035 2.21951 13.1108
      vertex 63.8028 2.25034 12.9385
      vertex 65.2553 8.39411 13.2804
    endloop
  endfacet
  facet normal -0.213949 -0.0449913 -0.975808
    outer loop
      vertex 55.8315 -0.91043 13.104
      vertex 62.4269 8.58137 11.2203
      vertex 61.7338 -0.91043 11.8099
    endloop
  endfacet
  facet normal -0.213939 -0.0449987 -0.97581
    outer loop
      vertex 62.4269 8.58137 11.2203
      vertex 55.8315 -0.91043 13.104
      vertex 53.4938 -0.992323 13.6203
    endloop
  endfacet
  facet normal -0.57708 0.138517 0.804855
    outer loop
      vertex 66.7682 26.4088 28.9128
      vertex 61.7112 25.742 25.4017
      vertex 65.5255 25.4895 28.18
    endloop
  endfacet
  facet normal -0.577074 0.138469 0.804868
    outer loop
      vertex 53.4931 26.286 19.4159
      vertex 61.6036 22.5878 25.8672
      vertex 61.7112 25.742 25.4017
    endloop
  endfacet
  facet normal -0.577081 0.13845 0.804866
    outer loop
      vertex 61.6036 22.5878 25.8672
      vertex 53.4931 26.286 19.4159
      vertex 52.7252 22.7731 19.4696
    endloop
  endfacet
  facet normal -0.577079 0.13846 0.804866
    outer loop
      vertex 50.4769 27.4873 17.0466
      vertex 61.7112 25.742 25.4017
      vertex 66.7682 26.4088 28.9128
    endloop
  endfacet
  facet normal -0.577066 0.138528 0.804863
    outer loop
      vertex 61.7112 25.742 25.4017
      vertex 50.4769 27.4873 17.0466
      vertex 53.4931 26.286 19.4159
    endloop
  endfacet
  facet normal -0.577099 0.138434 0.804856
    outer loop
      vertex 53.4931 26.286 19.4159
      vertex 50.4769 27.4873 17.0466
      vertex 50.3328 26.4953 17.1139
    endloop
  endfacet
  facet normal -0.577053 0.138459 0.804884
    outer loop
      vertex 65.5255 25.4895 28.18
      vertex 64.2363 9 30.0923
      vertex 66.7682 26.4088 28.9128
    endloop
  endfacet
  facet normal -0.577103 0.138459 0.804849
    outer loop
      vertex 64.2363 9 30.0923
      vertex 65.5255 25.4895 28.18
      vertex 62.7218 10.8122 28.6946
    endloop
  endfacet
  facet normal -0.577081 0.138453 0.804866
    outer loop
      vertex 61.6036 22.5878 25.8672
      vertex 52.7252 22.7731 19.4696
      vertex 61.2615 12.5594 27.347
    endloop
  endfacet
  facet normal -0.217154 -0.0418609 -0.975239
    outer loop
      vertex 47.202 -0.0212752 14.9796
      vertex 53.4938 -0.992323 13.6203
      vertex 47.8064 -0.950375 14.8849
    endloop
  endfacet
  facet normal -0.217156 -0.0418715 -0.975239
    outer loop
      vertex 53.4938 -0.992323 13.6203
      vertex 47.202 -0.0212752 14.9796
      vertex 47.8654 9.17599 14.437
    endloop
  endfacet
  facet normal -0.217145 -0.0418651 -0.975241
    outer loop
      vertex 47.8654 9.17599 14.437
      vertex 62.4269 8.58137 11.2203
      vertex 53.4938 -0.992323 13.6203
    endloop
  endfacet
  facet normal -0.217147 -0.0419395 -0.975238
    outer loop
      vertex 47.6905 9.56533 14.4592
      vertex 62.4269 8.58137 11.2203
      vertex 47.8654 9.17599 14.437
    endloop
  endfacet
  facet normal -0.217171 -0.0423854 -0.975213
    outer loop
      vertex 62.4269 8.58137 11.2203
      vertex 47.6905 9.56533 14.4592
      vertex 47.66 9.62727 14.4633
    endloop
  endfacet
  facet normal 0.15921 -0.0386444 0.986488
    outer loop
      vertex 50.4132 -21.9902 17.3635
      vertex 49.7396 -19.1136 17.5849
      vertex 50.1786 -26.5765 17.2217
    endloop
  endfacet
  facet normal 0.159145 -0.0386604 0.986498
    outer loop
      vertex 49.7091 -18.2593 17.6233
      vertex 49.7396 -19.1136 17.5849
      vertex 50.4132 -21.9902 17.3635
    endloop
  endfacet
  facet normal 0.15998 -0.0386246 0.986364
    outer loop
      vertex 49.7396 -19.1136 17.5849
      vertex 49.7091 -18.2593 17.6233
      vertex 49.6901 -18.2716 17.6259
    endloop
  endfacet
  facet normal 0.159139 -0.0387413 0.986496
    outer loop
      vertex 50.7161 -26.5386 17.1364
      vertex 51.4745 -27.4873 16.9768
      vertex 51.2743 -26.4992 17.0479
    endloop
  endfacet
  facet normal 0.159277 -0.0386474 0.986477
    outer loop
      vertex 50.1786 -26.5765 17.2217
      vertex 50.7161 -26.5386 17.1364
      vertex 50.4132 -21.9902 17.3635
    endloop
  endfacet
  facet normal 0.159276 -0.038629 0.986478
    outer loop
      vertex 50.1786 -26.5765 17.2217
      vertex 51.4745 -27.4873 16.9768
      vertex 50.7161 -26.5386 17.1364
    endloop
  endfacet
  facet normal 0.159189 -0.038755 0.986487
    outer loop
      vertex 35.169 -27.6351 19.6022
      vertex 51.4745 -27.4873 16.9768
      vertex 50.1786 -26.5765 17.2217
    endloop
  endfacet
  facet normal 0.159189 -0.0386923 0.98649
    outer loop
      vertex 51.4745 -27.4873 16.9768
      vertex 35.169 -27.6351 19.6022
      vertex 33.4237 -28.7604 19.8397
    endloop
  endfacet
  facet normal 0.156348 -0.0341327 0.987112
    outer loop
      vertex 47.9075 -9 18.2287
      vertex 33.3959 -11.7238 20.433
      vertex 48.2339 -10.6774 18.119
    endloop
  endfacet
  facet normal 0.156344 -0.0341115 0.987113
    outer loop
      vertex 33.3959 -11.7238 20.433
      vertex 47.9075 -9 18.2287
      vertex 29.8124 -9 21.0947
    endloop
  endfacet
  facet normal 0.155106 -0.0321738 0.987374
    outer loop
      vertex 35.1606 -27.6357 19.6035
      vertex 33.4237 -28.7604 19.8397
      vertex 35.169 -27.6351 19.6022
    endloop
  endfacet
  facet normal 0.156391 -0.034215 0.987102
    outer loop
      vertex 34.3535 -27.6926 19.7294
      vertex 33.4237 -28.7604 19.8397
      vertex 35.1606 -27.6357 19.6035
    endloop
  endfacet
  facet normal 0.156286 -0.0341215 0.987122
    outer loop
      vertex 33.3959 -11.7238 20.433
      vertex 33.4237 -28.7604 19.8397
      vertex 34.3535 -27.6926 19.7294
    endloop
  endfacet
  facet normal 0.156337 -0.0341212 0.987114
    outer loop
      vertex 33.4237 -28.7604 19.8397
      vertex 33.3959 -11.7238 20.433
      vertex 29.8124 -9 21.0947
    endloop
  endfacet
  facet normal 0.157115 -0.0340651 0.986993
    outer loop
      vertex 49.7091 -18.2593 17.6233
      vertex 49.6806 -18.1126 17.6329
      vertex 49.6901 -18.2716 17.6259
    endloop
  endfacet
  facet normal -0.572289 -0.173529 0.801481
    outer loop
      vertex 62.6614 -22.7786 25.9843
      vertex 53.4636 -22.7731 19.4179
      vertex 54.4349 -26.29 19.35
    endloop
  endfacet
  facet normal -0.572335 -0.173543 0.801446
    outer loop
      vertex 64.2363 -9 30.0923
      vertex 66.4776 -25.4927 28.1216
      vertex 67.7657 -26.4088 28.8431
    endloop
  endfacet
  facet normal -0.57228 -0.17354 0.801486
    outer loop
      vertex 66.4776 -25.4927 28.1216
      vertex 64.2363 -9 30.0923
      vertex 62.9472 -10.6481 28.815
    endloop
  endfacet
  facet normal -0.572294 -0.173444 0.801497
    outer loop
      vertex 62.7223 -25.7413 25.3864
      vertex 67.7657 -26.4088 28.8431
      vertex 66.4776 -25.4927 28.1216
    endloop
  endfacet
  facet normal -0.572288 -0.173542 0.80148
    outer loop
      vertex 53.4636 -22.7731 19.4179
      vertex 62.6614 -22.7786 25.9843
      vertex 62.4257 -11.3149 28.2982
    endloop
  endfacet
  facet normal -0.572297 -0.17351 0.80148
    outer loop
      vertex 62.6614 -22.7786 25.9843
      vertex 54.4349 -26.29 19.35
      vertex 62.7223 -25.7413 25.3864
    endloop
  endfacet
  facet normal -0.572282 -0.17361 0.801469
    outer loop
      vertex 51.4745 -27.4873 16.9768
      vertex 62.7223 -25.7413 25.3864
      vertex 54.4349 -26.29 19.35
    endloop
  endfacet
  facet normal -0.572293 -0.173558 0.801473
    outer loop
      vertex 62.7223 -25.7413 25.3864
      vertex 51.4745 -27.4873 16.9768
      vertex 67.7657 -26.4088 28.8431
    endloop
  endfacet
  facet normal -0.572278 -0.173621 0.80147
    outer loop
      vertex 51.4745 -27.4873 16.9768
      vertex 54.4349 -26.29 19.35
      vertex 51.2743 -26.4992 17.0479
    endloop
  endfacet
  facet normal -0.214007 0.0367449 -0.976141
    outer loop
      vertex 63.4244 -8.58137 11.1505
      vertex 61.7338 -0.91043 11.8099
      vertex 62.131 1.38697 11.8093
    endloop
  endfacet
  facet normal -0.214022 0.0367413 -0.976138
    outer loop
      vertex 61.7338 -0.91043 11.8099
      vertex 63.4244 -8.58137 11.1505
      vertex 55.8315 -0.91043 13.104
    endloop
  endfacet
  facet normal -0.579749 -0.16494 0.797926
    outer loop
      vertex 64.2363 -9 30.0923
      vertex 62.7382 -9.71804 28.8554
      vertex 62.9472 -10.6481 28.815
    endloop
  endfacet
  facet normal -0.579834 -0.164729 0.797908
    outer loop
      vertex 64.2363 -9 30.0923
      vertex 62.3885 -9.74117 28.5965
      vertex 62.7382 -9.71804 28.8554
    endloop
  endfacet
  facet normal -0.579731 -0.164972 0.797933
    outer loop
      vertex 62.4257 -11.3149 28.2982
      vertex 50.2886 -10.5415 19.64
      vertex 53.4636 -22.7731 19.4179
    endloop
  endfacet
  facet normal -0.579727 -0.165029 0.797924
    outer loop
      vertex 47.9075 -9 18.2287
      vertex 62.3885 -9.74117 28.5965
      vertex 64.2363 -9 30.0923
    endloop
  endfacet
  facet normal -0.579732 -0.164951 0.797936
    outer loop
      vertex 62.3885 -9.74117 28.5965
      vertex 47.9075 -9 18.2287
      vertex 50.2886 -10.5415 19.64
    endloop
  endfacet
  facet normal -0.580158 -0.164907 0.797635
    outer loop
      vertex 49.7442 -10.5775 19.237
      vertex 49.6806 -18.1126 17.6329
      vertex 49.7091 -18.2593 17.6233
    endloop
  endfacet
  facet normal -0.579681 -0.164981 0.797967
    outer loop
      vertex 49.7442 -10.5775 19.237
      vertex 49.5029 -10.5935 19.0584
      vertex 49.6806 -18.1126 17.6329
    endloop
  endfacet
  facet normal -0.579753 -0.165007 0.79791
    outer loop
      vertex 50.2886 -10.5415 19.64
      vertex 47.9075 -9 18.2287
      vertex 49.7442 -10.5775 19.237
    endloop
  endfacet
  facet normal -0.579693 -0.164897 0.797975
    outer loop
      vertex 49.7442 -10.5775 19.237
      vertex 47.9075 -9 18.2287
      vertex 49.5029 -10.5935 19.0584
    endloop
  endfacet
  facet normal -0.579757 -0.164995 0.797908
    outer loop
      vertex 49.5029 -10.5935 19.0584
      vertex 47.9075 -9 18.2287
      vertex 48.2339 -10.6774 18.119
    endloop
  endfacet
  facet normal -0.579732 -0.164952 0.797936
    outer loop
      vertex 50.2886 -10.5415 19.64
      vertex 62.4257 -11.3149 28.2982
      vertex 62.3885 -9.74117 28.5965
    endloop
  endfacet
  facet normal -0.57973 -0.164971 0.797933
    outer loop
      vertex 50.4132 -21.9902 17.3635
      vertex 49.7442 -10.5775 19.237
      vertex 49.7091 -18.2593 17.6233
    endloop
  endfacet
  facet normal 0.995176 0 -0.0981008
    outer loop
      vertex 66.2529 -8.39411 13.2107
      vertex 66.3076 -8.393 13.7656
      vertex 66.3076 -8.39301 13.7656
    endloop
  endfacet
  facet normal 0.985978 0.135457 -0.097465
    outer loop
      vertex 66.3076 -8.393 13.7656
      vertex 66.2529 -8.39411 13.2107
      vertex 65.0187 1.04297 13.8409
    endloop
  endfacet
  facet normal 0.578325 0.128283 -0.805657
    outer loop
      vertex 66.2529 -8.39411 13.2107
      vertex 63.4244 -8.58137 11.1505
      vertex 64.4327 -2.19798 12.8907
    endloop
  endfacet
  facet normal -0.216681 0.0339852 -0.975651
    outer loop
      vertex 48.8394 -9.1745 14.369
      vertex 55.8315 -0.91043 13.104
      vertex 63.4244 -8.58137 11.1505
    endloop
  endfacet
  facet normal -0.216671 0.0339766 -0.975653
    outer loop
      vertex 55.8315 -0.91043 13.104
      vertex 48.8394 -9.1745 14.369
      vertex 53.4938 -0.992323 13.6203
    endloop
  endfacet
  facet normal -0.216683 0.0340445 -0.975648
    outer loop
      vertex 63.4244 -8.58137 11.1505
      vertex 48.6999 -9.56659 14.3863
      vertex 48.8394 -9.1745 14.369
    endloop
  endfacet
  facet normal -0.216633 0.0331706 -0.975689
    outer loop
      vertex 48.6999 -9.56659 14.3863
      vertex 63.4244 -8.58137 11.1505
      vertex 48.6764 -9.62594 14.3895
    endloop
  endfacet
  facet normal -0.216686 0.0339855 -0.97565
    outer loop
      vertex 53.4938 -0.992323 13.6203
      vertex 48.8394 -9.1745 14.369
      vertex 47.8064 -0.950375 14.8849
    endloop
  endfacet
  facet normal 0.582848 0.129793 -0.802148
    outer loop
      vertex 66.2529 -8.39411 13.2107
      vertex 64.4327 -2.19798 12.8907
      vertex 65.0187 1.04297 13.8409
    endloop
  endfacet
  facet normal -0.253215 0.0376248 -0.966678
    outer loop
      vertex 54.6262 -28.3401 12.0188
      vertex 53.8879 -28.25 12.2157
      vertex 54.138 -27.9645 12.1613
    endloop
  endfacet
  facet normal -0.253215 0.0376248 -0.966678
    outer loop
      vertex 53.8879 -28.25 12.2157
      vertex 54.6262 -28.3401 12.0188
      vertex 53.648 -28.4797 12.2696
    endloop
  endfacet
  facet normal 0.160773 -0.0645021 0.984881
    outer loop
      vertex 51.4745 -27.4873 16.9768
      vertex 48.7932 -30.2189 17.2356
      vertex 52.3883 -29.7094 16.6821
    endloop
  endfacet
  facet normal 0.160738 -0.0644669 0.984889
    outer loop
      vertex 51.4745 -27.4873 16.9768
      vertex 41.9673 -31.1862 18.2863
      vertex 48.7932 -30.2189 17.2356
    endloop
  endfacet
  facet normal 0.160755 -0.064512 0.984884
    outer loop
      vertex 41.9673 -31.1862 18.2863
      vertex 51.4745 -27.4873 16.9768
      vertex 33.4237 -28.7604 19.8397
    endloop
  endfacet
  facet normal -0.249617 0.0425784 -0.967408
    outer loop
      vertex 54.6262 -28.3401 12.0188
      vertex 54.138 -27.9645 12.1613
      vertex 54.4112 -27.7011 12.1024
    endloop
  endfacet
  facet normal -0.22238 0.0525998 -0.97354
    outer loop
      vertex 54.6262 -28.3401 12.0188
      vertex 54.7179 -27.5952 12.0381
      vertex 69.5987 -26.2086 8.71388
    endloop
  endfacet
  facet normal -0.222267 0.0525865 -0.973567
    outer loop
      vertex 54.7179 -27.5952 12.0381
      vertex 54.6262 -28.3401 12.0188
      vertex 54.4112 -27.7011 12.1024
    endloop
  endfacet
  facet normal -0.222376 0.0525388 -0.973544
    outer loop
      vertex 50.5092 -12.5682 13.8104
      vertex 69.5987 -26.2086 8.71388
      vertex 54.7179 -27.5952 12.0381
    endloop
  endfacet
  facet normal -0.222413 0.052484 -0.973539
    outer loop
      vertex 69.5987 -26.2086 8.71388
      vertex 50.5092 -12.5682 13.8104
      vertex 50.84 -11.5967 13.7872
    endloop
  endfacet
  facet normal -0.222363 0.0525277 -0.973548
    outer loop
      vertex 50.5092 -12.5682 13.8104
      vertex 48.7188 -9.94446 14.3609
      vertex 50.4398 -11.5053 13.8836
    endloop
  endfacet
  facet normal -0.222328 0.0525535 -0.973555
    outer loop
      vertex 48.7188 -9.94446 14.3609
      vertex 50.5092 -12.5682 13.8104
      vertex 54.7179 -27.5952 12.0381
    endloop
  endfacet
  facet normal -0.222571 0.0522879 -0.973513
    outer loop
      vertex 50.6991 -11.487 13.8253
      vertex 50.4398 -11.5053 13.8836
      vertex 48.7188 -9.94446 14.3609
    endloop
  endfacet
  facet normal 0.548049 0.3023 -0.779908
    outer loop
      vertex 72.4076 -25.835 10.7754
      vertex 63.4244 -8.58137 11.1505
      vertex 66.2529 -8.39411 13.2107
    endloop
  endfacet
  facet normal -0.527152 -0.338063 0.779631
    outer loop
      vertex 75.173 -43.7766 26.3202
      vertex 69.8099 -35.2198 26.4043
      vertex 73.6583 -42.9725 25.6447
    endloop
  endfacet
  facet normal -0.527204 -0.338095 0.779582
    outer loop
      vertex 69.8099 -35.2198 26.4043
      vertex 75.173 -43.7766 26.3202
      vertex 67.7657 -26.4088 28.8431
    endloop
  endfacet
  facet normal -0.527179 -0.338166 0.779568
    outer loop
      vertex 75.173 -43.7766 26.3202
      vertex 73.6583 -42.9725 25.6447
      vertex 72.3811 -43.1424 24.7073
    endloop
  endfacet
  facet normal -0.527194 -0.338095 0.779589
    outer loop
      vertex 60.296 -40.397 17.7253
      vertex 69.8099 -35.2198 26.4043
      vertex 67.7657 -26.4088 28.8431
    endloop
  endfacet
  facet normal -0.527198 -0.33809 0.779588
    outer loop
      vertex 69.8099 -35.2198 26.4043
      vertex 61.5295 -40.6772 18.4379
      vertex 70.0472 -41.0554 24.034
    endloop
  endfacet
  facet normal -0.5272 -0.338079 0.779591
    outer loop
      vertex 70.0472 -41.0554 24.034
      vertex 61.5295 -40.6772 18.4379
      vertex 70.1111 -42.6267 23.3958
    endloop
  endfacet
  facet normal -0.527179 -0.33812 0.779588
    outer loop
      vertex 69.8099 -35.2198 26.4043
      vertex 60.296 -40.397 17.7253
      vertex 61.5295 -40.6772 18.4379
    endloop
  endfacet
  facet normal -0.218077 0.0582767 -0.97419
    outer loop
      vertex 50.84 -11.5967 13.7872
      vertex 63.4244 -8.58137 11.1505
      vertex 69.5987 -26.2086 8.71388
    endloop
  endfacet
  facet normal -0.218145 0.0585917 -0.974156
    outer loop
      vertex 63.4244 -8.58137 11.1505
      vertex 50.84 -11.5967 13.7872
      vertex 50.8878 -11.4736 13.7839
    endloop
  endfacet
  facet normal -0.217895 0.058524 -0.974216
    outer loop
      vertex 48.6764 -9.62594 14.3895
      vertex 50.8878 -11.4736 13.7839
      vertex 50.6991 -11.487 13.8253
    endloop
  endfacet
  facet normal -0.21795 0.0584618 -0.974207
    outer loop
      vertex 48.6764 -9.62594 14.3895
      vertex 50.6991 -11.487 13.8253
      vertex 48.7188 -9.94446 14.3609
    endloop
  endfacet
  facet normal -0.218083 0.0582901 -0.974188
    outer loop
      vertex 50.8878 -11.4736 13.7839
      vertex 48.6764 -9.62594 14.3895
      vertex 63.4244 -8.58137 11.1505
    endloop
  endfacet
  facet normal -0.216871 0.0586261 -0.974438
    outer loop
      vertex 48.6764 -9.62594 14.3895
      vertex 48.7188 -9.94446 14.3609
      vertex 48.6421 -9.67969 14.3939
    endloop
  endfacet
  facet normal -0.542444 -0.325787 0.77435
    outer loop
      vertex 57.1488 -36.5114 17.1554
      vertex 60.296 -40.397 17.7253
      vertex 67.7657 -26.4088 28.8431
    endloop
  endfacet
  facet normal -0.542461 -0.325804 0.77433
    outer loop
      vertex 60.296 -40.397 17.7253
      vertex 57.1488 -36.5114 17.1554
      vertex 59.0613 -40.0137 17.0216
    endloop
  endfacet
  facet normal -0.542897 -0.325682 0.774076
    outer loop
      vertex 57.1488 -36.5114 17.1554
      vertex 56.9894 -36.1953 17.1766
      vertex 57.134 -39.4154 15.9232
    endloop
  endfacet
  facet normal -0.542624 -0.325561 0.774318
    outer loop
      vertex 67.7657 -26.4088 28.8431
      vertex 56.9894 -36.1953 17.1766
      vertex 57.1488 -36.5114 17.1554
    endloop
  endfacet
  facet normal -0.542453 -0.325782 0.774345
    outer loop
      vertex 67.7657 -26.4088 28.8431
      vertex 53.8497 -29.5154 17.7875
      vertex 56.9894 -36.1953 17.1766
    endloop
  endfacet
  facet normal -0.542459 -0.325765 0.774348
    outer loop
      vertex 51.4745 -27.4873 16.9768
      vertex 53.8497 -29.5154 17.7875
      vertex 67.7657 -26.4088 28.8431
    endloop
  endfacet
  facet normal -0.542426 -0.325707 0.774396
    outer loop
      vertex 53.8497 -29.5154 17.7875
      vertex 51.4745 -27.4873 16.9768
      vertex 53.1275 -29.6113 17.2413
    endloop
  endfacet
  facet normal -0.542516 -0.325789 0.774298
    outer loop
      vertex 53.1275 -29.6113 17.2413
      vertex 51.4745 -27.4873 16.9768
      vertex 52.3883 -29.7094 16.6821
    endloop
  endfacet
  facet normal -0.542538 -0.325775 0.774289
    outer loop
      vertex 57.5026 -39.5299 16.1333
      vertex 57.1488 -36.5114 17.1554
      vertex 57.134 -39.4154 15.9232
    endloop
  endfacet
  facet normal 0.538806 0.297666 -0.788088
    outer loop
      vertex 69.5987 -26.2086 8.71388
      vertex 63.4244 -8.58137 11.1505
      vertex 72.4076 -25.835 10.7754
    endloop
  endfacet
  facet normal 0.934737 0.342906 -0.0931842
    outer loop
      vertex 67.1417 -10.753 13.4459
      vertex 66.2529 -8.39411 13.2107
      vertex 66.5306 -9.02346 13.6804
    endloop
  endfacet
  facet normal 0.934732 0.342884 -0.0933063
    outer loop
      vertex 72.4076 -25.835 10.7754
      vertex 67.1417 -10.753 13.4459
      vertex 72.6399 -25.8256 13.1371
    endloop
  endfacet
  facet normal 0.934728 0.342888 -0.0933335
    outer loop
      vertex 67.1417 -10.753 13.4459
      vertex 72.4076 -25.835 10.7754
      vertex 66.2529 -8.39411 13.2107
    endloop
  endfacet
  facet normal 0.934682 0.343155 -0.0928177
    outer loop
      vertex 66.5306 -9.02346 13.6804
      vertex 66.2529 -8.39411 13.2107
      vertex 66.3076 -8.39301 13.7656
    endloop
  endfacet
  facet normal 0.0697553 1.09215e-05 0.997564
    outer loop
      vertex 50.7825 22.9905 13.7913
      vertex 59.5029 24.834 13.1815
      vertex 51.2469 25.4127 13.7588
    endloop
  endfacet
  facet normal 0.0697617 -1.92153e-05 0.997564
    outer loop
      vertex 49.9362 18.6556 13.8504
      vertex 59.5029 24.834 13.1815
      vertex 50.7825 22.9905 13.7913
    endloop
  endfacet
  facet normal 0.0697532 -5.99821e-06 0.997564
    outer loop
      vertex 59.5029 24.834 13.1815
      vertex 49.9362 18.6556 13.8504
      vertex 58.7039 13.3791 13.2373
    endloop
  endfacet
  facet normal 0.0697567 -1.74009e-07 0.997564
    outer loop
      vertex 49.6845 15.0474 13.868
      vertex 58.7039 13.3791 13.2373
      vertex 49.9362 18.6556 13.8504
    endloop
  endfacet
  facet normal 0.0697588 1.92351e-05 0.997564
    outer loop
      vertex 58.7039 13.3791 13.2373
      vertex 50.3045 11.4446 13.8247
      vertex 58.5287 10.8681 13.2496
    endloop
  endfacet
  facet normal 0.0697608 2.24477e-05 0.997564
    outer loop
      vertex 50.1616 12.1953 13.8347
      vertex 58.7039 13.3791 13.2373
      vertex 49.6845 15.0474 13.868
    endloop
  endfacet
  facet normal 0.0697651 -8.26621e-06 0.997563
    outer loop
      vertex 50.3045 11.4446 13.8247
      vertex 58.7039 13.3791 13.2373
      vertex 50.1616 12.1953 13.8347
    endloop
  endfacet
  facet normal 0.995134 -0.0697578 -0.0695876
    outer loop
      vertex 49.9081 17.6567 14.4499
      vertex 49.6845 15.0474 13.868
      vertex 49.9362 18.6556 13.8504
    endloop
  endfacet
  facet normal 0.995132 -0.0697488 -0.0696271
    outer loop
      vertex 49.8903 16.8536 15
      vertex 49.6845 15.0474 13.868
      vertex 49.9081 17.6567 14.4499
    endloop
  endfacet
  facet normal 0.995132 -0.0697558 -0.0696159
    outer loop
      vertex 49.5154 11.5053 15
      vertex 49.6845 15.0474 13.868
      vertex 49.8903 16.8536 15
    endloop
  endfacet
  facet normal 0.995131 -0.0697605 -0.0696308
    outer loop
      vertex 49.6845 15.0474 13.868
      vertex 49.5154 11.5053 15
      vertex 49.4495 11.5523 14.0111
    endloop
  endfacet
  facet normal 0.995215 -0.0686027 -0.0695813
    outer loop
      vertex 49.4495 11.5523 14.0111
      vertex 49.5154 11.5053 15
      vertex 49.4464 11.5053 14.0131
    endloop
  endfacet
  facet normal 0.99514 -0.0697604 -0.0694903
    outer loop
      vertex 49.9315 16.7876 15.6552
      vertex 49.563 11.5053 15.6809
      vertex 49.9106 16.7876 15.3559
    endloop
  endfacet
  facet normal 0.995135 -0.0697647 -0.069566
    outer loop
      vertex 49.5161 11.5053 15.01
      vertex 49.9106 16.7876 15.3559
      vertex 49.563 11.5053 15.6809
    endloop
  endfacet
  facet normal 0.995118 -0.0697467 -0.0698216
    outer loop
      vertex 49.9106 16.7876 15.3559
      vertex 49.5161 11.5053 15.01
      vertex 49.8888 16.7876 15.0452
    endloop
  endfacet
  facet normal 0.995246 -0.0697682 -0.0679486
    outer loop
      vertex 49.8888 16.7876 15.0452
      vertex 49.5161 11.5053 15.01
      vertex 49.89 16.839 15.01
    endloop
  endfacet
  facet normal -0.0695812 -0.997564 0.00487897
    outer loop
      vertex 58.6519 24.8944 13.394
      vertex 51.4786 25.4026 15
      vertex 51.448 25.4026 14.5636
    endloop
  endfacet
  facet normal -0.0695829 -0.997564 0.00486796
    outer loop
      vertex 58.6519 24.8944 13.394
      vertex 51.448 25.4026 14.5636
      vertex 51.2469 25.4127 13.7588
    endloop
  endfacet
  facet normal -0.069591 -0.997564 0.00483469
    outer loop
      vertex 51.4786 25.4026 15
      vertex 58.6519 24.8944 13.394
      vertex 59.0516 24.8743 15
    endloop
  endfacet
  facet normal -0.069582 -0.997564 0.00488761
    outer loop
      vertex 58.6519 24.8944 13.394
      vertex 51.2469 25.4127 13.7588
      vertex 59.5029 24.834 13.1815
    endloop
  endfacet
  facet normal -0.0695876 -0.997564 0.00485927
    outer loop
      vertex 59.0541 24.8742 15.01
      vertex 51.5166 25.4026 15.5443
      vertex 51.4957 25.4026 15.245
    endloop
  endfacet
  facet normal -0.0695877 -0.997564 0.00485633
    outer loop
      vertex 59.0541 24.8742 15.01
      vertex 51.4957 25.4026 15.245
      vertex 51.4793 25.4026 15.01
    endloop
  endfacet
  facet normal -0.0697441 -0.997561 0.00264913
    outer loop
      vertex 51.5166 25.4026 15.5443
      vertex 59.0541 24.8742 15.01
      vertex 59.0558 24.8741 15.0171
    endloop
  endfacet
  facet normal 0.0695826 0.997564 -0.00483235
    outer loop
      vertex 50.3045 11.4446 13.8247
      vertex 58.0604 10.9093 15
      vertex 57.9192 10.9164 14.4325
    endloop
  endfacet
  facet normal 0.0695785 0.997565 -0.00480538
    outer loop
      vertex 58.0604 10.9093 15
      vertex 50.3045 11.4446 13.8247
      vertex 49.5154 11.5053 15
    endloop
  endfacet
  facet normal 0.069499 0.99757 -0.00485908
    outer loop
      vertex 49.5154 11.5053 15
      vertex 50.3045 11.4446 13.8247
      vertex 49.4464 11.5053 14.0131
    endloop
  endfacet
  facet normal 0.0695863 0.997564 -0.0048795
    outer loop
      vertex 57.6777 10.9285 13.4622
      vertex 50.3045 11.4446 13.8247
      vertex 57.9192 10.9164 14.4325
    endloop
  endfacet
  facet normal 0.069556 0.997563 -0.0054958
    outer loop
      vertex 57.9196 10.9113 13.4017
      vertex 50.3045 11.4446 13.8247
      vertex 57.6777 10.9285 13.4622
    endloop
  endfacet
  facet normal 0.0696066 0.997564 -0.00458491
    outer loop
      vertex 50.3045 11.4446 13.8247
      vertex 57.9196 10.9113 13.4017
      vertex 58.5287 10.8681 13.2496
    endloop
  endfacet
  facet normal 0.0696396 0.997564 -0.00405181
    outer loop
      vertex 58.0629 10.9092 15.01
      vertex 49.563 11.5053 15.6809
      vertex 58.0816 10.9082 15.0852
    endloop
  endfacet
  facet normal 0.0695756 0.997565 -0.00486376
    outer loop
      vertex 49.563 11.5053 15.6809
      vertex 58.0629 10.9092 15.01
      vertex 49.5161 11.5053 15.01
    endloop
  endfacet
  facet normal 0.0697607 0 0.997564
    outer loop
      vertex 48.1569 0.420875 14.9773
      vertex 57.0957 -7 14.3522
      vertex 57.0957 7 14.3522
    endloop
  endfacet
  facet normal 0.0697593 -1.13403e-06 0.997564
    outer loop
      vertex 47.9822 3.40263 14.9895
      vertex 57.0957 7 14.3522
      vertex 48.2511 7 14.9707
    endloop
  endfacet
  facet normal 0.0697573 -4.16845e-06 0.997564
    outer loop
      vertex 57.0957 -7 14.3522
      vertex 48.1569 0.420875 14.9773
      vertex 49.1103 -7 14.9106
    endloop
  endfacet
  facet normal 0.0697567 5.43979e-06 0.997564
    outer loop
      vertex 57.0957 7 14.3522
      vertex 47.9822 3.40263 14.9895
      vertex 48.1569 0.420875 14.9773
    endloop
  endfacet
  facet normal 0.0696643 0 0.99757
    outer loop
      vertex 48.1569 0.420875 14.9773
      vertex 47.9822 3.40263 14.9895
      vertex 47.9822 1.05794 14.9895
    endloop
  endfacet
  facet normal 0.99756 1.24849e-05 -0.0698174
    outer loop
      vertex 47.9883 1.92368 15.0769
      vertex 47.9836 3.34535 15.01
      vertex 48.0078 2.37887 15.3556
    endloop
  endfacet
  facet normal 0.997541 0 -0.0700814
    outer loop
      vertex 47.9836 3.34535 15.01
      vertex 47.9883 1.92368 15.0769
      vertex 47.9836 1.26093 15.01
    endloop
  endfacet
  facet normal 0.997785 0 -0.066519
    outer loop
      vertex 47.9829 1.16185 15
      vertex 47.9822 3.40263 14.9895
      vertex 47.9829 3.37331 15
    endloop
  endfacet
  facet normal 0.997785 0 -0.066519
    outer loop
      vertex 47.9822 3.40263 14.9895
      vertex 47.9829 1.16185 15
      vertex 47.9822 1.05794 14.9895
    endloop
  endfacet
  facet normal 0.997577 0 -0.0695742
    outer loop
      vertex 48.1077 7 16.7851
      vertex 48.0876 2.38144 16.4969
      vertex 48.0876 7 16.4969
    endloop
  endfacet
  facet normal 0.997246 -0.000173535 -0.074171
    outer loop
      vertex 48.0876 2.38144 16.4969
      vertex 48.0911 0.739433 16.5478
      vertex 48.0868 2.35743 16.4862
    endloop
  endfacet
  facet normal 0.997599 -2.02672e-05 -0.069251
    outer loop
      vertex 48.1077 7 16.7851
      vertex 48.0911 0.739433 16.5478
      vertex 48.0876 2.38144 16.4969
    endloop
  endfacet
  facet normal 0.997562 0 -0.0697831
    outer loop
      vertex 48.1077 -7 16.7851
      vertex 48.0911 0.739433 16.5478
      vertex 48.1077 7 16.7851
    endloop
  endfacet
  facet normal 0.997569 2.88257e-06 -0.0696896
    outer loop
      vertex 48.0911 0.739433 16.5478
      vertex 48.1077 -7 16.7851
      vertex 48.0918 -7 16.5575
    endloop
  endfacet
  facet normal 0 -1 0
    outer loop
      vertex 48.4162 7 16.3982
      vertex 48.1077 7 16.7851
      vertex 48.0876 7 16.4969
    endloop
  endfacet
  facet normal 0 -1 0
    outer loop
      vertex 48.4162 7 16.3982
      vertex 56.6471 7 16.188
      vertex 48.1077 7 16.7851
    endloop
  endfacet
  facet normal 0 -1 0
    outer loop
      vertex 48.4378 7 16.1431
      vertex 56.6471 7 16.188
      vertex 48.4162 7 16.3982
    endloop
  endfacet
  facet normal 0 -1 0
    outer loop
      vertex 56.3534 7 15.01
      vertex 48.4378 7 16.1431
      vertex 48.432 7 16.0607
    endloop
  endfacet
  facet normal 0 -1 0
    outer loop
      vertex 56.3534 7 15.01
      vertex 48.432 7 16.0607
      vertex 48.3902 7 15.4622
    endloop
  endfacet
  facet normal 0 -1 0
    outer loop
      vertex 56.3534 7 15.01
      vertex 48.3902 7 15.4622
      vertex 48.2622 7 15.01
    endloop
  endfacet
  facet normal 0 -1 0
    outer loop
      vertex 48.4378 7 16.1431
      vertex 56.3534 7 15.01
      vertex 56.6471 7 16.188
    endloop
  endfacet
  facet normal 0 -1 0
    outer loop
      vertex 56.2425 7 14.565
      vertex 48.2594 7 15
      vertex 48.2511 7 14.9707
    endloop
  endfacet
  facet normal 0 -1 0
    outer loop
      vertex 48.2594 7 15
      vertex 56.2425 7 14.565
      vertex 56.3509 7 15
    endloop
  endfacet
  facet normal -0 -1 -0
    outer loop
      vertex 56.2425 7 14.565
      vertex 48.2511 7 14.9707
      vertex 57.0957 7 14.3522
    endloop
  endfacet
  facet normal 0 1 0
    outer loop
      vertex 48.1077 -7 16.7851
      vertex 48.8532 -7 16.3677
      vertex 48.0918 -7 16.5575
    endloop
  endfacet
  facet normal 0 1 0
    outer loop
      vertex 56.6471 -7 16.188
      vertex 48.8532 -7 16.3677
      vertex 48.1077 -7 16.7851
    endloop
  endfacet
  facet normal 0 1 0
    outer loop
      vertex 56.6471 -7 16.188
      vertex 49.2974 -7 16.083
      vertex 48.8532 -7 16.3677
    endloop
  endfacet
  facet normal 0 1 -0
    outer loop
      vertex 56.3534 -7 15.01
      vertex 49.2974 -7 16.083
      vertex 56.6471 -7 16.188
    endloop
  endfacet
  facet normal 0 1 0
    outer loop
      vertex 49.2974 -7 16.083
      vertex 56.3534 -7 15.01
      vertex 49.2917 -7 16.0006
    endloop
  endfacet
  facet normal 0 1 0
    outer loop
      vertex 49.2917 -7 16.0006
      vertex 56.3534 -7 15.01
      vertex 49.2498 -7 15.4021
    endloop
  endfacet
  facet normal 0 1 0
    outer loop
      vertex 49.2498 -7 15.4021
      vertex 56.3534 -7 15.01
      vertex 49.1385 -7 15.01
    endloop
  endfacet
  facet normal 0 1 -0
    outer loop
      vertex 56.2425 -7 14.565
      vertex 49.1357 -7 15
      vertex 56.3509 -7 15
    endloop
  endfacet
  facet normal 0 1 0
    outer loop
      vertex 49.1357 -7 15
      vertex 56.2425 -7 14.565
      vertex 49.1103 -7 14.9106
    endloop
  endfacet
  facet normal 0 1 0
    outer loop
      vertex 49.1103 -7 14.9106
      vertex 56.2425 -7 14.565
      vertex 57.0957 -7 14.3522
    endloop
  endfacet
  facet normal 0.995137 0.0697743 -0.0695277
    outer loop
      vertex 50.5874 -12.7096 14.7876
      vertex 50.4398 -11.5053 13.8836
      vertex 50.5178 -11.5053 15
    endloop
  endfacet
  facet normal 0.995109 0.0698322 -0.0698651
    outer loop
      vertex 50.5874 -12.7096 14.7876
      vertex 50.5178 -11.5053 15
      vertex 50.593 -12.5769 15
    endloop
  endfacet
  facet normal 0.995137 0.0697647 -0.0695405
    outer loop
      vertex 50.4398 -11.5053 13.8836
      vertex 50.5874 -12.7096 14.7876
      vertex 50.5092 -12.5682 13.8104
    endloop
  endfacet
  facet normal 0.995142 0.0696769 -0.0695536
    outer loop
      vertex 50.568 -13.4056 13.8128
      vertex 50.5092 -12.5682 13.8104
      vertex 50.5874 -12.7096 14.7876
    endloop
  endfacet
  facet normal 0.995721 0.0697431 -0.060628
    outer loop
      vertex 50.5092 -12.5682 13.8104
      vertex 50.568 -13.4056 13.8128
      vertex 50.5727 -13.4787 13.8059
    endloop
  endfacet
  facet normal 0.995129 0.0697335 -0.0696855
    outer loop
      vertex 50.5606 -11.5053 15.6112
      vertex 50.6285 -12.5664 15.519
      vertex 50.5185 -11.5053 15.01
    endloop
  endfacet
  facet normal 0.995122 0.0697407 -0.0697729
    outer loop
      vertex 50.6285 -12.5664 15.519
      vertex 50.5606 -11.5053 15.6112
      vertex 50.6346 -12.5664 15.606
    endloop
  endfacet
  facet normal 0.995133 0.0697912 -0.0695662
    outer loop
      vertex 50.5934 -12.5664 15.0169
      vertex 50.5185 -11.5053 15.01
      vertex 50.6285 -12.5664 15.519
    endloop
  endfacet
  facet normal 0.994939 0.0697597 -0.0723123
    outer loop
      vertex 50.5185 -11.5053 15.01
      vertex 50.5934 -12.5664 15.0169
      vertex 50.5932 -12.5707 15.01
    endloop
  endfacet
  facet normal 0.0695818 -0.997565 -0.00479391
    outer loop
      vertex 50.5178 -11.5053 15
      vertex 58.9167 -10.9164 14.3627
      vertex 59.0753 -10.9084 15
    endloop
  endfacet
  facet normal 0.0693152 -0.997583 -0.00484287
    outer loop
      vertex 50.6991 -11.487 13.8253
      vertex 50.5178 -11.5053 15
      vertex 50.4398 -11.5053 13.8836
    endloop
  endfacet
  facet normal 0.069792 -0.99755 -0.00476878
    outer loop
      vertex 50.8878 -11.4736 13.7839
      vertex 50.5178 -11.5053 15
      vertex 50.6991 -11.487 13.8253
    endloop
  endfacet
  facet normal 0.0695788 -0.997565 -0.00483402
    outer loop
      vertex 50.5178 -11.5053 15
      vertex 50.8878 -11.4736 13.7839
      vertex 58.9167 -10.9164 14.3627
    endloop
  endfacet
  facet normal 0.0695819 -0.997564 -0.0048784
    outer loop
      vertex 50.8878 -11.4736 13.7839
      vertex 58.6752 -10.9285 13.3924
      vertex 58.9167 -10.9164 14.3627
    endloop
  endfacet
  facet normal 0.0695562 -0.997563 -0.00538884
    outer loop
      vertex 50.8878 -11.4736 13.7839
      vertex 58.9172 -10.9113 13.332
      vertex 58.6752 -10.9285 13.3924
    endloop
  endfacet
  facet normal 0.0696003 -0.997564 -0.00460752
    outer loop
      vertex 58.9172 -10.9113 13.332
      vertex 50.8878 -11.4736 13.7839
      vertex 59.5263 -10.8681 13.1798
    endloop
  endfacet
  facet normal 0.0695788 -0.997565 -0.00487237
    outer loop
      vertex 59.0778 -10.9083 15.01
      vertex 50.5606 -11.5053 15.6112
      vertex 50.5185 -11.5053 15.01
    endloop
  endfacet
  facet normal 0.0699453 -0.997551 0.000333031
    outer loop
      vertex 50.5606 -11.5053 15.6112
      vertex 59.0778 -10.9083 15.01
      vertex 59.0792 -10.9082 15.0155
    endloop
  endfacet
  facet normal 0.0697593 2.05313e-05 0.997564
    outer loop
      vertex 50.8878 -11.4736 13.7839
      vertex 59.7015 -13.3791 13.1676
      vertex 59.5263 -10.8681 13.1798
    endloop
  endfacet
  facet normal 0.0697596 -2.25981e-06 0.997564
    outer loop
      vertex 59.7015 -13.3791 13.1676
      vertex 52.4884 -18.6368 13.672
      vertex 60.5005 -24.834 13.1117
    endloop
  endfacet
  facet normal 0.0697318 0.000438622 0.997566
    outer loop
      vertex 60.5005 -24.834 13.1117
      vertex 54.8139 -25.0509 13.5093
      vertex 54.8751 -25.2283 13.5051
    endloop
  endfacet
  facet normal 0.0697491 -1.59437e-05 0.997565
    outer loop
      vertex 60.5005 -24.834 13.1117
      vertex 52.4884 -18.6368 13.672
      vertex 54.8139 -25.0509 13.5093
    endloop
  endfacet
  facet normal 0.0697512 -1.72694e-05 0.997564
    outer loop
      vertex 59.7015 -13.3791 13.1676
      vertex 50.8878 -11.4736 13.7839
      vertex 50.5884 -13.4661 13.8048
    endloop
  endfacet
  facet normal 0.0683919 0.000187962 0.997659
    outer loop
      vertex 50.5884 -13.4661 13.8048
      vertex 50.8878 -11.4736 13.7839
      vertex 50.84 -11.5967 13.7872
    endloop
  endfacet
  facet normal 0.0697509 9.71101e-06 0.997564
    outer loop
      vertex 59.7015 -13.3791 13.1676
      vertex 50.5884 -13.4661 13.8048
      vertex 52.4884 -18.6368 13.672
    endloop
  endfacet
  facet normal 0.0700784 -4.01185e-05 0.997541
    outer loop
      vertex 50.5092 -12.5682 13.8104
      vertex 50.5884 -13.4661 13.8048
      vertex 50.84 -11.5967 13.7872
    endloop
  endfacet
  facet normal 0.0699346 -5.28681e-05 0.997552
    outer loop
      vertex 50.5884 -13.4661 13.8048
      vertex 50.5092 -12.5682 13.8104
      vertex 50.5727 -13.4787 13.8059
    endloop
  endfacet
  facet normal -0.069637 0.997561 0.00485666
    outer loop
      vertex 59.6494 -24.8944 13.3243
      vertex 59.3007 -24.9269 15
      vertex 60.0534 -24.8741 14.9474
    endloop
  endfacet
  facet normal -0.0695817 0.997564 0.00486823
    outer loop
      vertex 54.8805 -25.2283 13.5828
      vertex 59.3007 -24.9269 15
      vertex 59.6494 -24.8944 13.3243
    endloop
  endfacet
  facet normal -0.0695809 0.997564 0.00486556
    outer loop
      vertex 59.3007 -24.9269 15
      vertex 54.8805 -25.2283 13.5828
      vertex 54.9796 -25.2283 15
    endloop
  endfacet
  facet normal -0.0695835 0.997564 0.00483592
    outer loop
      vertex 54.8805 -25.2283 13.5828
      vertex 59.6494 -24.8944 13.3243
      vertex 54.8751 -25.2283 13.5051
    endloop
  endfacet
  facet normal -0.069583 0.997564 0.00484851
    outer loop
      vertex 54.8751 -25.2283 13.5051
      vertex 59.6494 -24.8944 13.3243
      vertex 60.5005 -24.834 13.1117
    endloop
  endfacet
  facet normal -0.0695864 0.997564 0.00485932
    outer loop
      vertex 55.0006 -25.2283 15.3007
      vertex 59.1577 -24.9369 15.01
      vertex 54.9803 -25.2283 15.01
    endloop
  endfacet
  facet normal 0.944569 -0.188077 -0.269103
    outer loop
      vertex 50.7825 22.9905 13.7913
      vertex 49.9081 17.6567 14.4499
      vertex 49.9362 18.6556 13.8504
    endloop
  endfacet
  facet normal 0.953069 -0.185896 -0.23896
    outer loop
      vertex 50.0027 17.4168 15.01
      vertex 49.8888 16.7876 15.0452
      vertex 49.89 16.839 15.01
    endloop
  endfacet
  facet normal 0.952711 -0.185885 -0.240392
    outer loop
      vertex 51.448 25.4026 14.5636
      vertex 50.7825 22.9905 13.7913
      vertex 51.2469 25.4127 13.7588
    endloop
  endfacet
  facet normal 0.952698 -0.18586 -0.240462
    outer loop
      vertex 50.0351 17.5956 15
      vertex 50.7825 22.9905 13.7913
      vertex 51.448 25.4026 14.5636
    endloop
  endfacet
  facet normal 0.952663 -0.185882 -0.240585
    outer loop
      vertex 50.7825 22.9905 13.7913
      vertex 50.0351 17.5956 15
      vertex 49.9081 17.6567 14.4499
    endloop
  endfacet
  facet normal 0.952657 -0.185909 -0.240586
    outer loop
      vertex 49.9081 17.6567 14.4499
      vertex 50.0351 17.5956 15
      vertex 49.8903 16.8536 15
    endloop
  endfacet
  facet normal -0.173077 0.0144829 -0.984802
    outer loop
      vertex 50.537 28.2398 13.3408
      vertex 49.4862 28.5134 13.5295
      vertex 50.486 28.3715 13.3517
    endloop
  endfacet
  facet normal -0.172994 0.0148087 -0.984812
    outer loop
      vertex 41.1149 28.512 15
      vertex 49.4862 28.5134 13.5295
      vertex 50.537 28.2398 13.3408
    endloop
  endfacet
  facet normal -0.172995 0.0146022 -0.984815
    outer loop
      vertex 49.4862 28.5134 13.5295
      vertex 41.1149 28.512 15
      vertex 41.2405 30 15
    endloop
  endfacet
  facet normal -0.173 0.01457 -0.984814
    outer loop
      vertex 41.2405 30 15
      vertex 49.6716 29.8361 13.5165
      vertex 49.4862 28.5134 13.5295
    endloop
  endfacet
  facet normal -0.173 0.0145986 -0.984814
    outer loop
      vertex 41.2405 30 15
      vertex 51.6735 44.1152 13.3765
      vertex 49.6716 29.8361 13.5165
    endloop
  endfacet
  facet normal -0.173075 0.0146562 -0.9848
    outer loop
      vertex 41.1836 30 15.01
      vertex 51.6735 44.1152 13.3765
      vertex 41.2405 30 15
    endloop
  endfacet
  facet normal -0.172997 0.0145961 -0.984814
    outer loop
      vertex 41.1836 30 15.01
      vertex 31.9698 28.7762 16.6104
      vertex 51.6735 44.1152 13.3765
    endloop
  endfacet
  facet normal -0.172998 0.0146066 -0.984814
    outer loop
      vertex 31.9698 28.7762 16.6104
      vertex 41.1836 30 15.01
      vertex 41.0581 28.5136 15.01
    endloop
  endfacet
  facet normal -0.173217 0.00728001 -0.984857
    outer loop
      vertex 31.9698 28.7762 16.6104
      vertex 40.6619 19.0855 15.01
      vertex 32.3113 12.145 16.4274
    endloop
  endfacet
  facet normal -0.173218 0.00727918 -0.984857
    outer loop
      vertex 40.6619 19.0855 15.01
      vertex 31.9698 28.7762 16.6104
      vertex 41.0581 28.5136 15.01
    endloop
  endfacet
  facet normal -0.173212 0.00754686 -0.984856
    outer loop
      vertex 50.5484 28.2013 13.3385
      vertex 41.1149 28.512 15
      vertex 50.537 28.2398 13.3408
    endloop
  endfacet
  facet normal -0.173222 0.00725289 -0.984856
    outer loop
      vertex 50.635 27.9476 13.3214
      vertex 41.1149 28.512 15
      vertex 50.5484 28.2013 13.3385
    endloop
  endfacet
  facet normal -0.173218 0.00731377 -0.984856
    outer loop
      vertex 50.8851 27.5824 13.2747
      vertex 41.1149 28.512 15
      vertex 50.635 27.9476 13.3214
    endloop
  endfacet
  facet normal -0.173221 0.00727981 -0.984856
    outer loop
      vertex 41.1149 28.512 15
      vertex 50.8851 27.5824 13.2747
      vertex 40.7208 19.1345 15
    endloop
  endfacet
  facet normal -0.969125 0.237072 0.0677828
    outer loop
      vertex 32.8344 32.1997 17
      vertex 32.1122 28.7762 18.6481
      vertex 32.923 32.156 18.4196
    endloop
  endfacet
  facet normal -0.969135 0.237046 0.0677258
    outer loop
      vertex 32.8344 32.1997 17
      vertex 31.9698 28.7762 16.6104
      vertex 32.1122 28.7762 18.6481
    endloop
  endfacet
  facet normal -0.969141 0.237067 0.0675569
    outer loop
      vertex 34.2757 38.0918 17
      vertex 31.9698 28.7762 16.6104
      vertex 32.8344 32.1997 17
    endloop
  endfacet
  facet normal -0.969129 0.237054 0.067785
    outer loop
      vertex 31.9698 28.7762 16.6104
      vertex 34.2757 38.0918 17
      vertex 36.8436 48.4999 17.3148
    endloop
  endfacet
  facet normal -0.96913 0.237056 0.0677594
    outer loop
      vertex 36.8436 48.4999 17.3148
      vertex 34.2757 38.0918 17
      vertex 34.3458 38.0872 18.0187
    endloop
  endfacet
  facet normal -0.133387 -0.0417399 -0.990185
    outer loop
      vertex 32.6914 12.1182 16.3774
      vertex 40.6619 19.0855 15.01
      vertex 43.3862 10.3795 15.01
    endloop
  endfacet
  facet normal -0.133212 -0.041943 -0.9902
    outer loop
      vertex 40.6619 19.0855 15.01
      vertex 32.6914 12.1182 16.3774
      vertex 32.3113 12.145 16.4274
    endloop
  endfacet
  facet normal -0.133406 -0.0419179 -0.990175
    outer loop
      vertex 43.4644 10.3667 15
      vertex 47.6794 9.95364 14.4496
      vertex 47.6389 9.68805 14.4663
    endloop
  endfacet
  facet normal -0.13339 -0.0417401 -0.990184
    outer loop
      vertex 40.7208 19.1345 15
      vertex 47.6794 9.95364 14.4496
      vertex 43.4644 10.3667 15
    endloop
  endfacet
  facet normal -0.133386 -0.0417371 -0.990185
    outer loop
      vertex 47.6794 9.95364 14.4496
      vertex 40.7208 19.1345 15
      vertex 50.8851 27.5824 13.2747
    endloop
  endfacet
  facet normal 0.981024 -0.181395 -0.068463
    outer loop
      vertex 51.4957 25.4026 15.245
      vertex 50.0027 17.4168 15.01
      vertex 51.4793 25.4026 15.01
    endloop
  endfacet
  facet normal 0.981007 -0.181383 -0.0687355
    outer loop
      vertex 49.9106 16.7876 15.3559
      vertex 50.0027 17.4168 15.01
      vertex 51.4957 25.4026 15.245
    endloop
  endfacet
  facet normal 0.980992 -0.181433 -0.0688304
    outer loop
      vertex 50.0027 17.4168 15.01
      vertex 49.9106 16.7876 15.3559
      vertex 49.8888 16.7876 15.0452
    endloop
  endfacet
  facet normal 0.981003 -0.181386 -0.0687871
    outer loop
      vertex 51.4786 25.4026 15
      vertex 50.0351 17.5956 15
      vertex 51.448 25.4026 14.5636
    endloop
  endfacet
  facet normal -0.969126 0.237052 0.0678323
    outer loop
      vertex 36.7708 48.4999 16.2747
      vertex 31.9698 28.7762 16.6104
      vertex 36.8436 48.4999 17.3148
    endloop
  endfacet
  facet normal 0.981024 -0.181383 -0.0685045
    outer loop
      vertex 49.9106 16.7876 15.3559
      vertex 51.5166 25.4026 15.5443
      vertex 49.9315 16.7876 15.6552
    endloop
  endfacet
  facet normal 0.981024 -0.181383 -0.0685045
    outer loop
      vertex 51.5166 25.4026 15.5443
      vertex 49.9106 16.7876 15.3559
      vertex 51.4957 25.4026 15.245
    endloop
  endfacet
  facet normal -0.182936 0.0278028 -0.982732
    outer loop
      vertex 51.6735 44.1152 13.3765
      vertex 31.9698 28.7762 16.6104
      vertex 36.7708 48.4999 16.2747
    endloop
  endfacet
  facet normal -0.130041 0.00823938 -0.991474
    outer loop
      vertex 32.3113 12.145 16.4274
      vertex 29.2857 9 16.7981
      vertex 31.9698 28.7762 16.6104
    endloop
  endfacet
  facet normal -0.129858 0.0080601 -0.9915
    outer loop
      vertex 29.2857 9 16.7981
      vertex 32.3113 12.145 16.4274
      vertex 32.6914 12.1182 16.3774
    endloop
  endfacet
  facet normal 0.994065 -0.0689212 0.0841701
    outer loop
      vertex 48.4162 7 16.3982
      vertex 48.098 2.50225 16.4733
      vertex 48.4378 7 16.1431
    endloop
  endfacet
  facet normal 0.993967 -0.0688947 0.0853428
    outer loop
      vertex 48.0876 2.38144 16.4969
      vertex 48.098 2.50225 16.4733
      vertex 48.4162 7 16.3982
    endloop
  endfacet
  facet normal 0.994212 -0.0695995 0.0818426
    outer loop
      vertex 48.098 2.50225 16.4733
      vertex 48.0876 2.38144 16.4969
      vertex 48.0868 2.35743 16.4862
    endloop
  endfacet
  facet normal 0.994085 -0.0689411 0.0839189
    outer loop
      vertex 48.4378 7 16.1431
      vertex 48.098 2.50225 16.4733
      vertex 48.1028 2.37938 16.3155
    endloop
  endfacet
  facet normal 0.994771 -0.0747042 -0.0696423
    outer loop
      vertex 48.0448 2.37938 15.4864
      vertex 48.432 7 16.0607
      vertex 48.0867 2.37938 16.0849
    endloop
  endfacet
  facet normal 0.994781 -0.0747256 -0.0694768
    outer loop
      vertex 48.432 7 16.0607
      vertex 48.0448 2.37938 15.4864
      vertex 48.3902 7 15.4622
    endloop
  endfacet
  facet normal -0.997565 0 0.0697428
    outer loop
      vertex 29.2857 -9 16.7981
      vertex 29.4979 9 19.8333
      vertex 29.2857 9 16.7981
    endloop
  endfacet
  facet normal -0.997565 0 0.0697428
    outer loop
      vertex 29.4979 9 19.8333
      vertex 29.2857 -9 16.7981
      vertex 29.4979 -9 19.8333
    endloop
  endfacet
  facet normal -0.0743286 -0.0533872 -0.995804
    outer loop
      vertex 38.9916 -0.0212752 15.5924
      vertex 43.3564 4.76502 15.01
      vertex 46.7942 -0.0212752 15.01
    endloop
  endfacet
  facet normal -0.0742406 -0.0534677 -0.995806
    outer loop
      vertex 43.3564 4.76502 15.01
      vertex 38.9916 -0.0212752 15.5924
      vertex 29.2857 -9 16.7981
    endloop
  endfacet
  facet normal -0.0741954 -0.0532917 -0.995819
    outer loop
      vertex 43.4351 4.842 15
      vertex 47.202 -0.0212752 14.9796
      vertex 46.9282 -0.0212752 15
    endloop
  endfacet
  facet normal -0.0743192 -0.0533876 -0.995804
    outer loop
      vertex 47.202 -0.0212752 14.9796
      vertex 43.4351 4.842 15
      vertex 47.8654 9.17599 14.437
    endloop
  endfacet
  facet normal -0.98846 0.134813 0.0690763
    outer loop
      vertex 31.9698 28.7762 16.6104
      vertex 29.2857 9 16.7981
      vertex 32.1122 28.7762 18.6481
    endloop
  endfacet
  facet normal -0.126188 0.00396965 -0.991998
    outer loop
      vertex 43.3564 9.43221 15.01
      vertex 32.6914 12.1182 16.3774
      vertex 43.3862 10.3795 15.01
    endloop
  endfacet
  facet normal -0.126185 0.00398146 -0.991999
    outer loop
      vertex 32.6914 12.1182 16.3774
      vertex 43.3564 9.43221 15.01
      vertex 29.2857 9 16.7981
    endloop
  endfacet
  facet normal -0.126249 0.00513508 -0.991985
    outer loop
      vertex 43.4351 9.43462 15
      vertex 47.6389 9.68805 14.4663
      vertex 47.66 9.62727 14.4633
    endloop
  endfacet
  facet normal -0.126178 0.00353228 -0.992001
    outer loop
      vertex 43.4351 9.43462 15
      vertex 47.66 9.62727 14.4633
      vertex 47.6905 9.56533 14.4592
    endloop
  endfacet
  facet normal -0.12618 0.00396648 -0.991999
    outer loop
      vertex 47.6389 9.68805 14.4663
      vertex 43.4351 9.43462 15
      vertex 43.4644 10.3667 15
    endloop
  endfacet
  facet normal -0.126066 -0 -0.992022
    outer loop
      vertex 29.2857 9 16.7981
      vertex 43.3564 4.76502 15.01
      vertex 29.2857 -9 16.7981
    endloop
  endfacet
  facet normal -0.126066 0 -0.992022
    outer loop
      vertex 43.3564 4.76502 15.01
      vertex 29.2857 9 16.7981
      vertex 43.3564 9.43221 15.01
    endloop
  endfacet
  facet normal -0.126066 -0 -0.992022
    outer loop
      vertex 43.4351 9.43462 15
      vertex 47.8654 9.17599 14.437
      vertex 43.4351 4.842 15
    endloop
  endfacet
  facet normal -0.12607 -6.85343e-05 -0.992021
    outer loop
      vertex 47.8654 9.17599 14.437
      vertex 43.4351 9.43462 15
      vertex 47.6905 9.56533 14.4592
    endloop
  endfacet
  facet normal -0.988459 0.13481 0.0691061
    outer loop
      vertex 32.1122 28.7762 18.6481
      vertex 29.2857 9 16.7981
      vertex 29.4979 9 19.8333
    endloop
  endfacet
  facet normal 0.959618 -0.0731532 -0.27163
    outer loop
      vertex 48.3902 7 15.4622
      vertex 47.9836 3.34535 15.01
      vertex 48.2622 7 15.01
    endloop
  endfacet
  facet normal 0.959623 -0.0731561 -0.271611
    outer loop
      vertex 48.0448 2.37938 15.4864
      vertex 47.9836 3.34535 15.01
      vertex 48.3902 7 15.4622
    endloop
  endfacet
  facet normal 0.959753 -0.0729478 -0.271205
    outer loop
      vertex 47.9836 3.34535 15.01
      vertex 48.0448 2.37938 15.4864
      vertex 48.0078 2.37887 15.3556
    endloop
  endfacet
  facet normal 0.959564 -0.073147 -0.271822
    outer loop
      vertex 48.2594 7 15
      vertex 47.9822 3.40263 14.9895
      vertex 48.2511 7 14.9707
    endloop
  endfacet
  facet normal 0.960489 -0.073228 -0.268513
    outer loop
      vertex 47.9822 3.40263 14.9895
      vertex 48.2594 7 15
      vertex 47.9829 3.37331 15
    endloop
  endfacet
  facet normal 0.287669 0 0.95773
    outer loop
      vertex 48.0876 7 16.4969
      vertex 48.0876 2.38144 16.4969
      vertex 48.4162 7 16.3982
    endloop
  endfacet
  facet normal 0.994783 -0.0747143 -0.0694537
    outer loop
      vertex 48.0867 2.37938 16.0849
      vertex 48.4378 7 16.1431
      vertex 48.1028 2.37938 16.3155
    endloop
  endfacet
  facet normal 0.994745 -0.0747042 -0.0700184
    outer loop
      vertex 48.4378 7 16.1431
      vertex 48.0867 2.37938 16.0849
      vertex 48.432 7 16.0607
    endloop
  endfacet
  facet normal 0.989387 0.127732 -0.0692654
    outer loop
      vertex 49.2917 -7 16.0006
      vertex 48.0448 2.37938 15.4864
      vertex 48.0867 2.37938 16.0849
    endloop
  endfacet
  facet normal 0.989387 0.127732 -0.0692654
    outer loop
      vertex 48.0448 2.37938 15.4864
      vertex 49.2917 -7 16.0006
      vertex 49.2498 -7 15.4021
    endloop
  endfacet
  facet normal -0.980634 -0.183451 0.0685808
    outer loop
      vertex 33.1098 -28.7762 18.5783
      vertex 29.2857 -9 16.7981
      vertex 32.9673 -28.7762 16.5407
    endloop
  endfacet
  facet normal -0.980635 -0.183453 0.0685591
    outer loop
      vertex 29.4979 -9 19.8333
      vertex 29.2857 -9 16.7981
      vertex 33.1098 -28.7762 18.5783
    endloop
  endfacet
  facet normal 0.277713 0.0944641 -0.956008
    outer loop
      vertex 47.9822 1.05794 14.9895
      vertex 48.1185 0.763498 15
      vertex 48.1569 0.420875 14.9773
    endloop
  endfacet
  facet normal 0.278234 0.0947115 -0.955832
    outer loop
      vertex 48.1185 0.763498 15
      vertex 47.9822 1.05794 14.9895
      vertex 47.9829 1.16185 15
    endloop
  endfacet
  facet normal 0.277846 0.0945275 -0.955964
    outer loop
      vertex 48.1015 0.914385 15.01
      vertex 47.9836 1.26093 15.01
      vertex 47.9883 1.92368 15.0769
    endloop
  endfacet
  facet normal -0.0743296 0.0531359 -0.995817
    outer loop
      vertex 43.6794 -4.37844 15.01
      vertex 38.9916 -0.0212752 15.5924
      vertex 46.7942 -0.0212752 15.01
    endloop
  endfacet
  facet normal -0.07432 0.0531327 -0.995818
    outer loop
      vertex 43.7599 -4.45325 15
      vertex 47.8064 -0.950375 14.8849
      vertex 48.8394 -9.1745 14.369
    endloop
  endfacet
  facet normal -0.0743125 0.053124 -0.995819
    outer loop
      vertex 46.9282 -0.0212752 15
      vertex 47.8064 -0.950375 14.8849
      vertex 43.7599 -4.45325 15
    endloop
  endfacet
  facet normal -0.0741956 0.0532348 -0.995822
    outer loop
      vertex 47.8064 -0.950375 14.8849
      vertex 46.9282 -0.0212752 15
      vertex 47.202 -0.0212752 14.9796
    endloop
  endfacet
  facet normal -0.123327 -0.00368745 -0.992359
    outer loop
      vertex 33.3606 -12.5558 16.3049
      vertex 29.2857 -9 16.7981
      vertex 33.3212 -11.9916 16.3077
    endloop
  endfacet
  facet normal -0.123387 -0.00377354 -0.992351
    outer loop
      vertex 33.3212 -11.9916 16.3077
      vertex 43.6794 -9.42007 15.01
      vertex 43.7101 -10.4239 15.01
    endloop
  endfacet
  facet normal -0.123388 -0.00377142 -0.992351
    outer loop
      vertex 43.6794 -9.42007 15.01
      vertex 33.3212 -11.9916 16.3077
      vertex 29.2857 -9 16.7981
    endloop
  endfacet
  facet normal -0.114615 -0.00817763 -0.993376
    outer loop
      vertex 48.6421 -9.67969 14.3939
      vertex 48.6999 -9.56659 14.3863
      vertex 48.6764 -9.62594 14.3895
    endloop
  endfacet
  facet normal -0.123394 -0.00376649 -0.992351
    outer loop
      vertex 43.7599 -9.42242 15
      vertex 48.6421 -9.67969 14.3939
      vertex 43.7901 -10.4118 15
    endloop
  endfacet
  facet normal -0.123386 -0.00362632 -0.992352
    outer loop
      vertex 48.6421 -9.67969 14.3939
      vertex 43.7599 -9.42242 15
      vertex 48.6999 -9.56659 14.3863
    endloop
  endfacet
  facet normal -0.12329 0 -0.992371
    outer loop
      vertex 43.6794 -9.42007 15.01
      vertex 38.9916 -0.0212752 15.5924
      vertex 43.6794 -4.37844 15.01
    endloop
  endfacet
  facet normal -0.12328 4.73206e-06 -0.992372
    outer loop
      vertex 38.9916 -0.0212752 15.5924
      vertex 43.6794 -9.42007 15.01
      vertex 29.2857 -9 16.7981
    endloop
  endfacet
  facet normal -0.123281 7.56308e-05 -0.992372
    outer loop
      vertex 43.7599 -9.42242 15
      vertex 48.8394 -9.1745 14.369
      vertex 48.6999 -9.56659 14.3863
    endloop
  endfacet
  facet normal -0.123277 0 -0.992372
    outer loop
      vertex 48.8394 -9.1745 14.369
      vertex 43.7599 -9.42242 15
      vertex 43.7599 -4.45325 15
    endloop
  endfacet
  facet normal 0.241876 0.00123798 0.970306
    outer loop
      vertex 48.8532 -7 16.3677
      vertex 48.0911 0.739433 16.5478
      vertex 48.0918 -7 16.5575
    endloop
  endfacet
  facet normal -0.129832 -0.0112652 -0.991472
    outer loop
      vertex 32.9673 -28.7762 16.5407
      vertex 29.2857 -9 16.7981
      vertex 33.3606 -12.5558 16.3049
    endloop
  endfacet
  facet normal 0.9546 0.124736 -0.270518
    outer loop
      vertex 48.0448 2.37938 15.4864
      vertex 47.9883 1.92368 15.0769
      vertex 48.0078 2.37887 15.3556
    endloop
  endfacet
  facet normal 0.954486 0.125002 -0.270798
    outer loop
      vertex 48.0448 2.37938 15.4864
      vertex 48.1015 0.914385 15.01
      vertex 47.9883 1.92368 15.0769
    endloop
  endfacet
  facet normal 0.954431 0.125054 -0.270965
    outer loop
      vertex 49.2498 -7 15.4021
      vertex 48.1015 0.914385 15.01
      vertex 48.0448 2.37938 15.4864
    endloop
  endfacet
  facet normal 0.954442 0.125058 -0.270924
    outer loop
      vertex 48.1015 0.914385 15.01
      vertex 49.2498 -7 15.4021
      vertex 49.1385 -7 15.01
    endloop
  endfacet
  facet normal 0.953918 0.124986 -0.272797
    outer loop
      vertex 49.1357 -7 15
      vertex 48.1569 0.420875 14.9773
      vertex 48.1185 0.763498 15
    endloop
  endfacet
  facet normal 0.954378 0.125051 -0.271154
    outer loop
      vertex 48.1569 0.420875 14.9773
      vertex 49.1357 -7 15
      vertex 49.1103 -7 14.9106
    endloop
  endfacet
  facet normal 0.98938 0.127731 -0.069362
    outer loop
      vertex 49.2974 -7 16.083
      vertex 48.1028 2.37938 16.3155
      vertex 48.098 2.50225 16.4733
    endloop
  endfacet
  facet normal 0.989401 0.127727 -0.0690779
    outer loop
      vertex 49.2974 -7 16.083
      vertex 48.0867 2.37938 16.0849
      vertex 48.1028 2.37938 16.3155
    endloop
  endfacet
  facet normal 0.989444 0.127732 -0.0684446
    outer loop
      vertex 48.0867 2.37938 16.0849
      vertex 49.2974 -7 16.083
      vertex 49.2917 -7 16.0006
    endloop
  endfacet
  facet normal 0.538976 0.0334604 0.841657
    outer loop
      vertex 48.0911 0.739433 16.5478
      vertex 49.2974 -7 16.083
      vertex 48.098 2.50225 16.4733
    endloop
  endfacet
  facet normal 0.539304 0.0335244 0.841443
    outer loop
      vertex 49.2974 -7 16.083
      vertex 48.0911 0.739433 16.5478
      vertex 48.8532 -7 16.3677
    endloop
  endfacet
  facet normal 0.537312 0.0335117 0.842718
    outer loop
      vertex 48.0911 0.739433 16.5478
      vertex 48.098 2.50225 16.4733
      vertex 48.0868 2.35743 16.4862
    endloop
  endfacet
  facet normal 0.121598 -0.0803072 0.989325
    outer loop
      vertex 40.309 -33.4874 18.6099
      vertex 37.2235 -34.5954 18.8992
      vertex 37.25 -35 18.8631
    endloop
  endfacet
  facet normal 0.121595 -0.0802957 0.989327
    outer loop
      vertex 40.309 -33.4874 18.6099
      vertex 37.1444 -34.1977 18.9412
      vertex 37.2235 -34.5954 18.8992
    endloop
  endfacet
  facet normal 0.121598 -0.0803119 0.989325
    outer loop
      vertex 40.309 -33.4874 18.6099
      vertex 37.014 -33.8137 18.9884
      vertex 37.1444 -34.1977 18.9412
    endloop
  endfacet
  facet normal 0.121584 -0.0801513 0.98934
    outer loop
      vertex 40.309 -33.4874 18.6099
      vertex 36.8347 -33.45 19.0399
      vertex 37.014 -33.8137 18.9884
    endloop
  endfacet
  facet normal 0.121578 -0.0804267 0.989318
    outer loop
      vertex 40.309 -33.4874 18.6099
      vertex 36.6094 -33.1128 19.095
      vertex 36.8347 -33.45 19.0399
    endloop
  endfacet
  facet normal 0.121657 -0.0797062 0.989367
    outer loop
      vertex 40.309 -33.4874 18.6099
      vertex 36.5861 -33.0863 19.1
      vertex 36.6094 -33.1128 19.095
    endloop
  endfacet
  facet normal 0.121573 -0.0802945 0.98933
    outer loop
      vertex 36.5861 -33.0863 19.1
      vertex 33.4237 -28.7604 19.8397
      vertex 35.6524 -34.5 19.1
    endloop
  endfacet
  facet normal 0.12159 -0.0802812 0.989328
    outer loop
      vertex 33.4237 -28.7604 19.8397
      vertex 36.5861 -33.0863 19.1
      vertex 40.309 -33.4874 18.6099
    endloop
  endfacet
  facet normal 0.121578 -0.0803153 0.989327
    outer loop
      vertex 43.866 -47.0653 17.0708
      vertex 41.0764 -48.4685 17.2997
      vertex 45.2688 -46.8671 16.9145
    endloop
  endfacet
  facet normal 0.121586 -0.080331 0.989325
    outer loop
      vertex 41.9517 -47.3358 17.2841
      vertex 41.0764 -48.4685 17.2997
      vertex 43.866 -47.0653 17.0708
    endloop
  endfacet
  facet normal 0.121595 -0.0802892 0.989327
    outer loop
      vertex 36.5886 -36.9109 18.7893
      vertex 41.9517 -47.3358 17.2841
      vertex 40.6357 -36.2416 18.3462
    endloop
  endfacet
  facet normal 0.121595 -0.0802993 0.989326
    outer loop
      vertex 37.25 -35 18.8631
      vertex 40.6357 -36.2416 18.3462
      vertex 40.309 -33.4874 18.6099
    endloop
  endfacet
  facet normal 0.121579 -0.0803408 0.989325
    outer loop
      vertex 40.6357 -36.2416 18.3462
      vertex 37.25 -35 18.8631
      vertex 37.2235 -35.4046 18.8335
    endloop
  endfacet
  facet normal 0.121565 -0.0803984 0.989322
    outer loop
      vertex 40.6357 -36.2416 18.3462
      vertex 37.2235 -35.4046 18.8335
      vertex 37.1444 -35.8023 18.8109
    endloop
  endfacet
  facet normal 0.121592 -0.0801942 0.989335
    outer loop
      vertex 40.6357 -36.2416 18.3462
      vertex 37.1444 -35.8023 18.8109
      vertex 37.014 -36.1863 18.7958
    endloop
  endfacet
  facet normal 0.121588 -0.080343 0.989324
    outer loop
      vertex 40.6357 -36.2416 18.3462
      vertex 37.014 -36.1863 18.7958
      vertex 36.8347 -36.55 18.7883
    endloop
  endfacet
  facet normal 0.12159 -0.0803599 0.989322
    outer loop
      vertex 36.6094 -36.8872 18.7886
      vertex 40.6357 -36.2416 18.3462
      vertex 36.8347 -36.55 18.7883
    endloop
  endfacet
  facet normal 0.121094 -0.0770465 0.989646
    outer loop
      vertex 36.5886 -36.9109 18.7893
      vertex 40.6357 -36.2416 18.3462
      vertex 36.6094 -36.8872 18.7886
    endloop
  endfacet
  facet normal 0.121558 -0.080309 0.98933
    outer loop
      vertex 41.9517 -47.3358 17.2841
      vertex 36.5886 -36.9109 18.7893
      vertex 41.0764 -48.4685 17.2997
    endloop
  endfacet
  facet normal -0.232041 -0.064872 -0.97054
    outer loop
      vertex 40.7611 -48.4999 15.9957
      vertex 40.8939 -34.228 15.01
      vertex 44.5995 -47.4826 15.01
    endloop
  endfacet
  facet normal -0.232039 -0.0648721 -0.970541
    outer loop
      vertex 40.8939 -34.228 15.01
      vertex 40.7611 -48.4999 15.9957
      vertex 32.9673 -28.7762 16.5407
    endloop
  endfacet
  facet normal -0.232038 -0.0648715 -0.970541
    outer loop
      vertex 44.6385 -47.4723 15
      vertex 40.9457 -34.2636 15
      vertex 55.8358 -44.5049 12.1246
    endloop
  endfacet
  facet normal 0.942689 0.327101 -0.0659
    outer loop
      vertex 50.6285 -12.5664 15.519
      vertex 50.6128 -12.6237 15.01
      vertex 50.5934 -12.5664 15.0169
    endloop
  endfacet
  facet normal 0.942834 0.32669 -0.0658583
    outer loop
      vertex 50.6128 -12.6237 15.01
      vertex 50.6285 -12.5664 15.519
      vertex 51.7463 -15.895 15.01
    endloop
  endfacet
  facet normal 0.942824 0.326695 -0.0659821
    outer loop
      vertex 51.7683 -15.9604 15
      vertex 54.8139 -25.0509 13.5093
      vertex 50.6408 -12.7065 15
    endloop
  endfacet
  facet normal 0.942838 0.326679 -0.0658528
    outer loop
      vertex 54.8805 -25.2283 13.5828
      vertex 54.8139 -25.0509 13.5093
      vertex 51.7683 -15.9604 15
    endloop
  endfacet
  facet normal 0.942817 0.326807 -0.065524
    outer loop
      vertex 54.8139 -25.0509 13.5093
      vertex 54.8805 -25.2283 13.5828
      vertex 54.8751 -25.2283 13.5051
    endloop
  endfacet
  facet normal -0.201969 -0.0187174 -0.979213
    outer loop
      vertex 40.8939 -34.228 15.01
      vertex 32.9673 -28.7762 16.5407
      vertex 40.3714 -28.59 15.01
    endloop
  endfacet
  facet normal -0.201964 -0.0187166 -0.979214
    outer loop
      vertex 40.4198 -28.5888 15
      vertex 53.7484 -29.6164 12.2706
      vertex 40.9457 -34.2636 15
    endloop
  endfacet
  facet normal -0.201965 -0.0187136 -0.979214
    outer loop
      vertex 40.9457 -34.2636 15
      vertex 53.7484 -29.6164 12.2706
      vertex 55.8358 -44.5049 12.1246
    endloop
  endfacet
  facet normal -0.200407 -0.0205369 -0.979497
    outer loop
      vertex 53.5902 -28.488 12.2816
      vertex 53.8879 -28.25 12.2157
      vertex 53.648 -28.4797 12.2696
    endloop
  endfacet
  facet normal -0.201968 -0.0187699 -0.979212
    outer loop
      vertex 53.7484 -29.6164 12.2706
      vertex 40.4198 -28.5888 15
      vertex 53.5902 -28.488 12.2816
    endloop
  endfacet
  facet normal -0.201971 -0.0185027 -0.979217
    outer loop
      vertex 53.5902 -28.488 12.2816
      vertex 40.4198 -28.5888 15
      vertex 53.8879 -28.25 12.2157
    endloop
  endfacet
  facet normal -0.202222 -0.00932828 -0.979295
    outer loop
      vertex 32.9673 -28.7762 16.5407
      vertex 39.8245 -16.7341 15.01
      vertex 40.3714 -28.59 15.01
    endloop
  endfacet
  facet normal -0.202214 -0.00933316 -0.979297
    outer loop
      vertex 39.8245 -16.7341 15.01
      vertex 32.9673 -28.7762 16.5407
      vertex 33.3606 -12.5558 16.3049
    endloop
  endfacet
  facet normal -0.202167 -0.00925792 -0.979307
    outer loop
      vertex 39.8245 -16.7341 15.01
      vertex 33.3606 -12.5558 16.3049
      vertex 33.3212 -11.9916 16.3077
    endloop
  endfacet
  facet normal -0.202218 -0.00932877 -0.979296
    outer loop
      vertex 39.8746 -16.7706 15
      vertex 53.8879 -28.25 12.2157
      vertex 40.4198 -28.5888 15
    endloop
  endfacet
  facet normal -0.202275 -0.00940125 -0.979284
    outer loop
      vertex 53.8879 -28.25 12.2157
      vertex 39.8746 -16.7706 15
      vertex 54.138 -27.9645 12.1613
    endloop
  endfacet
  facet normal -0.202184 -0.00928003 -0.979304
    outer loop
      vertex 54.138 -27.9645 12.1613
      vertex 39.8746 -16.7706 15
      vertex 54.4112 -27.7011 12.1024
    endloop
  endfacet
  facet normal -0.202134 -0.00921085 -0.979315
    outer loop
      vertex 54.4112 -27.7011 12.1024
      vertex 39.8746 -16.7706 15
      vertex 54.7179 -27.5952 12.0381
    endloop
  endfacet
  facet normal -0.898996 -0.37363 0.228488
    outer loop
      vertex 34.5516 -31.9263 19.1
      vertex 33.1098 -28.7762 18.5783
      vertex 34.3329 -31.912 18.2629
    endloop
  endfacet
  facet normal -0.89901 -0.373651 0.228399
    outer loop
      vertex 33.1098 -28.7762 18.5783
      vertex 34.5516 -31.9263 19.1
      vertex 33.4237 -28.7604 19.8397
    endloop
  endfacet
  facet normal -0.899101 -0.373614 0.228103
    outer loop
      vertex 33.4237 -28.7604 19.8397
      vertex 34.5516 -31.9263 19.1
      vertex 35.1056 -33.2595 19.1
    endloop
  endfacet
  facet normal -0.899016 -0.373635 0.2284
    outer loop
      vertex 36.5059 -37.0052 18.4841
      vertex 36.3769 -37.1523 17.7357
      vertex 40.803 -48.4999 16.5942
    endloop
  endfacet
  facet normal -0.927453 -0.368272 0.0648616
    outer loop
      vertex 32.9673 -28.7762 16.5407
      vertex 34.2422 -31.906 17
      vertex 33.1098 -28.7762 18.5783
    endloop
  endfacet
  facet normal -0.927453 -0.368272 0.0648608
    outer loop
      vertex 32.9673 -28.7762 16.5407
      vertex 36.3414 -37.1926 17
      vertex 34.2422 -31.906 17
    endloop
  endfacet
  facet normal -0.927454 -0.368275 0.0648217
    outer loop
      vertex 36.3414 -37.1926 17
      vertex 32.9673 -28.7762 16.5407
      vertex 40.7641 -48.4999 16.0382
    endloop
  endfacet
  facet normal -0.927446 -0.368284 0.0648906
    outer loop
      vertex 33.1098 -28.7762 18.5783
      vertex 34.2422 -31.906 17
      vertex 34.3266 -31.9116 18.1745
    endloop
  endfacet
  facet normal -0.927454 -0.368275 0.0648252
    outer loop
      vertex 36.342 -37.192 17.012
      vertex 40.7641 -48.4999 16.0382
      vertex 36.3654 -37.1654 17.4979
    endloop
  endfacet
  facet normal -0.927457 -0.368273 0.0647865
    outer loop
      vertex 40.7641 -48.4999 16.0382
      vertex 36.342 -37.192 17.012
      vertex 36.3414 -37.1926 17
    endloop
  endfacet
  facet normal -0.927494 -0.368244 0.0644334
    outer loop
      vertex 34.3329 -31.912 18.2629
      vertex 33.1098 -28.7762 18.5783
      vertex 34.3266 -31.9116 18.1745
    endloop
  endfacet
  facet normal -0.927425 -0.368292 0.0651389
    outer loop
      vertex 36.3654 -37.1654 17.4979
      vertex 40.803 -48.4999 16.5942
      vertex 36.3769 -37.1523 17.7357
    endloop
  endfacet
  facet normal -0.927447 -0.368281 0.064888
    outer loop
      vertex 40.803 -48.4999 16.5942
      vertex 36.3654 -37.1654 17.4979
      vertex 40.7641 -48.4999 16.0382
    endloop
  endfacet
  facet normal 0.181029 0.00781388 0.983447
    outer loop
      vertex 41.9673 -31.1862 18.2863
      vertex 33.4237 -28.7604 19.8397
      vertex 40.0289 -31.4614 18.6453
    endloop
  endfacet
  facet normal 0.181042 0.00784595 0.983444
    outer loop
      vertex 40.309 -33.4874 18.6099
      vertex 40.0289 -31.4614 18.6453
      vertex 33.4237 -28.7604 19.8397
    endloop
  endfacet
  facet normal 0.91212 0.336415 -0.234228
    outer loop
      vertex 50.6408 -12.7065 15
      vertex 50.5874 -12.7096 14.7876
      vertex 50.593 -12.5769 15
    endloop
  endfacet
  facet normal 0.912054 0.336602 -0.234215
    outer loop
      vertex 50.6408 -12.7065 15
      vertex 52.4884 -18.6368 13.672
      vertex 50.5874 -12.7096 14.7876
    endloop
  endfacet
  facet normal 0.912034 0.33661 -0.234282
    outer loop
      vertex 52.4884 -18.6368 13.672
      vertex 50.6408 -12.7065 15
      vertex 54.8139 -25.0509 13.5093
    endloop
  endfacet
  facet normal 0.911325 0.337018 -0.236441
    outer loop
      vertex 50.6128 -12.6237 15.01
      vertex 50.5932 -12.5707 15.01
      vertex 50.5934 -12.5664 15.0169
    endloop
  endfacet
  facet normal -0.135942 0.0837082 -0.987174
    outer loop
      vertex 39.8245 -16.7341 15.01
      vertex 33.3212 -11.9916 16.3077
      vertex 43.7101 -10.4239 15.01
    endloop
  endfacet
  facet normal -0.135939 0.0836589 -0.987179
    outer loop
      vertex 48.7188 -9.94446 14.3609
      vertex 43.7901 -10.4118 15
      vertex 48.6421 -9.67969 14.3939
    endloop
  endfacet
  facet normal -0.135942 0.0837065 -0.987174
    outer loop
      vertex 39.8746 -16.7706 15
      vertex 48.7188 -9.94446 14.3609
      vertex 54.7179 -27.5952 12.0381
    endloop
  endfacet
  facet normal -0.135943 0.0837085 -0.987174
    outer loop
      vertex 48.7188 -9.94446 14.3609
      vertex 39.8746 -16.7706 15
      vertex 43.7901 -10.4118 15
    endloop
  endfacet
  facet normal -0.136858 0.084364 -0.986992
    outer loop
      vertex 50.5727 -13.4787 13.8059
      vertex 50.568 -13.4056 13.8128
      vertex 50.5884 -13.4661 13.8048
    endloop
  endfacet
  facet normal 0.942807 0.326719 -0.0661049
    outer loop
      vertex 50.6346 -12.5664 15.606
      vertex 51.7463 -15.895 15.01
      vertex 50.6285 -12.5664 15.519
    endloop
  endfacet
  facet normal 0.942831 0.32669 -0.0658992
    outer loop
      vertex 55.0006 -25.2283 15.3007
      vertex 51.7463 -15.895 15.01
      vertex 50.6346 -12.5664 15.606
    endloop
  endfacet
  facet normal 0.942834 0.326693 -0.0658395
    outer loop
      vertex 51.7463 -15.895 15.01
      vertex 55.0006 -25.2283 15.3007
      vertex 54.9803 -25.2283 15.01
    endloop
  endfacet
  facet normal 0.94283 0.326688 -0.0659289
    outer loop
      vertex 54.8805 -25.2283 13.5828
      vertex 51.7683 -15.9604 15
      vertex 54.9796 -25.2283 15
    endloop
  endfacet
  facet normal -0.92741 -0.368274 0.0654642
    outer loop
      vertex 40.7641 -48.4999 16.0382
      vertex 32.9673 -28.7762 16.5407
      vertex 40.7611 -48.4999 15.9957
    endloop
  endfacet
  facet normal 0.904004 0.339227 -0.260197
    outer loop
      vertex 50.5874 -12.7096 14.7876
      vertex 50.5884 -13.4661 13.8048
      vertex 50.568 -13.4056 13.8128
    endloop
  endfacet
  facet normal 0.904185 0.338924 -0.259963
    outer loop
      vertex 50.5884 -13.4661 13.8048
      vertex 50.5874 -12.7096 14.7876
      vertex 52.4884 -18.6368 13.672
    endloop
  endfacet
  facet normal 0.13879 -0.990274 -0.00971032
    outer loop
      vertex 40.803 -48.4999 16.5942
      vertex 40.7641 -48.4999 16.0382
      vertex 41.0764 -48.4685 17.2997
    endloop
  endfacet
  facet normal -0.857441 -0.377951 0.349211
    outer loop
      vertex 35.6524 -34.5 19.1
      vertex 33.4237 -28.7604 19.8397
      vertex 35.1056 -33.2595 19.1
    endloop
  endfacet
  facet normal -0.857473 -0.377953 0.349129
    outer loop
      vertex 36.5059 -37.0052 18.4841
      vertex 41.0764 -48.4685 17.2997
      vertex 36.5886 -36.9109 18.7893
    endloop
  endfacet
  facet normal -0.857478 -0.377954 0.349117
    outer loop
      vertex 41.0764 -48.4685 17.2997
      vertex 36.5059 -37.0052 18.4841
      vertex 40.803 -48.4999 16.5942
    endloop
  endfacet
  facet normal 0.138829 -0.990268 -0.00977031
    outer loop
      vertex 55.4537 -46.4303 15.01
      vertex 59.6988 -45.841 15.6016
      vertex 41.0764 -48.4685 17.2997
    endloop
  endfacet
  facet normal 0.138818 -0.99027 -0.00968782
    outer loop
      vertex 59.6988 -45.841 15.6016
      vertex 55.4537 -46.4303 15.01
      vertex 59.2509 -45.898 15.01
    endloop
  endfacet
  facet normal 0.138836 -0.990269 -0.0095727
    outer loop
      vertex 59.2433 -45.8989 15
      vertex 55.5165 -46.4214 15
      vertex 58.8423 -45.95 14.4703
    endloop
  endfacet
  facet normal 0.138821 -0.990269 -0.00979911
    outer loop
      vertex 44.6463 -47.9455 15.01
      vertex 40.7641 -48.4999 16.0382
      vertex 40.7611 -48.4999 15.9957
    endloop
  endfacet
  facet normal 0.138504 -0.990301 -0.0110135
    outer loop
      vertex 40.7641 -48.4999 16.0382
      vertex 44.6463 -47.9455 15.01
      vertex 44.775 -47.9275 15.01
    endloop
  endfacet
  facet normal 0.138929 -0.990258 -0.00931477
    outer loop
      vertex 44.814 -47.9219 15
      vertex 44.6857 -47.9399 15
      vertex 57.1252 -46.165 11.8441
    endloop
  endfacet
  facet normal 0.0903992 0.00296856 0.995901
    outer loop
      vertex 45.2688 -46.8671 16.9145
      vertex 57.8387 -45.554 15.7696
      vertex 57.7754 -45.1025 15.774
    endloop
  endfacet
  facet normal 0.0904092 0.00287235 0.995901
    outer loop
      vertex 45.2688 -46.8671 16.9145
      vertex 57.9142 -46.0928 15.7643
      vertex 57.8387 -45.554 15.7696
    endloop
  endfacet
  facet normal -0.151193 0.977794 -0.145116
    outer loop
      vertex 57.9142 -46.0928 15.7643
      vertex 41.0764 -48.4685 17.2997
      vertex 59.6988 -45.841 15.6016
    endloop
  endfacet
  facet normal 0.0904097 0.00286454 0.995901
    outer loop
      vertex 41.0764 -48.4685 17.2997
      vertex 57.9142 -46.0928 15.7643
      vertex 45.2688 -46.8671 16.9145
    endloop
  endfacet
  facet normal -0.242552 -0.0245225 -0.969828
    outer loop
      vertex 44.6463 -47.9455 15.01
      vertex 40.7611 -48.4999 15.9957
      vertex 44.5995 -47.4826 15.01
    endloop
  endfacet
  facet normal -0.242547 -0.0245186 -0.96983
    outer loop
      vertex 44.6857 -47.9399 15
      vertex 55.8358 -44.5049 12.1246
      vertex 57.1252 -46.165 11.8441
    endloop
  endfacet
  facet normal -0.242558 -0.024484 -0.969828
    outer loop
      vertex 55.8358 -44.5049 12.1246
      vertex 44.6857 -47.9399 15
      vertex 44.6385 -47.4723 15
    endloop
  endfacet
  facet normal -0.242519 -0.0244952 -0.969837
    outer loop
      vertex 55.8358 -44.5049 12.1246
      vertex 54.6262 -28.3401 12.0188
      vertex 57.1252 -46.165 11.8441
    endloop
  endfacet
  facet normal -0.242576 -0.0244993 -0.969823
    outer loop
      vertex 54.6262 -28.3401 12.0188
      vertex 55.8358 -44.5049 12.1246
      vertex 53.7484 -29.6164 12.2706
    endloop
  endfacet
  facet normal -0.145778 0.989154 -0.017998
    outer loop
      vertex 54.6262 -28.3401 12.0188
      vertex 53.5902 -28.488 12.2816
      vertex 53.648 -28.4797 12.2696
    endloop
  endfacet
  facet normal -0.242513 -0.0245456 -0.969838
    outer loop
      vertex 53.7484 -29.6164 12.2706
      vertex 53.5902 -28.488 12.2816
      vertex 54.6262 -28.3401 12.0188
    endloop
  endfacet
  facet normal -0.138842 0.990267 0.00971525
    outer loop
      vertex 73.0528 -25.7736 13.7376
      vertex 72.4076 -25.835 10.7754
      vertex 72.6399 -25.8256 13.1371
    endloop
  endfacet
  facet normal 0.987858 0.139159 -0.0690726
    outer loop
      vertex 73.9229 -25.7736 26.1813
      vertex 73.65 -28.8899 16
      vertex 73.2429 -26 16
    endloop
  endfacet
  facet normal 0.987856 0.139172 -0.0690765
    outer loop
      vertex 76.4219 -43.5984 26.0066
      vertex 73.65 -28.8899 16
      vertex 73.9229 -25.7736 26.1813
    endloop
  endfacet
  facet normal 0.987855 0.139196 -0.0690413
    outer loop
      vertex 73.65 -28.8899 16
      vertex 76.4219 -43.5984 26.0066
      vertex 73.65 -28.9333 15.9125
    endloop
  endfacet
  facet normal 0.987811 0.13949 -0.0690768
    outer loop
      vertex 73.2429 -26 16
      vertex 73.1417 -25.7736 15.01
      vertex 73.9229 -25.7736 26.1813
    endloop
  endfacet
  facet normal 0.987849 0.139189 -0.0691494
    outer loop
      vertex 73.1417 -25.7736 15.01
      vertex 73.2429 -26 16
      vertex 73.1736 -26 15.01
    endloop
  endfacet
  facet normal 0.987858 0.13919 -0.0690117
    outer loop
      vertex 73.0956 -26 13.8935
      vertex 73.141 -25.7736 15
      vertex 73.1729 -26 15
    endloop
  endfacet
  facet normal 0.987853 0.139223 -0.0690182
    outer loop
      vertex 73.141 -25.7736 15
      vertex 73.0956 -26 13.8935
      vertex 73.0528 -25.7736 13.7376
    endloop
  endfacet
  facet normal 0.138837 -0.990268 -0.0097112
    outer loop
      vertex 59.6988 -45.841 15.6016
      vertex 75.173 -43.7766 26.3202
      vertex 57.9142 -46.0928 15.7643
    endloop
  endfacet
  facet normal 0.138759 -0.990279 -0.00964212
    outer loop
      vertex 59.7626 -45.8263 15.01
      vertex 59.6988 -45.841 15.6016
      vertex 59.2509 -45.898 15.01
    endloop
  endfacet
  facet normal 0.138788 -0.990275 -0.00963885
    outer loop
      vertex 59.6988 -45.841 15.6016
      vertex 59.7626 -45.8263 15.01
      vertex 75.173 -43.7766 26.3202
    endloop
  endfacet
  facet normal 0.138672 -0.990293 -0.00944619
    outer loop
      vertex 58.8423 -45.95 14.4703
      vertex 59.7489 -45.8281 15
      vertex 59.2433 -45.8989 15
    endloop
  endfacet
  facet normal 0.138772 -0.990278 -0.00962004
    outer loop
      vertex 59.7489 -45.8281 15
      vertex 58.8423 -45.95 14.4703
      vertex 57.2159 -46.165 13.1409
    endloop
  endfacet
  facet normal -0.51218 -0.0802359 0.855122
    outer loop
      vertex 61.5295 -40.6772 18.4379
      vertex 59.5256 -43.3251 16.9892
      vertex 59.7379 -44.8391 16.9743
    endloop
  endfacet
  facet normal -0.512234 -0.0803286 0.855081
    outer loop
      vertex 70.224 -43.4319 23.3879
      vertex 75.173 -43.7766 26.3202
      vertex 72.3811 -43.1424 24.7073
    endloop
  endfacet
  facet normal -0.512238 -0.0802122 0.85509
    outer loop
      vertex 61.5295 -40.6772 18.4379
      vertex 70.224 -43.4319 23.3879
      vertex 70.1111 -42.6267 23.3958
    endloop
  endfacet
  facet normal -0.512236 -0.0802015 0.855092
    outer loop
      vertex 59.7379 -44.8391 16.9743
      vertex 70.224 -43.4319 23.3879
      vertex 61.5295 -40.6772 18.4379
    endloop
  endfacet
  facet normal -0.512243 -0.0801498 0.855092
    outer loop
      vertex 57.9142 -46.0928 15.7643
      vertex 70.224 -43.4319 23.3879
      vertex 59.7379 -44.8391 16.9743
    endloop
  endfacet
  facet normal -0.512209 -0.0802135 0.855107
    outer loop
      vertex 57.9142 -46.0928 15.7643
      vertex 59.7379 -44.8391 16.9743
      vertex 58.2745 -45.0355 16.0793
    endloop
  endfacet
  facet normal -0.512232 -0.0802042 0.855094
    outer loop
      vertex 70.224 -43.4319 23.3879
      vertex 57.9142 -46.0928 15.7643
      vertex 75.173 -43.7766 26.3202
    endloop
  endfacet
  facet normal -0.511771 -0.0807377 0.85532
    outer loop
      vertex 57.8387 -45.554 15.7696
      vertex 58.2745 -45.0355 16.0793
      vertex 58.2677 -44.9871 16.0798
    endloop
  endfacet
  facet normal -0.512253 -0.0801913 0.855083
    outer loop
      vertex 58.2745 -45.0355 16.0793
      vertex 57.8387 -45.554 15.7696
      vertex 57.9142 -46.0928 15.7643
    endloop
  endfacet
  facet normal 0.967188 0.137693 -0.213515
    outer loop
      vertex 75.5518 -43.5984 13.5629
      vertex 73.65 -31.1126 13
      vertex 73.65 -30.0335 13.6959
    endloop
  endfacet
  facet normal 0.967184 0.137692 -0.213534
    outer loop
      vertex 73.65 -31.1126 13
      vertex 75.5518 -43.5984 13.5629
      vertex 74.7566 -42 10.9918
    endloop
  endfacet
  facet normal 0.967184 0.137632 -0.213572
    outer loop
      vertex 74.7566 -42 10.9918
      vertex 75.5518 -43.5984 13.5629
      vertex 75.3442 -43.6182 12.61
    endloop
  endfacet
  facet normal 0.967134 0.137724 -0.213737
    outer loop
      vertex 74.7345 -42 10.8918
      vertex 73.65 -31.1126 13
      vertex 74.7566 -42 10.9918
    endloop
  endfacet
  facet normal 0.967209 0.137673 -0.213433
    outer loop
      vertex 73.65 -31.1126 13
      vertex 74.7345 -42 10.8918
      vertex 73.4887 -29.9794 13
    endloop
  endfacet
  facet normal 0.967098 0.137491 -0.214051
    outer loop
      vertex 73.0762 -26 13.6979
      vertex 73.0528 -25.7736 13.7376
      vertex 73.0845 -26 13.7354
    endloop
  endfacet
  facet normal 0.967247 0.137398 -0.213435
    outer loop
      vertex 72.9222 -26 13
      vertex 73.0528 -25.7736 13.7376
      vertex 73.0762 -26 13.6979
    endloop
  endfacet
  facet normal 0.967185 0.137705 -0.213518
    outer loop
      vertex 73.0528 -25.7736 13.7376
      vertex 72.9222 -26 13
      vertex 72.4076 -25.835 10.7754
    endloop
  endfacet
  facet normal 0.967187 0.137687 -0.21352
    outer loop
      vertex 73.4887 -29.9794 13
      vertex 72.4076 -25.835 10.7754
      vertex 72.9222 -26 13
    endloop
  endfacet
  facet normal 0.967259 0.137642 -0.213226
    outer loop
      vertex 74.6739 -42 10.6169
      vertex 73.4887 -29.9794 13
      vertex 74.7345 -42 10.8918
    endloop
  endfacet
  facet normal 0.967189 0.137691 -0.213512
    outer loop
      vertex 73.4887 -29.9794 13
      vertex 74.6739 -42 10.6169
      vertex 72.4076 -25.835 10.7754
    endloop
  endfacet
  facet normal -0.512315 -0.0802091 0.855044
    outer loop
      vertex 57.5026 -39.5299 16.1333
      vertex 57.9284 -45.082 15.8676
      vertex 58.2677 -44.9871 16.0798
    endloop
  endfacet
  facet normal -0.512293 -0.080208 0.855057
    outer loop
      vertex 57.9284 -45.082 15.8676
      vertex 57.5026 -39.5299 16.1333
      vertex 57.134 -39.4154 15.9232
    endloop
  endfacet
  facet normal -0.512325 -0.0801663 0.855042
    outer loop
      vertex 57.9284 -45.082 15.8676
      vertex 57.8387 -45.554 15.7696
      vertex 58.2677 -44.9871 16.0798
    endloop
  endfacet
  facet normal -0.512339 -0.0801621 0.855034
    outer loop
      vertex 57.8387 -45.554 15.7696
      vertex 57.9284 -45.082 15.8676
      vertex 57.7754 -45.1025 15.774
    endloop
  endfacet
  facet normal -0.512216 -0.080199 0.855104
    outer loop
      vertex 60.296 -40.397 17.7253
      vertex 59.5256 -43.3251 16.9892
      vertex 61.5295 -40.6772 18.4379
    endloop
  endfacet
  facet normal -0.512241 -0.0801891 0.85509
    outer loop
      vertex 59.5256 -43.3251 16.9892
      vertex 60.296 -40.397 17.7253
      vertex 59.0613 -40.0137 17.0216
    endloop
  endfacet
  facet normal 0.987855 0.139176 -0.0690866
    outer loop
      vertex 73.65 -28.9333 15.9125
      vertex 75.653 -43.5984 15.01
      vertex 73.65 -29.3813 15.01
    endloop
  endfacet
  facet normal 0.987856 0.139175 -0.0690725
    outer loop
      vertex 75.653 -43.5984 15.01
      vertex 73.65 -28.9333 15.9125
      vertex 76.4219 -43.5984 26.0066
    endloop
  endfacet
  facet normal 0.987855 0.139175 -0.0690806
    outer loop
      vertex 75.6523 -43.5984 15
      vertex 73.65 -30.0335 13.6959
      vertex 73.65 -29.3862 15
    endloop
  endfacet
  facet normal 0.987855 0.139175 -0.0690832
    outer loop
      vertex 73.65 -30.0335 13.6959
      vertex 75.6523 -43.5984 15
      vertex 75.5518 -43.5984 13.5629
    endloop
  endfacet
  facet normal 0.987862 0.138992 -0.0693565
    outer loop
      vertex 73.0845 -26 13.7354
      vertex 73.0528 -25.7736 13.7376
      vertex 73.0956 -26 13.8935
    endloop
  endfacet
  facet normal 0.13902 -0.990242 -0.00972052
    outer loop
      vertex 76.4219 -43.5984 26.0066
      vertex 75.3403 -43.6423 15.01
      vertex 75.653 -43.5984 15.01
    endloop
  endfacet
  facet normal 0.13889 -0.99026 -0.00971289
    outer loop
      vertex 75.3393 -43.6423 15
      vertex 75.5518 -43.5984 13.5629
      vertex 75.6523 -43.5984 15
    endloop
  endfacet
  facet normal 0.138893 -0.99026 -0.00971231
    outer loop
      vertex 75.1075 -43.6517 12.6435
      vertex 75.5518 -43.5984 13.5629
      vertex 75.3393 -43.6423 15
    endloop
  endfacet
  facet normal 0.138786 -0.990275 -0.00965947
    outer loop
      vertex 75.5518 -43.5984 13.5629
      vertex 75.1075 -43.6517 12.6435
      vertex 75.3442 -43.6182 12.61
    endloop
  endfacet
  facet normal 0.937934 0.340568 -0.0655305
    outer loop
      vertex 73.0528 -25.7736 13.7376
      vertex 67.2524 -9.55623 15
      vertex 73.141 -25.7736 15
    endloop
  endfacet
  facet normal 0.937935 0.340567 -0.0655174
    outer loop
      vertex 67.2524 -9.55623 15
      vertex 73.0528 -25.7736 13.7376
      vertex 66.7618 -8.36333 14.1775
    endloop
  endfacet
  facet normal 0.937931 0.340565 -0.0655887
    outer loop
      vertex 73.1417 -25.7736 15.01
      vertex 67.2584 -9.57073 15.01
      vertex 73.9229 -25.7736 26.1813
    endloop
  endfacet
  facet normal 0.775428 0.294307 -0.558655
    outer loop
      vertex 73.0528 -25.7736 13.7376
      vertex 67.1417 -10.753 13.4459
      vertex 66.7618 -8.36333 14.1775
    endloop
  endfacet
  facet normal 0.775424 0.294305 -0.558662
    outer loop
      vertex 67.1417 -10.753 13.4459
      vertex 73.0528 -25.7736 13.7376
      vertex 72.6399 -25.8256 13.1371
    endloop
  endfacet
  facet normal 0.937933 0.340558 -0.0655831
    outer loop
      vertex 67.7714 -8.36333 28.6164
      vertex 67.2584 -9.57073 15.01
      vertex 66.82 -8.36333 15.01
    endloop
  endfacet
  facet normal 0.93793 0.340568 -0.0655838
    outer loop
      vertex 67.2584 -9.57073 15.01
      vertex 67.7714 -8.36333 28.6164
      vertex 73.9229 -25.7736 26.1813
    endloop
  endfacet
  facet normal 0.937943 0.340534 -0.0655705
    outer loop
      vertex 67.2524 -9.55623 15
      vertex 66.7618 -8.36333 14.1775
      vertex 66.8193 -8.36333 15
    endloop
  endfacet
  facet normal 0.625454 0.317622 -0.712687
    outer loop
      vertex 66.5306 -9.02346 13.6804
      vertex 66.7618 -8.36333 14.1775
      vertex 67.1417 -10.753 13.4459
    endloop
  endfacet
  facet normal 0.625527 0.317567 -0.712648
    outer loop
      vertex 66.3076 -8.39301 13.7656
      vertex 66.7618 -8.36333 14.1775
      vertex 66.5306 -9.02346 13.6804
    endloop
  endfacet
  facet normal 0.671771 0 -0.740759
    outer loop
      vertex 66.7618 -8.36333 14.1775
      vertex 66.3076 -8.39301 13.7656
      vertex 66.3076 -8.393 13.7656
    endloop
  endfacet
  facet normal 0.988565 0.134078 -0.0690048
    outer loop
      vertex 66.6951 -7.44791 15
      vertex 65.3046 2.43349 14.2794
      vertex 65.3549 2.43349 15
    endloop
  endfacet
  facet normal 0.988563 0.134074 -0.0690537
    outer loop
      vertex 65.3046 2.43349 14.2794
      vertex 66.6951 -7.44791 15
      vertex 66.7618 -8.36333 14.1775
    endloop
  endfacet
  facet normal 0.988556 0.134077 -0.0691371
    outer loop
      vertex 65.6732 2.43349 19.5512
      vertex 66.6943 -7.43678 15.01
      vertex 65.3556 2.43349 15.01
    endloop
  endfacet
  facet normal 0.988557 0.134076 -0.0691343
    outer loop
      vertex 66.6943 -7.43678 15.01
      vertex 65.6732 2.43349 19.5512
      vertex 65.9758 2.43349 23.8781
    endloop
  endfacet
  facet normal 0.665143 0.0967634 -0.74042
    outer loop
      vertex 65.0187 1.04297 13.8409
      vertex 66.7618 -8.36333 14.1775
      vertex 66.3076 -8.393 13.7656
    endloop
  endfacet
  facet normal 0.665101 0.0967542 -0.740459
    outer loop
      vertex 66.7618 -8.36333 14.1775
      vertex 65.0187 1.04297 13.8409
      vertex 65.3046 2.43349 14.2794
    endloop
  endfacet
  facet normal 0.665191 0.0967122 -0.740384
    outer loop
      vertex 64.7646 1.71125 13.6999
      vertex 65.3046 2.43349 14.2794
      vertex 65.0187 1.04297 13.8409
    endloop
  endfacet
  facet normal 0.6651 0.0968328 -0.740449
    outer loop
      vertex 65.3046 2.43349 14.2794
      vertex 64.7646 1.71125 13.6999
      vertex 64.8371 2.42528 13.8584
    endloop
  endfacet
  facet normal 0.665228 0.0967768 -0.740342
    outer loop
      vertex 64.035 2.21951 13.1108
      vertex 65.0187 1.04297 13.8409
      vertex 64.4327 -2.19798 12.8907
    endloop
  endfacet
  facet normal 0.665183 0.0967075 -0.740392
    outer loop
      vertex 65.0187 1.04297 13.8409
      vertex 64.035 2.21951 13.1108
      vertex 64.7646 1.71125 13.6999
    endloop
  endfacet
  facet normal 0.665169 0.0967741 -0.740396
    outer loop
      vertex 64.035 2.21951 13.1108
      vertex 64.4327 -2.19798 12.8907
      vertex 63.4244 -8.58137 11.1505
    endloop
  endfacet
  facet normal 0.988545 0.13408 -0.0692861
    outer loop
      vertex 67.7714 -8.36333 28.6164
      vertex 66.338 2.43349 29.0589
      vertex 66.3325 2.62519 29.3514
    endloop
  endfacet
  facet normal 0.988557 0.134075 -0.0691254
    outer loop
      vertex 66.338 2.43349 29.0589
      vertex 67.7714 -8.36333 28.6164
      vertex 66.6943 -7.43678 15.01
    endloop
  endfacet
  facet normal 0.988553 0.134112 -0.0691225
    outer loop
      vertex 66.6943 -7.43678 15.01
      vertex 67.7714 -8.36333 28.6164
      vertex 66.82 -8.36333 15.01
    endloop
  endfacet
  facet normal 0.988561 0.134057 -0.0691122
    outer loop
      vertex 65.9758 2.43349 23.8781
      vertex 66.338 2.43349 29.0589
      vertex 66.6943 -7.43678 15.01
    endloop
  endfacet
  facet normal 0.988552 0.134122 -0.0691085
    outer loop
      vertex 66.7618 -8.36333 14.1775
      vertex 66.6951 -7.44791 15
      vertex 66.8193 -8.36333 15
    endloop
  endfacet
  facet normal 0.522571 0.123566 -0.843594
    outer loop
      vertex 63.2418 1.38697 12.4975
      vertex 64.035 2.21951 13.1108
      vertex 63.4244 -8.58137 11.1505
    endloop
  endfacet
  facet normal 0.522713 0.123385 -0.843533
    outer loop
      vertex 64.035 2.21951 13.1108
      vertex 63.2418 1.38697 12.4975
      vertex 63.8295 2.13571 12.9712
    endloop
  endfacet
  facet normal 0.52263 0.123562 -0.843558
    outer loop
      vertex 63.2418 1.38697 12.4975
      vertex 63.4244 -8.58137 11.1505
      vertex 62.131 1.38697 11.8093
    endloop
  endfacet
  facet normal 0.994574 -0.0774815 -0.0694242
    outer loop
      vertex 65.3046 2.43349 14.2794
      vertex 65.7513 7.52179 15
      vertex 65.3549 2.43349 15
    endloop
  endfacet
  facet normal 0.994566 -0.0774617 -0.0695592
    outer loop
      vertex 65.7513 7.52179 15
      vertex 65.3046 2.43349 14.2794
      vertex 65.7642 8.36333 14.2473
    endloop
  endfacet
  facet normal 0.994565 -0.0774751 -0.0695573
    outer loop
      vertex 65.6732 2.43349 19.5512
      vertex 65.3556 2.43349 15.01
      vertex 65.7511 7.51061 15.01
    endloop
  endfacet
  facet normal 0.668808 -0.0558499 -0.741334
    outer loop
      vertex 65.3046 2.43349 14.2794
      vertex 65.31 8.393 13.8353
      vertex 65.7642 8.36333 14.2473
    endloop
  endfacet
  facet normal 0.668681 -0.0558583 -0.741448
    outer loop
      vertex 65.31 8.393 13.8353
      vertex 65.3046 2.43349 14.2794
      vertex 64.8371 2.42528 13.8584
    endloop
  endfacet
  facet normal 0.668676 -0.0557626 -0.74146
    outer loop
      vertex 63.2418 1.38697 12.4975
      vertex 63.8028 2.25034 12.9385
      vertex 63.8295 2.13571 12.9712
    endloop
  endfacet
  facet normal 0.668764 -0.0558637 -0.741373
    outer loop
      vertex 63.8028 2.25034 12.9385
      vertex 63.2418 1.38697 12.4975
      vertex 62.4269 8.58137 11.2203
    endloop
  endfacet
  facet normal 0.994574 -0.0774112 -0.0695026
    outer loop
      vertex 65.8168 8.36333 15
      vertex 65.7513 7.52179 15
      vertex 65.7642 8.36333 14.2473
    endloop
  endfacet
  facet normal 0.994566 -0.0774652 -0.0695522
    outer loop
      vertex 65.9758 2.43349 23.8781
      vertex 65.8175 8.36333 15.01
      vertex 66.7739 8.36333 28.6861
    endloop
  endfacet
  facet normal 0.994566 -0.0774687 -0.0695545
    outer loop
      vertex 65.6732 2.43349 19.5512
      vertex 65.8175 8.36333 15.01
      vertex 65.9758 2.43349 23.8781
    endloop
  endfacet
  facet normal 0.994566 -0.0774815 -0.0695321
    outer loop
      vertex 65.9758 2.43349 23.8781
      vertex 66.7739 8.36333 28.6861
      vertex 66.338 2.43349 29.0589
    endloop
  endfacet
  facet normal 0.99457 -0.0774456 -0.0695243
    outer loop
      vertex 65.8175 8.36333 15.01
      vertex 65.6732 2.43349 19.5512
      vertex 65.7511 7.51061 15.01
    endloop
  endfacet
  facet normal 0.524486 -0.0908785 -0.846555
    outer loop
      vertex 62.131 1.38697 11.8093
      vertex 62.4269 8.58137 11.2203
      vertex 63.2418 1.38697 12.4975
    endloop
  endfacet
  facet normal 0.524368 -0.0908796 -0.846628
    outer loop
      vertex 62.4269 8.58137 11.2203
      vertex 62.131 1.38697 11.8093
      vertex 61.7338 -0.91043 11.8099
    endloop
  endfacet
  facet normal 0.987856 -0.139172 -0.0690771
    outer loop
      vertex 72.5014 43.5984 27.2832
      vertex 69.7274 30 15.01
      vertex 71.5615 43.5984 13.8419
    endloop
  endfacet
  facet normal 0.987856 -0.139175 -0.0690736
    outer loop
      vertex 69.7274 30 15.01
      vertex 72.5014 43.5984 27.2832
      vertex 69.32 27.1083 15.01
    endloop
  endfacet
  facet normal 0.98785 -0.139177 -0.0691495
    outer loop
      vertex 69.7267 30 15
      vertex 71.5615 43.5984 13.8419
      vertex 69.7274 30 15.01
    endloop
  endfacet
  facet normal 0.987855 -0.139174 -0.0690809
    outer loop
      vertex 69.0625 25.7736 14.0167
      vertex 69.7267 30 15
      vertex 69.3174 27.0948 15
    endloop
  endfacet
  facet normal 0.987855 -0.139173 -0.0690874
    outer loop
      vertex 69.7267 30 15
      vertex 69.0625 25.7736 14.0167
      vertex 71.5615 43.5984 13.8419
    endloop
  endfacet
  facet normal 0.748792 -0.150408 -0.645514
    outer loop
      vertex 69.0625 25.7736 14.0167
      vertex 65.7526 10.7788 13.6711
      vertex 68.6297 25.8292 13.5017
    endloop
  endfacet
  facet normal 0.748756 -0.150399 -0.645557
    outer loop
      vertex 65.7526 10.7788 13.6711
      vertex 69.0625 25.7736 14.0167
      vertex 65.7642 8.36333 14.2473
    endloop
  endfacet
  facet normal 0.655593 -0.172233 -0.73521
    outer loop
      vertex 65.7642 8.36333 14.2473
      vertex 65.4266 9.02139 13.7921
      vertex 65.7526 10.7788 13.6711
    endloop
  endfacet
  facet normal 0.671861 0 -0.740678
    outer loop
      vertex 65.31 8.39301 13.8353
      vertex 65.7642 8.36333 14.2473
      vertex 65.31 8.393 13.8353
    endloop
  endfacet
  facet normal 0.655628 -0.172199 -0.735187
    outer loop
      vertex 65.7642 8.36333 14.2473
      vertex 65.31 8.39301 13.8353
      vertex 65.4266 9.02139 13.7921
    endloop
  endfacet
  facet normal 0.980041 -0.186625 -0.068487
    outer loop
      vertex 65.8168 8.36333 15
      vertex 65.7642 8.36333 14.2473
      vertex 66.0057 9.35532 15
    endloop
  endfacet
  facet normal 0.980048 -0.186571 -0.0685336
    outer loop
      vertex 66.7739 8.36333 28.6861
      vertex 66.0089 9.3685 15.01
      vertex 70.0024 25.7736 27.4579
    endloop
  endfacet
  facet normal 0.98004 -0.186615 -0.0685363
    outer loop
      vertex 66.0089 9.3685 15.01
      vertex 66.7739 8.36333 28.6861
      vertex 65.8175 8.36333 15.01
    endloop
  endfacet
  facet normal 0.987856 -0.139172 -0.0690772
    outer loop
      vertex 70.0024 25.7736 27.4579
      vertex 69.32 27.1083 15.01
      vertex 72.5014 43.5984 27.2832
    endloop
  endfacet
  facet normal 0.98786 -0.139146 -0.0690746
    outer loop
      vertex 69.32 27.1083 15.01
      vertex 70.0024 25.7736 27.4579
      vertex 69.132 25.7736 15.01
    endloop
  endfacet
  facet normal 0.987857 -0.139146 -0.0691188
    outer loop
      vertex 69.1313 25.7736 15
      vertex 69.0625 25.7736 14.0167
      vertex 69.3174 27.0948 15
    endloop
  endfacet
  facet normal 0.980045 -0.186574 -0.0685722
    outer loop
      vertex 66.0057 9.35532 15
      vertex 69.0625 25.7736 14.0167
      vertex 69.1313 25.7736 15
    endloop
  endfacet
  facet normal 0.980046 -0.186574 -0.068556
    outer loop
      vertex 69.0625 25.7736 14.0167
      vertex 66.0057 9.35532 15
      vertex 65.7642 8.36333 14.2473
    endloop
  endfacet
  facet normal 0.980048 -0.186575 -0.0685283
    outer loop
      vertex 70.0024 25.7736 27.4579
      vertex 66.0089 9.3685 15.01
      vertex 69.132 25.7736 15.01
    endloop
  endfacet
  facet normal -0.138742 -0.990281 0.00968546
    outer loop
      vertex 68.6297 25.8292 13.5017
      vertex 68.4871 25.835 12.052
      vertex 69.0625 25.7736 14.0167
    endloop
  endfacet
  facet normal 0.949632 -0.135903 -0.282365
    outer loop
      vertex 69.0625 25.7736 14.0167
      vertex 68.4871 25.835 12.052
      vertex 70.9861 43.6599 11.8773
    endloop
  endfacet
  facet normal 0.949626 -0.135905 -0.282385
    outer loop
      vertex 71.5615 43.5984 13.8419
      vertex 69.0625 25.7736 14.0167
      vertex 70.9861 43.6599 11.8773
    endloop
  endfacet
  facet normal -0.543955 0.0844624 0.834853
    outer loop
      vertex 56.5534 41.9988 18.1994
      vertex 57.7796 39.5894 19.2421
      vertex 58.2695 39.7416 19.5459
    endloop
  endfacet
  facet normal -0.543984 0.08444 0.834836
    outer loop
      vertex 57.7796 39.5894 19.2421
      vertex 56.5534 41.9988 18.1994
      vertex 56.1201 38.9078 18.2297
    endloop
  endfacet
  facet normal -0.543954 0.0845201 0.834847
    outer loop
      vertex 71.2525 43.7766 27.5968
      vertex 66.2273 43.4395 24.3567
      vertex 68.9827 43.0712 26.1893
    endloop
  endfacet
  facet normal -0.54395 0.0844656 0.834856
    outer loop
      vertex 56.9297 44.6824 18.1731
      vertex 66.0478 42.159 24.3693
      vertex 66.2273 43.4395 24.3567
    endloop
  endfacet
  facet normal -0.543951 0.0844607 0.834855
    outer loop
      vertex 66.0478 42.159 24.3693
      vertex 56.9297 44.6824 18.1731
      vertex 58.2695 39.7416 19.5459
    endloop
  endfacet
  facet normal -0.543954 0.084429 0.834856
    outer loop
      vertex 54.5351 46.0114 16.4785
      vertex 66.2273 43.4395 24.3567
      vertex 71.2525 43.7766 27.5968
    endloop
  endfacet
  facet normal -0.543957 0.0844146 0.834856
    outer loop
      vertex 66.2273 43.4395 24.3567
      vertex 54.5351 46.0114 16.4785
      vertex 56.9297 44.6824 18.1731
    endloop
  endfacet
  facet normal -0.543956 0.084418 0.834857
    outer loop
      vertex 56.9297 44.6824 18.1731
      vertex 54.5351 46.0114 16.4785
      vertex 54.3963 45.0211 16.4882
    endloop
  endfacet
  facet normal -0.54396 0.0844569 0.83485
    outer loop
      vertex 58.2695 39.7416 19.5459
      vertex 56.9297 44.6824 18.1731
      vertex 56.5534 41.9988 18.1994
    endloop
  endfacet
  facet normal 0.139033 0.99024 -0.00972208
    outer loop
      vertex 71.5615 43.5984 13.8419
      vertex 70.9861 43.6599 11.8773
      vertex 72.5014 43.5984 27.2832
    endloop
  endfacet
  facet normal 0.138846 0.990266 -0.00972177
    outer loop
      vertex 71.2525 43.7766 27.5968
      vertex 55.3265 45.8995 16.383
      vertex 54.5351 46.0114 16.4785
    endloop
  endfacet
  facet normal 0.138855 0.990265 -0.00973487
    outer loop
      vertex 71.2525 43.7766 27.5968
      vertex 54.9408 45.9473 15.7439
      vertex 55.3265 45.8995 16.383
    endloop
  endfacet
  facet normal 0.138737 0.990283 -0.00956946
    outer loop
      vertex 54.9408 45.9473 15.7439
      vertex 71.2525 43.7766 27.5968
      vertex 53.2954 46.165 14.4175
    endloop
  endfacet
  facet normal 0.138833 0.990268 -0.00972152
    outer loop
      vertex 54.9408 45.9473 15.7439
      vertex 37.1559 48.4685 18.5763
      vertex 55.3265 45.8995 16.383
    endloop
  endfacet
  facet normal 0.135524 0.990748 -0.00713282
    outer loop
      vertex 71.0768 43.6599 13.1741
      vertex 71.0623 43.6619 13.1764
      vertex 71.0769 43.6599 13.176
    endloop
  endfacet
  facet normal 0.119583 -0.00703617 0.992799
    outer loop
      vertex 54.5351 46.0114 16.4785
      vertex 54.2942 45.0355 16.5006
      vertex 54.3963 45.0211 16.4882
    endloop
  endfacet
  facet normal 0.118813 -0.00684393 0.992893
    outer loop
      vertex 54.5351 46.0114 16.4785
      vertex 53.8615 45.0967 16.5528
      vertex 54.2942 45.0355 16.5006
    endloop
  endfacet
  facet normal 0.118871 -0.00688797 0.992886
    outer loop
      vertex 54.5351 46.0114 16.4785
      vertex 39.0045 47.1972 18.3461
      vertex 53.8615 45.0967 16.5528
    endloop
  endfacet
  facet normal 0.118867 -0.00694086 0.992886
    outer loop
      vertex 37.1559 48.4685 18.5763
      vertex 39.0045 47.1972 18.3461
      vertex 54.5351 46.0114 16.4785
    endloop
  endfacet
  facet normal 0.118644 -0.00726953 0.99291
    outer loop
      vertex 39.0045 47.1972 18.3461
      vertex 37.1559 48.4685 18.5763
      vertex 38.9066 47.2111 18.3579
    endloop
  endfacet
  facet normal -0.172322 -0.921354 -0.348441
    outer loop
      vertex 37.1559 48.4685 18.5763
      vertex 54.5351 46.0114 16.4785
      vertex 55.3265 45.8995 16.383
    endloop
  endfacet
  facet normal 0.118801 -0.00692613 0.992894
    outer loop
      vertex 52.7627 37.2591 16.6296
      vertex 54.2942 45.0355 16.5006
      vertex 53.8615 45.0967 16.5528
    endloop
  endfacet
  facet normal 0.118784 -0.00692283 0.992896
    outer loop
      vertex 54.2942 45.0355 16.5006
      vertex 52.7627 37.2591 16.6296
      vertex 53.1898 37.1581 16.5778
    endloop
  endfacet
  facet normal 0.118772 -0.00697528 0.992897
    outer loop
      vertex 53.1898 37.1581 16.5778
      vertex 52.7627 37.2591 16.6296
      vertex 53.1381 36.9895 16.5828
    endloop
  endfacet
  facet normal 0.118993 -0.00677706 0.992872
    outer loop
      vertex 38.9066 47.2111 18.3579
      vertex 37.1559 48.4685 18.5763
      vertex 38.1724 47.3148 18.4466
    endloop
  endfacet
  facet normal 0.118821 -0.00690588 0.992892
    outer loop
      vertex 52.7627 37.2591 16.6296
      vertex 52.3773 34.5099 16.6566
      vertex 53.1381 36.9895 16.5828
    endloop
  endfacet
  facet normal -0.186165 0.0164717 -0.98238
    outer loop
      vertex 50.7057 28.3401 13.2954
      vertex 51.6735 44.1152 13.3765
      vertex 53.2047 46.165 13.1207
    endloop
  endfacet
  facet normal -0.186207 0.0164742 -0.982372
    outer loop
      vertex 51.6735 44.1152 13.3765
      vertex 50.7057 28.3401 13.2954
      vertex 49.6716 29.8361 13.5165
    endloop
  endfacet
  facet normal -0.186194 0.0164939 -0.982374
    outer loop
      vertex 53.2047 46.165 13.1207
      vertex 51.6735 44.1152 13.3765
      vertex 36.7708 48.4999 16.2747
    endloop
  endfacet
  facet normal -0.186241 0.01645 -0.982366
    outer loop
      vertex 50.7057 28.3401 13.2954
      vertex 49.4862 28.5134 13.5295
      vertex 49.6716 29.8361 13.5165
    endloop
  endfacet
  facet normal -0.138321 -0.990308 0.0125492
    outer loop
      vertex 50.486 28.3715 13.3517
      vertex 49.4862 28.5134 13.5295
      vertex 50.7057 28.3401 13.2954
    endloop
  endfacet
  facet normal 0.138831 0.990268 -0.00971721
    outer loop
      vertex 53.2047 46.165 13.1207
      vertex 36.7708 48.4999 16.2747
      vertex 36.8436 48.4999 17.3148
    endloop
  endfacet
  facet normal -0.138842 -0.990267 0.00971721
    outer loop
      vertex 40.7898 30.7912 18.5068
      vertex 36.7174 31.4002 22.3817
      vertex 35.9458 31.4778 19.265
    endloop
  endfacet
  facet normal -0.138834 -0.990268 0.00972535
    outer loop
      vertex 36.7174 31.4002 22.3817
      vertex 40.7898 30.7912 18.5068
      vertex 52.0891 29.2072 18.5217
    endloop
  endfacet
  facet normal -0.138834 -0.990268 0.00968123
    outer loop
      vertex 50.9451 29.3519 16.9171
      vertex 52.0891 29.2072 18.5217
      vertex 40.7898 30.7912 18.5068
    endloop
  endfacet
  facet normal -0.138811 -0.990272 0.00966418
    outer loop
      vertex 52.0891 29.2072 18.5217
      vertex 50.9451 29.3519 16.9171
      vertex 51.8608 29.2302 17.5993
    endloop
  endfacet
  facet normal 0.240232 -0.0241693 0.970415
    outer loop
      vertex 38.9387 47.2445 22.2264
      vertex 52.0891 29.2072 18.5217
      vertex 54.3105 45.0515 18.3664
    endloop
  endfacet
  facet normal 0.240234 -0.024168 0.970414
    outer loop
      vertex 52.0891 29.2072 18.5217
      vertex 38.9387 47.2445 22.2264
      vertex 36.7174 31.4002 22.3817
    endloop
  endfacet
  facet normal 0.138835 0.990268 -0.00969177
    outer loop
      vertex 53.8615 45.0967 16.5528
      vertex 39.0045 47.1972 18.3461
      vertex 54.3105 45.0515 18.3664
    endloop
  endfacet
  facet normal -0.960736 0.137039 0.241261
    outer loop
      vertex 36.7174 31.4002 22.3817
      vertex 36.295 34.1622 19.1308
      vertex 35.9458 31.4778 19.265
    endloop
  endfacet
  facet normal -0.96073 0.137055 0.241274
    outer loop
      vertex 36.295 34.1622 19.1308
      vertex 36.7174 31.4002 22.3817
      vertex 38.9387 47.2445 22.2264
    endloop
  endfacet
  facet normal 0.960732 -0.137055 -0.241268
    outer loop
      vertex 54.3105 45.0515 18.3664
      vertex 52.7627 37.2591 16.6296
      vertex 53.8615 45.0967 16.5528
    endloop
  endfacet
  facet normal 0.960737 -0.137062 -0.241242
    outer loop
      vertex 52.0891 29.2072 18.5217
      vertex 52.7627 37.2591 16.6296
      vertex 54.3105 45.0515 18.3664
    endloop
  endfacet
  facet normal 0.960749 -0.137053 -0.2412
    outer loop
      vertex 52.7627 37.2591 16.6296
      vertex 52.0891 29.2072 18.5217
      vertex 52.3773 34.5099 16.6566
    endloop
  endfacet
  facet normal 0.960747 -0.137056 -0.241209
    outer loop
      vertex 52.3773 34.5099 16.6566
      vertex 52.0891 29.2072 18.5217
      vertex 51.8608 29.2302 17.5993
    endloop
  endfacet
  facet normal -0.960736 0.137061 0.241249
    outer loop
      vertex 36.643 36.8368 18.9971
      vertex 38.9387 47.2445 22.2264
      vertex 38.0093 47.338 18.4721
    endloop
  endfacet
  facet normal -0.960716 0.137027 0.241345
    outer loop
      vertex 36.6643 36.8049 19.1
      vertex 38.9387 47.2445 22.2264
      vertex 36.643 36.8368 18.9971
    endloop
  endfacet
  facet normal -0.960721 0.137036 0.24132
    outer loop
      vertex 36.3752 34.7781 19.1
      vertex 38.9387 47.2445 22.2264
      vertex 36.6643 36.8049 19.1
    endloop
  endfacet
  facet normal -0.960809 0.13716 0.240899
    outer loop
      vertex 38.9387 47.2445 22.2264
      vertex 36.3752 34.7781 19.1
      vertex 36.295 34.1622 19.1308
    endloop
  endfacet
  facet normal 0.139314 0.9902 -0.00982722
    outer loop
      vertex 38.9387 47.2445 22.2264
      vertex 38.1724 47.3148 18.4466
      vertex 38.0093 47.338 18.4721
    endloop
  endfacet
  facet normal 0.138835 0.990268 -0.00971685
    outer loop
      vertex 39.0045 47.1972 18.3461
      vertex 38.9387 47.2445 22.2264
      vertex 54.3105 45.0515 18.3664
    endloop
  endfacet
  facet normal 0.138698 0.990287 -0.00970087
    outer loop
      vertex 38.9387 47.2445 22.2264
      vertex 38.9066 47.2111 18.3579
      vertex 38.1724 47.3148 18.4466
    endloop
  endfacet
  facet normal 0.139418 0.990186 -0.00970597
    outer loop
      vertex 38.9387 47.2445 22.2264
      vertex 39.0045 47.1972 18.3461
      vertex 38.9066 47.2111 18.3579
    endloop
  endfacet
  facet normal 0.0697723 -7.22853e-06 0.997563
    outer loop
      vertex 54.4234 45.0355 18.3484
      vertex 56.5534 41.9988 18.1994
      vertex 56.9297 44.6824 18.1731
    endloop
  endfacet
  facet normal 0.0697785 -2.86655e-06 0.997563
    outer loop
      vertex 54.4234 45.0355 18.3484
      vertex 56.1201 38.9078 18.2297
      vertex 56.5534 41.9988 18.1994
    endloop
  endfacet
  facet normal 0.0697736 -4.20758e-06 0.997563
    outer loop
      vertex 52.2021 29.1912 18.5037
      vertex 56.1201 38.9078 18.2297
      vertex 54.4234 45.0355 18.3484
    endloop
  endfacet
  facet normal 0.0697632 2.43508e-08 0.997564
    outer loop
      vertex 56.1201 38.9078 18.2297
      vertex 52.2021 29.1912 18.5037
      vertex 53 29.0788 18.4479
    endloop
  endfacet
  facet normal -0.987856 0.139173 0.0690719
    outer loop
      vertex 53.1898 37.1581 16.5778
      vertex 54.4234 45.0355 18.3484
      vertex 54.2942 45.0355 16.5006
    endloop
  endfacet
  facet normal -0.987851 0.139181 0.0691308
    outer loop
      vertex 52.2021 29.1912 18.5037
      vertex 53.1898 37.1581 16.5778
      vertex 52.1541 29.1912 17.8178
    endloop
  endfacet
  facet normal -0.987856 0.13917 0.0690841
    outer loop
      vertex 53.1898 37.1581 16.5778
      vertex 52.2021 29.1912 18.5037
      vertex 54.4234 45.0355 18.3484
    endloop
  endfacet
  facet normal 0.138836 0.990268 -0.00968838
    outer loop
      vertex 54.3963 45.0211 16.4882
      vertex 54.4234 45.0355 18.3484
      vertex 56.9297 44.6824 18.1731
    endloop
  endfacet
  facet normal 0.138496 0.990316 -0.00968379
    outer loop
      vertex 54.4234 45.0355 18.3484
      vertex 54.3963 45.0211 16.4882
      vertex 54.2942 45.0355 16.5006
    endloop
  endfacet
  facet normal -0.13882 -0.99027 0.00971475
    outer loop
      vertex 52.2021 29.1912 18.5037
      vertex 52.1541 29.1912 17.8178
      vertex 53 29.0788 18.4479
    endloop
  endfacet
  facet normal -0.960729 0.137057 0.241279
    outer loop
      vertex 64.8232 29.2609 26.8202
      vertex 67.0305 43.3587 27.6011
      vertex 65.8843 40.4377 24.6964
    endloop
  endfacet
  facet normal -0.960765 0.137031 0.241149
    outer loop
      vertex 64.8091 27.5145 27.7564
      vertex 64.8232 29.2609 26.8202
      vertex 64.6539 27.5301 27.1292
    endloop
  endfacet
  facet normal -0.960745 0.137063 0.24121
    outer loop
      vertex 64.8232 29.2609 26.8202
      vertex 64.8091 27.5145 27.7564
      vertex 67.0305 43.3587 27.6011
    endloop
  endfacet
  facet normal 0.138805 0.990272 -0.00972363
    outer loop
      vertex 68.9827 43.0712 26.1893
      vertex 67.0305 43.3587 27.6011
      vertex 69.9183 42.9468 26.8759
    endloop
  endfacet
  facet normal 0.138819 0.99027 -0.00970452
    outer loop
      vertex 67.0305 43.3587 27.6011
      vertex 68.9827 43.0712 26.1893
      vertex 66.2273 43.4395 24.3567
    endloop
  endfacet
  facet normal -0.960735 0.137049 0.241258
    outer loop
      vertex 66.0478 42.159 24.3693
      vertex 67.0305 43.3587 27.6011
      vertex 66.2273 43.4395 24.3567
    endloop
  endfacet
  facet normal -0.960733 0.137099 0.241238
    outer loop
      vertex 67.0305 43.3587 27.6011
      vertex 66.0478 42.159 24.3693
      vertex 65.8843 40.4377 24.6964
    endloop
  endfacet
  facet normal 0.240247 -0.0241709 0.970411
    outer loop
      vertex 67.0305 43.3587 27.6011
      vertex 66.905 32.801 27.3692
      vertex 69.9183 42.9468 26.8759
    endloop
  endfacet
  facet normal 0.240242 -0.0241709 0.970412
    outer loop
      vertex 66.905 32.801 27.3692
      vertex 67.0305 43.3587 27.6011
      vertex 64.8091 27.5145 27.7564
    endloop
  endfacet
  facet normal 0.240123 -0.0240558 0.970444
    outer loop
      vertex 65.541 28.2083 27.5925
      vertex 64.8091 27.5145 27.7564
      vertex 65.3227 27.4412 27.6275
    endloop
  endfacet
  facet normal 0.240216 -0.02416 0.970419
    outer loop
      vertex 64.8091 27.5145 27.7564
      vertex 65.541 28.2083 27.5925
      vertex 66.905 32.801 27.3692
    endloop
  endfacet
  facet normal -0.138884 -0.990261 0.00973661
    outer loop
      vertex 64.8091 27.5145 27.7564
      vertex 64.6539 27.5301 27.1292
      vertex 65.3227 27.4412 27.6275
    endloop
  endfacet
  facet normal 0.241495 -0.0121163 0.970327
    outer loop
      vertex 34.2905 27.6457 23.5539
      vertex 33.1771 11.6847 23.6317
      vertex 48.6636 10.5856 19.7637
    endloop
  endfacet
  facet normal -0.967901 0.0686941 0.241763
    outer loop
      vertex 32.4166 11.7229 20.576
      vertex 34.2905 27.6457 23.5539
      vertex 33.3571 27.6926 19.8037
    endloop
  endfacet
  facet normal -0.967904 0.068697 0.24175
    outer loop
      vertex 34.2905 27.6457 23.5539
      vertex 32.4166 11.7229 20.576
      vertex 33.1771 11.6847 23.6317
    endloop
  endfacet
  facet normal 0.241502 -0.0121093 0.970325
    outer loop
      vertex 49.7769 26.5466 19.6858
      vertex 34.2905 27.6457 23.5539
      vertex 48.6636 10.5856 19.7637
    endloop
  endfacet
  facet normal 0.0695884 0.997564 -0.00484694
    outer loop
      vertex 34.1951 27.6335 19.6733
      vertex 34.2905 27.6457 23.5539
      vertex 49.7769 26.5466 19.6858
    endloop
  endfacet
  facet normal 0.0695989 0.997563 -0.00484719
    outer loop
      vertex 34.2905 27.6457 23.5539
      vertex 34.1951 27.6335 19.6733
      vertex 33.3571 27.6926 19.8037
    endloop
  endfacet
  facet normal 0.96791 -0.0687087 -0.241721
    outer loop
      vertex 49.7769 26.5466 19.6858
      vertex 48.74 18.8941 17.709
      vertex 49.1823 26.5764 17.2964
    endloop
  endfacet
  facet normal 0.967897 -0.0686921 -0.241778
    outer loop
      vertex 48.74 18.8941 17.709
      vertex 49.7769 26.5466 19.6858
      vertex 48.6636 10.5856 19.7637
    endloop
  endfacet
  facet normal 0.96789 -0.0687075 -0.241803
    outer loop
      vertex 48.6636 10.5856 19.7637
      vertex 48.3366 12.0376 18.0422
      vertex 48.7222 18.5838 17.7256
    endloop
  endfacet
  facet normal 0.968201 -0.068413 -0.240638
    outer loop
      vertex 48.6636 10.5856 19.7637
      vertex 48.7222 18.5838 17.7256
      vertex 48.74 18.8941 17.709
    endloop
  endfacet
  facet normal 0.967897 -0.0686822 -0.241783
    outer loop
      vertex 48.3366 12.0376 18.0422
      vertex 48.6636 10.5856 19.7637
      vertex 48.2841 10.6046 18.2391
    endloop
  endfacet
  facet normal 0.0695897 0.997477 -0.0140029
    outer loop
      vertex 49.7769 26.5466 19.6858
      vertex 34.2354 27.6306 19.667
      vertex 34.1951 27.6335 19.6733
    endloop
  endfacet
  facet normal 0.0695847 0.997564 -0.00487473
    outer loop
      vertex 34.2354 27.6306 19.667
      vertex 49.7769 26.5466 19.6858
      vertex 49.1823 26.5764 17.2964
    endloop
  endfacet
  facet normal -0.0695932 -0.997564 0.00484952
    outer loop
      vertex 48.1356 10.6144 18.1296
      vertex 33.1771 11.6847 23.6317
      vertex 32.4166 11.7229 20.576
    endloop
  endfacet
  facet normal -0.069575 -0.997565 0.00489917
    outer loop
      vertex 33.1771 11.6847 23.6317
      vertex 48.1356 10.6144 18.1296
      vertex 48.6636 10.5856 19.7637
    endloop
  endfacet
  facet normal -0.0694053 -0.997577 0.00484412
    outer loop
      vertex 48.6636 10.5856 19.7637
      vertex 48.1356 10.6144 18.1296
      vertex 48.2841 10.6046 18.2391
    endloop
  endfacet
  facet normal 0.0697554 1.15448e-06 0.997564
    outer loop
      vertex 49.8907 26.5386 19.6678
      vertex 52.7252 22.7731 19.4696
      vertex 53.4931 26.286 19.4159
    endloop
  endfacet
  facet normal 0.0697498 -3.06286e-06 0.997565
    outer loop
      vertex 48.7773 10.5775 19.7456
      vertex 52.7252 22.7731 19.4696
      vertex 49.8907 26.5386 19.6678
    endloop
  endfacet
  facet normal 0.0697641 -7.71237e-06 0.997564
    outer loop
      vertex 52.7252 22.7731 19.4696
      vertex 48.7773 10.5775 19.7456
      vertex 50.1929 10.4783 19.6466
    endloop
  endfacet
  facet normal -0.0697515 0.000107529 -0.997564
    outer loop
      vertex 49.563 11.5053 15.6809
      vertex 58.1284 11.5793 15.082
      vertex 58.0816 10.9082 15.0852
    endloop
  endfacet
  facet normal -0.0697607 -3.44596e-06 -0.997564
    outer loop
      vertex 58.1284 11.5793 15.082
      vertex 49.9315 16.7876 15.6552
      vertex 59.0558 24.8741 15.0171
    endloop
  endfacet
  facet normal -0.069758 -6.55905e-06 -0.997564
    outer loop
      vertex 59.0558 24.8741 15.0171
      vertex 49.9315 16.7876 15.6552
      vertex 51.5166 25.4026 15.5443
    endloop
  endfacet
  facet normal -0.0697507 1.24397e-05 -0.997564
    outer loop
      vertex 58.1284 11.5793 15.082
      vertex 49.563 11.5053 15.6809
      vertex 49.9315 16.7876 15.6552
    endloop
  endfacet
  facet normal -0.995134 0.0697539 0.0695966
    outer loop
      vertex 49.1733 18.302 17.6652
      vertex 49.8907 26.5386 19.6678
      vertex 49.7189 26.5386 17.2113
    endloop
  endfacet
  facet normal -0.995128 0.0697273 0.0697038
    outer loop
      vertex 49.1302 17.6548 17.6973
      vertex 49.8907 26.5386 19.6678
      vertex 49.1733 18.302 17.6652
    endloop
  endfacet
  facet normal -0.995138 0.0697478 0.0695415
    outer loop
      vertex 48.7773 10.5775 19.7456
      vertex 49.1302 17.6548 17.6973
      vertex 48.6931 10.5775 18.5407
    endloop
  endfacet
  facet normal -0.995135 0.0697568 0.0695733
    outer loop
      vertex 49.1302 17.6548 17.6973
      vertex 48.7773 10.5775 19.7456
      vertex 49.8907 26.5386 19.6678
    endloop
  endfacet
  facet normal 0.0696089 0.997563 -0.00486329
    outer loop
      vertex 50.3328 26.4953 17.1139
      vertex 49.8907 26.5386 19.6678
      vertex 53.4931 26.286 19.4159
    endloop
  endfacet
  facet normal 0.0695887 0.997564 -0.00486682
    outer loop
      vertex 49.8907 26.5386 19.6678
      vertex 50.3328 26.4953 17.1139
      vertex 49.7189 26.5386 17.2113
    endloop
  endfacet
  facet normal -0.0695657 -0.997566 0.00486134
    outer loop
      vertex 48.7773 10.5775 19.7456
      vertex 48.6931 10.5775 18.5407
      vertex 50.1929 10.4783 19.6466
    endloop
  endfacet
  facet normal -0.967899 0.0686939 0.24177
    outer loop
      vertex 61.2615 12.5594 27.347
      vertex 62.5855 25.6981 28.9144
      vertex 61.6036 22.5878 25.8672
    endloop
  endfacet
  facet normal -0.967896 0.0687132 0.241775
    outer loop
      vertex 61.4721 9.7371 28.9922
      vertex 61.2615 12.5594 27.347
      vertex 61.1586 9.75282 27.7327
    endloop
  endfacet
  facet normal -0.967904 0.068697 0.241748
    outer loop
      vertex 61.2615 12.5594 27.347
      vertex 61.4721 9.7371 28.9922
      vertex 62.5855 25.6981 28.9144
    endloop
  endfacet
  facet normal -0.967943 0.0686289 0.241611
    outer loop
      vertex 58.0816 10.9082 15.0852
      vertex 58.1052 11.5058 15.01
      vertex 58.0629 10.9092 15.01
    endloop
  endfacet
  facet normal -0.967895 0.0686504 0.241797
    outer loop
      vertex 58.1052 11.5058 15.01
      vertex 58.0816 10.9082 15.0852
      vertex 58.1284 11.5793 15.082
    endloop
  endfacet
  facet normal -0.967921 0.0686773 0.241688
    outer loop
      vertex 58.102 11.4956 15
      vertex 57.9192 10.9164 14.4325
      vertex 58.0604 10.9093 15
    endloop
  endfacet
  facet normal -0.241448 0.0120934 -0.970338
    outer loop
      vertex 58.5287 10.8681 13.2496
      vertex 57.9196 10.9113 13.4017
      vertex 58.7039 13.3791 13.2373
    endloop
  endfacet
  facet normal -0.9679 0.0686982 0.241766
    outer loop
      vertex 61.7112 25.742 25.4017
      vertex 61.6036 22.5878 25.8672
      vertex 62.5855 25.6981 28.9144
    endloop
  endfacet
  facet normal -0.969987 0.0688015 0.233219
    outer loop
      vertex 59.0541 24.8742 15.01
      vertex 58.1284 11.5793 15.082
      vertex 59.0558 24.8741 15.0171
    endloop
  endfacet
  facet normal -0.967904 0.0687026 0.241746
    outer loop
      vertex 58.1284 11.5793 15.082
      vertex 59.0541 24.8742 15.01
      vertex 58.1052 11.5058 15.01
    endloop
  endfacet
  facet normal -0.967903 0.0687003 0.241751
    outer loop
      vertex 58.6519 24.8944 13.394
      vertex 58.102 11.4956 15
      vertex 59.0516 24.8743 15
    endloop
  endfacet
  facet normal -0.96791 0.0686976 0.241726
    outer loop
      vertex 57.6777 10.9285 13.4622
      vertex 58.102 11.4956 15
      vertex 58.6519 24.8944 13.394
    endloop
  endfacet
  facet normal -0.967908 0.0686027 0.24176
    outer loop
      vertex 58.102 11.4956 15
      vertex 57.6777 10.9285 13.4622
      vertex 57.9192 10.9164 14.4325
    endloop
  endfacet
  facet normal 0.241522 -0.0121159 0.97032
    outer loop
      vertex 62.5855 25.6981 28.9144
      vertex 62.7218 10.8122 28.6946
      vertex 65.5255 25.4895 28.18
    endloop
  endfacet
  facet normal 0.241494 -0.0121163 0.970327
    outer loop
      vertex 61.4721 9.7371 28.9922
      vertex 62.7218 10.8122 28.6946
      vertex 62.5855 25.6981 28.9144
    endloop
  endfacet
  facet normal 0.24151 -0.0121353 0.970323
    outer loop
      vertex 62.7218 10.8122 28.6946
      vertex 61.4721 9.7371 28.9922
      vertex 62.5138 9.66316 28.732
    endloop
  endfacet
  facet normal -0.24144 0.0121141 -0.97034
    outer loop
      vertex 58.7039 13.3791 13.2373
      vertex 58.6519 24.8944 13.394
      vertex 59.5029 24.834 13.1815
    endloop
  endfacet
  facet normal -0.241795 0.0122094 -0.970251
    outer loop
      vertex 57.6777 10.9285 13.4622
      vertex 58.7039 13.3791 13.2373
      vertex 57.9196 10.9113 13.4017
    endloop
  endfacet
  facet normal -0.241577 0.012113 -0.970306
    outer loop
      vertex 58.7039 13.3791 13.2373
      vertex 57.6777 10.9285 13.4622
      vertex 58.6519 24.8944 13.394
    endloop
  endfacet
  facet normal -0.0695905 -0.997564 0.00487092
    outer loop
      vertex 61.4721 9.7371 28.9922
      vertex 61.1586 9.75282 27.7327
      vertex 62.5138 9.66316 28.732
    endloop
  endfacet
  facet normal 0.0695686 0.997565 -0.00484831
    outer loop
      vertex 65.5255 25.4895 28.18
      vertex 61.7112 25.742 25.4017
      vertex 62.5855 25.6981 28.9144
    endloop
  endfacet
  facet normal 0.970294 0 -0.241927
    outer loop
      vertex 47.2752 -8 20.8632
      vertex 46.6673 8 18.4251
      vertex 47.2752 8 20.8632
    endloop
  endfacet
  facet normal 0.970294 0 -0.241927
    outer loop
      vertex 46.6673 8 18.4251
      vertex 47.2752 -8 20.8632
      vertex 46.6673 -8 18.4251
    endloop
  endfacet
  facet normal 0.241924 0 0.970295
    outer loop
      vertex 31.7504 8 24.734
      vertex 47.2752 -8 20.8632
      vertex 47.2752 8 20.8632
    endloop
  endfacet
  facet normal 0.241924 0 0.970295
    outer loop
      vertex 47.2752 -8 20.8632
      vertex 31.7504 8 24.734
      vertex 31.7504 -8 24.734
    endloop
  endfacet
  facet normal -0.970297 0 0.241916
    outer loop
      vertex 30.8039 -8 20.9377
      vertex 31.7504 8 24.734
      vertex 30.8039 8 20.9377
    endloop
  endfacet
  facet normal -0.970297 0 0.241916
    outer loop
      vertex 31.7504 8 24.734
      vertex 30.8039 -8 20.9377
      vertex 31.7504 -8 24.734
    endloop
  endfacet
  facet normal 0 1 -0
    outer loop
      vertex 46.6673 8 18.4251
      vertex 31.7504 8 24.734
      vertex 47.2752 8 20.8632
    endloop
  endfacet
  facet normal 0 1 0
    outer loop
      vertex 31.7504 8 24.734
      vertex 46.6673 8 18.4251
      vertex 30.8039 8 20.9377
    endloop
  endfacet
  facet normal 0 -1 0
    outer loop
      vertex 46.6673 -8 18.4251
      vertex 31.7504 -8 24.734
      vertex 30.8039 -8 20.9377
    endloop
  endfacet
  facet normal 0 -1 0
    outer loop
      vertex 31.7504 -8 24.734
      vertex 46.6673 -8 18.4251
      vertex 47.2752 -8 20.8632
    endloop
  endfacet
  facet normal 0.0697377 0 0.997565
    outer loop
      vertex 47.3892 8 20.8451
      vertex 51.147 -8 20.5824
      vertex 51.147 8 20.5824
    endloop
  endfacet
  facet normal 0.0697377 0 0.997565
    outer loop
      vertex 51.147 -8 20.5824
      vertex 47.3892 8 20.8451
      vertex 47.3892 -8 20.8451
    endloop
  endfacet
  facet normal -0.0697526 0 -0.997564
    outer loop
      vertex 48.1077 -7 16.7851
      vertex 56.6471 7 16.188
      vertex 56.6471 -7 16.188
    endloop
  endfacet
  facet normal -0.0697526 0 -0.997564
    outer loop
      vertex 56.6471 7 16.188
      vertex 48.1077 -7 16.7851
      vertex 48.1077 7 16.7851
    endloop
  endfacet
  facet normal -0.997563 0 0.0697677
    outer loop
      vertex 47.2139 -8 18.3386
      vertex 47.3892 8 20.8451
      vertex 47.2139 8 18.3386
    endloop
  endfacet
  facet normal -0.997563 0 0.0697677
    outer loop
      vertex 47.3892 8 20.8451
      vertex 47.2139 -8 18.3386
      vertex 47.3892 -8 20.8451
    endloop
  endfacet
  facet normal 0 1 0
    outer loop
      vertex 63.1802 8 29.325
      vertex 59.2019 8 26.4346
      vertex 60.1132 8 30.0897
    endloop
  endfacet
  facet normal 0 1 -0
    outer loop
      vertex 47.9075 8 18.2287
      vertex 47.3892 8 20.8451
      vertex 51.147 8 20.5824
    endloop
  endfacet
  facet normal 0 1 0
    outer loop
      vertex 47.3892 8 20.8451
      vertex 47.9075 8 18.2287
      vertex 47.2139 8 18.3386
    endloop
  endfacet
  facet normal 0 -1 -0
    outer loop
      vertex 60.1132 -8 30.0897
      vertex 59.2019 -8 26.4346
      vertex 63.1802 -8 29.325
    endloop
  endfacet
  facet normal 0 -1 0
    outer loop
      vertex 47.9075 -8 18.2287
      vertex 47.3892 -8 20.8451
      vertex 47.2139 -8 18.3386
    endloop
  endfacet
  facet normal 0 -1 0
    outer loop
      vertex 47.3892 -8 20.8451
      vertex 47.9075 -8 18.2287
      vertex 51.147 -8 20.5824
    endloop
  endfacet
  facet normal -0.242 0 -0.970276
    outer loop
      vertex 56.2425 -7 14.565
      vertex 57.0957 7 14.3522
      vertex 57.0957 -7 14.3522
    endloop
  endfacet
  facet normal -0.242 0 -0.970276
    outer loop
      vertex 57.0957 7 14.3522
      vertex 56.2425 -7 14.565
      vertex 56.2425 7 14.565
    endloop
  endfacet
  facet normal 0.241925 0 0.970295
    outer loop
      vertex 60.1132 8 30.0897
      vertex 63.1802 -8 29.325
      vertex 63.1802 8 29.325
    endloop
  endfacet
  facet normal 0.241925 0 0.970295
    outer loop
      vertex 63.1802 -8 29.325
      vertex 60.1132 8 30.0897
      vertex 60.1132 -8 30.0897
    endloop
  endfacet
  facet normal -0.970297 0 0.241917
    outer loop
      vertex 59.2019 -8 26.4346
      vertex 60.1132 8 30.0897
      vertex 59.2019 8 26.4346
    endloop
  endfacet
  facet normal -0.970297 0 0.241917
    outer loop
      vertex 60.1132 8 30.0897
      vertex 59.2019 -8 26.4346
      vertex 60.1132 -8 30.0897
    endloop
  endfacet
  facet normal -0.970326 0 0.241801
    outer loop
      vertex 56.2425 -7 14.565
      vertex 56.3509 7 15
      vertex 56.2425 7 14.565
    endloop
  endfacet
  facet normal -0.970326 0 0.241801
    outer loop
      vertex 56.3509 7 15
      vertex 56.2425 -7 14.565
      vertex 56.3509 -7 15
    endloop
  endfacet
  facet normal -0.970297 0 0.241915
    outer loop
      vertex 56.3534 -7 15.01
      vertex 56.6471 7 16.188
      vertex 56.3534 7 15.01
    endloop
  endfacet
  facet normal -0.970297 0 0.241915
    outer loop
      vertex 56.6471 7 16.188
      vertex 56.3534 -7 15.01
      vertex 56.6471 -7 16.188
    endloop
  endfacet
  facet normal 0.241496 0.0121164 0.970326
    outer loop
      vertex 49.6611 -10.5856 19.6939
      vertex 35.2881 -27.6457 23.4841
      vertex 50.7745 -26.5466 19.6161
    endloop
  endfacet
  facet normal 0.0695875 -0.997518 -0.0107506
    outer loop
      vertex 35.169 -27.6351 19.6022
      vertex 50.7745 -26.5466 19.6161
      vertex 35.1606 -27.6357 19.6035
    endloop
  endfacet
  facet normal 0.0695855 -0.997564 -0.00486085
    outer loop
      vertex 50.7745 -26.5466 19.6161
      vertex 35.169 -27.6351 19.6022
      vertex 50.1786 -26.5765 17.2217
    endloop
  endfacet
  facet normal 0.241502 0.0121108 0.970325
    outer loop
      vertex 49.6611 -10.5856 19.6939
      vertex 34.1747 -11.6847 23.562
      vertex 35.2881 -27.6457 23.4841
    endloop
  endfacet
  facet normal 0.0695701 -0.997565 -0.00485642
    outer loop
      vertex 35.1606 -27.6357 19.6035
      vertex 35.2881 -27.6457 23.4841
      vertex 34.3535 -27.6926 19.7294
    endloop
  endfacet
  facet normal 0.069586 -0.997564 -0.00485694
    outer loop
      vertex 35.2881 -27.6457 23.4841
      vertex 35.1606 -27.6357 19.6035
      vertex 50.7745 -26.5466 19.6161
    endloop
  endfacet
  facet normal -0.9679 -0.0686983 0.241766
    outer loop
      vertex 33.3959 -11.7238 20.433
      vertex 35.2881 -27.6457 23.4841
      vertex 34.1747 -11.6847 23.562
    endloop
  endfacet
  facet normal -0.967896 -0.0686949 0.241782
    outer loop
      vertex 35.2881 -27.6457 23.4841
      vertex 33.3959 -11.7238 20.433
      vertex 34.3535 -27.6926 19.7294
    endloop
  endfacet
  facet normal 0.96789 0.0687154 -0.241799
    outer loop
      vertex 49.6611 -10.5856 19.6939
      vertex 49.6806 -18.1126 17.6329
      vertex 49.5029 -10.5935 19.0584
    endloop
  endfacet
  facet normal 0.968154 0.0684477 -0.240819
    outer loop
      vertex 49.6611 -10.5856 19.6939
      vertex 49.6901 -18.2716 17.6259
      vertex 49.6806 -18.1126 17.6329
    endloop
  endfacet
  facet normal 0.967931 0.06867 -0.241648
    outer loop
      vertex 49.6901 -18.2716 17.6259
      vertex 49.6611 -10.5856 19.6939
      vertex 49.7396 -19.1136 17.5849
    endloop
  endfacet
  facet normal 0.967902 0.0686969 -0.241758
    outer loop
      vertex 50.7745 -26.5466 19.6161
      vertex 49.7396 -19.1136 17.5849
      vertex 49.6611 -10.5856 19.6939
    endloop
  endfacet
  facet normal 0.967905 0.0687014 -0.241743
    outer loop
      vertex 49.7396 -19.1136 17.5849
      vertex 50.7745 -26.5466 19.6161
      vertex 50.1786 -26.5765 17.2217
    endloop
  endfacet
  facet normal -0.0695747 0.997565 0.00490223
    outer loop
      vertex 48.2339 -10.6774 18.119
      vertex 34.1747 -11.6847 23.562
      vertex 49.6611 -10.5856 19.6939
    endloop
  endfacet
  facet normal -0.0695999 0.997563 0.00492518
    outer loop
      vertex 48.2339 -10.6774 18.119
      vertex 49.6611 -10.5856 19.6939
      vertex 49.5029 -10.5935 19.0584
    endloop
  endfacet
  facet normal -0.0695925 0.997564 0.00485584
    outer loop
      vertex 34.1747 -11.6847 23.562
      vertex 48.2339 -10.6774 18.119
      vertex 33.3959 -11.7238 20.433
    endloop
  endfacet
  facet normal 0.0697554 5.35559e-06 0.997564
    outer loop
      vertex 53.4636 -22.7731 19.4179
      vertex 50.8883 -26.5386 19.598
      vertex 54.4349 -26.29 19.35
    endloop
  endfacet
  facet normal 0.0697163 -1.7194e-05 0.997567
    outer loop
      vertex 49.7749 -10.5775 19.6759
      vertex 53.4636 -22.7731 19.4179
      vertex 50.2886 -10.5415 19.64
    endloop
  endfacet
  facet normal 0.0697662 -2.03776e-06 0.997563
    outer loop
      vertex 53.4636 -22.7731 19.4179
      vertex 49.7749 -10.5775 19.6759
      vertex 50.8883 -26.5386 19.598
    endloop
  endfacet
  facet normal -0.995132 -0.0697602 0.0696071
    outer loop
      vertex 50.4132 -21.9902 17.3635
      vertex 49.7749 -10.5775 19.6759
      vertex 49.7442 -10.5775 19.237
    endloop
  endfacet
  facet normal -0.995133 -0.0697465 0.069614
    outer loop
      vertex 50.8883 -26.5386 19.598
      vertex 50.4132 -21.9902 17.3635
      vertex 50.7161 -26.5386 17.1364
    endloop
  endfacet
  facet normal -0.995134 -0.0697573 0.0695923
    outer loop
      vertex 50.4132 -21.9902 17.3635
      vertex 50.8883 -26.5386 19.598
      vertex 49.7749 -10.5775 19.6759
    endloop
  endfacet
  facet normal -0.0695691 0.997565 0.00486619
    outer loop
      vertex 50.2886 -10.5415 19.64
      vertex 49.7442 -10.5775 19.237
      vertex 49.7749 -10.5775 19.6759
    endloop
  endfacet
  facet normal -0.0697582 0 -0.997564
    outer loop
      vertex 55.0006 -25.2283 15.3007
      vertex 59.1577 -12.0334 15.01
      vertex 59.1577 -24.9369 15.01
    endloop
  endfacet
  facet normal -0.0697572 -3.0376e-07 -0.997564
    outer loop
      vertex 50.6346 -12.5664 15.606
      vertex 59.1577 -12.0334 15.01
      vertex 55.0006 -25.2283 15.3007
    endloop
  endfacet
  facet normal -0.069755 -3.65384e-05 -0.997564
    outer loop
      vertex 59.1577 -12.0334 15.01
      vertex 50.6346 -12.5664 15.606
      vertex 59.126 -11.5793 15.0122
    endloop
  endfacet
  facet normal -0.0697619 2.35112e-05 -0.997564
    outer loop
      vertex 50.5606 -11.5053 15.6112
      vertex 59.126 -11.5793 15.0122
      vertex 50.6346 -12.5664 15.606
    endloop
  endfacet
  facet normal -0.0697618 4.03938e-05 -0.997564
    outer loop
      vertex 59.126 -11.5793 15.0122
      vertex 50.5606 -11.5053 15.6112
      vertex 59.0792 -10.9082 15.0155
    endloop
  endfacet
  facet normal -0.0697117 0 -0.997567
    outer loop
      vertex 60.0534 -24.8741 14.9474
      vertex 59.3007 -24.9269 15
      vertex 59.3007 -14.0833 15
    endloop
  endfacet
  facet normal 0.0696395 -0.99756 -0.00487159
    outer loop
      vertex 51.2743 -26.4992 17.0479
      vertex 50.8883 -26.5386 19.598
      vertex 50.7161 -26.5386 17.1364
    endloop
  endfacet
  facet normal 0.0695833 -0.997564 -0.00488015
    outer loop
      vertex 50.8883 -26.5386 19.598
      vertex 51.2743 -26.4992 17.0479
      vertex 54.4349 -26.29 19.35
    endloop
  endfacet
  facet normal -0.967903 -0.0686844 0.241756
    outer loop
      vertex 63.583 -25.6981 28.8446
      vertex 62.6614 -22.7786 25.9843
      vertex 62.7223 -25.7413 25.3864
    endloop
  endfacet
  facet normal -0.969204 -0.0688042 0.236452
    outer loop
      vertex 59.126 -11.5793 15.0122
      vertex 59.1253 -11.577 15.01
      vertex 59.1577 -12.0334 15.01
    endloop
  endfacet
  facet normal -0.967896 -0.0687771 0.241759
    outer loop
      vertex 58.6752 -10.9285 13.3924
      vertex 59.1221 -11.5668 15
      vertex 58.9167 -10.9164 14.3627
    endloop
  endfacet
  facet normal -0.967894 -0.0686929 0.241792
    outer loop
      vertex 58.6752 -10.9285 13.3924
      vertex 59.3007 -14.0833 15
      vertex 59.1221 -11.5668 15
    endloop
  endfacet
  facet normal -0.967894 -0.0686951 0.241788
    outer loop
      vertex 59.6494 -24.8944 13.3243
      vertex 59.3007 -14.0833 15
      vertex 58.6752 -10.9285 13.3924
    endloop
  endfacet
  facet normal -0.967898 -0.0686931 0.241775
    outer loop
      vertex 59.3007 -14.0833 15
      vertex 59.6494 -24.8944 13.3243
      vertex 60.0534 -24.8741 14.9474
    endloop
  endfacet
  facet normal -0.241521 -0.0121114 -0.97032
    outer loop
      vertex 59.6494 -24.8944 13.3243
      vertex 59.7015 -13.3791 13.1676
      vertex 60.5005 -24.834 13.1117
    endloop
  endfacet
  facet normal -0.241462 -0.0121118 -0.970335
    outer loop
      vertex 58.6752 -10.9285 13.3924
      vertex 59.7015 -13.3791 13.1676
      vertex 59.6494 -24.8944 13.3243
    endloop
  endfacet
  facet normal -0.241334 -0.0120552 -0.970367
    outer loop
      vertex 59.7015 -13.3791 13.1676
      vertex 58.6752 -10.9285 13.3924
      vertex 58.9172 -10.9113 13.332
    endloop
  endfacet
  facet normal -0.967929 -0.0686851 0.241652
    outer loop
      vertex 62.4257 -11.3149 28.2982
      vertex 62.4696 -9.7371 28.9225
      vertex 62.3885 -9.74117 28.5965
    endloop
  endfacet
  facet normal -0.967905 -0.0686959 0.241745
    outer loop
      vertex 63.583 -25.6981 28.8446
      vertex 62.4257 -11.3149 28.2982
      vertex 62.6614 -22.7786 25.9843
    endloop
  endfacet
  facet normal -0.967919 -0.0686993 0.241687
    outer loop
      vertex 62.4257 -11.3149 28.2982
      vertex 63.583 -25.6981 28.8446
      vertex 62.4696 -9.7371 28.9225
    endloop
  endfacet
  facet normal -0.966511 -0.0686545 0.247269
    outer loop
      vertex 59.1253 -11.577 15.01
      vertex 59.0792 -10.9082 15.0155
      vertex 59.0778 -10.9083 15.01
    endloop
  endfacet
  facet normal -0.969195 -0.068751 0.236504
    outer loop
      vertex 59.0792 -10.9082 15.0155
      vertex 59.1253 -11.577 15.01
      vertex 59.126 -11.5793 15.0122
    endloop
  endfacet
  facet normal -0.9679 -0.0687997 0.241737
    outer loop
      vertex 59.0753 -10.9084 15
      vertex 58.9167 -10.9164 14.3627
      vertex 59.1221 -11.5668 15
    endloop
  endfacet
  facet normal -0.241595 -0.0121425 -0.970301
    outer loop
      vertex 59.7015 -13.3791 13.1676
      vertex 58.9172 -10.9113 13.332
      vertex 59.5263 -10.8681 13.1798
    endloop
  endfacet
  facet normal 0.0695744 -0.997565 -0.00485451
    outer loop
      vertex 63.583 -25.6981 28.8446
      vertex 62.7223 -25.7413 25.3864
      vertex 66.4776 -25.4927 28.1216
    endloop
  endfacet
  facet normal -0.0695751 0.997565 0.00485415
    outer loop
      vertex 62.7382 -9.71804 28.8554
      vertex 62.3885 -9.74117 28.5965
      vertex 62.4696 -9.7371 28.9225
    endloop
  endfacet
  facet normal 0.241504 0.0121109 0.970324
    outer loop
      vertex 62.9472 -10.6481 28.815
      vertex 63.583 -25.6981 28.8446
      vertex 66.4776 -25.4927 28.1216
    endloop
  endfacet
  facet normal 0.241538 0.0121289 0.970316
    outer loop
      vertex 62.4696 -9.7371 28.9225
      vertex 62.9472 -10.6481 28.815
      vertex 62.7382 -9.71804 28.8554
    endloop
  endfacet
  facet normal 0.241505 0.012111 0.970324
    outer loop
      vertex 62.9472 -10.6481 28.815
      vertex 62.4696 -9.7371 28.9225
      vertex 63.583 -25.6981 28.8446
    endloop
  endfacet
  facet normal 0.240239 0.0241698 0.970413
    outer loop
      vertex 40.6379 -31.4002 21.1052
      vertex 56.9894 -36.1953 17.1766
      vertex 53.8497 -29.5154 17.7875
    endloop
  endfacet
  facet normal 0.240232 0.0241684 0.970415
    outer loop
      vertex 56.9894 -36.1953 17.1766
      vertex 42.8592 -47.2445 20.9498
      vertex 58.231 -45.0515 17.0898
    endloop
  endfacet
  facet normal 0.240237 0.0241623 0.970414
    outer loop
      vertex 56.9894 -36.1953 17.1766
      vertex 40.6379 -31.4002 21.1052
      vertex 42.8592 -47.2445 20.9498
    endloop
  endfacet
  facet normal -0.960734 -0.13706 0.241258
    outer loop
      vertex 42.8592 -47.2445 20.9498
      vertex 40.6357 -36.2416 18.3462
      vertex 41.9517 -47.3358 17.2841
    endloop
  endfacet
  facet normal 0.138836 -0.990268 -0.00966963
    outer loop
      vertex 45.2688 -46.8671 16.9145
      vertex 58.231 -45.0515 17.0898
      vertex 43.866 -47.0653 17.0708
    endloop
  endfacet
  facet normal 0.138837 -0.990268 -0.00969018
    outer loop
      vertex 57.7754 -45.1025 15.774
      vertex 58.231 -45.0515 17.0898
      vertex 45.2688 -46.8671 16.9145
    endloop
  endfacet
  facet normal 0.138556 -0.990308 -0.00959144
    outer loop
      vertex 58.231 -45.0515 17.0898
      vertex 57.7754 -45.1025 15.774
      vertex 57.9284 -45.082 15.8676
    endloop
  endfacet
  facet normal 0.138848 -0.990266 -0.00970971
    outer loop
      vertex 43.866 -47.0653 17.0708
      vertex 42.8592 -47.2445 20.9498
      vertex 41.9517 -47.3358 17.2841
    endloop
  endfacet
  facet normal 0.138836 -0.990268 -0.00971267
    outer loop
      vertex 42.8592 -47.2445 20.9498
      vertex 43.866 -47.0653 17.0708
      vertex 58.231 -45.0515 17.0898
    endloop
  endfacet
  facet normal -0.138791 0.990274 0.00972357
    outer loop
      vertex 40.6379 -31.4002 21.1052
      vertex 41.9673 -31.1862 18.2863
      vertex 40.0289 -31.4614 18.6453
    endloop
  endfacet
  facet normal -0.138834 0.990268 0.00970989
    outer loop
      vertex 48.7932 -30.2189 17.2356
      vertex 40.6379 -31.4002 21.1052
      vertex 53.8497 -29.5154 17.7875
    endloop
  endfacet
  facet normal -0.138833 0.990268 0.00970011
    outer loop
      vertex 48.7932 -30.2189 17.2356
      vertex 53.8497 -29.5154 17.7875
      vertex 53.1275 -29.6113 17.2413
    endloop
  endfacet
  facet normal -0.138838 0.990268 0.00970105
    outer loop
      vertex 40.6379 -31.4002 21.1052
      vertex 48.7932 -30.2189 17.2356
      vertex 41.9673 -31.1862 18.2863
    endloop
  endfacet
  facet normal -0.960736 -0.13704 0.24126
    outer loop
      vertex 40.309 -33.4874 18.6099
      vertex 40.6379 -31.4002 21.1052
      vertex 40.0289 -31.4614 18.6453
    endloop
  endfacet
  facet normal -0.960729 -0.137062 0.241277
    outer loop
      vertex 40.6357 -36.2416 18.3462
      vertex 40.6379 -31.4002 21.1052
      vertex 40.309 -33.4874 18.6099
    endloop
  endfacet
  facet normal -0.960732 -0.137057 0.241268
    outer loop
      vertex 40.6379 -31.4002 21.1052
      vertex 40.6357 -36.2416 18.3462
      vertex 42.8592 -47.2445 20.9498
    endloop
  endfacet
  facet normal -0.138833 0.990267 0.00979946
    outer loop
      vertex 52.3883 -29.7094 16.6821
      vertex 48.7932 -30.2189 17.2356
      vertex 53.1275 -29.6113 17.2413
    endloop
  endfacet
  facet normal 0.960731 0.137055 -0.241271
    outer loop
      vertex 58.231 -45.0515 17.0898
      vertex 57.134 -39.4154 15.9232
      vertex 56.9894 -36.1953 17.1766
    endloop
  endfacet
  facet normal 0.960728 0.137052 -0.241283
    outer loop
      vertex 57.134 -39.4154 15.9232
      vertex 58.231 -45.0515 17.0898
      vertex 57.9284 -45.082 15.8676
    endloop
  endfacet
  facet normal 0.0697768 -3.30711e-05 0.997563
    outer loop
      vertex 59.5256 -43.3251 16.9892
      vertex 58.3439 -45.0355 17.0718
      vertex 59.7379 -44.8391 16.9743
    endloop
  endfacet
  facet normal 0.0697096 1.35843e-05 0.997567
    outer loop
      vertex 59.0613 -40.0137 17.0216
      vertex 58.3439 -45.0355 17.0718
      vertex 59.5256 -43.3251 16.9892
    endloop
  endfacet
  facet normal 0.0697931 1.59554e-06 0.997561
    outer loop
      vertex 58.3439 -45.0355 17.0718
      vertex 59.0613 -40.0137 17.0216
      vertex 57.1488 -36.5114 17.1554
    endloop
  endfacet
  facet normal -0.987855 -0.139175 0.0690912
    outer loop
      vertex 58.3439 -45.0355 17.0718
      vertex 57.5026 -39.5299 16.1333
      vertex 58.2677 -44.9871 16.0798
    endloop
  endfacet
  facet normal -0.987811 -0.139497 0.0690721
    outer loop
      vertex 58.3439 -45.0355 17.0718
      vertex 58.2677 -44.9871 16.0798
      vertex 58.2745 -45.0355 16.0793
    endloop
  endfacet
  facet normal -0.987855 -0.139177 0.0690767
    outer loop
      vertex 57.5026 -39.5299 16.1333
      vertex 58.3439 -45.0355 17.0718
      vertex 57.1488 -36.5114 17.1554
    endloop
  endfacet
  facet normal 0.138839 -0.990267 -0.00970826
    outer loop
      vertex 58.3439 -45.0355 17.0718
      vertex 58.2745 -45.0355 16.0793
      vertex 59.7379 -44.8391 16.9743
    endloop
  endfacet
  facet normal -0.960732 -0.137062 0.241264
    outer loop
      vertex 70.1111 -42.6267 23.3958
      vertex 70.951 -43.3587 26.3245
      vertex 70.0472 -41.0554 24.034
    endloop
  endfacet
  facet normal -0.960731 -0.137075 0.24126
    outer loop
      vertex 70.951 -43.3587 26.3245
      vertex 70.1111 -42.6267 23.3958
      vertex 70.224 -43.4319 23.3879
    endloop
  endfacet
  facet normal 0.240223 0.0241654 0.970417
    outer loop
      vertex 73.6583 -42.9725 25.6447
      vertex 69.8099 -35.2198 26.4043
      vertex 70.951 -43.3587 26.3245
    endloop
  endfacet
  facet normal -0.960732 -0.137063 0.241263
    outer loop
      vertex 70.951 -43.3587 26.3245
      vertex 69.8099 -35.2198 26.4043
      vertex 70.0472 -41.0554 24.034
    endloop
  endfacet
  facet normal 0.138833 -0.990268 -0.009677
    outer loop
      vertex 70.951 -43.3587 26.3245
      vertex 72.3811 -43.1424 24.7073
      vertex 73.6583 -42.9725 25.6447
    endloop
  endfacet
  facet normal 0.138825 -0.99027 -0.0096841
    outer loop
      vertex 72.3811 -43.1424 24.7073
      vertex 70.951 -43.3587 26.3245
      vertex 70.224 -43.4319 23.3879
    endloop
  endfacet
  facet normal 0.321651 0.946858 -0
    outer loop
      vertex 84.298 54.7716 17
      vertex 83.9265 54.8978 35
      vertex 84.298 54.7716 35
    endloop
  endfacet
  facet normal 0.321651 0.946858 0
    outer loop
      vertex 83.9265 54.8978 35
      vertex 84.298 54.7716 17
      vertex 83.9265 54.8978 17
    endloop
  endfacet
  facet normal 0.44211 0.896961 -0
    outer loop
      vertex 84.65 54.5981 17
      vertex 84.298 54.7716 35
      vertex 84.65 54.5981 35
    endloop
  endfacet
  facet normal 0.44211 0.896961 0
    outer loop
      vertex 84.298 54.7716 35
      vertex 84.65 54.5981 17
      vertex 84.298 54.7716 17
    endloop
  endfacet
  facet normal -1 0 0
    outer loop
      vertex 3 30 33
      vertex 3 52 17
      vertex 3 30 17
    endloop
  endfacet
  facet normal -1 0 0
    outer loop
      vertex 3 52 17
      vertex 3 30 33
      vertex 3 52 35
    endloop
  endfacet
  facet normal -1 0 0
    outer loop
      vertex 3 2 35
      vertex 3 30 33
      vertex 3 2 33
    endloop
  endfacet
  facet normal -1 0 0
    outer loop
      vertex 3 30 33
      vertex 3 2 35
      vertex 3 52 35
    endloop
  endfacet
  facet normal -1 0 0
    outer loop
      vertex 3 -30 33
      vertex 3 -18 35
      vertex 3 -18 33
    endloop
  endfacet
  facet normal -1 -0 0
    outer loop
      vertex 3 -18 35
      vertex 3 -30 33
      vertex 3 -30 35
    endloop
  endfacet
  facet normal -1 0 0
    outer loop
      vertex 3 -16 33
      vertex 3 0 35
      vertex 3 0 33
    endloop
  endfacet
  facet normal -1 -0 0
    outer loop
      vertex 3 0 35
      vertex 3 -16 33
      vertex 3 -16 35
    endloop
  endfacet
  facet normal 0.659478 0.751724 -0
    outer loop
      vertex 85.2713 54.1213 17
      vertex 84.9763 54.3801 35
      vertex 85.2713 54.1213 35
    endloop
  endfacet
  facet normal 0.659478 0.751724 0
    outer loop
      vertex 84.9763 54.3801 35
      vertex 85.2713 54.1213 17
      vertex 84.9763 54.3801 17
    endloop
  endfacet
  facet normal -0.997858 0.0654112 0
    outer loop
      vertex 3 52 17
      vertex 3.02567 52.3916 35
      vertex 3.02567 52.3916 17
    endloop
  endfacet
  facet normal -0.997858 0.0654112 0
    outer loop
      vertex 3.02567 52.3916 35
      vertex 3 52 17
      vertex 3 52 35
    endloop
  endfacet
  facet normal 0.831501 0.555523 0
    outer loop
      vertex 85.7481 53.5 35
      vertex 85.5301 53.8263 17
      vertex 85.5301 53.8263 35
    endloop
  endfacet
  facet normal 0.831501 0.555523 0
    outer loop
      vertex 85.5301 53.8263 17
      vertex 85.7481 53.5 35
      vertex 85.7481 53.5 17
    endloop
  endfacet
  facet normal 0.555523 0.831501 -0
    outer loop
      vertex 84.9763 54.3801 17
      vertex 84.65 54.5981 35
      vertex 84.9763 54.3801 35
    endloop
  endfacet
  facet normal 0.555523 0.831501 0
    outer loop
      vertex 84.65 54.5981 35
      vertex 84.9763 54.3801 17
      vertex 84.65 54.5981 17
    endloop
  endfacet
  facet normal 0.997853 0.0654873 0
    outer loop
      vertex 86.15 52 35
      vertex 86.1243 52.3916 17
      vertex 86.1243 52.3916 35
    endloop
  endfacet
  facet normal 0.997853 0.0654873 0
    outer loop
      vertex 86.1243 52.3916 17
      vertex 86.15 52 35
      vertex 86.15 52 17
    endloop
  endfacet
  facet normal 0.980815 0.19494 0
    outer loop
      vertex 86.1243 52.3916 35
      vertex 86.0478 52.7765 17
      vertex 86.0478 52.7765 35
    endloop
  endfacet
  facet normal 0.980815 0.19494 0
    outer loop
      vertex 86.0478 52.7765 17
      vertex 86.1243 52.3916 35
      vertex 86.1243 52.3916 17
    endloop
  endfacet
  facet normal -0.946905 0.321514 0
    outer loop
      vertex 3.10222 52.7765 17
      vertex 3.22836 53.148 35
      vertex 3.22836 53.148 17
    endloop
  endfacet
  facet normal -0.946905 0.321514 0
    outer loop
      vertex 3.22836 53.148 35
      vertex 3.10222 52.7765 17
      vertex 3.10222 52.7765 35
    endloop
  endfacet
  facet normal 0 0 1
    outer loop
      vertex 86.15 -30 35
      vertex 45.7149 -4.842 35
      vertex 48.4292 -19.1345 35
    endloop
  endfacet
  facet normal 0 0 1
    outer loop
      vertex 45.3901 4.45325 35
      vertex 49.2754 16.7706 35
      vertex 45.3901 9.42242 35
    endloop
  endfacet
  facet normal 0 -0 1
    outer loop
      vertex 45.3901 9.42242 35
      vertex 49.2754 16.7706 35
      vertex 45.3599 10.4118 35
    endloop
  endfacet
  facet normal 0 0 1
    outer loop
      vertex 86.15 52 35
      vertex 78.2235 35.4046 35
      vertex 78.25 35 35
    endloop
  endfacet
  facet normal 0 0 1
    outer loop
      vertex 86.15 52 35
      vertex 78.1444 35.8023 35
      vertex 78.2235 35.4046 35
    endloop
  endfacet
  facet normal 0 0 1
    outer loop
      vertex 86.15 52 35
      vertex 78.014 36.1863 35
      vertex 78.1444 35.8023 35
    endloop
  endfacet
  facet normal 0 0 1
    outer loop
      vertex 86.15 52 35
      vertex 77.8347 36.55 35
      vertex 78.014 36.1863 35
    endloop
  endfacet
  facet normal 0 0 1
    outer loop
      vertex 86.15 52 35
      vertex 77.6094 36.8872 35
      vertex 77.8347 36.55 35
    endloop
  endfacet
  facet normal 0 0 1
    outer loop
      vertex 86.15 52 35
      vertex 77.342 37.192 35
      vertex 77.6094 36.8872 35
    endloop
  endfacet
  facet normal 0 0 1
    outer loop
      vertex 86.15 52 35
      vertex 77.0372 37.4594 35
      vertex 77.342 37.192 35
    endloop
  endfacet
  facet normal 0 0 1
    outer loop
      vertex 86.15 52 35
      vertex 76.7 37.6847 35
      vertex 77.0372 37.4594 35
    endloop
  endfacet
  facet normal 0 0 1
    outer loop
      vertex 86.15 52 35
      vertex 76.3363 37.864 35
      vertex 76.7 37.6847 35
    endloop
  endfacet
  facet normal 0 0 1
    outer loop
      vertex 86.15 52 35
      vertex 75.9523 37.9944 35
      vertex 76.3363 37.864 35
    endloop
  endfacet
  facet normal 0 0 1
    outer loop
      vertex 83.15 55 35
      vertex 75.5546 38.0735 35
      vertex 75.9523 37.9944 35
    endloop
  endfacet
  facet normal 0 0 1
    outer loop
      vertex 83.15 55 35
      vertex 75.15 38.1 35
      vertex 75.5546 38.0735 35
    endloop
  endfacet
  facet normal 0 0 1
    outer loop
      vertex 83.15 55 35
      vertex 74.7454 38.0735 35
      vertex 75.15 38.1 35
    endloop
  endfacet
  facet normal 0 0 1
    outer loop
      vertex 83.15 55 35
      vertex 74.3477 37.9944 35
      vertex 74.7454 38.0735 35
    endloop
  endfacet
  facet normal 0 0 1
    outer loop
      vertex 83.15 55 35
      vertex 73.9637 37.864 35
      vertex 74.3477 37.9944 35
    endloop
  endfacet
  facet normal 0 0 1
    outer loop
      vertex 83.15 55 35
      vertex 73.6 37.6847 35
      vertex 73.9637 37.864 35
    endloop
  endfacet
  facet normal -0 0 1
    outer loop
      vertex 44.4643 47.9399 35
      vertex 73.6 37.6847 35
      vertex 83.15 55 35
    endloop
  endfacet
  facet normal 0 0 1
    outer loop
      vertex 73.6 37.6847 35
      vertex 44.4643 47.9399 35
      vertex 73.2628 37.4594 35
    endloop
  endfacet
  facet normal 0 0 1
    outer loop
      vertex 73.2628 37.4594 35
      vertex 44.4643 47.9399 35
      vertex 72.958 37.192 35
    endloop
  endfacet
  facet normal -0 -0 1
    outer loop
      vertex 44.5115 47.4723 35
      vertex 72.958 37.192 35
      vertex 44.4643 47.9399 35
    endloop
  endfacet
  facet normal 0 0 1
    outer loop
      vertex 48.2043 34.2636 35
      vertex 72.05 35 35
      vertex 72.0765 35.4046 35
    endloop
  endfacet
  facet normal 0 0 1
    outer loop
      vertex 48.2043 34.2636 35
      vertex 72.0765 35.4046 35
      vertex 72.1556 35.8023 35
    endloop
  endfacet
  facet normal 0 0 1
    outer loop
      vertex 48.2043 34.2636 35
      vertex 72.1556 35.8023 35
      vertex 72.286 36.1863 35
    endloop
  endfacet
  facet normal 0 0 1
    outer loop
      vertex 48.2043 34.2636 35
      vertex 72.286 36.1863 35
      vertex 72.4653 36.55 35
    endloop
  endfacet
  facet normal 0 0 1
    outer loop
      vertex 72.958 37.192 35
      vertex 44.5115 47.4723 35
      vertex 72.6906 36.8872 35
    endloop
  endfacet
  facet normal 0 0 1
    outer loop
      vertex 72.05 35 35
      vertex 48.7302 28.5888 35
      vertex 49.2754 16.7706 35
    endloop
  endfacet
  facet normal 0 0 1
    outer loop
      vertex 72.05 35 35
      vertex 48.2043 34.2636 35
      vertex 48.7302 28.5888 35
    endloop
  endfacet
  facet normal 0 0 1
    outer loop
      vertex 72.4653 36.55 35
      vertex 44.5115 47.4723 35
      vertex 48.2043 34.2636 35
    endloop
  endfacet
  facet normal 0 0 1
    outer loop
      vertex 72.6906 36.8872 35
      vertex 44.5115 47.4723 35
      vertex 72.4653 36.55 35
    endloop
  endfacet
  facet normal -0 0 1
    outer loop
      vertex 6 55 35
      vertex 44.4643 47.9399 35
      vertex 83.15 55 35
    endloop
  endfacet
  facet normal 0 0 1
    outer loop
      vertex 44.4643 47.9399 35
      vertex 6 55 35
      vertex 44.336 47.9219 35
    endloop
  endfacet
  facet normal 0 0 1
    outer loop
      vertex 44.336 47.9219 35
      vertex 6 55 35
      vertex 42.4908 47.6632 35
    endloop
  endfacet
  facet normal 0 0 1
    outer loop
      vertex 42.4908 47.6632 35
      vertex 6 55 35
      vertex 39.1489 47.1947 35
    endloop
  endfacet
  facet normal 0 0 1
    outer loop
      vertex 39.1489 47.1947 35
      vertex 6 55 35
      vertex 33.6335 46.4214 35
    endloop
  endfacet
  facet normal 0 0 1
    outer loop
      vertex 33.6335 46.4214 35
      vertex 6 55 35
      vertex 29.9067 45.8989 35
    endloop
  endfacet
  facet normal 0 0 1
    outer loop
      vertex 29.9067 45.8989 35
      vertex 6 55 35
      vertex 29.4011 45.8281 35
    endloop
  endfacet
  facet normal 0 0 1
    outer loop
      vertex 29.4011 45.8281 35
      vertex 6 55 35
      vertex 16.7795 44.0585 35
    endloop
  endfacet
  facet normal 0 0 1
    outer loop
      vertex 16.7795 44.0585 35
      vertex 6 55 35
      vertex 14.1689 43.6925 35
    endloop
  endfacet
  facet normal 0 0 1
    outer loop
      vertex 14.1689 43.6925 35
      vertex 6 55 35
      vertex 13.8107 43.6423 35
    endloop
  endfacet
  facet normal 0 0 1
    outer loop
      vertex 13.8107 43.6423 35
      vertex 6 55 35
      vertex 13.4977 43.5984 35
    endloop
  endfacet
  facet normal 0 0 1
    outer loop
      vertex 83.15 55 35
      vertex 86.15 52 35
      vertex 86.1243 52.3916 35
    endloop
  endfacet
  facet normal 0 0 1
    outer loop
      vertex 83.15 55 35
      vertex 86.1243 52.3916 35
      vertex 86.0478 52.7765 35
    endloop
  endfacet
  facet normal 0 0 1
    outer loop
      vertex 83.15 55 35
      vertex 86.0478 52.7765 35
      vertex 85.9216 53.148 35
    endloop
  endfacet
  facet normal 0 0 1
    outer loop
      vertex 83.15 55 35
      vertex 85.9216 53.148 35
      vertex 85.7481 53.5 35
    endloop
  endfacet
  facet normal 0 0 1
    outer loop
      vertex 83.15 55 35
      vertex 85.7481 53.5 35
      vertex 85.5301 53.8263 35
    endloop
  endfacet
  facet normal 0 0 1
    outer loop
      vertex 83.15 55 35
      vertex 85.5301 53.8263 35
      vertex 85.2713 54.1213 35
    endloop
  endfacet
  facet normal 0 0 1
    outer loop
      vertex 83.15 55 35
      vertex 85.2713 54.1213 35
      vertex 84.9763 54.3801 35
    endloop
  endfacet
  facet normal 0 0 1
    outer loop
      vertex 83.15 55 35
      vertex 84.9763 54.3801 35
      vertex 84.65 54.5981 35
    endloop
  endfacet
  facet normal 0 0 1
    outer loop
      vertex 83.15 55 35
      vertex 84.65 54.5981 35
      vertex 84.298 54.7716 35
    endloop
  endfacet
  facet normal 0 0 1
    outer loop
      vertex 83.15 55 35
      vertex 84.298 54.7716 35
      vertex 83.9265 54.8978 35
    endloop
  endfacet
  facet normal 0 0 1
    outer loop
      vertex 83.15 55 35
      vertex 83.9265 54.8978 35
      vertex 83.5416 54.9743 35
    endloop
  endfacet
  facet normal 0 0 1
    outer loop
      vertex 75.9523 37.9944 35
      vertex 86.15 52 35
      vertex 83.15 55 35
    endloop
  endfacet
  facet normal 0 0 1
    outer loop
      vertex 86.15 52 35
      vertex 78.25 35 35
      vertex 78.2235 34.5954 35
    endloop
  endfacet
  facet normal 0 0 1
    outer loop
      vertex 86.15 52 35
      vertex 78.2235 34.5954 35
      vertex 78.1444 34.1977 35
    endloop
  endfacet
  facet normal 0 0 1
    outer loop
      vertex 86.15 52 35
      vertex 78.1444 34.1977 35
      vertex 86.15 -30 35
    endloop
  endfacet
  facet normal -0 0 1
    outer loop
      vertex 78.014 33.8137 35
      vertex 86.15 -30 35
      vertex 78.1444 34.1977 35
    endloop
  endfacet
  facet normal -0 0 1
    outer loop
      vertex 77.8347 33.45 35
      vertex 86.15 -30 35
      vertex 78.014 33.8137 35
    endloop
  endfacet
  facet normal -0 0 1
    outer loop
      vertex 77.6094 33.1128 35
      vertex 86.15 -30 35
      vertex 77.8347 33.45 35
    endloop
  endfacet
  facet normal -0 0 1
    outer loop
      vertex 77.342 32.808 35
      vertex 86.15 -30 35
      vertex 77.6094 33.1128 35
    endloop
  endfacet
  facet normal -0 0 1
    outer loop
      vertex 77.0372 32.5406 35
      vertex 86.15 -30 35
      vertex 77.342 32.808 35
    endloop
  endfacet
  facet normal -0 0 1
    outer loop
      vertex 76.7 32.3153 35
      vertex 86.15 -30 35
      vertex 77.0372 32.5406 35
    endloop
  endfacet
  facet normal -0 0 1
    outer loop
      vertex 76.3363 32.136 35
      vertex 86.15 -30 35
      vertex 76.7 32.3153 35
    endloop
  endfacet
  facet normal -0 0 1
    outer loop
      vertex 75.9523 32.0056 35
      vertex 86.15 -30 35
      vertex 76.3363 32.136 35
    endloop
  endfacet
  facet normal -0 0 1
    outer loop
      vertex 75.5546 31.9265 35
      vertex 86.15 -30 35
      vertex 75.9523 32.0056 35
    endloop
  endfacet
  facet normal -0 0 1
    outer loop
      vertex 75.15 31.9 35
      vertex 86.15 -30 35
      vertex 75.5546 31.9265 35
    endloop
  endfacet
  facet normal 0 0 1
    outer loop
      vertex 49.2754 16.7706 35
      vertex 75.15 31.9 35
      vertex 74.7454 31.9265 35
    endloop
  endfacet
  facet normal 0 0 1
    outer loop
      vertex 49.2754 16.7706 35
      vertex 74.7454 31.9265 35
      vertex 74.3477 32.0056 35
    endloop
  endfacet
  facet normal 0 0 1
    outer loop
      vertex 49.2754 16.7706 35
      vertex 74.3477 32.0056 35
      vertex 73.9637 32.136 35
    endloop
  endfacet
  facet normal 0 0 1
    outer loop
      vertex 49.2754 16.7706 35
      vertex 73.9637 32.136 35
      vertex 73.6 32.3153 35
    endloop
  endfacet
  facet normal 0 0 1
    outer loop
      vertex 49.2754 16.7706 35
      vertex 73.6 32.3153 35
      vertex 73.2628 32.5406 35
    endloop
  endfacet
  facet normal 0 0 1
    outer loop
      vertex 49.2754 16.7706 35
      vertex 73.2628 32.5406 35
      vertex 72.958 32.808 35
    endloop
  endfacet
  facet normal 0 0 1
    outer loop
      vertex 49.2754 16.7706 35
      vertex 72.958 32.808 35
      vertex 72.6906 33.1128 35
    endloop
  endfacet
  facet normal 0 0 1
    outer loop
      vertex 49.2754 16.7706 35
      vertex 72.6906 33.1128 35
      vertex 72.4653 33.45 35
    endloop
  endfacet
  facet normal 0 0 1
    outer loop
      vertex 49.2754 16.7706 35
      vertex 72.4653 33.45 35
      vertex 72.286 33.8137 35
    endloop
  endfacet
  facet normal 0 0 1
    outer loop
      vertex 49.2754 16.7706 35
      vertex 72.286 33.8137 35
      vertex 72.1556 34.1977 35
    endloop
  endfacet
  facet normal 0 0 1
    outer loop
      vertex 49.2754 16.7706 35
      vertex 72.0765 34.5954 35
      vertex 72.05 35 35
    endloop
  endfacet
  facet normal 0 0 1
    outer loop
      vertex 49.2754 16.7706 35
      vertex 72.1556 34.1977 35
      vertex 72.0765 34.5954 35
    endloop
  endfacet
  facet normal 0 0 1
    outer loop
      vertex 45.3901 4.45325 35
      vertex 75.15 31.9 35
      vertex 49.2754 16.7706 35
    endloop
  endfacet
  facet normal 0 0 1
    outer loop
      vertex 75.15 31.9 35
      vertex 45.7149 -4.842 35
      vertex 86.15 -30 35
    endloop
  endfacet
  facet normal -0 0 1
    outer loop
      vertex 48.0351 -28.512 35
      vertex 86.15 -30 35
      vertex 48.4292 -19.1345 35
    endloop
  endfacet
  facet normal 0 0 1
    outer loop
      vertex 86.15 -30 35
      vertex 48.0351 -28.512 35
      vertex 47.9095 -30 35
    endloop
  endfacet
  facet normal -0 0 1
    outer loop
      vertex 45.7149 -9.43462 35
      vertex 48.4292 -19.1345 35
      vertex 45.7149 -4.842 35
    endloop
  endfacet
  facet normal 0 0 1
    outer loop
      vertex 48.4292 -19.1345 35
      vertex 45.7149 -9.43462 35
      vertex 45.6856 -10.3667 35
    endloop
  endfacet
  facet normal 0 0 1
    outer loop
      vertex 75.15 31.9 35
      vertex 45.3901 4.45325 35
      vertex 45.7149 -4.842 35
    endloop
  endfacet
  facet normal 0 0 1
    outer loop
      vertex 45.7149 -4.842 35
      vertex 45.3901 4.45325 35
      vertex 42.2218 0.0212752 35
    endloop
  endfacet
  facet normal 0 0 1
    outer loop
      vertex 3 52 35
      vertex 15.5 29.3862 35
      vertex 13.4977 43.5984 35
    endloop
  endfacet
  facet normal 0 0 1
    outer loop
      vertex 6 -1 35
      vertex 23.3987 -7.52179 35
      vertex 23.7951 -2.43349 35
    endloop
  endfacet
  facet normal 0 -0 1
    outer loop
      vertex 23.1443 -9.35532 35
      vertex 23.3987 -7.52179 35
      vertex 6 -1 35
    endloop
  endfacet
  facet normal -0 0 1
    outer loop
      vertex 6 2 35
      vertex 23.7951 -2.43349 35
      vertex 22.4549 7.44791 35
    endloop
  endfacet
  facet normal 0 0 1
    outer loop
      vertex 21.8976 9.55623 35
      vertex 22.4549 7.44791 35
      vertex 22.3307 8.36333 35
    endloop
  endfacet
  facet normal 0 0 1
    outer loop
      vertex 22.4549 7.44791 35
      vertex 21.8976 9.55623 35
      vertex 6 2 35
    endloop
  endfacet
  facet normal 0 0 1
    outer loop
      vertex 23.7951 -2.43349 35
      vertex 6 0 35
      vertex 6 -1 35
    endloop
  endfacet
  facet normal 0 0 1
    outer loop
      vertex 6 -16 35
      vertex 23.1443 -9.35532 35
      vertex 6 -15 35
    endloop
  endfacet
  facet normal 0 0 1
    outer loop
      vertex 23.1443 -9.35532 35
      vertex 6 -16 35
      vertex 20.0187 -25.7736 35
    endloop
  endfacet
  facet normal 0 0 1
    outer loop
      vertex 15.5 26 35
      vertex 21.8976 9.55623 35
      vertex 16.009 25.7736 35
    endloop
  endfacet
  facet normal -0 0 1
    outer loop
      vertex 15.5 26 35
      vertex 16.009 25.7736 35
      vertex 15.9771 26 35
    endloop
  endfacet
  facet normal 0 0 1
    outer loop
      vertex 21.8976 9.55623 35
      vertex 15.5 26 35
      vertex 6 2 35
    endloop
  endfacet
  facet normal 0 0 1
    outer loop
      vertex 15.5 29.3862 35
      vertex 3 52 35
      vertex 15.5 26 35
    endloop
  endfacet
  facet normal -0 0 1
    outer loop
      vertex 3 52 35
      vertex 13.4977 43.5984 35
      vertex 6 55 35
    endloop
  endfacet
  facet normal 0 0 1
    outer loop
      vertex 23.7951 -2.43349 35
      vertex 6 2 35
      vertex 6 0 35
    endloop
  endfacet
  facet normal 0 0 1
    outer loop
      vertex 23.3987 -7.52179 35
      vertex 23.1443 -9.35532 35
      vertex 23.3332 -8.36333 35
    endloop
  endfacet
  facet normal 0 0 1
    outer loop
      vertex 23.1443 -9.35532 35
      vertex 6 -1 35
      vertex 6 -15 35
    endloop
  endfacet
  facet normal -0 0 1
    outer loop
      vertex 6 -18 35
      vertex 20.0187 -25.7736 35
      vertex 6 -16 35
    endloop
  endfacet
  facet normal 0 0 1
    outer loop
      vertex 20.0187 -25.7736 35
      vertex 6 -18 35
      vertex 19.8326 -27.0948 35
    endloop
  endfacet
  facet normal 0 0 1
    outer loop
      vertex 3 -30 35
      vertex 19.8326 -27.0948 35
      vertex 6 -18 35
    endloop
  endfacet
  facet normal 0 0 1
    outer loop
      vertex 3 -30 35
      vertex 6 -18 35
      vertex 3 -18 35
    endloop
  endfacet
  facet normal 0 0 1
    outer loop
      vertex 19.8326 -27.0948 35
      vertex 3 -30 35
      vertex 19.4233 -30 35
    endloop
  endfacet
  facet normal -0 0 1
    outer loop
      vertex 4.7 -15 35
      vertex 6 -16 35
      vertex 6 -15 35
    endloop
  endfacet
  facet normal 0 0 1
    outer loop
      vertex 4.7 -15 35
      vertex 3 -16 35
      vertex 6 -16 35
    endloop
  endfacet
  facet normal 0 0 1
    outer loop
      vertex 3 -16 35
      vertex 4.7 -15 35
      vertex 3 0 35
    endloop
  endfacet
  facet normal 0 0 1
    outer loop
      vertex 6 0 35
      vertex 4.7 -1 35
      vertex 6 -1 35
    endloop
  endfacet
  facet normal 0 0 1
    outer loop
      vertex 4.7 -1 35
      vertex 3 0 35
      vertex 4.7 -15 35
    endloop
  endfacet
  facet normal -0 0 1
    outer loop
      vertex 3 0 35
      vertex 4.7 -1 35
      vertex 6 0 35
    endloop
  endfacet
  facet normal 0 0 1
    outer loop
      vertex 3 52 35
      vertex 6 55 35
      vertex 5.60842 54.9743 35
    endloop
  endfacet
  facet normal 0 0 1
    outer loop
      vertex 3 52 35
      vertex 5.60842 54.9743 35
      vertex 5.22354 54.8978 35
    endloop
  endfacet
  facet normal 0 0 1
    outer loop
      vertex 3 52 35
      vertex 5.22354 54.8978 35
      vertex 4.85195 54.7716 35
    endloop
  endfacet
  facet normal 0 0 1
    outer loop
      vertex 3 52 35
      vertex 4.85195 54.7716 35
      vertex 4.5 54.5981 35
    endloop
  endfacet
  facet normal 0 0 1
    outer loop
      vertex 3 52 35
      vertex 4.5 54.5981 35
      vertex 4.17372 54.3801 35
    endloop
  endfacet
  facet normal 0 0 1
    outer loop
      vertex 3 52 35
      vertex 4.17372 54.3801 35
      vertex 3.87868 54.1213 35
    endloop
  endfacet
  facet normal 0 0 1
    outer loop
      vertex 3 52 35
      vertex 3.87868 54.1213 35
      vertex 3.61994 53.8263 35
    endloop
  endfacet
  facet normal 0 0 1
    outer loop
      vertex 3 52 35
      vertex 3.61994 53.8263 35
      vertex 3.40192 53.5 35
    endloop
  endfacet
  facet normal 0 0 1
    outer loop
      vertex 3 52 35
      vertex 3.40192 53.5 35
      vertex 3.22836 53.148 35
    endloop
  endfacet
  facet normal 0 0 1
    outer loop
      vertex 3 52 35
      vertex 3.22836 53.148 35
      vertex 3.10222 52.7765 35
    endloop
  endfacet
  facet normal 0 0 1
    outer loop
      vertex 3 52 35
      vertex 3.10222 52.7765 35
      vertex 3.02567 52.3916 35
    endloop
  endfacet
  facet normal 0 0 1
    outer loop
      vertex 15.5 26 35
      vertex 3 52 35
      vertex 3 2 35
    endloop
  endfacet
  facet normal 0 0 1
    outer loop
      vertex 15.5 26 35
      vertex 3 2 35
      vertex 6 2 35
    endloop
  endfacet
  facet normal 0 0 1
    outer loop
      vertex 38.5092 12.7065 35
      vertex 38.6322 11.5053 35
      vertex 38.557 12.5769 35
    endloop
  endfacet
  facet normal 0 0 1
    outer loop
      vertex 30.0279 11.5668 35
      vertex 38.5092 12.7065 35
      vertex 37.3817 15.9604 35
    endloop
  endfacet
  facet normal 0 0 1
    outer loop
      vertex 29.8493 14.0833 35
      vertex 37.3817 15.9604 35
      vertex 34.1704 25.2283 35
    endloop
  endfacet
  facet normal 0 -0 1
    outer loop
      vertex 30.0279 11.5668 35
      vertex 37.3817 15.9604 35
      vertex 29.8493 14.0833 35
    endloop
  endfacet
  facet normal 0 0 1
    outer loop
      vertex 38.6322 11.5053 35
      vertex 30.0279 11.5668 35
      vertex 30.0747 10.9084 35
    endloop
  endfacet
  facet normal 0 0 1
    outer loop
      vertex 29.8493 14.0833 35
      vertex 34.1704 25.2283 35
      vertex 29.8493 24.9269 35
    endloop
  endfacet
  facet normal 0 0 1
    outer loop
      vertex 38.5092 12.7065 35
      vertex 30.0279 11.5668 35
      vertex 38.6322 11.5053 35
    endloop
  endfacet
  facet normal 0 0 1
    outer loop
      vertex 41.0315 -0.763498 35
      vertex 41.1671 -3.37331 35
      vertex 41.1671 -1.16185 35
    endloop
  endfacet
  facet normal 0 0 1
    outer loop
      vertex 32.7991 -7 35
      vertex 41.1671 -3.37331 35
      vertex 41.0315 -0.763498 35
    endloop
  endfacet
  facet normal -0 0 1
    outer loop
      vertex 32.7991 7 35
      vertex 41.0315 -0.763498 35
      vertex 40.0143 7 35
    endloop
  endfacet
  facet normal 0 0 1
    outer loop
      vertex 41.0315 -0.763498 35
      vertex 32.7991 7 35
      vertex 32.7991 -7 35
    endloop
  endfacet
  facet normal 0 0 1
    outer loop
      vertex 41.1671 -3.37331 35
      vertex 32.7991 -7 35
      vertex 40.8906 -7 35
    endloop
  endfacet
  facet normal 0 0 1
    outer loop
      vertex 31.048 -11.4956 35
      vertex 39.2597 -16.8536 35
      vertex 39.6346 -11.5053 35
    endloop
  endfacet
  facet normal 0 0 1
    outer loop
      vertex 39.2597 -16.8536 35
      vertex 31.048 -11.4956 35
      vertex 39.1149 -17.5956 35
    endloop
  endfacet
  facet normal -0 0 1
    outer loop
      vertex 31.048 -11.4956 35
      vertex 39.6346 -11.5053 35
      vertex 31.0896 -10.9093 35
    endloop
  endfacet
  facet normal 0 0 1
    outer loop
      vertex 30.0984 -24.8743 35
      vertex 39.1149 -17.5956 35
      vertex 31.048 -11.4956 35
    endloop
  endfacet
  facet normal 0 0 1
    outer loop
      vertex 39.1149 -17.5956 35
      vertex 30.0984 -24.8743 35
      vertex 37.6714 -25.4026 35
    endloop
  endfacet
  facet normal 0 1 0
    outer loop
      vertex 54 55 23.15
      vertex 83.15 55 35
      vertex 66 55 23.15
    endloop
  endfacet
  facet normal 0 1 -0
    outer loop
      vertex 83.15 55 17
      vertex 66 55 23.15
      vertex 83.15 55 35
    endloop
  endfacet
  facet normal 0 1 0
    outer loop
      vertex 53.15 55 17
      vertex 54 55 21.85
      vertex 66 55 21.85
    endloop
  endfacet
  facet normal 0 1 0
    outer loop
      vertex 66 55 23.15
      vertex 83.15 55 17
      vertex 66 55 21.85
    endloop
  endfacet
  facet normal 0 1 0
    outer loop
      vertex 53.15 55 17
      vertex 66 55 21.85
      vertex 83.15 55 17
    endloop
  endfacet
  facet normal 0 1 0
    outer loop
      vertex 54 55 21.85
      vertex 53.15 55 17
      vertex 53.15 55 21
    endloop
  endfacet
  facet normal 0 1 0
    outer loop
      vertex 83.15 55 35
      vertex 54 55 23.15
      vertex 6 55 35
    endloop
  endfacet
  facet normal 0 1 0
    outer loop
      vertex 51.85 55 21
      vertex 54 55 23.15
      vertex 54 55 21.85
    endloop
  endfacet
  facet normal 0 1 0
    outer loop
      vertex 51.85 55 21
      vertex 54 55 21.85
      vertex 53.15 55 21
    endloop
  endfacet
  facet normal 0 1 0
    outer loop
      vertex 54 55 23.15
      vertex 51.85 55 21
      vertex 6 55 35
    endloop
  endfacet
  facet normal 0 1 0
    outer loop
      vertex 6 55 17
      vertex 51.85 55 21
      vertex 51.85 55 17
    endloop
  endfacet
  facet normal 0 1 0
    outer loop
      vertex 51.85 55 21
      vertex 6 55 17
      vertex 6 55 35
    endloop
  endfacet
  facet normal -0.0654906 0.997853 0
    outer loop
      vertex 6 55 17
      vertex 5.60842 54.9743 35
      vertex 6 55 35
    endloop
  endfacet
  facet normal -0.0654906 0.997853 0
    outer loop
      vertex 5.60842 54.9743 35
      vertex 6 55 17
      vertex 5.60842 54.9743 17
    endloop
  endfacet
  facet normal 0.896961 0.44211 0
    outer loop
      vertex 85.9216 53.148 35
      vertex 85.7481 53.5 17
      vertex 85.7481 53.5 35
    endloop
  endfacet
  facet normal 0.896961 0.44211 0
    outer loop
      vertex 85.7481 53.5 17
      vertex 85.9216 53.148 35
      vertex 85.9216 53.148 17
    endloop
  endfacet
  facet normal -0.751799 0.659392 0
    outer loop
      vertex 3.61994 53.8263 17
      vertex 3.87868 54.1213 35
      vertex 3.87868 54.1213 17
    endloop
  endfacet
  facet normal -0.751799 0.659392 0
    outer loop
      vertex 3.87868 54.1213 35
      vertex 3.61994 53.8263 17
      vertex 3.61994 53.8263 35
    endloop
  endfacet
  facet normal -0.321582 0.946882 0
    outer loop
      vertex 5.22354 54.8978 17
      vertex 4.85195 54.7716 35
      vertex 5.22354 54.8978 35
    endloop
  endfacet
  facet normal -0.321582 0.946882 0
    outer loop
      vertex 4.85195 54.7716 35
      vertex 5.22354 54.8978 17
      vertex 4.85195 54.7716 17
    endloop
  endfacet
  facet normal 0.751724 0.659478 0
    outer loop
      vertex 85.5301 53.8263 35
      vertex 85.2713 54.1213 17
      vertex 85.2713 54.1213 35
    endloop
  endfacet
  facet normal 0.751724 0.659478 0
    outer loop
      vertex 85.2713 54.1213 17
      vertex 85.5301 53.8263 35
      vertex 85.5301 53.8263 17
    endloop
  endfacet
  facet normal -0.980791 0.195062 0
    outer loop
      vertex 3.02567 52.3916 17
      vertex 3.10222 52.7765 35
      vertex 3.10222 52.7765 17
    endloop
  endfacet
  facet normal -0.980791 0.195062 0
    outer loop
      vertex 3.10222 52.7765 35
      vertex 3.02567 52.3916 17
      vertex 3.02567 52.3916 35
    endloop
  endfacet
  facet normal -0.555547 0.831485 0
    outer loop
      vertex 4.5 54.5981 17
      vertex 4.17372 54.3801 35
      vertex 4.5 54.5981 35
    endloop
  endfacet
  facet normal -0.555547 0.831485 0
    outer loop
      vertex 4.17372 54.3801 35
      vertex 4.5 54.5981 17
      vertex 4.17372 54.3801 17
    endloop
  endfacet
  facet normal -0.659428 0.751768 0
    outer loop
      vertex 4.17372 54.3801 17
      vertex 3.87868 54.1213 35
      vertex 4.17372 54.3801 35
    endloop
  endfacet
  facet normal -0.659428 0.751768 0
    outer loop
      vertex 3.87868 54.1213 35
      vertex 4.17372 54.3801 17
      vertex 3.87868 54.1213 17
    endloop
  endfacet
  facet normal 0.946858 0.321651 0
    outer loop
      vertex 86.0478 52.7765 35
      vertex 85.9216 53.148 17
      vertex 85.9216 53.148 35
    endloop
  endfacet
  facet normal 0.946858 0.321651 0
    outer loop
      vertex 85.9216 53.148 17
      vertex 86.0478 52.7765 35
      vertex 86.0478 52.7765 17
    endloop
  endfacet
  facet normal -0.831477 0.555558 0
    outer loop
      vertex 3.40192 53.5 17
      vertex 3.61994 53.8263 35
      vertex 3.61994 53.8263 17
    endloop
  endfacet
  facet normal -0.831477 0.555558 0
    outer loop
      vertex 3.61994 53.8263 35
      vertex 3.40192 53.5 17
      vertex 3.40192 53.5 35
    endloop
  endfacet
  facet normal -0.8969 0.442233 0
    outer loop
      vertex 3.22836 53.148 17
      vertex 3.40192 53.5 35
      vertex 3.40192 53.5 17
    endloop
  endfacet
  facet normal -0.8969 0.442233 0
    outer loop
      vertex 3.40192 53.5 35
      vertex 3.22836 53.148 17
      vertex 3.22836 53.148 35
    endloop
  endfacet
  facet normal -0.19495 0.980813 0
    outer loop
      vertex 5.60842 54.9743 17
      vertex 5.22354 54.8978 35
      vertex 5.60842 54.9743 35
    endloop
  endfacet
  facet normal -0.19495 0.980813 0
    outer loop
      vertex 5.22354 54.8978 35
      vertex 5.60842 54.9743 17
      vertex 5.22354 54.8978 17
    endloop
  endfacet
  facet normal 0.0654873 0.997853 -0
    outer loop
      vertex 83.5416 54.9743 17
      vertex 83.15 55 35
      vertex 83.5416 54.9743 35
    endloop
  endfacet
  facet normal 0.0654873 0.997853 0
    outer loop
      vertex 83.15 55 35
      vertex 83.5416 54.9743 17
      vertex 83.15 55 17
    endloop
  endfacet
  facet normal 0 0 -1
    outer loop
      vertex 51.85 52.5 17
      vertex 6 55 17
      vertex 51.85 55 17
    endloop
  endfacet
  facet normal 0 0 -1
    outer loop
      vertex 5.5 52.5 17
      vertex 6 55 17
      vertex 51.85 52.5 17
    endloop
  endfacet
  facet normal 0 0 -1
    outer loop
      vertex 6 55 17
      vertex 5.5 52.5 17
      vertex 5.60842 54.9743 17
    endloop
  endfacet
  facet normal 0 0 0
    outer loop
      vertex 5.5 -30 17
      vertex 5.5 30 17
      vertex 5.5 52.5 17
    endloop
  endfacet
  facet normal 0 0 -1
    outer loop
      vertex 5.5 52.5 17
      vertex 5.22354 54.8978 17
      vertex 5.60842 54.9743 17
    endloop
  endfacet
  facet normal 0 0 -1
    outer loop
      vertex 3 52 17
      vertex 5.5 52.5 17
      vertex 5.5 30 17
    endloop
  endfacet
  facet normal 0 -0 -1
    outer loop
      vertex 3.02567 52.3916 17
      vertex 5.5 52.5 17
      vertex 3 52 17
    endloop
  endfacet
  facet normal 0 0 -1
    outer loop
      vertex 5.5 52.5 17
      vertex 4.85195 54.7716 17
      vertex 5.22354 54.8978 17
    endloop
  endfacet
  facet normal 0 0 -1
    outer loop
      vertex 5.5 52.5 17
      vertex 4.5 54.5981 17
      vertex 4.85195 54.7716 17
    endloop
  endfacet
  facet normal 0 0 -1
    outer loop
      vertex 5.5 52.5 17
      vertex 4.17372 54.3801 17
      vertex 4.5 54.5981 17
    endloop
  endfacet
  facet normal 0 0 -1
    outer loop
      vertex 5.5 52.5 17
      vertex 3.87868 54.1213 17
      vertex 4.17372 54.3801 17
    endloop
  endfacet
  facet normal 0 0 -1
    outer loop
      vertex 5.5 52.5 17
      vertex 3.61994 53.8263 17
      vertex 3.87868 54.1213 17
    endloop
  endfacet
  facet normal 0 0 -1
    outer loop
      vertex 5.5 52.5 17
      vertex 3.40192 53.5 17
      vertex 3.61994 53.8263 17
    endloop
  endfacet
  facet normal 0 0 -1
    outer loop
      vertex 5.5 52.5 17
      vertex 3.22836 53.148 17
      vertex 3.40192 53.5 17
    endloop
  endfacet
  facet normal 0 0 -1
    outer loop
      vertex 5.5 52.5 17
      vertex 3.10222 52.7765 17
      vertex 3.22836 53.148 17
    endloop
  endfacet
  facet normal 0 0 -1
    outer loop
      vertex 3 52 17
      vertex 5.5 30 17
      vertex 3 30 17
    endloop
  endfacet
  facet normal -0 0 -1
    outer loop
      vertex 5.5 52.5 17
      vertex 3.02567 52.3916 17
      vertex 3.10222 52.7765 17
    endloop
  endfacet
  facet normal 0 0 -1
    outer loop
      vertex 83.65 30 17
      vertex 86.15 52 17
      vertex 86.15 30 17
    endloop
  endfacet
  facet normal 0 0 -1
    outer loop
      vertex 83.65 52.5 17
      vertex 86.15 52 17
      vertex 83.65 30 17
    endloop
  endfacet
  facet normal 0 0 -1
    outer loop
      vertex 86.1243 52.3916 17
      vertex 83.65 52.5 17
      vertex 86.0478 52.7765 17
    endloop
  endfacet
  facet normal -0 0 -1
    outer loop
      vertex 86.0478 52.7765 17
      vertex 83.65 52.5 17
      vertex 85.9216 53.148 17
    endloop
  endfacet
  facet normal -0 0 -1
    outer loop
      vertex 85.9216 53.148 17
      vertex 83.65 52.5 17
      vertex 85.7481 53.5 17
    endloop
  endfacet
  facet normal -0 0 -1
    outer loop
      vertex 85.7481 53.5 17
      vertex 83.65 52.5 17
      vertex 85.5301 53.8263 17
    endloop
  endfacet
  facet normal -0 0 -1
    outer loop
      vertex 85.5301 53.8263 17
      vertex 83.65 52.5 17
      vertex 85.2713 54.1213 17
    endloop
  endfacet
  facet normal -0 0 -1
    outer loop
      vertex 85.2713 54.1213 17
      vertex 83.65 52.5 17
      vertex 84.9763 54.3801 17
    endloop
  endfacet
  facet normal -0 0 -1
    outer loop
      vertex 84.9763 54.3801 17
      vertex 83.65 52.5 17
      vertex 84.65 54.5981 17
    endloop
  endfacet
  facet normal -0 0 -1
    outer loop
      vertex 84.65 54.5981 17
      vertex 83.65 52.5 17
      vertex 84.298 54.7716 17
    endloop
  endfacet
  facet normal 0 0 -1
    outer loop
      vertex 86.15 52 17
      vertex 83.65 52.5 17
      vertex 86.1243 52.3916 17
    endloop
  endfacet
  facet normal -0 0 -1
    outer loop
      vertex 84.298 54.7716 17
      vertex 83.65 52.5 17
      vertex 83.9265 54.8978 17
    endloop
  endfacet
  facet normal 0 0 -1
    outer loop
      vertex 83.65 52.5 17
      vertex 83.5416 54.9743 17
      vertex 83.9265 54.8978 17
    endloop
  endfacet
  facet normal 0 0 -1
    outer loop
      vertex 83.65 52.5 17
      vertex 83.15 55 17
      vertex 83.5416 54.9743 17
    endloop
  endfacet
  facet normal 0 0 -1
    outer loop
      vertex 53.15 52.5 17
      vertex 83.15 55 17
      vertex 83.65 52.5 17
    endloop
  endfacet
  facet normal -0 0 -1
    outer loop
      vertex 83.15 55 17
      vertex 53.15 52.5 17
      vertex 53.15 55 17
    endloop
  endfacet
  facet normal 0 0 -0
    outer loop
      vertex 86.15 30 17
      vertex 86.15 52 17
      vertex 86.15 18 17
    endloop
  endfacet
  facet normal -0.44216 0.896936 0
    outer loop
      vertex 4.85195 54.7716 17
      vertex 4.5 54.5981 35
      vertex 4.85195 54.7716 35
    endloop
  endfacet
  facet normal -0.44216 0.896936 0
    outer loop
      vertex 4.5 54.5981 35
      vertex 4.85195 54.7716 17
      vertex 4.5 54.5981 17
    endloop
  endfacet
  facet normal 0.19494 0.980815 -0
    outer loop
      vertex 83.9265 54.8978 17
      vertex 83.5416 54.9743 35
      vertex 83.9265 54.8978 35
    endloop
  endfacet
  facet normal 0.19494 0.980815 0
    outer loop
      vertex 83.5416 54.9743 35
      vertex 83.9265 54.8978 17
      vertex 83.5416 54.9743 17
    endloop
  endfacet
  facet normal 1 0 0
    outer loop
      vertex 5.5 -18 34.99
      vertex 5.5 -30 34.99
      vertex 5.5 -18 20
    endloop
  endfacet
  facet normal 1 0 0
    outer loop
      vertex 5.5 2 20
      vertex 5.5 52.5 34.99
      vertex 5.5 2 34.99
    endloop
  endfacet
  facet normal 1 0 0
    outer loop
      vertex 5.5 52.5 34.99
      vertex 5.5 2 20
      vertex 5.5 52.5 17
    endloop
  endfacet
  facet normal 1 0 0
    outer loop
      vertex 5.5 -30 17
      vertex 5.5 2 20
      vertex 5.5 -18 20
    endloop
  endfacet
  facet normal 1 0 0
    outer loop
      vertex 5.5 2 20
      vertex 5.5 -30 17
      vertex 5.5 52.5 17
    endloop
  endfacet
  facet normal 1 0 0
    outer loop
      vertex 5.5 -30 17
      vertex 5.5 -18 20
      vertex 5.5 -30 34.99
    endloop
  endfacet
  facet normal 1 0 0
    outer loop
      vertex 5.5 -15 34.99
      vertex 5.5 -16 34.99
      vertex 5.5 -15 23
    endloop
  endfacet
  facet normal 1 0 0
    outer loop
      vertex 5.5 -1 23
      vertex 5.5 0 34.99
      vertex 5.5 -1 34.99
    endloop
  endfacet
  facet normal 1 0 0
    outer loop
      vertex 5.5 0 34.99
      vertex 5.5 -1 23
      vertex 5.5 0 22
    endloop
  endfacet
  facet normal 1 -0 0
    outer loop
      vertex 5.5 -15 23
      vertex 5.5 0 22
      vertex 5.5 -1 23
    endloop
  endfacet
  facet normal 1 0 0
    outer loop
      vertex 5.5 -15 23
      vertex 5.5 -16 22
      vertex 5.5 0 22
    endloop
  endfacet
  facet normal 1 0 0
    outer loop
      vertex 5.5 -16 22
      vertex 5.5 -15 23
      vertex 5.5 -16 34.99
    endloop
  endfacet
  facet normal 0 0 -1
    outer loop
      vertex 5.5 -1 34.99
      vertex 6 0 34.99
      vertex 6 -1 34.99
    endloop
  endfacet
  facet normal -0 0 -1
    outer loop
      vertex 6 0 34.99
      vertex 5.5 -1 34.99
      vertex 5.5 0 34.99
    endloop
  endfacet
  facet normal 0 0 -1
    outer loop
      vertex 5.5 -16 34.99
      vertex 6 -15 34.99
      vertex 6 -16 34.99
    endloop
  endfacet
  facet normal -0 0 -1
    outer loop
      vertex 6 -15 34.99
      vertex 5.5 -16 34.99
      vertex 5.5 -15 34.99
    endloop
  endfacet
  facet normal 0 0 -1
    outer loop
      vertex 23.1411 -9.3685 34.99
      vertex 23.3989 -7.51061 34.99
      vertex 23.3325 -8.36333 34.99
    endloop
  endfacet
  facet normal -0 0 -1
    outer loop
      vertex 23.3989 -7.51061 34.99
      vertex 23.1411 -9.3685 34.99
      vertex 6 -1 34.99
    endloop
  endfacet
  facet normal 0 0 -1
    outer loop
      vertex 23.3989 -7.51061 34.99
      vertex 6 -1 34.99
      vertex 23.7944 -2.43349 34.99
    endloop
  endfacet
  facet normal 0 0 -1
    outer loop
      vertex 6 0 34.99
      vertex 23.7944 -2.43349 34.99
      vertex 6 -1 34.99
    endloop
  endfacet
  facet normal 0 0 -1
    outer loop
      vertex 6 2 34.99
      vertex 23.7944 -2.43349 34.99
      vertex 6 0 34.99
    endloop
  endfacet
  facet normal 0 0 -1
    outer loop
      vertex 6 -16 34.99
      vertex 23.1411 -9.3685 34.99
      vertex 20.018 -25.7736 34.99
    endloop
  endfacet
  facet normal 0 0 -1
    outer loop
      vertex 5.5 -30 34.99
      vertex 20.018 -25.7736 34.99
      vertex 19.83 -27.1083 34.99
    endloop
  endfacet
  facet normal 0 0 -1
    outer loop
      vertex 5.5 -30 34.99
      vertex 19.83 -27.1083 34.99
      vertex 19.4226 -30 34.99
    endloop
  endfacet
  facet normal 0 0 -1
    outer loop
      vertex 6 -1 34.99
      vertex 23.1411 -9.3685 34.99
      vertex 6 -15 34.99
    endloop
  endfacet
  facet normal 0 0 -1
    outer loop
      vertex 22.4557 7.43678 34.99
      vertex 21.8916 9.57073 34.99
      vertex 22.33 8.36333 34.99
    endloop
  endfacet
  facet normal 0 -0 -1
    outer loop
      vertex 15.5 26 34.99
      vertex 21.8916 9.57073 34.99
      vertex 6 2 34.99
    endloop
  endfacet
  facet normal 0 0 -1
    outer loop
      vertex 5.5 52.5 34.99
      vertex 15.5 29.3813 34.99
      vertex 15.5 26 34.99
    endloop
  endfacet
  facet normal 0 0 -1
    outer loop
      vertex 21.8916 9.57073 34.99
      vertex 15.5 26 34.99
      vertex 16.0083 25.7736 34.99
    endloop
  endfacet
  facet normal 0 0 -1
    outer loop
      vertex 20.018 -25.7736 34.99
      vertex 6 -18 34.99
      vertex 6 -16 34.99
    endloop
  endfacet
  facet normal -0 0 -1
    outer loop
      vertex 20.018 -25.7736 34.99
      vertex 5.5 -30 34.99
      vertex 6 -18 34.99
    endloop
  endfacet
  facet normal -0 0 -1
    outer loop
      vertex 6 -18 34.99
      vertex 5.5 -30 34.99
      vertex 5.5 -18 34.99
    endloop
  endfacet
  facet normal 0 0 -1
    outer loop
      vertex 45.7936 -4.76502 34.99
      vertex 42.3558 0.0212752 34.99
      vertex 45.4706 4.37844 34.99
    endloop
  endfacet
  facet normal 0 0 -1
    outer loop
      vertex 48.4881 -19.0855 34.99
      vertex 45.7638 -10.3795 34.99
      vertex 45.7936 -9.43221 34.99
    endloop
  endfacet
  facet normal 0 0 -1
    outer loop
      vertex 78.1444 34.1977 34.99
      vertex 83.65 52.5 34.99
      vertex 83.65 -30 34.99
    endloop
  endfacet
  facet normal 0 0 -1
    outer loop
      vertex 83.65 52.5 34.99
      vertex 78.2235 34.5954 34.99
      vertex 78.25 35 34.99
    endloop
  endfacet
  facet normal 0 0 -1
    outer loop
      vertex 83.65 52.5 34.99
      vertex 78.1444 34.1977 34.99
      vertex 78.2235 34.5954 34.99
    endloop
  endfacet
  facet normal 0 0 -1
    outer loop
      vertex 83.65 -30 34.99
      vertex 78.014 33.8137 34.99
      vertex 78.1444 34.1977 34.99
    endloop
  endfacet
  facet normal 0 0 -1
    outer loop
      vertex 83.65 -30 34.99
      vertex 77.8347 33.45 34.99
      vertex 78.014 33.8137 34.99
    endloop
  endfacet
  facet normal 0 0 -1
    outer loop
      vertex 83.65 -30 34.99
      vertex 77.6094 33.1128 34.99
      vertex 77.8347 33.45 34.99
    endloop
  endfacet
  facet normal 0 0 -1
    outer loop
      vertex 83.65 -30 34.99
      vertex 77.342 32.808 34.99
      vertex 77.6094 33.1128 34.99
    endloop
  endfacet
  facet normal 0 0 -1
    outer loop
      vertex 83.65 -30 34.99
      vertex 77.0372 32.5406 34.99
      vertex 77.342 32.808 34.99
    endloop
  endfacet
  facet normal 0 0 -1
    outer loop
      vertex 83.65 -30 34.99
      vertex 76.7 32.3153 34.99
      vertex 77.0372 32.5406 34.99
    endloop
  endfacet
  facet normal 0 0 -1
    outer loop
      vertex 83.65 -30 34.99
      vertex 76.3363 32.136 34.99
      vertex 76.7 32.3153 34.99
    endloop
  endfacet
  facet normal 0 0 -1
    outer loop
      vertex 83.65 -30 34.99
      vertex 75.9523 32.0056 34.99
      vertex 76.3363 32.136 34.99
    endloop
  endfacet
  facet normal 0 0 -1
    outer loop
      vertex 83.65 -30 34.99
      vertex 75.5546 31.9265 34.99
      vertex 75.9523 32.0056 34.99
    endloop
  endfacet
  facet normal 0 0 -1
    outer loop
      vertex 83.65 -30 34.99
      vertex 75.15 31.9 34.99
      vertex 75.5546 31.9265 34.99
    endloop
  endfacet
  facet normal 0 0 -1
    outer loop
      vertex 45.7936 -4.76502 34.99
      vertex 75.15 31.9 34.99
      vertex 83.65 -30 34.99
    endloop
  endfacet
  facet normal 0 0 -1
    outer loop
      vertex 45.4706 4.37844 34.99
      vertex 75.15 31.9 34.99
      vertex 45.7936 -4.76502 34.99
    endloop
  endfacet
  facet normal -0 0 -1
    outer loop
      vertex 75.15 31.9 34.99
      vertex 49.3255 16.7341 34.99
      vertex 74.7454 31.9265 34.99
    endloop
  endfacet
  facet normal -0 0 -1
    outer loop
      vertex 74.7454 31.9265 34.99
      vertex 49.3255 16.7341 34.99
      vertex 74.3477 32.0056 34.99
    endloop
  endfacet
  facet normal -0 0 -1
    outer loop
      vertex 74.3477 32.0056 34.99
      vertex 49.3255 16.7341 34.99
      vertex 73.9637 32.136 34.99
    endloop
  endfacet
  facet normal -0 0 -1
    outer loop
      vertex 73.9637 32.136 34.99
      vertex 49.3255 16.7341 34.99
      vertex 73.6 32.3153 34.99
    endloop
  endfacet
  facet normal -0 0 -1
    outer loop
      vertex 73.2628 32.5406 34.99
      vertex 49.3255 16.7341 34.99
      vertex 72.958 32.808 34.99
    endloop
  endfacet
  facet normal 0 0 -1
    outer loop
      vertex 48.7786 28.59 34.99
      vertex 72.958 32.808 34.99
      vertex 49.3255 16.7341 34.99
    endloop
  endfacet
  facet normal -0 0 -1
    outer loop
      vertex 72.958 32.808 34.99
      vertex 48.7786 28.59 34.99
      vertex 72.6906 33.1128 34.99
    endloop
  endfacet
  facet normal -0 0 -1
    outer loop
      vertex 72.6906 33.1128 34.99
      vertex 48.7786 28.59 34.99
      vertex 72.4653 33.45 34.99
    endloop
  endfacet
  facet normal -0 0 -1
    outer loop
      vertex 72.4653 33.45 34.99
      vertex 48.7786 28.59 34.99
      vertex 72.286 33.8137 34.99
    endloop
  endfacet
  facet normal -0 0 -1
    outer loop
      vertex 72.1556 34.1977 34.99
      vertex 48.7786 28.59 34.99
      vertex 72.0765 34.5954 34.99
    endloop
  endfacet
  facet normal -0 0 -1
    outer loop
      vertex 72.286 33.8137 34.99
      vertex 48.7786 28.59 34.99
      vertex 72.1556 34.1977 34.99
    endloop
  endfacet
  facet normal 0 0 -1
    outer loop
      vertex 45.7936 -9.43221 34.99
      vertex 83.65 -30 34.99
      vertex 48.4881 -19.0855 34.99
    endloop
  endfacet
  facet normal 0 0 -1
    outer loop
      vertex 83.65 -30 34.99
      vertex 48.0919 -28.5136 34.99
      vertex 48.4881 -19.0855 34.99
    endloop
  endfacet
  facet normal 0 -0 -1
    outer loop
      vertex 48.0919 -28.5136 34.99
      vertex 83.65 -30 34.99
      vertex 47.9664 -30 34.99
    endloop
  endfacet
  facet normal 0 0 -1
    outer loop
      vertex 78.2235 35.4046 34.99
      vertex 83.65 52.5 34.99
      vertex 78.25 35 34.99
    endloop
  endfacet
  facet normal 0 0 -1
    outer loop
      vertex 78.1444 35.8023 34.99
      vertex 83.65 52.5 34.99
      vertex 78.2235 35.4046 34.99
    endloop
  endfacet
  facet normal 0 0 -1
    outer loop
      vertex 78.014 36.1863 34.99
      vertex 83.65 52.5 34.99
      vertex 78.1444 35.8023 34.99
    endloop
  endfacet
  facet normal 0 0 -1
    outer loop
      vertex 77.8347 36.55 34.99
      vertex 83.65 52.5 34.99
      vertex 78.014 36.1863 34.99
    endloop
  endfacet
  facet normal 0 0 -1
    outer loop
      vertex 77.6094 36.8872 34.99
      vertex 83.65 52.5 34.99
      vertex 77.8347 36.55 34.99
    endloop
  endfacet
  facet normal 0 0 -1
    outer loop
      vertex 77.342 37.192 34.99
      vertex 83.65 52.5 34.99
      vertex 77.6094 36.8872 34.99
    endloop
  endfacet
  facet normal 0 0 -1
    outer loop
      vertex 77.0372 37.4594 34.99
      vertex 83.65 52.5 34.99
      vertex 77.342 37.192 34.99
    endloop
  endfacet
  facet normal 0 0 -1
    outer loop
      vertex 76.7 37.6847 34.99
      vertex 83.65 52.5 34.99
      vertex 77.0372 37.4594 34.99
    endloop
  endfacet
  facet normal 0 0 -1
    outer loop
      vertex 76.3363 37.864 34.99
      vertex 83.65 52.5 34.99
      vertex 76.7 37.6847 34.99
    endloop
  endfacet
  facet normal 0 0 -1
    outer loop
      vertex 75.9523 37.9944 34.99
      vertex 83.65 52.5 34.99
      vertex 76.3363 37.864 34.99
    endloop
  endfacet
  facet normal 0 0 -1
    outer loop
      vertex 75.5546 38.0735 34.99
      vertex 83.65 52.5 34.99
      vertex 75.9523 37.9944 34.99
    endloop
  endfacet
  facet normal 0 0 -1
    outer loop
      vertex 75.15 38.1 34.99
      vertex 83.65 52.5 34.99
      vertex 75.5546 38.0735 34.99
    endloop
  endfacet
  facet normal 0 0 -1
    outer loop
      vertex 74.7454 38.0735 34.99
      vertex 83.65 52.5 34.99
      vertex 75.15 38.1 34.99
    endloop
  endfacet
  facet normal 0 0 -1
    outer loop
      vertex 74.3477 37.9944 34.99
      vertex 83.65 52.5 34.99
      vertex 74.7454 38.0735 34.99
    endloop
  endfacet
  facet normal 0 0 -1
    outer loop
      vertex 73.9637 37.864 34.99
      vertex 83.65 52.5 34.99
      vertex 74.3477 37.9944 34.99
    endloop
  endfacet
  facet normal 0 0 -1
    outer loop
      vertex 73.6 37.6847 34.99
      vertex 83.65 52.5 34.99
      vertex 73.9637 37.864 34.99
    endloop
  endfacet
  facet normal 0 0 -1
    outer loop
      vertex 44.5037 47.9455 34.99
      vertex 73.6 37.6847 34.99
      vertex 73.2628 37.4594 34.99
    endloop
  endfacet
  facet normal 0 0 -1
    outer loop
      vertex 44.5037 47.9455 34.99
      vertex 73.2628 37.4594 34.99
      vertex 72.958 37.192 34.99
    endloop
  endfacet
  facet normal 0 0 -1
    outer loop
      vertex 44.5505 47.4826 34.99
      vertex 72.958 37.192 34.99
      vertex 72.6906 36.8872 34.99
    endloop
  endfacet
  facet normal 0 0 -1
    outer loop
      vertex 48.2561 34.228 34.99
      vertex 72.0765 34.5954 34.99
      vertex 48.7786 28.59 34.99
    endloop
  endfacet
  facet normal -0 0 -1
    outer loop
      vertex 72.0765 34.5954 34.99
      vertex 48.2561 34.228 34.99
      vertex 72.05 35 34.99
    endloop
  endfacet
  facet normal -0 0 -1
    outer loop
      vertex 72.05 35 34.99
      vertex 48.2561 34.228 34.99
      vertex 72.0765 35.4046 34.99
    endloop
  endfacet
  facet normal -0 0 -1
    outer loop
      vertex 72.0765 35.4046 34.99
      vertex 48.2561 34.228 34.99
      vertex 72.1556 35.8023 34.99
    endloop
  endfacet
  facet normal -0 0 -1
    outer loop
      vertex 72.1556 35.8023 34.99
      vertex 48.2561 34.228 34.99
      vertex 72.286 36.1863 34.99
    endloop
  endfacet
  facet normal -0 0 -1
    outer loop
      vertex 72.286 36.1863 34.99
      vertex 48.2561 34.228 34.99
      vertex 72.4653 36.55 34.99
    endloop
  endfacet
  facet normal 0 0 -1
    outer loop
      vertex 44.5505 47.4826 34.99
      vertex 72.4653 36.55 34.99
      vertex 48.2561 34.228 34.99
    endloop
  endfacet
  facet normal 0 0 -1
    outer loop
      vertex 72.4653 36.55 34.99
      vertex 44.5505 47.4826 34.99
      vertex 72.6906 36.8872 34.99
    endloop
  endfacet
  facet normal 0 0 -1
    outer loop
      vertex 72.958 37.192 34.99
      vertex 44.5505 47.4826 34.99
      vertex 44.5037 47.9455 34.99
    endloop
  endfacet
  facet normal 0 0 -1
    outer loop
      vertex 73.6 37.6847 34.99
      vertex 44.5037 47.9455 34.99
      vertex 83.65 52.5 34.99
    endloop
  endfacet
  facet normal 0 0 -1
    outer loop
      vertex 5.5 52.5 34.99
      vertex 42.5476 47.6713 34.99
      vertex 39.1877 47.2002 34.99
    endloop
  endfacet
  facet normal 0 0 -1
    outer loop
      vertex 5.5 52.5 34.99
      vertex 39.1877 47.2002 34.99
      vertex 33.6963 46.4303 34.99
    endloop
  endfacet
  facet normal 0 0 -1
    outer loop
      vertex 5.5 52.5 34.99
      vertex 33.6963 46.4303 34.99
      vertex 29.8991 45.898 34.99
    endloop
  endfacet
  facet normal 0 0 -1
    outer loop
      vertex 5.5 52.5 34.99
      vertex 29.8991 45.898 34.99
      vertex 29.3874 45.8263 34.99
    endloop
  endfacet
  facet normal 0 0 -1
    outer loop
      vertex 5.5 52.5 34.99
      vertex 29.3874 45.8263 34.99
      vertex 16.777 44.0583 34.99
    endloop
  endfacet
  facet normal 0 0 -1
    outer loop
      vertex 5.5 52.5 34.99
      vertex 14.1687 43.6926 34.99
      vertex 13.8097 43.6423 34.99
    endloop
  endfacet
  facet normal 0 0 -1
    outer loop
      vertex 23.1411 -9.3685 34.99
      vertex 6 -16 34.99
      vertex 6 -15 34.99
    endloop
  endfacet
  facet normal 0 0 -1
    outer loop
      vertex 23.7944 -2.43349 34.99
      vertex 6 2 34.99
      vertex 22.4557 7.43678 34.99
    endloop
  endfacet
  facet normal 0 -0 -1
    outer loop
      vertex 21.8916 9.57073 34.99
      vertex 22.4557 7.43678 34.99
      vertex 6 2 34.99
    endloop
  endfacet
  facet normal 0 0 -1
    outer loop
      vertex 16.0083 25.7736 34.99
      vertex 15.5 26 34.99
      vertex 15.9764 26 34.99
    endloop
  endfacet
  facet normal 0 0 -1
    outer loop
      vertex 5.5 2 34.99
      vertex 15.5 26 34.99
      vertex 6 2 34.99
    endloop
  endfacet
  facet normal 0 0 -1
    outer loop
      vertex 5.5 52.5 34.99
      vertex 15.5 26 34.99
      vertex 5.5 2 34.99
    endloop
  endfacet
  facet normal 0 0 -1
    outer loop
      vertex 44.5037 47.9455 34.99
      vertex 5.5 52.5 34.99
      vertex 83.65 52.5 34.99
    endloop
  endfacet
  facet normal 0 0 -1
    outer loop
      vertex 44.375 47.9275 34.99
      vertex 5.5 52.5 34.99
      vertex 44.5037 47.9455 34.99
    endloop
  endfacet
  facet normal 0 0 -1
    outer loop
      vertex 42.5476 47.6713 34.99
      vertex 5.5 52.5 34.99
      vertex 44.375 47.9275 34.99
    endloop
  endfacet
  facet normal 0 0 -1
    outer loop
      vertex 14.1687 43.6926 34.99
      vertex 5.5 52.5 34.99
      vertex 16.777 44.0583 34.99
    endloop
  endfacet
  facet normal 0 0 -1
    outer loop
      vertex 13.497 43.5984 34.99
      vertex 5.5 52.5 34.99
      vertex 13.8097 43.6423 34.99
    endloop
  endfacet
  facet normal 0 0 -1
    outer loop
      vertex 15.5 29.3813 34.99
      vertex 5.5 52.5 34.99
      vertex 13.497 43.5984 34.99
    endloop
  endfacet
  facet normal 0 0 -1
    outer loop
      vertex 83.65 -30 34.99
      vertex 45.7936 -9.43221 34.99
      vertex 45.7936 -4.76502 34.99
    endloop
  endfacet
  facet normal 0 -0 -1
    outer loop
      vertex 49.3255 16.7341 34.99
      vertex 75.15 31.9 34.99
      vertex 45.4706 4.37844 34.99
    endloop
  endfacet
  facet normal -0 0 -1
    outer loop
      vertex 73.6 32.3153 34.99
      vertex 49.3255 16.7341 34.99
      vertex 73.2628 32.5406 34.99
    endloop
  endfacet
  facet normal 0 0 -1
    outer loop
      vertex 45.4706 9.42007 34.99
      vertex 49.3255 16.7341 34.99
      vertex 45.4706 4.37844 34.99
    endloop
  endfacet
  facet normal 0 0 -1
    outer loop
      vertex 49.3255 16.7341 34.99
      vertex 45.4706 9.42007 34.99
      vertex 45.4399 10.4239 34.99
    endloop
  endfacet
  facet normal 0 0 -1
    outer loop
      vertex 41.1664 -3.34535 34.99
      vertex 41.0485 -0.914385 34.99
      vertex 41.1664 -1.26093 34.99
    endloop
  endfacet
  facet normal 0 0 -1
    outer loop
      vertex 32.7966 -7 34.99
      vertex 41.1664 -3.34535 34.99
      vertex 40.8878 -7 34.99
    endloop
  endfacet
  facet normal -0 0 -1
    outer loop
      vertex 41.1664 -3.34535 34.99
      vertex 32.7966 -7 34.99
      vertex 41.0485 -0.914385 34.99
    endloop
  endfacet
  facet normal 0 0 -1
    outer loop
      vertex 32.7966 7 34.99
      vertex 41.0485 -0.914385 34.99
      vertex 32.7966 -7 34.99
    endloop
  endfacet
  facet normal 0 0 -1
    outer loop
      vertex 41.0485 -0.914385 34.99
      vertex 32.7966 7 34.99
      vertex 40.0115 7 34.99
    endloop
  endfacet
  facet normal 0 0 -1
    outer loop
      vertex 38.6315 11.5053 34.99
      vertex 38.5372 12.6237 34.99
      vertex 38.5568 12.5707 34.99
    endloop
  endfacet
  facet normal 0 0 -1
    outer loop
      vertex 30.0247 11.577 34.99
      vertex 38.5372 12.6237 34.99
      vertex 38.6315 11.5053 34.99
    endloop
  endfacet
  facet normal -0 0 -1
    outer loop
      vertex 38.5372 12.6237 34.99
      vertex 29.9923 12.0334 34.99
      vertex 37.4037 15.895 34.99
    endloop
  endfacet
  facet normal 0 0 -1
    outer loop
      vertex 30.0247 11.577 34.99
      vertex 38.6315 11.5053 34.99
      vertex 30.0722 10.9083 34.99
    endloop
  endfacet
  facet normal 0 0 -1
    outer loop
      vertex 38.5372 12.6237 34.99
      vertex 30.0247 11.577 34.99
      vertex 29.9923 12.0334 34.99
    endloop
  endfacet
  facet normal 0 0 -1
    outer loop
      vertex 29.9923 24.9369 34.99
      vertex 37.4037 15.895 34.99
      vertex 29.9923 12.0334 34.99
    endloop
  endfacet
  facet normal 0 0 -1
    outer loop
      vertex 37.4037 15.895 34.99
      vertex 29.9923 24.9369 34.99
      vertex 34.1697 25.2283 34.99
    endloop
  endfacet
  facet normal 0 0 -1
    outer loop
      vertex 31.0448 -11.5058 34.99
      vertex 39.26 -16.839 34.99
      vertex 39.1473 -17.4168 34.99
    endloop
  endfacet
  facet normal 0 0 -1
    outer loop
      vertex 30.0959 -24.8742 34.99
      vertex 39.1473 -17.4168 34.99
      vertex 37.6707 -25.4026 34.99
    endloop
  endfacet
  facet normal 0 0 -1
    outer loop
      vertex 39.26 -16.839 34.99
      vertex 31.0448 -11.5058 34.99
      vertex 39.6339 -11.5053 34.99
    endloop
  endfacet
  facet normal -0 0 -1
    outer loop
      vertex 39.6339 -11.5053 34.99
      vertex 31.0448 -11.5058 34.99
      vertex 31.0871 -10.9092 34.99
    endloop
  endfacet
  facet normal -0 0 -1
    outer loop
      vertex 39.1473 -17.4168 34.99
      vertex 30.0959 -24.8742 34.99
      vertex 31.0448 -11.5058 34.99
    endloop
  endfacet
  facet normal -1 0 0
    outer loop
      vertex 83.65 30 33
      vertex 83.65 52.5 17
      vertex 83.65 30 17
    endloop
  endfacet
  facet normal -1 0 0
    outer loop
      vertex 83.65 52.5 17
      vertex 83.65 30 33
      vertex 83.65 52.5 34.99
    endloop
  endfacet
  facet normal -1 0 0
    outer loop
      vertex 83.65 -30 34.99
      vertex 83.65 30 33
      vertex 83.65 -30 33
    endloop
  endfacet
  facet normal -1 0 0
    outer loop
      vertex 83.65 30 33
      vertex 83.65 -30 34.99
      vertex 83.65 52.5 34.99
    endloop
  endfacet
  facet normal 0 -1 0
    outer loop
      vertex 5.5 52.5 34.99
      vertex 54 52.5 23.15
      vertex 83.65 52.5 34.99
    endloop
  endfacet
  facet normal 0 -1 0
    outer loop
      vertex 51.85 52.5 21
      vertex 54 52.5 23.15
      vertex 5.5 52.5 34.99
    endloop
  endfacet
  facet normal 0 -1 0
    outer loop
      vertex 53.15 52.5 21
      vertex 54 52.5 21.85
      vertex 51.85 52.5 21
    endloop
  endfacet
  facet normal 0 -1 -0
    outer loop
      vertex 54 52.5 23.15
      vertex 51.85 52.5 21
      vertex 54 52.5 21.85
    endloop
  endfacet
  facet normal 0 -1 0
    outer loop
      vertex 5.5 52.5 17
      vertex 51.85 52.5 21
      vertex 5.5 52.5 34.99
    endloop
  endfacet
  facet normal 0 -1 -0
    outer loop
      vertex 51.85 52.5 21
      vertex 5.5 52.5 17
      vertex 51.85 52.5 17
    endloop
  endfacet
  facet normal 0 -1 0
    outer loop
      vertex 66 52.5 23.15
      vertex 83.65 52.5 34.99
      vertex 54 52.5 23.15
    endloop
  endfacet
  facet normal 0 -1 0
    outer loop
      vertex 83.65 52.5 17
      vertex 66 52.5 23.15
      vertex 66 52.5 21.85
    endloop
  endfacet
  facet normal 0 -1 0
    outer loop
      vertex 53.15 52.5 17
      vertex 54 52.5 21.85
      vertex 53.15 52.5 21
    endloop
  endfacet
  facet normal 0 -1 -0
    outer loop
      vertex 54 52.5 21.85
      vertex 53.15 52.5 17
      vertex 66 52.5 21.85
    endloop
  endfacet
  facet normal 0 -1 0
    outer loop
      vertex 66 52.5 23.15
      vertex 83.65 52.5 17
      vertex 83.65 52.5 34.99
    endloop
  endfacet
  facet normal 0 -1 0
    outer loop
      vertex 83.65 52.5 17
      vertex 66 52.5 21.85
      vertex 53.15 52.5 17
    endloop
  endfacet
  facet normal 0 -1 0
    outer loop
      vertex 83.65 -30 34.99
      vertex 47.9095 -30 35
      vertex 47.9664 -30 34.99
    endloop
  endfacet
  facet normal 0 -1 0
    outer loop
      vertex 47.9095 -30 35
      vertex 83.65 -30 34.99
      vertex 86.15 -30 35
    endloop
  endfacet
  facet normal 0 -1 0
    outer loop
      vertex 83.65 -30 33
      vertex 86.15 -30 35
      vertex 83.65 -30 34.99
    endloop
  endfacet
  facet normal 0 -1 -0
    outer loop
      vertex 86.15 -30 35
      vertex 83.65 -30 33
      vertex 86.15 -30 33
    endloop
  endfacet
  facet normal 0 0 0
    outer loop
      vertex 86.15 -30 35
      vertex 86.15 -30 33
      vertex 86.15 -30 17
    endloop
  endfacet
  facet normal 0 -1 0
    outer loop
      vertex 3 -30 35
      vertex 5.5 -30 34.99
      vertex 19.4233 -30 35
    endloop
  endfacet
  facet normal 0 -1 0
    outer loop
      vertex 3 -30 33
      vertex 5.5 -30 34.99
      vertex 3 -30 35
    endloop
  endfacet
  facet normal 0 -1 0
    outer loop
      vertex 5.5 -30 33
      vertex 5.5 -30 34.99
      vertex 3 -30 33
    endloop
  endfacet
  facet normal 0 -0 0
    outer loop
      vertex 5.5 -30 33
      vertex 5.5 -30 17
      vertex 5.5 -30 34.99
    endloop
  endfacet
  facet normal 0 -1 0
    outer loop
      vertex 19.4233 -30 35
      vertex 5.5 -30 34.99
      vertex 19.4226 -30 34.99
    endloop
  endfacet
  facet normal -0.896928 0.442176 0
    outer loop
      vertex 72.286 -33.8137 33
      vertex 72.4653 -33.45 35.1
      vertex 72.4653 -33.45 33
    endloop
  endfacet
  facet normal -0.896928 0.442176 0
    outer loop
      vertex 72.4653 -33.45 35.1
      vertex 72.286 -33.8137 33
      vertex 72.286 -33.8137 35.1
    endloop
  endfacet
  facet normal -0.980789 -0.195073 0
    outer loop
      vertex 72.1556 -35.8023 33
      vertex 72.0765 -35.4046 35.1
      vertex 72.0765 -35.4046 33
    endloop
  endfacet
  facet normal -0.980789 -0.195073 0
    outer loop
      vertex 72.0765 -35.4046 35.1
      vertex 72.1556 -35.8023 33
      vertex 72.1556 -35.8023 35.1
    endloop
  endfacet
  facet normal -0.997862 -0.0653568 0
    outer loop
      vertex 72.0765 -35.4046 33
      vertex 72.05 -35 35.1
      vertex 72.05 -35 33
    endloop
  endfacet
  facet normal -0.997862 -0.0653568 0
    outer loop
      vertex 72.05 -35 35.1
      vertex 72.0765 -35.4046 33
      vertex 72.0765 -35.4046 35.1
    endloop
  endfacet
  facet normal -0.946893 -0.321549 0
    outer loop
      vertex 72.286 -36.1863 33
      vertex 72.1556 -35.8023 35.1
      vertex 72.1556 -35.8023 33
    endloop
  endfacet
  facet normal -0.946893 -0.321549 0
    outer loop
      vertex 72.1556 -35.8023 35.1
      vertex 72.286 -36.1863 33
      vertex 72.286 -36.1863 35.1
    endloop
  endfacet
  facet normal -0.980789 0.195073 0
    outer loop
      vertex 72.0765 -34.5954 33
      vertex 72.1556 -34.1977 35.1
      vertex 72.1556 -34.1977 33
    endloop
  endfacet
  facet normal -0.980789 0.195073 0
    outer loop
      vertex 72.1556 -34.1977 35.1
      vertex 72.0765 -34.5954 33
      vertex 72.0765 -34.5954 35.1
    endloop
  endfacet
  facet normal -0.896928 -0.442176 0
    outer loop
      vertex 72.4653 -36.55 33
      vertex 72.286 -36.1863 35.1
      vertex 72.286 -36.1863 33
    endloop
  endfacet
  facet normal -0.896928 -0.442176 0
    outer loop
      vertex 72.286 -36.1863 35.1
      vertex 72.4653 -36.55 33
      vertex 72.4653 -36.55 35.1
    endloop
  endfacet
  facet normal 0.946893 -0.321549 0
    outer loop
      vertex 78.014 -36.1863 35.1
      vertex 78.1444 -35.8023 33
      vertex 78.1444 -35.8023 35.1
    endloop
  endfacet
  facet normal 0.946893 -0.321549 0
    outer loop
      vertex 78.1444 -35.8023 33
      vertex 78.014 -36.1863 35.1
      vertex 78.014 -36.1863 33
    endloop
  endfacet
  facet normal -0.831481 0.555553 0
    outer loop
      vertex 72.4653 -33.45 33
      vertex 72.6906 -33.1128 35.1
      vertex 72.6906 -33.1128 33
    endloop
  endfacet
  facet normal -0.831481 0.555553 0
    outer loop
      vertex 72.6906 -33.1128 35.1
      vertex 72.4653 -33.45 33
      vertex 72.4653 -33.45 35.1
    endloop
  endfacet
  facet normal -0.321549 -0.946893 0
    outer loop
      vertex 73.9637 -37.864 33
      vertex 74.3477 -37.9944 35.1
      vertex 73.9637 -37.864 35.1
    endloop
  endfacet
  facet normal -0.321549 -0.946893 -0
    outer loop
      vertex 74.3477 -37.9944 35.1
      vertex 73.9637 -37.864 33
      vertex 74.3477 -37.9944 33
    endloop
  endfacet
  facet normal 0.555553 -0.831481 0
    outer loop
      vertex 76.7 -37.6847 33
      vertex 77.0372 -37.4594 35.1
      vertex 76.7 -37.6847 35.1
    endloop
  endfacet
  facet normal 0.555553 -0.831481 0
    outer loop
      vertex 77.0372 -37.4594 35.1
      vertex 76.7 -37.6847 33
      vertex 77.0372 -37.4594 33
    endloop
  endfacet
  facet normal 0.896928 -0.442176 0
    outer loop
      vertex 77.8347 -36.55 35.1
      vertex 78.014 -36.1863 33
      vertex 78.014 -36.1863 35.1
    endloop
  endfacet
  facet normal 0.896928 -0.442176 0
    outer loop
      vertex 78.014 -36.1863 33
      vertex 77.8347 -36.55 35.1
      vertex 77.8347 -36.55 33
    endloop
  endfacet
  facet normal -0.442176 -0.896928 0
    outer loop
      vertex 73.6 -37.6847 33
      vertex 73.9637 -37.864 35.1
      vertex 73.6 -37.6847 35.1
    endloop
  endfacet
  facet normal -0.442176 -0.896928 -0
    outer loop
      vertex 73.9637 -37.864 35.1
      vertex 73.6 -37.6847 33
      vertex 73.9637 -37.864 33
    endloop
  endfacet
  facet normal -0.659482 -0.751721 0
    outer loop
      vertex 72.958 -37.192 33
      vertex 73.2628 -37.4594 35.1
      vertex 72.958 -37.192 35.1
    endloop
  endfacet
  facet normal -0.659482 -0.751721 -0
    outer loop
      vertex 73.2628 -37.4594 35.1
      vertex 72.958 -37.192 33
      vertex 73.2628 -37.4594 33
    endloop
  endfacet
  facet normal 0.896928 0.442176 0
    outer loop
      vertex 78.014 -33.8137 35.1
      vertex 77.8347 -33.45 33
      vertex 77.8347 -33.45 35.1
    endloop
  endfacet
  facet normal 0.896928 0.442176 0
    outer loop
      vertex 77.8347 -33.45 33
      vertex 78.014 -33.8137 35.1
      vertex 78.014 -33.8137 33
    endloop
  endfacet
  facet normal 0.997862 -0.0653568 0
    outer loop
      vertex 78.2235 -35.4046 35.1
      vertex 78.25 -35 33
      vertex 78.25 -35 35.1
    endloop
  endfacet
  facet normal 0.997862 -0.0653568 0
    outer loop
      vertex 78.25 -35 33
      vertex 78.2235 -35.4046 35.1
      vertex 78.2235 -35.4046 33
    endloop
  endfacet
  facet normal 0.659482 0.751721 -0
    outer loop
      vertex 77.342 -32.808 33
      vertex 77.0372 -32.5406 35.1
      vertex 77.342 -32.808 35.1
    endloop
  endfacet
  facet normal 0.659482 0.751721 0
    outer loop
      vertex 77.0372 -32.5406 35.1
      vertex 77.342 -32.808 33
      vertex 77.0372 -32.5406 33
    endloop
  endfacet
  facet normal 0.751721 -0.659482 0
    outer loop
      vertex 77.342 -37.192 35.1
      vertex 77.6094 -36.8872 33
      vertex 77.6094 -36.8872 35.1
    endloop
  endfacet
  facet normal 0.751721 -0.659482 0
    outer loop
      vertex 77.6094 -36.8872 33
      vertex 77.342 -37.192 35.1
      vertex 77.342 -37.192 33
    endloop
  endfacet
  facet normal 0.442176 -0.896928 0
    outer loop
      vertex 76.3363 -37.864 33
      vertex 76.7 -37.6847 35.1
      vertex 76.3363 -37.864 35.1
    endloop
  endfacet
  facet normal 0.442176 -0.896928 0
    outer loop
      vertex 76.7 -37.6847 35.1
      vertex 76.3363 -37.864 33
      vertex 76.7 -37.6847 33
    endloop
  endfacet
  facet normal -0.195073 -0.980789 0
    outer loop
      vertex 74.3477 -37.9944 33
      vertex 74.7454 -38.0735 35.1
      vertex 74.3477 -37.9944 35.1
    endloop
  endfacet
  facet normal -0.195073 -0.980789 -0
    outer loop
      vertex 74.7454 -38.0735 35.1
      vertex 74.3477 -37.9944 33
      vertex 74.7454 -38.0735 33
    endloop
  endfacet
  facet normal -0.442176 0.896928 0
    outer loop
      vertex 73.9637 -32.136 33
      vertex 73.6 -32.3153 35.1
      vertex 73.9637 -32.136 35.1
    endloop
  endfacet
  facet normal -0.442176 0.896928 0
    outer loop
      vertex 73.6 -32.3153 35.1
      vertex 73.9637 -32.136 33
      vertex 73.6 -32.3153 33
    endloop
  endfacet
  facet normal -0.997862 0.0653568 0
    outer loop
      vertex 72.05 -35 33
      vertex 72.0765 -34.5954 35.1
      vertex 72.0765 -34.5954 33
    endloop
  endfacet
  facet normal -0.997862 0.0653568 0
    outer loop
      vertex 72.0765 -34.5954 35.1
      vertex 72.05 -35 33
      vertex 72.05 -35 35.1
    endloop
  endfacet
  facet normal -0.321549 0.946893 0
    outer loop
      vertex 74.3477 -32.0056 33
      vertex 73.9637 -32.136 35.1
      vertex 74.3477 -32.0056 35.1
    endloop
  endfacet
  facet normal -0.321549 0.946893 0
    outer loop
      vertex 73.9637 -32.136 35.1
      vertex 74.3477 -32.0056 33
      vertex 73.9637 -32.136 33
    endloop
  endfacet
  facet normal -0.555553 -0.831481 0
    outer loop
      vertex 73.2628 -37.4594 33
      vertex 73.6 -37.6847 35.1
      vertex 73.2628 -37.4594 35.1
    endloop
  endfacet
  facet normal -0.555553 -0.831481 -0
    outer loop
      vertex 73.6 -37.6847 35.1
      vertex 73.2628 -37.4594 33
      vertex 73.6 -37.6847 33
    endloop
  endfacet
  facet normal 0 0 -1
    outer loop
      vertex 78.2235 -35.4046 33
      vertex 78.2235 -34.5954 33
      vertex 78.25 -35 33
    endloop
  endfacet
  facet normal 0 0 -1
    outer loop
      vertex 78.1444 -35.8023 33
      vertex 78.2235 -34.5954 33
      vertex 78.2235 -35.4046 33
    endloop
  endfacet
  facet normal 0 0 -1
    outer loop
      vertex 78.1444 -35.8023 33
      vertex 78.1444 -34.1977 33
      vertex 78.2235 -34.5954 33
    endloop
  endfacet
  facet normal 0 0 -1
    outer loop
      vertex 78.014 -36.1863 33
      vertex 78.1444 -34.1977 33
      vertex 78.1444 -35.8023 33
    endloop
  endfacet
  facet normal 0 0 -1
    outer loop
      vertex 78.014 -36.1863 33
      vertex 78.014 -33.8137 33
      vertex 78.1444 -34.1977 33
    endloop
  endfacet
  facet normal 0 0 -1
    outer loop
      vertex 77.8347 -36.55 33
      vertex 78.014 -33.8137 33
      vertex 78.014 -36.1863 33
    endloop
  endfacet
  facet normal 0 0 -1
    outer loop
      vertex 77.8347 -36.55 33
      vertex 77.8347 -33.45 33
      vertex 78.014 -33.8137 33
    endloop
  endfacet
  facet normal 0 0 -1
    outer loop
      vertex 77.6094 -36.8872 33
      vertex 77.8347 -33.45 33
      vertex 77.8347 -36.55 33
    endloop
  endfacet
  facet normal 0 0 -1
    outer loop
      vertex 77.6094 -36.8872 33
      vertex 77.6094 -33.1128 33
      vertex 77.8347 -33.45 33
    endloop
  endfacet
  facet normal 0 0 -1
    outer loop
      vertex 77.342 -37.192 33
      vertex 77.6094 -33.1128 33
      vertex 77.6094 -36.8872 33
    endloop
  endfacet
  facet normal 0 0 -1
    outer loop
      vertex 77.342 -37.192 33
      vertex 77.342 -32.808 33
      vertex 77.6094 -33.1128 33
    endloop
  endfacet
  facet normal 0 0 -1
    outer loop
      vertex 77.0372 -37.4594 33
      vertex 77.342 -32.808 33
      vertex 77.342 -37.192 33
    endloop
  endfacet
  facet normal 0 0 -1
    outer loop
      vertex 77.0372 -37.4594 33
      vertex 77.0372 -32.5406 33
      vertex 77.342 -32.808 33
    endloop
  endfacet
  facet normal 0 0 -1
    outer loop
      vertex 76.7 -37.6847 33
      vertex 77.0372 -32.5406 33
      vertex 77.0372 -37.4594 33
    endloop
  endfacet
  facet normal 0 0 -1
    outer loop
      vertex 76.7 -37.6847 33
      vertex 76.7 -32.3153 33
      vertex 77.0372 -32.5406 33
    endloop
  endfacet
  facet normal 0 0 -1
    outer loop
      vertex 76.3363 -37.864 33
      vertex 76.7 -32.3153 33
      vertex 76.7 -37.6847 33
    endloop
  endfacet
  facet normal 0 0 -1
    outer loop
      vertex 76.3363 -37.864 33
      vertex 76.3363 -32.136 33
      vertex 76.7 -32.3153 33
    endloop
  endfacet
  facet normal 0 0 -1
    outer loop
      vertex 75.9523 -37.9944 33
      vertex 76.3363 -32.136 33
      vertex 76.3363 -37.864 33
    endloop
  endfacet
  facet normal 0 0 -1
    outer loop
      vertex 75.9523 -37.9944 33
      vertex 75.9523 -32.0056 33
      vertex 76.3363 -32.136 33
    endloop
  endfacet
  facet normal 0 0 -1
    outer loop
      vertex 75.5546 -38.0735 33
      vertex 75.9523 -32.0056 33
      vertex 75.9523 -37.9944 33
    endloop
  endfacet
  facet normal 0 0 -1
    outer loop
      vertex 75.5546 -38.0735 33
      vertex 75.5546 -31.9265 33
      vertex 75.9523 -32.0056 33
    endloop
  endfacet
  facet normal 0 0 -1
    outer loop
      vertex 75.15 -38.1 33
      vertex 75.5546 -31.9265 33
      vertex 75.5546 -38.0735 33
    endloop
  endfacet
  facet normal 0 0 -1
    outer loop
      vertex 75.15 -38.1 33
      vertex 75.15 -31.9 33
      vertex 75.5546 -31.9265 33
    endloop
  endfacet
  facet normal 0 0 -1
    outer loop
      vertex 74.7454 -38.0735 33
      vertex 75.15 -31.9 33
      vertex 75.15 -38.1 33
    endloop
  endfacet
  facet normal 0 0 -1
    outer loop
      vertex 74.7454 -38.0735 33
      vertex 74.7454 -31.9265 33
      vertex 75.15 -31.9 33
    endloop
  endfacet
  facet normal 0 0 -1
    outer loop
      vertex 74.3477 -37.9944 33
      vertex 74.7454 -31.9265 33
      vertex 74.7454 -38.0735 33
    endloop
  endfacet
  facet normal 0 0 -1
    outer loop
      vertex 74.3477 -37.9944 33
      vertex 74.3477 -32.0056 33
      vertex 74.7454 -31.9265 33
    endloop
  endfacet
  facet normal 0 0 -1
    outer loop
      vertex 73.9637 -37.864 33
      vertex 74.3477 -32.0056 33
      vertex 74.3477 -37.9944 33
    endloop
  endfacet
  facet normal 0 0 -1
    outer loop
      vertex 73.9637 -37.864 33
      vertex 73.9637 -32.136 33
      vertex 74.3477 -32.0056 33
    endloop
  endfacet
  facet normal 0 0 -1
    outer loop
      vertex 73.6 -37.6847 33
      vertex 73.9637 -32.136 33
      vertex 73.9637 -37.864 33
    endloop
  endfacet
  facet normal 0 0 -1
    outer loop
      vertex 73.6 -37.6847 33
      vertex 73.6 -32.3153 33
      vertex 73.9637 -32.136 33
    endloop
  endfacet
  facet normal 0 0 -1
    outer loop
      vertex 73.2628 -37.4594 33
      vertex 73.6 -32.3153 33
      vertex 73.6 -37.6847 33
    endloop
  endfacet
  facet normal 0 0 -1
    outer loop
      vertex 73.2628 -37.4594 33
      vertex 73.2628 -32.5406 33
      vertex 73.6 -32.3153 33
    endloop
  endfacet
  facet normal 0 0 -1
    outer loop
      vertex 72.958 -37.192 33
      vertex 73.2628 -32.5406 33
      vertex 73.2628 -37.4594 33
    endloop
  endfacet
  facet normal 0 0 -1
    outer loop
      vertex 72.958 -37.192 33
      vertex 72.958 -32.808 33
      vertex 73.2628 -32.5406 33
    endloop
  endfacet
  facet normal 0 0 -1
    outer loop
      vertex 72.6906 -36.8872 33
      vertex 72.958 -32.808 33
      vertex 72.958 -37.192 33
    endloop
  endfacet
  facet normal 0 0 -1
    outer loop
      vertex 72.6906 -36.8872 33
      vertex 72.6906 -33.1128 33
      vertex 72.958 -32.808 33
    endloop
  endfacet
  facet normal 0 0 -1
    outer loop
      vertex 72.4653 -36.55 33
      vertex 72.6906 -33.1128 33
      vertex 72.6906 -36.8872 33
    endloop
  endfacet
  facet normal 0 0 -1
    outer loop
      vertex 72.4653 -36.55 33
      vertex 72.4653 -33.45 33
      vertex 72.6906 -33.1128 33
    endloop
  endfacet
  facet normal 0 0 -1
    outer loop
      vertex 72.286 -36.1863 33
      vertex 72.4653 -33.45 33
      vertex 72.4653 -36.55 33
    endloop
  endfacet
  facet normal 0 0 -1
    outer loop
      vertex 72.286 -36.1863 33
      vertex 72.286 -33.8137 33
      vertex 72.4653 -33.45 33
    endloop
  endfacet
  facet normal 0 0 -1
    outer loop
      vertex 72.1556 -35.8023 33
      vertex 72.286 -33.8137 33
      vertex 72.286 -36.1863 33
    endloop
  endfacet
  facet normal 0 0 -1
    outer loop
      vertex 72.1556 -35.8023 33
      vertex 72.1556 -34.1977 33
      vertex 72.286 -33.8137 33
    endloop
  endfacet
  facet normal 0 0 -1
    outer loop
      vertex 72.0765 -35.4046 33
      vertex 72.1556 -34.1977 33
      vertex 72.1556 -35.8023 33
    endloop
  endfacet
  facet normal 0 0 -1
    outer loop
      vertex 72.0765 -35.4046 33
      vertex 72.0765 -34.5954 33
      vertex 72.1556 -34.1977 33
    endloop
  endfacet
  facet normal 0 -0 -1
    outer loop
      vertex 72.0765 -34.5954 33
      vertex 72.0765 -35.4046 33
      vertex 72.05 -35 33
    endloop
  endfacet
  facet normal -0.831481 -0.555553 0
    outer loop
      vertex 72.6906 -36.8872 33
      vertex 72.4653 -36.55 35.1
      vertex 72.4653 -36.55 33
    endloop
  endfacet
  facet normal -0.831481 -0.555553 0
    outer loop
      vertex 72.4653 -36.55 35.1
      vertex 72.6906 -36.8872 33
      vertex 72.6906 -36.8872 35.1
    endloop
  endfacet
  facet normal -0.751721 0.659482 0
    outer loop
      vertex 72.6906 -33.1128 33
      vertex 72.958 -32.808 35.1
      vertex 72.958 -32.808 33
    endloop
  endfacet
  facet normal -0.751721 0.659482 0
    outer loop
      vertex 72.958 -32.808 35.1
      vertex 72.6906 -33.1128 33
      vertex 72.6906 -33.1128 35.1
    endloop
  endfacet
  facet normal -0.0653568 0.997862 0
    outer loop
      vertex 75.15 -31.9 33
      vertex 74.7454 -31.9265 35.1
      vertex 75.15 -31.9 35.1
    endloop
  endfacet
  facet normal -0.0653568 0.997862 0
    outer loop
      vertex 74.7454 -31.9265 35.1
      vertex 75.15 -31.9 33
      vertex 74.7454 -31.9265 33
    endloop
  endfacet
  facet normal -0.946893 0.321549 0
    outer loop
      vertex 72.1556 -34.1977 33
      vertex 72.286 -33.8137 35.1
      vertex 72.286 -33.8137 33
    endloop
  endfacet
  facet normal -0.946893 0.321549 0
    outer loop
      vertex 72.286 -33.8137 35.1
      vertex 72.1556 -34.1977 33
      vertex 72.1556 -34.1977 35.1
    endloop
  endfacet
  facet normal 0.751721 0.659482 0
    outer loop
      vertex 77.6094 -33.1128 35.1
      vertex 77.342 -32.808 33
      vertex 77.342 -32.808 35.1
    endloop
  endfacet
  facet normal 0.751721 0.659482 0
    outer loop
      vertex 77.342 -32.808 33
      vertex 77.6094 -33.1128 35.1
      vertex 77.6094 -33.1128 33
    endloop
  endfacet
  facet normal 0.321549 -0.946893 0
    outer loop
      vertex 75.9523 -37.9944 33
      vertex 76.3363 -37.864 35.1
      vertex 75.9523 -37.9944 35.1
    endloop
  endfacet
  facet normal 0.321549 -0.946893 0
    outer loop
      vertex 76.3363 -37.864 35.1
      vertex 75.9523 -37.9944 33
      vertex 76.3363 -37.864 33
    endloop
  endfacet
  facet normal 0.195073 0.980789 -0
    outer loop
      vertex 75.9523 -32.0056 33
      vertex 75.5546 -31.9265 35.1
      vertex 75.9523 -32.0056 35.1
    endloop
  endfacet
  facet normal 0.195073 0.980789 0
    outer loop
      vertex 75.5546 -31.9265 35.1
      vertex 75.9523 -32.0056 33
      vertex 75.5546 -31.9265 33
    endloop
  endfacet
  facet normal 0 0 1
    outer loop
      vertex 78.2235 -34.5954 35.1
      vertex 78.2235 -35.4046 35.1
      vertex 78.25 -35 35.1
    endloop
  endfacet
  facet normal 0 0 1
    outer loop
      vertex 78.1444 -34.1977 35.1
      vertex 78.2235 -35.4046 35.1
      vertex 78.2235 -34.5954 35.1
    endloop
  endfacet
  facet normal 0 0 1
    outer loop
      vertex 78.1444 -34.1977 35.1
      vertex 78.1444 -35.8023 35.1
      vertex 78.2235 -35.4046 35.1
    endloop
  endfacet
  facet normal 0 0 1
    outer loop
      vertex 78.014 -33.8137 35.1
      vertex 78.1444 -35.8023 35.1
      vertex 78.1444 -34.1977 35.1
    endloop
  endfacet
  facet normal 0 0 1
    outer loop
      vertex 78.014 -33.8137 35.1
      vertex 78.014 -36.1863 35.1
      vertex 78.1444 -35.8023 35.1
    endloop
  endfacet
  facet normal 0 0 1
    outer loop
      vertex 77.8347 -33.45 35.1
      vertex 78.014 -36.1863 35.1
      vertex 78.014 -33.8137 35.1
    endloop
  endfacet
  facet normal 0 0 1
    outer loop
      vertex 77.8347 -33.45 35.1
      vertex 77.8347 -36.55 35.1
      vertex 78.014 -36.1863 35.1
    endloop
  endfacet
  facet normal 0 0 1
    outer loop
      vertex 77.6094 -33.1128 35.1
      vertex 77.8347 -36.55 35.1
      vertex 77.8347 -33.45 35.1
    endloop
  endfacet
  facet normal 0 0 1
    outer loop
      vertex 77.6094 -33.1128 35.1
      vertex 77.6094 -36.8872 35.1
      vertex 77.8347 -36.55 35.1
    endloop
  endfacet
  facet normal 0 0 1
    outer loop
      vertex 77.342 -32.808 35.1
      vertex 77.6094 -36.8872 35.1
      vertex 77.6094 -33.1128 35.1
    endloop
  endfacet
  facet normal 0 0 1
    outer loop
      vertex 77.342 -32.808 35.1
      vertex 77.342 -37.192 35.1
      vertex 77.6094 -36.8872 35.1
    endloop
  endfacet
  facet normal 0 0 1
    outer loop
      vertex 77.0372 -32.5406 35.1
      vertex 77.342 -37.192 35.1
      vertex 77.342 -32.808 35.1
    endloop
  endfacet
  facet normal 0 0 1
    outer loop
      vertex 77.0372 -32.5406 35.1
      vertex 77.0372 -37.4594 35.1
      vertex 77.342 -37.192 35.1
    endloop
  endfacet
  facet normal 0 0 1
    outer loop
      vertex 76.7 -32.3153 35.1
      vertex 77.0372 -37.4594 35.1
      vertex 77.0372 -32.5406 35.1
    endloop
  endfacet
  facet normal 0 0 1
    outer loop
      vertex 76.7 -32.3153 35.1
      vertex 76.7 -37.6847 35.1
      vertex 77.0372 -37.4594 35.1
    endloop
  endfacet
  facet normal 0 0 1
    outer loop
      vertex 76.3363 -32.136 35.1
      vertex 76.7 -37.6847 35.1
      vertex 76.7 -32.3153 35.1
    endloop
  endfacet
  facet normal 0 0 1
    outer loop
      vertex 76.3363 -32.136 35.1
      vertex 76.3363 -37.864 35.1
      vertex 76.7 -37.6847 35.1
    endloop
  endfacet
  facet normal 0 0 1
    outer loop
      vertex 75.9523 -32.0056 35.1
      vertex 76.3363 -37.864 35.1
      vertex 76.3363 -32.136 35.1
    endloop
  endfacet
  facet normal 0 0 1
    outer loop
      vertex 75.9523 -32.0056 35.1
      vertex 75.9523 -37.9944 35.1
      vertex 76.3363 -37.864 35.1
    endloop
  endfacet
  facet normal 0 0 1
    outer loop
      vertex 75.5546 -31.9265 35.1
      vertex 75.9523 -37.9944 35.1
      vertex 75.9523 -32.0056 35.1
    endloop
  endfacet
  facet normal 0 0 1
    outer loop
      vertex 75.5546 -31.9265 35.1
      vertex 75.5546 -38.0735 35.1
      vertex 75.9523 -37.9944 35.1
    endloop
  endfacet
  facet normal 0 0 1
    outer loop
      vertex 75.15 -31.9 35.1
      vertex 75.5546 -38.0735 35.1
      vertex 75.5546 -31.9265 35.1
    endloop
  endfacet
  facet normal 0 0 1
    outer loop
      vertex 75.15 -31.9 35.1
      vertex 75.15 -38.1 35.1
      vertex 75.5546 -38.0735 35.1
    endloop
  endfacet
  facet normal -0 0 1
    outer loop
      vertex 74.7454 -31.9265 35.1
      vertex 75.15 -38.1 35.1
      vertex 75.15 -31.9 35.1
    endloop
  endfacet
  facet normal 0 0 1
    outer loop
      vertex 74.7454 -31.9265 35.1
      vertex 74.7454 -38.0735 35.1
      vertex 75.15 -38.1 35.1
    endloop
  endfacet
  facet normal -0 0 1
    outer loop
      vertex 74.3477 -32.0056 35.1
      vertex 74.7454 -38.0735 35.1
      vertex 74.7454 -31.9265 35.1
    endloop
  endfacet
  facet normal 0 0 1
    outer loop
      vertex 74.3477 -32.0056 35.1
      vertex 74.3477 -37.9944 35.1
      vertex 74.7454 -38.0735 35.1
    endloop
  endfacet
  facet normal -0 0 1
    outer loop
      vertex 73.9637 -32.136 35.1
      vertex 74.3477 -37.9944 35.1
      vertex 74.3477 -32.0056 35.1
    endloop
  endfacet
  facet normal 0 0 1
    outer loop
      vertex 73.9637 -32.136 35.1
      vertex 73.9637 -37.864 35.1
      vertex 74.3477 -37.9944 35.1
    endloop
  endfacet
  facet normal -0 0 1
    outer loop
      vertex 73.6 -32.3153 35.1
      vertex 73.9637 -37.864 35.1
      vertex 73.9637 -32.136 35.1
    endloop
  endfacet
  facet normal 0 0 1
    outer loop
      vertex 73.6 -32.3153 35.1
      vertex 73.6 -37.6847 35.1
      vertex 73.9637 -37.864 35.1
    endloop
  endfacet
  facet normal -0 0 1
    outer loop
      vertex 73.2628 -32.5406 35.1
      vertex 73.6 -37.6847 35.1
      vertex 73.6 -32.3153 35.1
    endloop
  endfacet
  facet normal 0 0 1
    outer loop
      vertex 73.2628 -32.5406 35.1
      vertex 73.2628 -37.4594 35.1
      vertex 73.6 -37.6847 35.1
    endloop
  endfacet
  facet normal -0 0 1
    outer loop
      vertex 72.958 -32.808 35.1
      vertex 73.2628 -37.4594 35.1
      vertex 73.2628 -32.5406 35.1
    endloop
  endfacet
  facet normal 0 0 1
    outer loop
      vertex 72.958 -32.808 35.1
      vertex 72.958 -37.192 35.1
      vertex 73.2628 -37.4594 35.1
    endloop
  endfacet
  facet normal -0 0 1
    outer loop
      vertex 72.6906 -33.1128 35.1
      vertex 72.958 -37.192 35.1
      vertex 72.958 -32.808 35.1
    endloop
  endfacet
  facet normal 0 0 1
    outer loop
      vertex 72.6906 -33.1128 35.1
      vertex 72.6906 -36.8872 35.1
      vertex 72.958 -37.192 35.1
    endloop
  endfacet
  facet normal -0 0 1
    outer loop
      vertex 72.4653 -33.45 35.1
      vertex 72.6906 -36.8872 35.1
      vertex 72.6906 -33.1128 35.1
    endloop
  endfacet
  facet normal 0 0 1
    outer loop
      vertex 72.4653 -33.45 35.1
      vertex 72.4653 -36.55 35.1
      vertex 72.6906 -36.8872 35.1
    endloop
  endfacet
  facet normal -0 0 1
    outer loop
      vertex 72.286 -33.8137 35.1
      vertex 72.4653 -36.55 35.1
      vertex 72.4653 -33.45 35.1
    endloop
  endfacet
  facet normal 0 0 1
    outer loop
      vertex 72.286 -33.8137 35.1
      vertex 72.286 -36.1863 35.1
      vertex 72.4653 -36.55 35.1
    endloop
  endfacet
  facet normal -0 0 1
    outer loop
      vertex 72.1556 -34.1977 35.1
      vertex 72.286 -36.1863 35.1
      vertex 72.286 -33.8137 35.1
    endloop
  endfacet
  facet normal 0 0 1
    outer loop
      vertex 72.1556 -34.1977 35.1
      vertex 72.1556 -35.8023 35.1
      vertex 72.286 -36.1863 35.1
    endloop
  endfacet
  facet normal -0 0 1
    outer loop
      vertex 72.0765 -34.5954 35.1
      vertex 72.1556 -35.8023 35.1
      vertex 72.1556 -34.1977 35.1
    endloop
  endfacet
  facet normal 0 0 1
    outer loop
      vertex 72.0765 -34.5954 35.1
      vertex 72.0765 -35.4046 35.1
      vertex 72.1556 -35.8023 35.1
    endloop
  endfacet
  facet normal 0 -0 1
    outer loop
      vertex 72.0765 -35.4046 35.1
      vertex 72.0765 -34.5954 35.1
      vertex 72.05 -35 35.1
    endloop
  endfacet
  facet normal -0.751721 -0.659482 0
    outer loop
      vertex 72.958 -37.192 33
      vertex 72.6906 -36.8872 35.1
      vertex 72.6906 -36.8872 33
    endloop
  endfacet
  facet normal -0.751721 -0.659482 0
    outer loop
      vertex 72.6906 -36.8872 35.1
      vertex 72.958 -37.192 33
      vertex 72.958 -37.192 35.1
    endloop
  endfacet
  facet normal 0.442176 0.896928 -0
    outer loop
      vertex 76.7 -32.3153 33
      vertex 76.3363 -32.136 35.1
      vertex 76.7 -32.3153 35.1
    endloop
  endfacet
  facet normal 0.442176 0.896928 0
    outer loop
      vertex 76.3363 -32.136 35.1
      vertex 76.7 -32.3153 33
      vertex 76.3363 -32.136 33
    endloop
  endfacet
  facet normal -0.195073 0.980789 0
    outer loop
      vertex 74.7454 -31.9265 33
      vertex 74.3477 -32.0056 35.1
      vertex 74.7454 -31.9265 35.1
    endloop
  endfacet
  facet normal -0.195073 0.980789 0
    outer loop
      vertex 74.3477 -32.0056 35.1
      vertex 74.7454 -31.9265 33
      vertex 74.3477 -32.0056 33
    endloop
  endfacet
  facet normal -0.659482 0.751721 0
    outer loop
      vertex 73.2628 -32.5406 33
      vertex 72.958 -32.808 35.1
      vertex 73.2628 -32.5406 35.1
    endloop
  endfacet
  facet normal -0.659482 0.751721 0
    outer loop
      vertex 72.958 -32.808 35.1
      vertex 73.2628 -32.5406 33
      vertex 72.958 -32.808 33
    endloop
  endfacet
  facet normal 0.555553 0.831481 -0
    outer loop
      vertex 77.0372 -32.5406 33
      vertex 76.7 -32.3153 35.1
      vertex 77.0372 -32.5406 35.1
    endloop
  endfacet
  facet normal 0.555553 0.831481 0
    outer loop
      vertex 76.7 -32.3153 35.1
      vertex 77.0372 -32.5406 33
      vertex 76.7 -32.3153 33
    endloop
  endfacet
  facet normal 0.321549 0.946893 -0
    outer loop
      vertex 76.3363 -32.136 33
      vertex 75.9523 -32.0056 35.1
      vertex 76.3363 -32.136 35.1
    endloop
  endfacet
  facet normal 0.321549 0.946893 0
    outer loop
      vertex 75.9523 -32.0056 35.1
      vertex 76.3363 -32.136 33
      vertex 75.9523 -32.0056 33
    endloop
  endfacet
  facet normal 0.946893 0.321549 0
    outer loop
      vertex 78.1444 -34.1977 35.1
      vertex 78.014 -33.8137 33
      vertex 78.014 -33.8137 35.1
    endloop
  endfacet
  facet normal 0.946893 0.321549 0
    outer loop
      vertex 78.014 -33.8137 33
      vertex 78.1444 -34.1977 35.1
      vertex 78.1444 -34.1977 33
    endloop
  endfacet
  facet normal -0.555553 0.831481 0
    outer loop
      vertex 73.6 -32.3153 33
      vertex 73.2628 -32.5406 35.1
      vertex 73.6 -32.3153 35.1
    endloop
  endfacet
  facet normal -0.555553 0.831481 0
    outer loop
      vertex 73.2628 -32.5406 35.1
      vertex 73.6 -32.3153 33
      vertex 73.2628 -32.5406 33
    endloop
  endfacet
  facet normal 0.195073 -0.980789 0
    outer loop
      vertex 75.5546 -38.0735 33
      vertex 75.9523 -37.9944 35.1
      vertex 75.5546 -38.0735 35.1
    endloop
  endfacet
  facet normal 0.195073 -0.980789 0
    outer loop
      vertex 75.9523 -37.9944 35.1
      vertex 75.5546 -38.0735 33
      vertex 75.9523 -37.9944 33
    endloop
  endfacet
  facet normal 0.980789 -0.195073 0
    outer loop
      vertex 78.1444 -35.8023 35.1
      vertex 78.2235 -35.4046 33
      vertex 78.2235 -35.4046 35.1
    endloop
  endfacet
  facet normal 0.980789 -0.195073 0
    outer loop
      vertex 78.2235 -35.4046 33
      vertex 78.1444 -35.8023 35.1
      vertex 78.1444 -35.8023 33
    endloop
  endfacet
  facet normal 0.659482 -0.751721 0
    outer loop
      vertex 77.0372 -37.4594 33
      vertex 77.342 -37.192 35.1
      vertex 77.0372 -37.4594 35.1
    endloop
  endfacet
  facet normal 0.659482 -0.751721 0
    outer loop
      vertex 77.342 -37.192 35.1
      vertex 77.0372 -37.4594 33
      vertex 77.342 -37.192 33
    endloop
  endfacet
  facet normal 0.980789 0.195073 0
    outer loop
      vertex 78.2235 -34.5954 35.1
      vertex 78.1444 -34.1977 33
      vertex 78.1444 -34.1977 35.1
    endloop
  endfacet
  facet normal 0.980789 0.195073 0
    outer loop
      vertex 78.1444 -34.1977 33
      vertex 78.2235 -34.5954 35.1
      vertex 78.2235 -34.5954 33
    endloop
  endfacet
  facet normal -0.0653568 -0.997862 0
    outer loop
      vertex 74.7454 -38.0735 33
      vertex 75.15 -38.1 35.1
      vertex 74.7454 -38.0735 35.1
    endloop
  endfacet
  facet normal -0.0653568 -0.997862 -0
    outer loop
      vertex 75.15 -38.1 35.1
      vertex 74.7454 -38.0735 33
      vertex 75.15 -38.1 33
    endloop
  endfacet
  facet normal 0.997862 0.0653568 0
    outer loop
      vertex 78.25 -35 35.1
      vertex 78.2235 -34.5954 33
      vertex 78.2235 -34.5954 35.1
    endloop
  endfacet
  facet normal 0.997862 0.0653568 0
    outer loop
      vertex 78.2235 -34.5954 33
      vertex 78.25 -35 35.1
      vertex 78.25 -35 33
    endloop
  endfacet
  facet normal 0.0653568 -0.997862 0
    outer loop
      vertex 75.15 -38.1 33
      vertex 75.5546 -38.0735 35.1
      vertex 75.15 -38.1 35.1
    endloop
  endfacet
  facet normal 0.0653568 -0.997862 0
    outer loop
      vertex 75.5546 -38.0735 35.1
      vertex 75.15 -38.1 33
      vertex 75.5546 -38.0735 33
    endloop
  endfacet
  facet normal 0.831481 0.555553 0
    outer loop
      vertex 77.8347 -33.45 35.1
      vertex 77.6094 -33.1128 33
      vertex 77.6094 -33.1128 35.1
    endloop
  endfacet
  facet normal 0.831481 0.555553 0
    outer loop
      vertex 77.6094 -33.1128 33
      vertex 77.8347 -33.45 35.1
      vertex 77.8347 -33.45 33
    endloop
  endfacet
  facet normal 0.0653568 0.997862 -0
    outer loop
      vertex 75.5546 -31.9265 33
      vertex 75.15 -31.9 35.1
      vertex 75.5546 -31.9265 35.1
    endloop
  endfacet
  facet normal 0.0653568 0.997862 0
    outer loop
      vertex 75.15 -31.9 35.1
      vertex 75.5546 -31.9265 33
      vertex 75.15 -31.9 33
    endloop
  endfacet
  facet normal 0.831481 -0.555553 0
    outer loop
      vertex 77.6094 -36.8872 35.1
      vertex 77.8347 -36.55 33
      vertex 77.8347 -36.55 35.1
    endloop
  endfacet
  facet normal 0.831481 -0.555553 0
    outer loop
      vertex 77.8347 -36.55 33
      vertex 77.6094 -36.8872 35.1
      vertex 77.6094 -36.8872 33
    endloop
  endfacet
  facet normal -0.442176 0.896928 0
    outer loop
      vertex 73.9637 37.864 35
      vertex 73.6 37.6847 35.1
      vertex 73.9637 37.864 35.1
    endloop
  endfacet
  facet normal -0.442176 0.896928 0
    outer loop
      vertex 73.6 37.6847 35.1
      vertex 73.9637 37.864 35
      vertex 73.6 37.6847 35
    endloop
  endfacet
  facet normal -0.442176 0.896928 0
    outer loop
      vertex 73.9637 37.864 33
      vertex 73.6 37.6847 34.99
      vertex 73.9637 37.864 34.99
    endloop
  endfacet
  facet normal -0.442176 0.896928 0
    outer loop
      vertex 73.6 37.6847 34.99
      vertex 73.9637 37.864 33
      vertex 73.6 37.6847 33
    endloop
  endfacet
  facet normal -0.980789 -0.195073 0
    outer loop
      vertex 72.1556 34.1977 35
      vertex 72.0765 34.5954 35.1
      vertex 72.0765 34.5954 35
    endloop
  endfacet
  facet normal -0.980789 -0.195073 0
    outer loop
      vertex 72.0765 34.5954 35.1
      vertex 72.1556 34.1977 35
      vertex 72.1556 34.1977 35.1
    endloop
  endfacet
  facet normal -0.980789 -0.195073 0
    outer loop
      vertex 72.1556 34.1977 33
      vertex 72.0765 34.5954 34.99
      vertex 72.0765 34.5954 33
    endloop
  endfacet
  facet normal -0.980789 -0.195073 0
    outer loop
      vertex 72.0765 34.5954 34.99
      vertex 72.1556 34.1977 33
      vertex 72.1556 34.1977 34.99
    endloop
  endfacet
  facet normal -0.997862 -0.0653568 0
    outer loop
      vertex 72.0765 34.5954 35
      vertex 72.05 35 35.1
      vertex 72.05 35 35
    endloop
  endfacet
  facet normal -0.997862 -0.0653568 0
    outer loop
      vertex 72.05 35 35.1
      vertex 72.0765 34.5954 35
      vertex 72.0765 34.5954 35.1
    endloop
  endfacet
  facet normal -0.997862 -0.0653568 0
    outer loop
      vertex 72.0765 34.5954 33
      vertex 72.05 35 34.99
      vertex 72.05 35 33
    endloop
  endfacet
  facet normal -0.997862 -0.0653568 0
    outer loop
      vertex 72.05 35 34.99
      vertex 72.0765 34.5954 33
      vertex 72.0765 34.5954 34.99
    endloop
  endfacet
  facet normal -0.946893 -0.321549 0
    outer loop
      vertex 72.286 33.8137 35
      vertex 72.1556 34.1977 35.1
      vertex 72.1556 34.1977 35
    endloop
  endfacet
  facet normal -0.946893 -0.321549 0
    outer loop
      vertex 72.1556 34.1977 35.1
      vertex 72.286 33.8137 35
      vertex 72.286 33.8137 35.1
    endloop
  endfacet
  facet normal -0.946893 -0.321549 0
    outer loop
      vertex 72.286 33.8137 33
      vertex 72.1556 34.1977 34.99
      vertex 72.1556 34.1977 33
    endloop
  endfacet
  facet normal -0.946893 -0.321549 0
    outer loop
      vertex 72.1556 34.1977 34.99
      vertex 72.286 33.8137 33
      vertex 72.286 33.8137 34.99
    endloop
  endfacet
  facet normal -0.751721 0.659482 0
    outer loop
      vertex 72.6906 36.8872 33
      vertex 72.958 37.192 34.99
      vertex 72.958 37.192 33
    endloop
  endfacet
  facet normal -0.751721 0.659482 0
    outer loop
      vertex 72.958 37.192 34.99
      vertex 72.6906 36.8872 33
      vertex 72.6906 36.8872 34.99
    endloop
  endfacet
  facet normal -0.751721 0.659482 0
    outer loop
      vertex 72.6906 36.8872 35
      vertex 72.958 37.192 35.1
      vertex 72.958 37.192 35
    endloop
  endfacet
  facet normal -0.751721 0.659482 0
    outer loop
      vertex 72.958 37.192 35.1
      vertex 72.6906 36.8872 35
      vertex 72.6906 36.8872 35.1
    endloop
  endfacet
  facet normal -0.321549 -0.946893 0
    outer loop
      vertex 73.9637 32.136 35
      vertex 74.3477 32.0056 35.1
      vertex 73.9637 32.136 35.1
    endloop
  endfacet
  facet normal -0.321549 -0.946893 -0
    outer loop
      vertex 74.3477 32.0056 35.1
      vertex 73.9637 32.136 35
      vertex 74.3477 32.0056 35
    endloop
  endfacet
  facet normal -0.321549 -0.946893 0
    outer loop
      vertex 73.9637 32.136 33
      vertex 74.3477 32.0056 34.99
      vertex 73.9637 32.136 34.99
    endloop
  endfacet
  facet normal -0.321549 -0.946893 -0
    outer loop
      vertex 74.3477 32.0056 34.99
      vertex 73.9637 32.136 33
      vertex 74.3477 32.0056 33
    endloop
  endfacet
  facet normal -0.555553 -0.831481 0
    outer loop
      vertex 73.2628 32.5406 33
      vertex 73.6 32.3153 34.99
      vertex 73.2628 32.5406 34.99
    endloop
  endfacet
  facet normal -0.555553 -0.831481 -0
    outer loop
      vertex 73.6 32.3153 34.99
      vertex 73.2628 32.5406 33
      vertex 73.6 32.3153 33
    endloop
  endfacet
  facet normal -0.555553 -0.831481 0
    outer loop
      vertex 73.2628 32.5406 35
      vertex 73.6 32.3153 35.1
      vertex 73.2628 32.5406 35.1
    endloop
  endfacet
  facet normal -0.555553 -0.831481 -0
    outer loop
      vertex 73.6 32.3153 35.1
      vertex 73.2628 32.5406 35
      vertex 73.6 32.3153 35
    endloop
  endfacet
  facet normal -0.896928 0.442176 0
    outer loop
      vertex 72.286 36.1863 33
      vertex 72.4653 36.55 34.99
      vertex 72.4653 36.55 33
    endloop
  endfacet
  facet normal -0.896928 0.442176 0
    outer loop
      vertex 72.4653 36.55 34.99
      vertex 72.286 36.1863 33
      vertex 72.286 36.1863 34.99
    endloop
  endfacet
  facet normal -0.896928 0.442176 0
    outer loop
      vertex 72.286 36.1863 35
      vertex 72.4653 36.55 35.1
      vertex 72.4653 36.55 35
    endloop
  endfacet
  facet normal -0.896928 0.442176 0
    outer loop
      vertex 72.4653 36.55 35.1
      vertex 72.286 36.1863 35
      vertex 72.286 36.1863 35.1
    endloop
  endfacet
  facet normal -0.321549 0.946893 0
    outer loop
      vertex 74.3477 37.9944 35
      vertex 73.9637 37.864 35.1
      vertex 74.3477 37.9944 35.1
    endloop
  endfacet
  facet normal -0.321549 0.946893 0
    outer loop
      vertex 73.9637 37.864 35.1
      vertex 74.3477 37.9944 35
      vertex 73.9637 37.864 35
    endloop
  endfacet
  facet normal -0.321549 0.946893 0
    outer loop
      vertex 74.3477 37.9944 33
      vertex 73.9637 37.864 34.99
      vertex 74.3477 37.9944 34.99
    endloop
  endfacet
  facet normal -0.321549 0.946893 0
    outer loop
      vertex 73.9637 37.864 34.99
      vertex 74.3477 37.9944 33
      vertex 73.9637 37.864 33
    endloop
  endfacet
  facet normal -0.896928 -0.442176 0
    outer loop
      vertex 72.4653 33.45 35
      vertex 72.286 33.8137 35.1
      vertex 72.286 33.8137 35
    endloop
  endfacet
  facet normal -0.896928 -0.442176 0
    outer loop
      vertex 72.286 33.8137 35.1
      vertex 72.4653 33.45 35
      vertex 72.4653 33.45 35.1
    endloop
  endfacet
  facet normal -0.896928 -0.442176 0
    outer loop
      vertex 72.4653 33.45 33
      vertex 72.286 33.8137 34.99
      vertex 72.286 33.8137 33
    endloop
  endfacet
  facet normal -0.896928 -0.442176 0
    outer loop
      vertex 72.286 33.8137 34.99
      vertex 72.4653 33.45 33
      vertex 72.4653 33.45 34.99
    endloop
  endfacet
  facet normal 0.195073 -0.980789 0
    outer loop
      vertex 75.5546 31.9265 35
      vertex 75.9523 32.0056 35.1
      vertex 75.5546 31.9265 35.1
    endloop
  endfacet
  facet normal 0.195073 -0.980789 0
    outer loop
      vertex 75.9523 32.0056 35.1
      vertex 75.5546 31.9265 35
      vertex 75.9523 32.0056 35
    endloop
  endfacet
  facet normal 0.195073 -0.980789 0
    outer loop
      vertex 75.5546 31.9265 33
      vertex 75.9523 32.0056 34.99
      vertex 75.5546 31.9265 34.99
    endloop
  endfacet
  facet normal 0.195073 -0.980789 0
    outer loop
      vertex 75.9523 32.0056 34.99
      vertex 75.5546 31.9265 33
      vertex 75.9523 32.0056 33
    endloop
  endfacet
  facet normal 0.0653568 0.997862 -0
    outer loop
      vertex 75.5546 38.0735 35
      vertex 75.15 38.1 35.1
      vertex 75.5546 38.0735 35.1
    endloop
  endfacet
  facet normal 0.0653568 0.997862 0
    outer loop
      vertex 75.15 38.1 35.1
      vertex 75.5546 38.0735 35
      vertex 75.15 38.1 35
    endloop
  endfacet
  facet normal 0.0653568 0.997862 -0
    outer loop
      vertex 75.5546 38.0735 33
      vertex 75.15 38.1 34.99
      vertex 75.5546 38.0735 34.99
    endloop
  endfacet
  facet normal 0.0653568 0.997862 0
    outer loop
      vertex 75.15 38.1 34.99
      vertex 75.5546 38.0735 33
      vertex 75.15 38.1 33
    endloop
  endfacet
  facet normal 0.555553 -0.831481 0
    outer loop
      vertex 76.7 32.3153 33
      vertex 77.0372 32.5406 34.99
      vertex 76.7 32.3153 34.99
    endloop
  endfacet
  facet normal 0.555553 -0.831481 0
    outer loop
      vertex 77.0372 32.5406 34.99
      vertex 76.7 32.3153 33
      vertex 77.0372 32.5406 33
    endloop
  endfacet
  facet normal 0.555553 -0.831481 0
    outer loop
      vertex 76.7 32.3153 35
      vertex 77.0372 32.5406 35.1
      vertex 76.7 32.3153 35.1
    endloop
  endfacet
  facet normal 0.555553 -0.831481 0
    outer loop
      vertex 77.0372 32.5406 35.1
      vertex 76.7 32.3153 35
      vertex 77.0372 32.5406 35
    endloop
  endfacet
  facet normal 0.321549 0.946893 -0
    outer loop
      vertex 76.3363 37.864 33
      vertex 75.9523 37.9944 34.99
      vertex 76.3363 37.864 34.99
    endloop
  endfacet
  facet normal 0.321549 0.946893 0
    outer loop
      vertex 75.9523 37.9944 34.99
      vertex 76.3363 37.864 33
      vertex 75.9523 37.9944 33
    endloop
  endfacet
  facet normal 0.321549 0.946893 -0
    outer loop
      vertex 76.3363 37.864 35
      vertex 75.9523 37.9944 35.1
      vertex 76.3363 37.864 35.1
    endloop
  endfacet
  facet normal 0.321549 0.946893 0
    outer loop
      vertex 75.9523 37.9944 35.1
      vertex 76.3363 37.864 35
      vertex 75.9523 37.9944 35
    endloop
  endfacet
  facet normal -0.946893 0.321549 0
    outer loop
      vertex 72.1556 35.8023 33
      vertex 72.286 36.1863 34.99
      vertex 72.286 36.1863 33
    endloop
  endfacet
  facet normal -0.946893 0.321549 0
    outer loop
      vertex 72.286 36.1863 34.99
      vertex 72.1556 35.8023 33
      vertex 72.1556 35.8023 34.99
    endloop
  endfacet
  facet normal -0.946893 0.321549 0
    outer loop
      vertex 72.1556 35.8023 35
      vertex 72.286 36.1863 35.1
      vertex 72.286 36.1863 35
    endloop
  endfacet
  facet normal -0.946893 0.321549 0
    outer loop
      vertex 72.286 36.1863 35.1
      vertex 72.1556 35.8023 35
      vertex 72.1556 35.8023 35.1
    endloop
  endfacet
  facet normal 0.831481 0.555553 0
    outer loop
      vertex 77.8347 36.55 35.1
      vertex 77.6094 36.8872 35
      vertex 77.6094 36.8872 35.1
    endloop
  endfacet
  facet normal 0.831481 0.555553 0
    outer loop
      vertex 77.6094 36.8872 35
      vertex 77.8347 36.55 35.1
      vertex 77.8347 36.55 35
    endloop
  endfacet
  facet normal 0.831481 0.555553 0
    outer loop
      vertex 77.8347 36.55 34.99
      vertex 77.6094 36.8872 33
      vertex 77.6094 36.8872 34.99
    endloop
  endfacet
  facet normal 0.831481 0.555553 0
    outer loop
      vertex 77.6094 36.8872 33
      vertex 77.8347 36.55 34.99
      vertex 77.8347 36.55 33
    endloop
  endfacet
  facet normal 0.659482 0.751721 -0
    outer loop
      vertex 77.342 37.192 33
      vertex 77.0372 37.4594 34.99
      vertex 77.342 37.192 34.99
    endloop
  endfacet
  facet normal 0.659482 0.751721 0
    outer loop
      vertex 77.0372 37.4594 34.99
      vertex 77.342 37.192 33
      vertex 77.0372 37.4594 33
    endloop
  endfacet
  facet normal 0.659482 0.751721 -0
    outer loop
      vertex 77.342 37.192 35
      vertex 77.0372 37.4594 35.1
      vertex 77.342 37.192 35.1
    endloop
  endfacet
  facet normal 0.659482 0.751721 0
    outer loop
      vertex 77.0372 37.4594 35.1
      vertex 77.342 37.192 35
      vertex 77.0372 37.4594 35
    endloop
  endfacet
  facet normal 0.659482 -0.751721 0
    outer loop
      vertex 77.0372 32.5406 35
      vertex 77.342 32.808 35.1
      vertex 77.0372 32.5406 35.1
    endloop
  endfacet
  facet normal 0.659482 -0.751721 0
    outer loop
      vertex 77.342 32.808 35.1
      vertex 77.0372 32.5406 35
      vertex 77.342 32.808 35
    endloop
  endfacet
  facet normal 0.659482 -0.751721 0
    outer loop
      vertex 77.0372 32.5406 33
      vertex 77.342 32.808 34.99
      vertex 77.0372 32.5406 34.99
    endloop
  endfacet
  facet normal 0.659482 -0.751721 0
    outer loop
      vertex 77.342 32.808 34.99
      vertex 77.0372 32.5406 33
      vertex 77.342 32.808 33
    endloop
  endfacet
  facet normal 0.946893 -0.321549 0
    outer loop
      vertex 78.014 33.8137 34.99
      vertex 78.1444 34.1977 33
      vertex 78.1444 34.1977 34.99
    endloop
  endfacet
  facet normal 0.946893 -0.321549 0
    outer loop
      vertex 78.1444 34.1977 33
      vertex 78.014 33.8137 34.99
      vertex 78.014 33.8137 33
    endloop
  endfacet
  facet normal 0.946893 -0.321549 0
    outer loop
      vertex 78.014 33.8137 35.1
      vertex 78.1444 34.1977 35
      vertex 78.1444 34.1977 35.1
    endloop
  endfacet
  facet normal 0.946893 -0.321549 0
    outer loop
      vertex 78.1444 34.1977 35
      vertex 78.014 33.8137 35.1
      vertex 78.014 33.8137 35
    endloop
  endfacet
  facet normal 0.442176 -0.896928 0
    outer loop
      vertex 76.3363 32.136 33
      vertex 76.7 32.3153 34.99
      vertex 76.3363 32.136 34.99
    endloop
  endfacet
  facet normal 0.442176 -0.896928 0
    outer loop
      vertex 76.7 32.3153 34.99
      vertex 76.3363 32.136 33
      vertex 76.7 32.3153 33
    endloop
  endfacet
  facet normal 0.442176 -0.896928 0
    outer loop
      vertex 76.3363 32.136 35
      vertex 76.7 32.3153 35.1
      vertex 76.3363 32.136 35.1
    endloop
  endfacet
  facet normal 0.442176 -0.896928 0
    outer loop
      vertex 76.7 32.3153 35.1
      vertex 76.3363 32.136 35
      vertex 76.7 32.3153 35
    endloop
  endfacet
  facet normal 0.980789 -0.195073 0
    outer loop
      vertex 78.1444 34.1977 34.99
      vertex 78.2235 34.5954 33
      vertex 78.2235 34.5954 34.99
    endloop
  endfacet
  facet normal 0.980789 -0.195073 0
    outer loop
      vertex 78.2235 34.5954 33
      vertex 78.1444 34.1977 34.99
      vertex 78.1444 34.1977 33
    endloop
  endfacet
  facet normal 0.980789 -0.195073 0
    outer loop
      vertex 78.1444 34.1977 35.1
      vertex 78.2235 34.5954 35
      vertex 78.2235 34.5954 35.1
    endloop
  endfacet
  facet normal 0.980789 -0.195073 0
    outer loop
      vertex 78.2235 34.5954 35
      vertex 78.1444 34.1977 35.1
      vertex 78.1444 34.1977 35
    endloop
  endfacet
  facet normal 0.321549 -0.946893 0
    outer loop
      vertex 75.9523 32.0056 35
      vertex 76.3363 32.136 35.1
      vertex 75.9523 32.0056 35.1
    endloop
  endfacet
  facet normal 0.321549 -0.946893 0
    outer loop
      vertex 76.3363 32.136 35.1
      vertex 75.9523 32.0056 35
      vertex 76.3363 32.136 35
    endloop
  endfacet
  facet normal 0.321549 -0.946893 0
    outer loop
      vertex 75.9523 32.0056 33
      vertex 76.3363 32.136 34.99
      vertex 75.9523 32.0056 34.99
    endloop
  endfacet
  facet normal 0.321549 -0.946893 0
    outer loop
      vertex 76.3363 32.136 34.99
      vertex 75.9523 32.0056 33
      vertex 76.3363 32.136 33
    endloop
  endfacet
  facet normal -0.659482 0.751721 0
    outer loop
      vertex 73.2628 37.4594 33
      vertex 72.958 37.192 34.99
      vertex 73.2628 37.4594 34.99
    endloop
  endfacet
  facet normal -0.659482 0.751721 0
    outer loop
      vertex 72.958 37.192 34.99
      vertex 73.2628 37.4594 33
      vertex 72.958 37.192 33
    endloop
  endfacet
  facet normal -0.659482 0.751721 0
    outer loop
      vertex 73.2628 37.4594 35
      vertex 72.958 37.192 35.1
      vertex 73.2628 37.4594 35.1
    endloop
  endfacet
  facet normal -0.659482 0.751721 0
    outer loop
      vertex 72.958 37.192 35.1
      vertex 73.2628 37.4594 35
      vertex 72.958 37.192 35
    endloop
  endfacet
  facet normal -0.0653568 -0.997862 0
    outer loop
      vertex 74.7454 31.9265 35
      vertex 75.15 31.9 35.1
      vertex 74.7454 31.9265 35.1
    endloop
  endfacet
  facet normal -0.0653568 -0.997862 -0
    outer loop
      vertex 75.15 31.9 35.1
      vertex 74.7454 31.9265 35
      vertex 75.15 31.9 35
    endloop
  endfacet
  facet normal -0.0653568 -0.997862 0
    outer loop
      vertex 74.7454 31.9265 33
      vertex 75.15 31.9 34.99
      vertex 74.7454 31.9265 34.99
    endloop
  endfacet
  facet normal -0.0653568 -0.997862 -0
    outer loop
      vertex 75.15 31.9 34.99
      vertex 74.7454 31.9265 33
      vertex 75.15 31.9 33
    endloop
  endfacet
  facet normal -0.831481 -0.555553 0
    outer loop
      vertex 72.6906 33.1128 35
      vertex 72.4653 33.45 35.1
      vertex 72.4653 33.45 35
    endloop
  endfacet
  facet normal -0.831481 -0.555553 0
    outer loop
      vertex 72.4653 33.45 35.1
      vertex 72.6906 33.1128 35
      vertex 72.6906 33.1128 35.1
    endloop
  endfacet
  facet normal -0.831481 -0.555553 0
    outer loop
      vertex 72.6906 33.1128 33
      vertex 72.4653 33.45 34.99
      vertex 72.4653 33.45 33
    endloop
  endfacet
  facet normal -0.831481 -0.555553 0
    outer loop
      vertex 72.4653 33.45 34.99
      vertex 72.6906 33.1128 33
      vertex 72.6906 33.1128 34.99
    endloop
  endfacet
  facet normal -0.195073 0.980789 0
    outer loop
      vertex 74.7454 38.0735 33
      vertex 74.3477 37.9944 34.99
      vertex 74.7454 38.0735 34.99
    endloop
  endfacet
  facet normal -0.195073 0.980789 0
    outer loop
      vertex 74.3477 37.9944 34.99
      vertex 74.7454 38.0735 33
      vertex 74.3477 37.9944 33
    endloop
  endfacet
  facet normal -0.195073 0.980789 0
    outer loop
      vertex 74.7454 38.0735 35
      vertex 74.3477 37.9944 35.1
      vertex 74.7454 38.0735 35.1
    endloop
  endfacet
  facet normal -0.195073 0.980789 0
    outer loop
      vertex 74.3477 37.9944 35.1
      vertex 74.7454 38.0735 35
      vertex 74.3477 37.9944 35
    endloop
  endfacet
  facet normal 0.980789 0.195073 0
    outer loop
      vertex 78.2235 35.4046 34.99
      vertex 78.1444 35.8023 33
      vertex 78.1444 35.8023 34.99
    endloop
  endfacet
  facet normal 0.980789 0.195073 0
    outer loop
      vertex 78.1444 35.8023 33
      vertex 78.2235 35.4046 34.99
      vertex 78.2235 35.4046 33
    endloop
  endfacet
  facet normal 0.980789 0.195073 0
    outer loop
      vertex 78.2235 35.4046 35.1
      vertex 78.1444 35.8023 35
      vertex 78.1444 35.8023 35.1
    endloop
  endfacet
  facet normal 0.980789 0.195073 0
    outer loop
      vertex 78.1444 35.8023 35
      vertex 78.2235 35.4046 35.1
      vertex 78.2235 35.4046 35
    endloop
  endfacet
  facet normal 0.751721 -0.659482 0
    outer loop
      vertex 77.342 32.808 34.99
      vertex 77.6094 33.1128 33
      vertex 77.6094 33.1128 34.99
    endloop
  endfacet
  facet normal 0.751721 -0.659482 0
    outer loop
      vertex 77.6094 33.1128 33
      vertex 77.342 32.808 34.99
      vertex 77.342 32.808 33
    endloop
  endfacet
  facet normal 0.751721 -0.659482 0
    outer loop
      vertex 77.342 32.808 35.1
      vertex 77.6094 33.1128 35
      vertex 77.6094 33.1128 35.1
    endloop
  endfacet
  facet normal 0.751721 -0.659482 0
    outer loop
      vertex 77.6094 33.1128 35
      vertex 77.342 32.808 35.1
      vertex 77.342 32.808 35
    endloop
  endfacet
  facet normal -0.659482 -0.751721 0
    outer loop
      vertex 72.958 32.808 33
      vertex 73.2628 32.5406 34.99
      vertex 72.958 32.808 34.99
    endloop
  endfacet
  facet normal -0.659482 -0.751721 -0
    outer loop
      vertex 73.2628 32.5406 34.99
      vertex 72.958 32.808 33
      vertex 73.2628 32.5406 33
    endloop
  endfacet
  facet normal -0.659482 -0.751721 0
    outer loop
      vertex 72.958 32.808 35
      vertex 73.2628 32.5406 35.1
      vertex 72.958 32.808 35.1
    endloop
  endfacet
  facet normal -0.659482 -0.751721 -0
    outer loop
      vertex 73.2628 32.5406 35.1
      vertex 72.958 32.808 35
      vertex 73.2628 32.5406 35
    endloop
  endfacet
  facet normal -0.997862 0.0653568 0
    outer loop
      vertex 72.05 35 35
      vertex 72.0765 35.4046 35.1
      vertex 72.0765 35.4046 35
    endloop
  endfacet
  facet normal -0.997862 0.0653568 0
    outer loop
      vertex 72.0765 35.4046 35.1
      vertex 72.05 35 35
      vertex 72.05 35 35.1
    endloop
  endfacet
  facet normal -0.997862 0.0653568 0
    outer loop
      vertex 72.05 35 33
      vertex 72.0765 35.4046 34.99
      vertex 72.0765 35.4046 33
    endloop
  endfacet
  facet normal -0.997862 0.0653568 0
    outer loop
      vertex 72.0765 35.4046 34.99
      vertex 72.05 35 33
      vertex 72.05 35 34.99
    endloop
  endfacet
  facet normal -0.980789 0.195073 0
    outer loop
      vertex 72.0765 35.4046 35
      vertex 72.1556 35.8023 35.1
      vertex 72.1556 35.8023 35
    endloop
  endfacet
  facet normal -0.980789 0.195073 0
    outer loop
      vertex 72.1556 35.8023 35.1
      vertex 72.0765 35.4046 35
      vertex 72.0765 35.4046 35.1
    endloop
  endfacet
  facet normal -0.980789 0.195073 0
    outer loop
      vertex 72.0765 35.4046 33
      vertex 72.1556 35.8023 34.99
      vertex 72.1556 35.8023 33
    endloop
  endfacet
  facet normal -0.980789 0.195073 0
    outer loop
      vertex 72.1556 35.8023 34.99
      vertex 72.0765 35.4046 33
      vertex 72.0765 35.4046 34.99
    endloop
  endfacet
  facet normal -0.555553 0.831481 0
    outer loop
      vertex 73.6 37.6847 35
      vertex 73.2628 37.4594 35.1
      vertex 73.6 37.6847 35.1
    endloop
  endfacet
  facet normal -0.555553 0.831481 0
    outer loop
      vertex 73.2628 37.4594 35.1
      vertex 73.6 37.6847 35
      vertex 73.2628 37.4594 35
    endloop
  endfacet
  facet normal -0.555553 0.831481 0
    outer loop
      vertex 73.6 37.6847 33
      vertex 73.2628 37.4594 34.99
      vertex 73.6 37.6847 34.99
    endloop
  endfacet
  facet normal -0.555553 0.831481 0
    outer loop
      vertex 73.2628 37.4594 34.99
      vertex 73.6 37.6847 33
      vertex 73.2628 37.4594 33
    endloop
  endfacet
  facet normal -0.195073 -0.980789 0
    outer loop
      vertex 74.3477 32.0056 35
      vertex 74.7454 31.9265 35.1
      vertex 74.3477 32.0056 35.1
    endloop
  endfacet
  facet normal -0.195073 -0.980789 -0
    outer loop
      vertex 74.7454 31.9265 35.1
      vertex 74.3477 32.0056 35
      vertex 74.7454 31.9265 35
    endloop
  endfacet
  facet normal -0.195073 -0.980789 0
    outer loop
      vertex 74.3477 32.0056 33
      vertex 74.7454 31.9265 34.99
      vertex 74.3477 32.0056 34.99
    endloop
  endfacet
  facet normal -0.195073 -0.980789 -0
    outer loop
      vertex 74.7454 31.9265 34.99
      vertex 74.3477 32.0056 33
      vertex 74.7454 31.9265 33
    endloop
  endfacet
  facet normal -0.751721 -0.659482 0
    outer loop
      vertex 72.958 32.808 35
      vertex 72.6906 33.1128 35.1
      vertex 72.6906 33.1128 35
    endloop
  endfacet
  facet normal -0.751721 -0.659482 0
    outer loop
      vertex 72.6906 33.1128 35.1
      vertex 72.958 32.808 35
      vertex 72.958 32.808 35.1
    endloop
  endfacet
  facet normal -0.751721 -0.659482 0
    outer loop
      vertex 72.958 32.808 33
      vertex 72.6906 33.1128 34.99
      vertex 72.6906 33.1128 33
    endloop
  endfacet
  facet normal -0.751721 -0.659482 0
    outer loop
      vertex 72.6906 33.1128 34.99
      vertex 72.958 32.808 33
      vertex 72.958 32.808 34.99
    endloop
  endfacet
  facet normal -0.442176 -0.896928 0
    outer loop
      vertex 73.6 32.3153 33
      vertex 73.9637 32.136 34.99
      vertex 73.6 32.3153 34.99
    endloop
  endfacet
  facet normal -0.442176 -0.896928 -0
    outer loop
      vertex 73.9637 32.136 34.99
      vertex 73.6 32.3153 33
      vertex 73.9637 32.136 33
    endloop
  endfacet
  facet normal -0.442176 -0.896928 0
    outer loop
      vertex 73.6 32.3153 35
      vertex 73.9637 32.136 35.1
      vertex 73.6 32.3153 35.1
    endloop
  endfacet
  facet normal -0.442176 -0.896928 -0
    outer loop
      vertex 73.9637 32.136 35.1
      vertex 73.6 32.3153 35
      vertex 73.9637 32.136 35
    endloop
  endfacet
  facet normal 0.997862 0.0653568 0
    outer loop
      vertex 78.25 35 34.99
      vertex 78.2235 35.4046 33
      vertex 78.2235 35.4046 34.99
    endloop
  endfacet
  facet normal 0.997862 0.0653568 0
    outer loop
      vertex 78.2235 35.4046 33
      vertex 78.25 35 34.99
      vertex 78.25 35 33
    endloop
  endfacet
  facet normal 0.997862 0.0653568 0
    outer loop
      vertex 78.25 35 35.1
      vertex 78.2235 35.4046 35
      vertex 78.2235 35.4046 35.1
    endloop
  endfacet
  facet normal 0.997862 0.0653568 0
    outer loop
      vertex 78.2235 35.4046 35
      vertex 78.25 35 35.1
      vertex 78.25 35 35
    endloop
  endfacet
  facet normal -0.831481 0.555553 0
    outer loop
      vertex 72.4653 36.55 33
      vertex 72.6906 36.8872 34.99
      vertex 72.6906 36.8872 33
    endloop
  endfacet
  facet normal -0.831481 0.555553 0
    outer loop
      vertex 72.6906 36.8872 34.99
      vertex 72.4653 36.55 33
      vertex 72.4653 36.55 34.99
    endloop
  endfacet
  facet normal -0.831481 0.555553 0
    outer loop
      vertex 72.4653 36.55 35
      vertex 72.6906 36.8872 35.1
      vertex 72.6906 36.8872 35
    endloop
  endfacet
  facet normal -0.831481 0.555553 0
    outer loop
      vertex 72.6906 36.8872 35.1
      vertex 72.4653 36.55 35
      vertex 72.4653 36.55 35.1
    endloop
  endfacet
  facet normal 0.751721 0.659482 0
    outer loop
      vertex 77.6094 36.8872 34.99
      vertex 77.342 37.192 33
      vertex 77.342 37.192 34.99
    endloop
  endfacet
  facet normal 0.751721 0.659482 0
    outer loop
      vertex 77.342 37.192 33
      vertex 77.6094 36.8872 34.99
      vertex 77.6094 36.8872 33
    endloop
  endfacet
  facet normal 0.751721 0.659482 0
    outer loop
      vertex 77.6094 36.8872 35.1
      vertex 77.342 37.192 35
      vertex 77.342 37.192 35.1
    endloop
  endfacet
  facet normal 0.751721 0.659482 0
    outer loop
      vertex 77.342 37.192 35
      vertex 77.6094 36.8872 35.1
      vertex 77.6094 36.8872 35
    endloop
  endfacet
  facet normal 0.997862 -0.0653568 0
    outer loop
      vertex 78.2235 34.5954 34.99
      vertex 78.25 35 33
      vertex 78.25 35 34.99
    endloop
  endfacet
  facet normal 0.997862 -0.0653568 0
    outer loop
      vertex 78.25 35 33
      vertex 78.2235 34.5954 34.99
      vertex 78.2235 34.5954 33
    endloop
  endfacet
  facet normal 0.997862 -0.0653568 0
    outer loop
      vertex 78.2235 34.5954 35.1
      vertex 78.25 35 35
      vertex 78.25 35 35.1
    endloop
  endfacet
  facet normal 0.997862 -0.0653568 0
    outer loop
      vertex 78.25 35 35
      vertex 78.2235 34.5954 35.1
      vertex 78.2235 34.5954 35
    endloop
  endfacet
  facet normal 0.442176 0.896928 -0
    outer loop
      vertex 76.7 37.6847 33
      vertex 76.3363 37.864 34.99
      vertex 76.7 37.6847 34.99
    endloop
  endfacet
  facet normal 0.442176 0.896928 0
    outer loop
      vertex 76.3363 37.864 34.99
      vertex 76.7 37.6847 33
      vertex 76.3363 37.864 33
    endloop
  endfacet
  facet normal 0.442176 0.896928 -0
    outer loop
      vertex 76.7 37.6847 35
      vertex 76.3363 37.864 35.1
      vertex 76.7 37.6847 35.1
    endloop
  endfacet
  facet normal 0.442176 0.896928 0
    outer loop
      vertex 76.3363 37.864 35.1
      vertex 76.7 37.6847 35
      vertex 76.3363 37.864 35
    endloop
  endfacet
  facet normal 0.946893 0.321549 0
    outer loop
      vertex 78.1444 35.8023 35.1
      vertex 78.014 36.1863 35
      vertex 78.014 36.1863 35.1
    endloop
  endfacet
  facet normal 0.946893 0.321549 0
    outer loop
      vertex 78.014 36.1863 35
      vertex 78.1444 35.8023 35.1
      vertex 78.1444 35.8023 35
    endloop
  endfacet
  facet normal 0.946893 0.321549 0
    outer loop
      vertex 78.1444 35.8023 34.99
      vertex 78.014 36.1863 33
      vertex 78.014 36.1863 34.99
    endloop
  endfacet
  facet normal 0.946893 0.321549 0
    outer loop
      vertex 78.014 36.1863 33
      vertex 78.1444 35.8023 34.99
      vertex 78.1444 35.8023 33
    endloop
  endfacet
  facet normal 0.195073 0.980789 -0
    outer loop
      vertex 75.9523 37.9944 35
      vertex 75.5546 38.0735 35.1
      vertex 75.9523 37.9944 35.1
    endloop
  endfacet
  facet normal 0.195073 0.980789 0
    outer loop
      vertex 75.5546 38.0735 35.1
      vertex 75.9523 37.9944 35
      vertex 75.5546 38.0735 35
    endloop
  endfacet
  facet normal 0.195073 0.980789 -0
    outer loop
      vertex 75.9523 37.9944 33
      vertex 75.5546 38.0735 34.99
      vertex 75.9523 37.9944 34.99
    endloop
  endfacet
  facet normal 0.195073 0.980789 0
    outer loop
      vertex 75.5546 38.0735 34.99
      vertex 75.9523 37.9944 33
      vertex 75.5546 38.0735 33
    endloop
  endfacet
  facet normal -0.0653568 0.997862 0
    outer loop
      vertex 75.15 38.1 35
      vertex 74.7454 38.0735 35.1
      vertex 75.15 38.1 35.1
    endloop
  endfacet
  facet normal -0.0653568 0.997862 0
    outer loop
      vertex 74.7454 38.0735 35.1
      vertex 75.15 38.1 35
      vertex 74.7454 38.0735 35
    endloop
  endfacet
  facet normal -0.0653568 0.997862 0
    outer loop
      vertex 75.15 38.1 33
      vertex 74.7454 38.0735 34.99
      vertex 75.15 38.1 34.99
    endloop
  endfacet
  facet normal -0.0653568 0.997862 0
    outer loop
      vertex 74.7454 38.0735 34.99
      vertex 75.15 38.1 33
      vertex 74.7454 38.0735 33
    endloop
  endfacet
  facet normal 0.0653568 -0.997862 0
    outer loop
      vertex 75.15 31.9 33
      vertex 75.5546 31.9265 34.99
      vertex 75.15 31.9 34.99
    endloop
  endfacet
  facet normal 0.0653568 -0.997862 0
    outer loop
      vertex 75.5546 31.9265 34.99
      vertex 75.15 31.9 33
      vertex 75.5546 31.9265 33
    endloop
  endfacet
  facet normal 0.0653568 -0.997862 0
    outer loop
      vertex 75.15 31.9 35
      vertex 75.5546 31.9265 35.1
      vertex 75.15 31.9 35.1
    endloop
  endfacet
  facet normal 0.0653568 -0.997862 0
    outer loop
      vertex 75.5546 31.9265 35.1
      vertex 75.15 31.9 35
      vertex 75.5546 31.9265 35
    endloop
  endfacet
  facet normal 0 0 1
    outer loop
      vertex 78.2235 35.4046 35.1
      vertex 78.2235 34.5954 35.1
      vertex 78.25 35 35.1
    endloop
  endfacet
  facet normal 0 0 1
    outer loop
      vertex 78.1444 35.8023 35.1
      vertex 78.2235 34.5954 35.1
      vertex 78.2235 35.4046 35.1
    endloop
  endfacet
  facet normal 0 0 1
    outer loop
      vertex 78.1444 35.8023 35.1
      vertex 78.1444 34.1977 35.1
      vertex 78.2235 34.5954 35.1
    endloop
  endfacet
  facet normal 0 0 1
    outer loop
      vertex 78.014 36.1863 35.1
      vertex 78.1444 34.1977 35.1
      vertex 78.1444 35.8023 35.1
    endloop
  endfacet
  facet normal 0 0 1
    outer loop
      vertex 78.014 36.1863 35.1
      vertex 78.014 33.8137 35.1
      vertex 78.1444 34.1977 35.1
    endloop
  endfacet
  facet normal 0 0 1
    outer loop
      vertex 77.8347 36.55 35.1
      vertex 78.014 33.8137 35.1
      vertex 78.014 36.1863 35.1
    endloop
  endfacet
  facet normal 0 0 1
    outer loop
      vertex 77.8347 36.55 35.1
      vertex 77.8347 33.45 35.1
      vertex 78.014 33.8137 35.1
    endloop
  endfacet
  facet normal 0 0 1
    outer loop
      vertex 77.6094 36.8872 35.1
      vertex 77.8347 33.45 35.1
      vertex 77.8347 36.55 35.1
    endloop
  endfacet
  facet normal 0 0 1
    outer loop
      vertex 77.6094 36.8872 35.1
      vertex 77.6094 33.1128 35.1
      vertex 77.8347 33.45 35.1
    endloop
  endfacet
  facet normal 0 0 1
    outer loop
      vertex 77.342 37.192 35.1
      vertex 77.6094 33.1128 35.1
      vertex 77.6094 36.8872 35.1
    endloop
  endfacet
  facet normal 0 0 1
    outer loop
      vertex 77.342 37.192 35.1
      vertex 77.342 32.808 35.1
      vertex 77.6094 33.1128 35.1
    endloop
  endfacet
  facet normal 0 0 1
    outer loop
      vertex 77.0372 37.4594 35.1
      vertex 77.342 32.808 35.1
      vertex 77.342 37.192 35.1
    endloop
  endfacet
  facet normal 0 0 1
    outer loop
      vertex 77.0372 37.4594 35.1
      vertex 77.0372 32.5406 35.1
      vertex 77.342 32.808 35.1
    endloop
  endfacet
  facet normal 0 0 1
    outer loop
      vertex 76.7 37.6847 35.1
      vertex 77.0372 32.5406 35.1
      vertex 77.0372 37.4594 35.1
    endloop
  endfacet
  facet normal 0 0 1
    outer loop
      vertex 76.7 37.6847 35.1
      vertex 76.7 32.3153 35.1
      vertex 77.0372 32.5406 35.1
    endloop
  endfacet
  facet normal 0 0 1
    outer loop
      vertex 76.3363 37.864 35.1
      vertex 76.7 32.3153 35.1
      vertex 76.7 37.6847 35.1
    endloop
  endfacet
  facet normal 0 0 1
    outer loop
      vertex 76.3363 37.864 35.1
      vertex 76.3363 32.136 35.1
      vertex 76.7 32.3153 35.1
    endloop
  endfacet
  facet normal 0 0 1
    outer loop
      vertex 75.9523 37.9944 35.1
      vertex 76.3363 32.136 35.1
      vertex 76.3363 37.864 35.1
    endloop
  endfacet
  facet normal 0 0 1
    outer loop
      vertex 75.9523 37.9944 35.1
      vertex 75.9523 32.0056 35.1
      vertex 76.3363 32.136 35.1
    endloop
  endfacet
  facet normal 0 0 1
    outer loop
      vertex 75.5546 38.0735 35.1
      vertex 75.9523 32.0056 35.1
      vertex 75.9523 37.9944 35.1
    endloop
  endfacet
  facet normal 0 0 1
    outer loop
      vertex 75.5546 38.0735 35.1
      vertex 75.5546 31.9265 35.1
      vertex 75.9523 32.0056 35.1
    endloop
  endfacet
  facet normal 0 0 1
    outer loop
      vertex 75.15 38.1 35.1
      vertex 75.5546 31.9265 35.1
      vertex 75.5546 38.0735 35.1
    endloop
  endfacet
  facet normal 0 0 1
    outer loop
      vertex 75.15 38.1 35.1
      vertex 75.15 31.9 35.1
      vertex 75.5546 31.9265 35.1
    endloop
  endfacet
  facet normal -0 0 1
    outer loop
      vertex 74.7454 38.0735 35.1
      vertex 75.15 31.9 35.1
      vertex 75.15 38.1 35.1
    endloop
  endfacet
  facet normal 0 0 1
    outer loop
      vertex 74.7454 38.0735 35.1
      vertex 74.7454 31.9265 35.1
      vertex 75.15 31.9 35.1
    endloop
  endfacet
  facet normal -0 0 1
    outer loop
      vertex 74.3477 37.9944 35.1
      vertex 74.7454 31.9265 35.1
      vertex 74.7454 38.0735 35.1
    endloop
  endfacet
  facet normal 0 0 1
    outer loop
      vertex 74.3477 37.9944 35.1
      vertex 74.3477 32.0056 35.1
      vertex 74.7454 31.9265 35.1
    endloop
  endfacet
  facet normal -0 0 1
    outer loop
      vertex 73.9637 37.864 35.1
      vertex 74.3477 32.0056 35.1
      vertex 74.3477 37.9944 35.1
    endloop
  endfacet
  facet normal 0 0 1
    outer loop
      vertex 73.9637 37.864 35.1
      vertex 73.9637 32.136 35.1
      vertex 74.3477 32.0056 35.1
    endloop
  endfacet
  facet normal -0 0 1
    outer loop
      vertex 73.6 37.6847 35.1
      vertex 73.9637 32.136 35.1
      vertex 73.9637 37.864 35.1
    endloop
  endfacet
  facet normal 0 0 1
    outer loop
      vertex 73.6 37.6847 35.1
      vertex 73.6 32.3153 35.1
      vertex 73.9637 32.136 35.1
    endloop
  endfacet
  facet normal -0 0 1
    outer loop
      vertex 73.2628 37.4594 35.1
      vertex 73.6 32.3153 35.1
      vertex 73.6 37.6847 35.1
    endloop
  endfacet
  facet normal 0 0 1
    outer loop
      vertex 73.2628 37.4594 35.1
      vertex 73.2628 32.5406 35.1
      vertex 73.6 32.3153 35.1
    endloop
  endfacet
  facet normal -0 0 1
    outer loop
      vertex 72.958 37.192 35.1
      vertex 73.2628 32.5406 35.1
      vertex 73.2628 37.4594 35.1
    endloop
  endfacet
  facet normal 0 0 1
    outer loop
      vertex 72.958 37.192 35.1
      vertex 72.958 32.808 35.1
      vertex 73.2628 32.5406 35.1
    endloop
  endfacet
  facet normal -0 0 1
    outer loop
      vertex 72.6906 36.8872 35.1
      vertex 72.958 32.808 35.1
      vertex 72.958 37.192 35.1
    endloop
  endfacet
  facet normal 0 0 1
    outer loop
      vertex 72.6906 36.8872 35.1
      vertex 72.6906 33.1128 35.1
      vertex 72.958 32.808 35.1
    endloop
  endfacet
  facet normal -0 0 1
    outer loop
      vertex 72.4653 36.55 35.1
      vertex 72.6906 33.1128 35.1
      vertex 72.6906 36.8872 35.1
    endloop
  endfacet
  facet normal 0 0 1
    outer loop
      vertex 72.4653 36.55 35.1
      vertex 72.4653 33.45 35.1
      vertex 72.6906 33.1128 35.1
    endloop
  endfacet
  facet normal -0 0 1
    outer loop
      vertex 72.286 36.1863 35.1
      vertex 72.4653 33.45 35.1
      vertex 72.4653 36.55 35.1
    endloop
  endfacet
  facet normal 0 0 1
    outer loop
      vertex 72.286 36.1863 35.1
      vertex 72.286 33.8137 35.1
      vertex 72.4653 33.45 35.1
    endloop
  endfacet
  facet normal -0 0 1
    outer loop
      vertex 72.1556 35.8023 35.1
      vertex 72.286 33.8137 35.1
      vertex 72.286 36.1863 35.1
    endloop
  endfacet
  facet normal 0 0 1
    outer loop
      vertex 72.1556 35.8023 35.1
      vertex 72.1556 34.1977 35.1
      vertex 72.286 33.8137 35.1
    endloop
  endfacet
  facet normal -0 0 1
    outer loop
      vertex 72.0765 35.4046 35.1
      vertex 72.1556 34.1977 35.1
      vertex 72.1556 35.8023 35.1
    endloop
  endfacet
  facet normal 0 0 1
    outer loop
      vertex 72.0765 35.4046 35.1
      vertex 72.0765 34.5954 35.1
      vertex 72.1556 34.1977 35.1
    endloop
  endfacet
  facet normal 0 -0 1
    outer loop
      vertex 72.0765 34.5954 35.1
      vertex 72.0765 35.4046 35.1
      vertex 72.05 35 35.1
    endloop
  endfacet
  facet normal 0.896928 0.442176 0
    outer loop
      vertex 78.014 36.1863 35.1
      vertex 77.8347 36.55 35
      vertex 77.8347 36.55 35.1
    endloop
  endfacet
  facet normal 0.896928 0.442176 0
    outer loop
      vertex 77.8347 36.55 35
      vertex 78.014 36.1863 35.1
      vertex 78.014 36.1863 35
    endloop
  endfacet
  facet normal 0.896928 0.442176 0
    outer loop
      vertex 78.014 36.1863 34.99
      vertex 77.8347 36.55 33
      vertex 77.8347 36.55 34.99
    endloop
  endfacet
  facet normal 0.896928 0.442176 0
    outer loop
      vertex 77.8347 36.55 33
      vertex 78.014 36.1863 34.99
      vertex 78.014 36.1863 33
    endloop
  endfacet
  facet normal 0.896928 -0.442176 0
    outer loop
      vertex 77.8347 33.45 34.99
      vertex 78.014 33.8137 33
      vertex 78.014 33.8137 34.99
    endloop
  endfacet
  facet normal 0.896928 -0.442176 0
    outer loop
      vertex 78.014 33.8137 33
      vertex 77.8347 33.45 34.99
      vertex 77.8347 33.45 33
    endloop
  endfacet
  facet normal 0.896928 -0.442176 0
    outer loop
      vertex 77.8347 33.45 35.1
      vertex 78.014 33.8137 35
      vertex 78.014 33.8137 35.1
    endloop
  endfacet
  facet normal 0.896928 -0.442176 0
    outer loop
      vertex 78.014 33.8137 35
      vertex 77.8347 33.45 35.1
      vertex 77.8347 33.45 35
    endloop
  endfacet
  facet normal 0.831481 -0.555553 0
    outer loop
      vertex 77.6094 33.1128 34.99
      vertex 77.8347 33.45 33
      vertex 77.8347 33.45 34.99
    endloop
  endfacet
  facet normal 0.831481 -0.555553 0
    outer loop
      vertex 77.8347 33.45 33
      vertex 77.6094 33.1128 34.99
      vertex 77.6094 33.1128 33
    endloop
  endfacet
  facet normal 0.831481 -0.555553 0
    outer loop
      vertex 77.6094 33.1128 35.1
      vertex 77.8347 33.45 35
      vertex 77.8347 33.45 35.1
    endloop
  endfacet
  facet normal 0.831481 -0.555553 0
    outer loop
      vertex 77.8347 33.45 35
      vertex 77.6094 33.1128 35.1
      vertex 77.6094 33.1128 35
    endloop
  endfacet
  facet normal 0.555553 0.831481 -0
    outer loop
      vertex 77.0372 37.4594 33
      vertex 76.7 37.6847 34.99
      vertex 77.0372 37.4594 34.99
    endloop
  endfacet
  facet normal 0.555553 0.831481 0
    outer loop
      vertex 76.7 37.6847 34.99
      vertex 77.0372 37.4594 33
      vertex 76.7 37.6847 33
    endloop
  endfacet
  facet normal 0.555553 0.831481 -0
    outer loop
      vertex 77.0372 37.4594 35
      vertex 76.7 37.6847 35.1
      vertex 77.0372 37.4594 35.1
    endloop
  endfacet
  facet normal 0.555553 0.831481 0
    outer loop
      vertex 76.7 37.6847 35.1
      vertex 77.0372 37.4594 35
      vertex 76.7 37.6847 35
    endloop
  endfacet
  facet normal 0 0 -1
    outer loop
      vertex 78.2235 34.5954 33
      vertex 78.2235 35.4046 33
      vertex 78.25 35 33
    endloop
  endfacet
  facet normal 0 0 -1
    outer loop
      vertex 78.1444 34.1977 33
      vertex 78.2235 35.4046 33
      vertex 78.2235 34.5954 33
    endloop
  endfacet
  facet normal 0 0 -1
    outer loop
      vertex 78.1444 34.1977 33
      vertex 78.1444 35.8023 33
      vertex 78.2235 35.4046 33
    endloop
  endfacet
  facet normal 0 0 -1
    outer loop
      vertex 78.014 33.8137 33
      vertex 78.1444 35.8023 33
      vertex 78.1444 34.1977 33
    endloop
  endfacet
  facet normal 0 0 -1
    outer loop
      vertex 78.014 33.8137 33
      vertex 78.014 36.1863 33
      vertex 78.1444 35.8023 33
    endloop
  endfacet
  facet normal 0 0 -1
    outer loop
      vertex 77.8347 33.45 33
      vertex 78.014 36.1863 33
      vertex 78.014 33.8137 33
    endloop
  endfacet
  facet normal 0 0 -1
    outer loop
      vertex 77.8347 33.45 33
      vertex 77.8347 36.55 33
      vertex 78.014 36.1863 33
    endloop
  endfacet
  facet normal 0 0 -1
    outer loop
      vertex 77.6094 33.1128 33
      vertex 77.8347 36.55 33
      vertex 77.8347 33.45 33
    endloop
  endfacet
  facet normal 0 0 -1
    outer loop
      vertex 77.6094 33.1128 33
      vertex 77.6094 36.8872 33
      vertex 77.8347 36.55 33
    endloop
  endfacet
  facet normal 0 0 -1
    outer loop
      vertex 77.342 32.808 33
      vertex 77.6094 36.8872 33
      vertex 77.6094 33.1128 33
    endloop
  endfacet
  facet normal 0 0 -1
    outer loop
      vertex 77.342 32.808 33
      vertex 77.342 37.192 33
      vertex 77.6094 36.8872 33
    endloop
  endfacet
  facet normal 0 0 -1
    outer loop
      vertex 77.0372 32.5406 33
      vertex 77.342 37.192 33
      vertex 77.342 32.808 33
    endloop
  endfacet
  facet normal 0 0 -1
    outer loop
      vertex 77.0372 32.5406 33
      vertex 77.0372 37.4594 33
      vertex 77.342 37.192 33
    endloop
  endfacet
  facet normal 0 0 -1
    outer loop
      vertex 76.7 32.3153 33
      vertex 77.0372 37.4594 33
      vertex 77.0372 32.5406 33
    endloop
  endfacet
  facet normal 0 0 -1
    outer loop
      vertex 76.7 32.3153 33
      vertex 76.7 37.6847 33
      vertex 77.0372 37.4594 33
    endloop
  endfacet
  facet normal 0 0 -1
    outer loop
      vertex 76.3363 32.136 33
      vertex 76.7 37.6847 33
      vertex 76.7 32.3153 33
    endloop
  endfacet
  facet normal 0 0 -1
    outer loop
      vertex 76.3363 32.136 33
      vertex 76.3363 37.864 33
      vertex 76.7 37.6847 33
    endloop
  endfacet
  facet normal 0 0 -1
    outer loop
      vertex 75.9523 32.0056 33
      vertex 76.3363 37.864 33
      vertex 76.3363 32.136 33
    endloop
  endfacet
  facet normal 0 0 -1
    outer loop
      vertex 75.9523 32.0056 33
      vertex 75.9523 37.9944 33
      vertex 76.3363 37.864 33
    endloop
  endfacet
  facet normal 0 0 -1
    outer loop
      vertex 75.5546 31.9265 33
      vertex 75.9523 37.9944 33
      vertex 75.9523 32.0056 33
    endloop
  endfacet
  facet normal 0 0 -1
    outer loop
      vertex 75.5546 31.9265 33
      vertex 75.5546 38.0735 33
      vertex 75.9523 37.9944 33
    endloop
  endfacet
  facet normal 0 0 -1
    outer loop
      vertex 75.15 31.9 33
      vertex 75.5546 38.0735 33
      vertex 75.5546 31.9265 33
    endloop
  endfacet
  facet normal 0 0 -1
    outer loop
      vertex 75.15 31.9 33
      vertex 75.15 38.1 33
      vertex 75.5546 38.0735 33
    endloop
  endfacet
  facet normal 0 0 -1
    outer loop
      vertex 74.7454 31.9265 33
      vertex 75.15 38.1 33
      vertex 75.15 31.9 33
    endloop
  endfacet
  facet normal 0 0 -1
    outer loop
      vertex 74.7454 31.9265 33
      vertex 74.7454 38.0735 33
      vertex 75.15 38.1 33
    endloop
  endfacet
  facet normal 0 0 -1
    outer loop
      vertex 74.3477 32.0056 33
      vertex 74.7454 38.0735 33
      vertex 74.7454 31.9265 33
    endloop
  endfacet
  facet normal 0 0 -1
    outer loop
      vertex 74.3477 32.0056 33
      vertex 74.3477 37.9944 33
      vertex 74.7454 38.0735 33
    endloop
  endfacet
  facet normal 0 0 -1
    outer loop
      vertex 73.9637 32.136 33
      vertex 74.3477 37.9944 33
      vertex 74.3477 32.0056 33
    endloop
  endfacet
  facet normal 0 0 -1
    outer loop
      vertex 73.9637 32.136 33
      vertex 73.9637 37.864 33
      vertex 74.3477 37.9944 33
    endloop
  endfacet
  facet normal 0 0 -1
    outer loop
      vertex 73.6 32.3153 33
      vertex 73.9637 37.864 33
      vertex 73.9637 32.136 33
    endloop
  endfacet
  facet normal 0 0 -1
    outer loop
      vertex 73.6 32.3153 33
      vertex 73.6 37.6847 33
      vertex 73.9637 37.864 33
    endloop
  endfacet
  facet normal 0 0 -1
    outer loop
      vertex 73.2628 32.5406 33
      vertex 73.6 37.6847 33
      vertex 73.6 32.3153 33
    endloop
  endfacet
  facet normal 0 0 -1
    outer loop
      vertex 73.2628 32.5406 33
      vertex 73.2628 37.4594 33
      vertex 73.6 37.6847 33
    endloop
  endfacet
  facet normal 0 0 -1
    outer loop
      vertex 72.958 32.808 33
      vertex 73.2628 37.4594 33
      vertex 73.2628 32.5406 33
    endloop
  endfacet
  facet normal 0 0 -1
    outer loop
      vertex 72.958 32.808 33
      vertex 72.958 37.192 33
      vertex 73.2628 37.4594 33
    endloop
  endfacet
  facet normal 0 0 -1
    outer loop
      vertex 72.6906 33.1128 33
      vertex 72.958 37.192 33
      vertex 72.958 32.808 33
    endloop
  endfacet
  facet normal 0 0 -1
    outer loop
      vertex 72.6906 33.1128 33
      vertex 72.6906 36.8872 33
      vertex 72.958 37.192 33
    endloop
  endfacet
  facet normal 0 0 -1
    outer loop
      vertex 72.4653 33.45 33
      vertex 72.6906 36.8872 33
      vertex 72.6906 33.1128 33
    endloop
  endfacet
  facet normal 0 0 -1
    outer loop
      vertex 72.4653 33.45 33
      vertex 72.4653 36.55 33
      vertex 72.6906 36.8872 33
    endloop
  endfacet
  facet normal 0 0 -1
    outer loop
      vertex 72.286 33.8137 33
      vertex 72.4653 36.55 33
      vertex 72.4653 33.45 33
    endloop
  endfacet
  facet normal 0 0 -1
    outer loop
      vertex 72.286 33.8137 33
      vertex 72.286 36.1863 33
      vertex 72.4653 36.55 33
    endloop
  endfacet
  facet normal 0 0 -1
    outer loop
      vertex 72.1556 34.1977 33
      vertex 72.286 36.1863 33
      vertex 72.286 33.8137 33
    endloop
  endfacet
  facet normal 0 0 -1
    outer loop
      vertex 72.1556 34.1977 33
      vertex 72.1556 35.8023 33
      vertex 72.286 36.1863 33
    endloop
  endfacet
  facet normal 0 0 -1
    outer loop
      vertex 72.0765 34.5954 33
      vertex 72.1556 35.8023 33
      vertex 72.1556 34.1977 33
    endloop
  endfacet
  facet normal 0 0 -1
    outer loop
      vertex 72.0765 34.5954 33
      vertex 72.0765 35.4046 33
      vertex 72.1556 35.8023 33
    endloop
  endfacet
  facet normal 0 -0 -1
    outer loop
      vertex 72.0765 35.4046 33
      vertex 72.0765 34.5954 33
      vertex 72.05 35 33
    endloop
  endfacet
  facet normal -0.896928 0.442176 0
    outer loop
      vertex 31.286 -33.8137 17
      vertex 31.4653 -33.45 19.1
      vertex 31.4653 -33.45 17
    endloop
  endfacet
  facet normal -0.896928 0.442176 0
    outer loop
      vertex 31.4653 -33.45 19.1
      vertex 31.286 -33.8137 17
      vertex 31.286 -33.8137 19.1
    endloop
  endfacet
  facet normal -0.980789 -0.195073 0
    outer loop
      vertex 31.1556 -35.8023 17
      vertex 31.0765 -35.4046 19.1
      vertex 31.0765 -35.4046 17
    endloop
  endfacet
  facet normal -0.980789 -0.195073 0
    outer loop
      vertex 31.0765 -35.4046 19.1
      vertex 31.1556 -35.8023 17
      vertex 31.1556 -35.8023 19.1
    endloop
  endfacet
  facet normal -0.997862 -0.0653568 0
    outer loop
      vertex 31.0765 -35.4046 17
      vertex 31.05 -35 19.1
      vertex 31.05 -35 17
    endloop
  endfacet
  facet normal -0.997862 -0.0653568 0
    outer loop
      vertex 31.05 -35 19.1
      vertex 31.0765 -35.4046 17
      vertex 31.0765 -35.4046 19.1
    endloop
  endfacet
  facet normal -0.946893 -0.321549 0
    outer loop
      vertex 31.286 -36.1863 17
      vertex 31.1556 -35.8023 19.1
      vertex 31.1556 -35.8023 17
    endloop
  endfacet
  facet normal -0.946893 -0.321549 0
    outer loop
      vertex 31.1556 -35.8023 19.1
      vertex 31.286 -36.1863 17
      vertex 31.286 -36.1863 19.1
    endloop
  endfacet
  facet normal -0.980789 0.195073 0
    outer loop
      vertex 31.0765 -34.5954 17
      vertex 31.1556 -34.1977 19.1
      vertex 31.1556 -34.1977 17
    endloop
  endfacet
  facet normal -0.980789 0.195073 0
    outer loop
      vertex 31.1556 -34.1977 19.1
      vertex 31.0765 -34.5954 17
      vertex 31.0765 -34.5954 19.1
    endloop
  endfacet
  facet normal -0.896928 -0.442176 0
    outer loop
      vertex 31.4653 -36.55 17
      vertex 31.286 -36.1863 19.1
      vertex 31.286 -36.1863 17
    endloop
  endfacet
  facet normal -0.896928 -0.442176 0
    outer loop
      vertex 31.286 -36.1863 19.1
      vertex 31.4653 -36.55 17
      vertex 31.4653 -36.55 19.1
    endloop
  endfacet
  facet normal 0.946893 -0.321549 0
    outer loop
      vertex 37.014 -36.1863 19.1
      vertex 37.1444 -35.8023 18.8109
      vertex 37.1444 -35.8023 19.1
    endloop
  endfacet
  facet normal 0.946893 -0.321549 0
    outer loop
      vertex 37.1444 -35.8023 18.8109
      vertex 37.014 -36.1863 19.1
      vertex 37.014 -36.1863 18.7958
    endloop
  endfacet
  facet normal -0.831481 0.555553 0
    outer loop
      vertex 31.4653 -33.45 17
      vertex 31.6906 -33.1128 19.1
      vertex 31.6906 -33.1128 17
    endloop
  endfacet
  facet normal -0.831481 0.555553 0
    outer loop
      vertex 31.6906 -33.1128 19.1
      vertex 31.4653 -33.45 17
      vertex 31.4653 -33.45 19.1
    endloop
  endfacet
  facet normal -0.321549 -0.946893 0
    outer loop
      vertex 32.9637 -37.864 17
      vertex 33.3477 -37.9944 19.1
      vertex 32.9637 -37.864 19.1
    endloop
  endfacet
  facet normal -0.321549 -0.946893 -0
    outer loop
      vertex 33.3477 -37.9944 19.1
      vertex 32.9637 -37.864 17
      vertex 33.3477 -37.9944 17
    endloop
  endfacet
  facet normal 0.555553 -0.831481 0
    outer loop
      vertex 35.7 -37.6847 17
      vertex 36.0372 -37.4594 19.1
      vertex 35.7 -37.6847 19.1
    endloop
  endfacet
  facet normal 0.555553 -0.831481 0
    outer loop
      vertex 36.0372 -37.4594 19.1
      vertex 35.7 -37.6847 17
      vertex 36.0372 -37.4594 17
    endloop
  endfacet
  facet normal 0.896928 -0.442176 0
    outer loop
      vertex 36.8347 -36.55 19.1
      vertex 37.014 -36.1863 18.7958
      vertex 37.014 -36.1863 19.1
    endloop
  endfacet
  facet normal 0.896928 -0.442176 0
    outer loop
      vertex 37.014 -36.1863 18.7958
      vertex 36.8347 -36.55 19.1
      vertex 36.8347 -36.55 18.7883
    endloop
  endfacet
  facet normal -0.442176 -0.896928 0
    outer loop
      vertex 32.6 -37.6847 17
      vertex 32.9637 -37.864 19.1
      vertex 32.6 -37.6847 19.1
    endloop
  endfacet
  facet normal -0.442176 -0.896928 -0
    outer loop
      vertex 32.9637 -37.864 19.1
      vertex 32.6 -37.6847 17
      vertex 32.9637 -37.864 17
    endloop
  endfacet
  facet normal -0.659482 -0.751721 0
    outer loop
      vertex 31.958 -37.192 17
      vertex 32.2628 -37.4594 19.1
      vertex 31.958 -37.192 19.1
    endloop
  endfacet
  facet normal -0.659482 -0.751721 -0
    outer loop
      vertex 32.2628 -37.4594 19.1
      vertex 31.958 -37.192 17
      vertex 32.2628 -37.4594 17
    endloop
  endfacet
  facet normal 0.896928 0.442176 0
    outer loop
      vertex 37.014 -33.8137 19.1
      vertex 36.8347 -33.45 19.0399
      vertex 36.8347 -33.45 19.1
    endloop
  endfacet
  facet normal 0.896928 0.442176 0
    outer loop
      vertex 36.8347 -33.45 19.0399
      vertex 37.014 -33.8137 19.1
      vertex 37.014 -33.8137 18.9884
    endloop
  endfacet
  facet normal 0.997862 -0.0653568 0
    outer loop
      vertex 37.2235 -35.4046 19.1
      vertex 37.25 -35 18.8631
      vertex 37.25 -35 19.1
    endloop
  endfacet
  facet normal 0.997862 -0.0653568 0
    outer loop
      vertex 37.25 -35 18.8631
      vertex 37.2235 -35.4046 19.1
      vertex 37.2235 -35.4046 18.8335
    endloop
  endfacet
  facet normal 0.751594 -0.659626 0
    outer loop
      vertex 36.6094 -36.8872 19.1
      vertex 36.5886 -36.9109 18.7893
      vertex 36.6094 -36.8872 18.7886
    endloop
  endfacet
  facet normal 0.751721 -0.659482 -1.9527e-05
    outer loop
      vertex 36.342 -37.192 19.1
      vertex 36.5886 -36.9109 18.7893
      vertex 36.6094 -36.8872 19.1
    endloop
  endfacet
  facet normal 0.751758 -0.659439 4.84012e-05
    outer loop
      vertex 36.5886 -36.9109 18.7893
      vertex 36.342 -37.192 19.1
      vertex 36.5059 -37.0052 18.4841
    endloop
  endfacet
  facet normal 0.751745 -0.659454 4.07522e-05
    outer loop
      vertex 36.5059 -37.0052 18.4841
      vertex 36.342 -37.192 19.1
      vertex 36.3769 -37.1523 17.7357
    endloop
  endfacet
  facet normal 0.751351 -0.659903 1.76057e-05
    outer loop
      vertex 36.342 -37.192 19.1
      vertex 36.3654 -37.1654 17.4979
      vertex 36.3769 -37.1523 17.7357
    endloop
  endfacet
  facet normal 0.750825 -0.660501 0
    outer loop
      vertex 36.3654 -37.1654 17.4979
      vertex 36.342 -37.192 19.1
      vertex 36.342 -37.192 17.012
    endloop
  endfacet
  facet normal 0.442176 -0.896928 0
    outer loop
      vertex 35.3363 -37.864 17
      vertex 35.7 -37.6847 19.1
      vertex 35.3363 -37.864 19.1
    endloop
  endfacet
  facet normal 0.442176 -0.896928 0
    outer loop
      vertex 35.7 -37.6847 19.1
      vertex 35.3363 -37.864 17
      vertex 35.7 -37.6847 17
    endloop
  endfacet
  facet normal -0.195073 -0.980789 0
    outer loop
      vertex 33.3477 -37.9944 17
      vertex 33.7454 -38.0735 19.1
      vertex 33.3477 -37.9944 19.1
    endloop
  endfacet
  facet normal -0.195073 -0.980789 -0
    outer loop
      vertex 33.7454 -38.0735 19.1
      vertex 33.3477 -37.9944 17
      vertex 33.7454 -38.0735 17
    endloop
  endfacet
  facet normal -0.442176 0.896928 0
    outer loop
      vertex 32.9637 -32.136 17
      vertex 32.6 -32.3153 19.1
      vertex 32.9637 -32.136 19.1
    endloop
  endfacet
  facet normal -0.442176 0.896928 0
    outer loop
      vertex 32.6 -32.3153 19.1
      vertex 32.9637 -32.136 17
      vertex 32.6 -32.3153 17
    endloop
  endfacet
  facet normal -0.997862 0.0653568 0
    outer loop
      vertex 31.05 -35 17
      vertex 31.0765 -34.5954 19.1
      vertex 31.0765 -34.5954 17
    endloop
  endfacet
  facet normal -0.997862 0.0653568 0
    outer loop
      vertex 31.0765 -34.5954 19.1
      vertex 31.05 -35 17
      vertex 31.05 -35 19.1
    endloop
  endfacet
  facet normal -0.321549 0.946893 0
    outer loop
      vertex 33.3477 -32.0056 17
      vertex 32.9637 -32.136 19.1
      vertex 33.3477 -32.0056 19.1
    endloop
  endfacet
  facet normal -0.321549 0.946893 0
    outer loop
      vertex 32.9637 -32.136 19.1
      vertex 33.3477 -32.0056 17
      vertex 32.9637 -32.136 17
    endloop
  endfacet
  facet normal -0.555553 -0.831481 0
    outer loop
      vertex 32.2628 -37.4594 17
      vertex 32.6 -37.6847 19.1
      vertex 32.2628 -37.4594 19.1
    endloop
  endfacet
  facet normal -0.555553 -0.831481 -0
    outer loop
      vertex 32.6 -37.6847 19.1
      vertex 32.2628 -37.4594 17
      vertex 32.6 -37.6847 17
    endloop
  endfacet
  facet normal 0 0 -1
    outer loop
      vertex 35.7 -37.6847 17
      vertex 36.3414 -37.1926 17
      vertex 36.0372 -37.4594 17
    endloop
  endfacet
  facet normal 0 0 -1
    outer loop
      vertex 35.3363 -37.864 17
      vertex 36.3414 -37.1926 17
      vertex 35.7 -37.6847 17
    endloop
  endfacet
  facet normal 0 0 -1
    outer loop
      vertex 34.9523 -37.9944 17
      vertex 36.3414 -37.1926 17
      vertex 35.3363 -37.864 17
    endloop
  endfacet
  facet normal 0 0 -1
    outer loop
      vertex 34.5546 -38.0735 17
      vertex 36.3414 -37.1926 17
      vertex 34.9523 -37.9944 17
    endloop
  endfacet
  facet normal 0 0 -1
    outer loop
      vertex 34.5546 -38.0735 17
      vertex 34.2422 -31.906 17
      vertex 36.3414 -37.1926 17
    endloop
  endfacet
  facet normal 0 0 -1
    outer loop
      vertex 34.15 -38.1 17
      vertex 34.2422 -31.906 17
      vertex 34.5546 -38.0735 17
    endloop
  endfacet
  facet normal 0 0 -1
    outer loop
      vertex 33.7454 -38.0735 17
      vertex 34.2422 -31.906 17
      vertex 34.15 -38.1 17
    endloop
  endfacet
  facet normal 0 0 -1
    outer loop
      vertex 33.7454 -31.9265 17
      vertex 34.2422 -31.906 17
      vertex 33.7454 -38.0735 17
    endloop
  endfacet
  facet normal -0 0 -1
    outer loop
      vertex 34.2422 -31.906 17
      vertex 33.7454 -31.9265 17
      vertex 34.15 -31.9 17
    endloop
  endfacet
  facet normal 0 0 -1
    outer loop
      vertex 33.3477 -37.9944 17
      vertex 33.7454 -31.9265 17
      vertex 33.7454 -38.0735 17
    endloop
  endfacet
  facet normal 0 0 -1
    outer loop
      vertex 33.3477 -37.9944 17
      vertex 33.3477 -32.0056 17
      vertex 33.7454 -31.9265 17
    endloop
  endfacet
  facet normal 0 0 -1
    outer loop
      vertex 32.9637 -37.864 17
      vertex 33.3477 -32.0056 17
      vertex 33.3477 -37.9944 17
    endloop
  endfacet
  facet normal 0 0 -1
    outer loop
      vertex 32.9637 -37.864 17
      vertex 32.9637 -32.136 17
      vertex 33.3477 -32.0056 17
    endloop
  endfacet
  facet normal 0 0 -1
    outer loop
      vertex 32.6 -37.6847 17
      vertex 32.9637 -32.136 17
      vertex 32.9637 -37.864 17
    endloop
  endfacet
  facet normal 0 0 -1
    outer loop
      vertex 32.6 -37.6847 17
      vertex 32.6 -32.3153 17
      vertex 32.9637 -32.136 17
    endloop
  endfacet
  facet normal 0 0 -1
    outer loop
      vertex 32.2628 -37.4594 17
      vertex 32.6 -32.3153 17
      vertex 32.6 -37.6847 17
    endloop
  endfacet
  facet normal 0 0 -1
    outer loop
      vertex 32.2628 -37.4594 17
      vertex 32.2628 -32.5406 17
      vertex 32.6 -32.3153 17
    endloop
  endfacet
  facet normal 0 0 -1
    outer loop
      vertex 31.958 -37.192 17
      vertex 32.2628 -32.5406 17
      vertex 32.2628 -37.4594 17
    endloop
  endfacet
  facet normal 0 0 -1
    outer loop
      vertex 31.958 -37.192 17
      vertex 31.958 -32.808 17
      vertex 32.2628 -32.5406 17
    endloop
  endfacet
  facet normal 0 0 -1
    outer loop
      vertex 31.6906 -36.8872 17
      vertex 31.958 -32.808 17
      vertex 31.958 -37.192 17
    endloop
  endfacet
  facet normal 0 0 -1
    outer loop
      vertex 31.6906 -36.8872 17
      vertex 31.6906 -33.1128 17
      vertex 31.958 -32.808 17
    endloop
  endfacet
  facet normal 0 0 -1
    outer loop
      vertex 31.4653 -36.55 17
      vertex 31.6906 -33.1128 17
      vertex 31.6906 -36.8872 17
    endloop
  endfacet
  facet normal 0 0 -1
    outer loop
      vertex 31.4653 -36.55 17
      vertex 31.4653 -33.45 17
      vertex 31.6906 -33.1128 17
    endloop
  endfacet
  facet normal 0 0 -1
    outer loop
      vertex 31.286 -36.1863 17
      vertex 31.4653 -33.45 17
      vertex 31.4653 -36.55 17
    endloop
  endfacet
  facet normal 0 0 -1
    outer loop
      vertex 31.286 -36.1863 17
      vertex 31.286 -33.8137 17
      vertex 31.4653 -33.45 17
    endloop
  endfacet
  facet normal 0 0 -1
    outer loop
      vertex 31.1556 -35.8023 17
      vertex 31.286 -33.8137 17
      vertex 31.286 -36.1863 17
    endloop
  endfacet
  facet normal 0 0 -1
    outer loop
      vertex 31.1556 -35.8023 17
      vertex 31.1556 -34.1977 17
      vertex 31.286 -33.8137 17
    endloop
  endfacet
  facet normal 0 0 -1
    outer loop
      vertex 31.0765 -35.4046 17
      vertex 31.1556 -34.1977 17
      vertex 31.1556 -35.8023 17
    endloop
  endfacet
  facet normal 0 0 -1
    outer loop
      vertex 31.0765 -35.4046 17
      vertex 31.0765 -34.5954 17
      vertex 31.1556 -34.1977 17
    endloop
  endfacet
  facet normal 0 -0 -1
    outer loop
      vertex 31.0765 -34.5954 17
      vertex 31.0765 -35.4046 17
      vertex 31.05 -35 17
    endloop
  endfacet
  facet normal -0.831481 -0.555553 0
    outer loop
      vertex 31.6906 -36.8872 17
      vertex 31.4653 -36.55 19.1
      vertex 31.4653 -36.55 17
    endloop
  endfacet
  facet normal -0.831481 -0.555553 0
    outer loop
      vertex 31.4653 -36.55 19.1
      vertex 31.6906 -36.8872 17
      vertex 31.6906 -36.8872 19.1
    endloop
  endfacet
  facet normal 0.195073 -0.980789 0
    outer loop
      vertex 34.5546 -38.0735 17
      vertex 34.9523 -37.9944 19.1
      vertex 34.5546 -38.0735 19.1
    endloop
  endfacet
  facet normal 0.195073 -0.980789 0
    outer loop
      vertex 34.9523 -37.9944 19.1
      vertex 34.5546 -38.0735 17
      vertex 34.9523 -37.9944 17
    endloop
  endfacet
  facet normal -0.751721 0.659482 0
    outer loop
      vertex 31.6906 -33.1128 17
      vertex 31.958 -32.808 19.1
      vertex 31.958 -32.808 17
    endloop
  endfacet
  facet normal -0.751721 0.659482 0
    outer loop
      vertex 31.958 -32.808 19.1
      vertex 31.6906 -33.1128 17
      vertex 31.6906 -33.1128 19.1
    endloop
  endfacet
  facet normal -0.0653568 0.997862 0
    outer loop
      vertex 34.15 -31.9 17
      vertex 33.7454 -31.9265 19.1
      vertex 34.15 -31.9 19.1
    endloop
  endfacet
  facet normal -0.0653568 0.997862 0
    outer loop
      vertex 33.7454 -31.9265 19.1
      vertex 34.15 -31.9 17
      vertex 33.7454 -31.9265 17
    endloop
  endfacet
  facet normal -0.946893 0.321549 0
    outer loop
      vertex 31.1556 -34.1977 17
      vertex 31.286 -33.8137 19.1
      vertex 31.286 -33.8137 17
    endloop
  endfacet
  facet normal -0.946893 0.321549 0
    outer loop
      vertex 31.286 -33.8137 19.1
      vertex 31.1556 -34.1977 17
      vertex 31.1556 -34.1977 19.1
    endloop
  endfacet
  facet normal 0.750995 0.660308 0
    outer loop
      vertex 36.6094 -33.1128 19.1
      vertex 36.6094 -33.1128 19.095
      vertex 36.5861 -33.0863 19.1
    endloop
  endfacet
  facet normal 0.321549 -0.946893 0
    outer loop
      vertex 34.9523 -37.9944 17
      vertex 35.3363 -37.864 19.1
      vertex 34.9523 -37.9944 19.1
    endloop
  endfacet
  facet normal 0.321549 -0.946893 0
    outer loop
      vertex 35.3363 -37.864 19.1
      vertex 34.9523 -37.9944 17
      vertex 35.3363 -37.864 17
    endloop
  endfacet
  facet normal 0.659482 -0.751721 0
    outer loop
      vertex 36.0372 -37.4594 19.1
      vertex 36.342 -37.192 17.012
      vertex 36.342 -37.192 19.1
    endloop
  endfacet
  facet normal 0.659482 -0.751721 0
    outer loop
      vertex 36.0372 -37.4594 17
      vertex 36.342 -37.192 17.012
      vertex 36.0372 -37.4594 19.1
    endloop
  endfacet
  facet normal 0.659372 -0.751803 0.00462154
    outer loop
      vertex 36.342 -37.192 17.012
      vertex 36.0372 -37.4594 17
      vertex 36.3414 -37.1926 17
    endloop
  endfacet
  facet normal 0 0 1
    outer loop
      vertex 35.6524 -34.5 19.1
      vertex 37.25 -35 19.1
      vertex 37.2235 -34.5954 19.1
    endloop
  endfacet
  facet normal -0 0 1
    outer loop
      vertex 35.6524 -34.5 19.1
      vertex 37.2235 -34.5954 19.1
      vertex 37.1444 -34.1977 19.1
    endloop
  endfacet
  facet normal 0 0 1
    outer loop
      vertex 37.25 -35 19.1
      vertex 35.6524 -34.5 19.1
      vertex 37.2235 -35.4046 19.1
    endloop
  endfacet
  facet normal 0 0 1
    outer loop
      vertex 35.6524 -34.5 19.1
      vertex 37.1444 -34.1977 19.1
      vertex 37.014 -33.8137 19.1
    endloop
  endfacet
  facet normal 0 0 1
    outer loop
      vertex 37.2235 -35.4046 19.1
      vertex 35.6524 -34.5 19.1
      vertex 37.1444 -35.8023 19.1
    endloop
  endfacet
  facet normal 0 0 1
    outer loop
      vertex 35.6524 -34.5 19.1
      vertex 37.014 -33.8137 19.1
      vertex 36.8347 -33.45 19.1
    endloop
  endfacet
  facet normal 0 0 1
    outer loop
      vertex 37.1444 -35.8023 19.1
      vertex 35.6524 -34.5 19.1
      vertex 37.014 -36.1863 19.1
    endloop
  endfacet
  facet normal 0 0 1
    outer loop
      vertex 35.6524 -34.5 19.1
      vertex 36.8347 -33.45 19.1
      vertex 36.6094 -33.1128 19.1
    endloop
  endfacet
  facet normal 0 0 1
    outer loop
      vertex 37.014 -36.1863 19.1
      vertex 35.6524 -34.5 19.1
      vertex 36.8347 -36.55 19.1
    endloop
  endfacet
  facet normal 0 0 1
    outer loop
      vertex 35.6524 -34.5 19.1
      vertex 36.6094 -33.1128 19.1
      vertex 36.5861 -33.0863 19.1
    endloop
  endfacet
  facet normal 0 0 1
    outer loop
      vertex 36.8347 -36.55 19.1
      vertex 35.6524 -34.5 19.1
      vertex 36.6094 -36.8872 19.1
    endloop
  endfacet
  facet normal 0 0 1
    outer loop
      vertex 36.6094 -36.8872 19.1
      vertex 35.6524 -34.5 19.1
      vertex 36.342 -37.192 19.1
    endloop
  endfacet
  facet normal 0 0 1
    outer loop
      vertex 36.342 -37.192 19.1
      vertex 35.6524 -34.5 19.1
      vertex 36.0372 -37.4594 19.1
    endloop
  endfacet
  facet normal 0 0 1
    outer loop
      vertex 36.0372 -37.4594 19.1
      vertex 35.6524 -34.5 19.1
      vertex 35.7 -37.6847 19.1
    endloop
  endfacet
  facet normal 0 0 1
    outer loop
      vertex 35.6524 -34.5 19.1
      vertex 35.3363 -37.864 19.1
      vertex 35.7 -37.6847 19.1
    endloop
  endfacet
  facet normal -0 0 1
    outer loop
      vertex 31.1556 -34.1977 19.1
      vertex 35.6524 -34.5 19.1
      vertex 35.1056 -33.2595 19.1
    endloop
  endfacet
  facet normal 0 0 1
    outer loop
      vertex 35.6524 -34.5 19.1
      vertex 34.9523 -37.9944 19.1
      vertex 35.3363 -37.864 19.1
    endloop
  endfacet
  facet normal 0 0 1
    outer loop
      vertex 35.6524 -34.5 19.1
      vertex 34.5546 -38.0735 19.1
      vertex 34.9523 -37.9944 19.1
    endloop
  endfacet
  facet normal 0 0 1
    outer loop
      vertex 34.15 -31.9 19.1
      vertex 35.1056 -33.2595 19.1
      vertex 34.5516 -31.9263 19.1
    endloop
  endfacet
  facet normal -0 0 1
    outer loop
      vertex 33.7454 -31.9265 19.1
      vertex 35.1056 -33.2595 19.1
      vertex 34.15 -31.9 19.1
    endloop
  endfacet
  facet normal 0 0 1
    outer loop
      vertex 35.6524 -34.5 19.1
      vertex 34.15 -38.1 19.1
      vertex 34.5546 -38.0735 19.1
    endloop
  endfacet
  facet normal -0 0 1
    outer loop
      vertex 33.3477 -32.0056 19.1
      vertex 35.1056 -33.2595 19.1
      vertex 33.7454 -31.9265 19.1
    endloop
  endfacet
  facet normal 0 0 1
    outer loop
      vertex 35.6524 -34.5 19.1
      vertex 33.7454 -38.0735 19.1
      vertex 34.15 -38.1 19.1
    endloop
  endfacet
  facet normal -0 0 1
    outer loop
      vertex 32.9637 -32.136 19.1
      vertex 35.1056 -33.2595 19.1
      vertex 33.3477 -32.0056 19.1
    endloop
  endfacet
  facet normal 0 0 1
    outer loop
      vertex 35.6524 -34.5 19.1
      vertex 33.3477 -37.9944 19.1
      vertex 33.7454 -38.0735 19.1
    endloop
  endfacet
  facet normal -0 0 1
    outer loop
      vertex 32.6 -32.3153 19.1
      vertex 35.1056 -33.2595 19.1
      vertex 32.9637 -32.136 19.1
    endloop
  endfacet
  facet normal 0 0 1
    outer loop
      vertex 35.6524 -34.5 19.1
      vertex 32.9637 -37.864 19.1
      vertex 33.3477 -37.9944 19.1
    endloop
  endfacet
  facet normal -0 0 1
    outer loop
      vertex 32.2628 -32.5406 19.1
      vertex 35.1056 -33.2595 19.1
      vertex 32.6 -32.3153 19.1
    endloop
  endfacet
  facet normal 0 0 1
    outer loop
      vertex 35.6524 -34.5 19.1
      vertex 32.6 -37.6847 19.1
      vertex 32.9637 -37.864 19.1
    endloop
  endfacet
  facet normal -0 0 1
    outer loop
      vertex 31.958 -32.808 19.1
      vertex 35.1056 -33.2595 19.1
      vertex 32.2628 -32.5406 19.1
    endloop
  endfacet
  facet normal 0 0 1
    outer loop
      vertex 35.6524 -34.5 19.1
      vertex 32.2628 -37.4594 19.1
      vertex 32.6 -37.6847 19.1
    endloop
  endfacet
  facet normal -0 0 1
    outer loop
      vertex 31.6906 -33.1128 19.1
      vertex 35.1056 -33.2595 19.1
      vertex 31.958 -32.808 19.1
    endloop
  endfacet
  facet normal 0 0 1
    outer loop
      vertex 35.6524 -34.5 19.1
      vertex 31.958 -37.192 19.1
      vertex 32.2628 -37.4594 19.1
    endloop
  endfacet
  facet normal 0 0 1
    outer loop
      vertex 31.4653 -33.45 19.1
      vertex 35.1056 -33.2595 19.1
      vertex 31.6906 -33.1128 19.1
    endloop
  endfacet
  facet normal 0 0 1
    outer loop
      vertex 35.6524 -34.5 19.1
      vertex 31.6906 -36.8872 19.1
      vertex 31.958 -37.192 19.1
    endloop
  endfacet
  facet normal 0 0 1
    outer loop
      vertex 31.286 -33.8137 19.1
      vertex 35.1056 -33.2595 19.1
      vertex 31.4653 -33.45 19.1
    endloop
  endfacet
  facet normal 0 0 1
    outer loop
      vertex 35.6524 -34.5 19.1
      vertex 31.4653 -36.55 19.1
      vertex 31.6906 -36.8872 19.1
    endloop
  endfacet
  facet normal 0 0 1
    outer loop
      vertex 31.1556 -34.1977 19.1
      vertex 35.1056 -33.2595 19.1
      vertex 31.286 -33.8137 19.1
    endloop
  endfacet
  facet normal 0 0 1
    outer loop
      vertex 35.6524 -34.5 19.1
      vertex 31.286 -36.1863 19.1
      vertex 31.4653 -36.55 19.1
    endloop
  endfacet
  facet normal 0 0 1
    outer loop
      vertex 35.6524 -34.5 19.1
      vertex 31.1556 -34.1977 19.1
      vertex 31.0765 -34.5954 19.1
    endloop
  endfacet
  facet normal 0 0 1
    outer loop
      vertex 35.6524 -34.5 19.1
      vertex 31.1556 -35.8023 19.1
      vertex 31.286 -36.1863 19.1
    endloop
  endfacet
  facet normal 0 0 1
    outer loop
      vertex 35.6524 -34.5 19.1
      vertex 31.0765 -34.5954 19.1
      vertex 31.05 -35 19.1
    endloop
  endfacet
  facet normal 0 0 1
    outer loop
      vertex 35.6524 -34.5 19.1
      vertex 31.0765 -35.4046 19.1
      vertex 31.1556 -35.8023 19.1
    endloop
  endfacet
  facet normal 0 0 1
    outer loop
      vertex 35.6524 -34.5 19.1
      vertex 31.05 -35 19.1
      vertex 31.0765 -35.4046 19.1
    endloop
  endfacet
  facet normal -0.751721 -0.659482 0
    outer loop
      vertex 31.958 -37.192 17
      vertex 31.6906 -36.8872 19.1
      vertex 31.6906 -36.8872 17
    endloop
  endfacet
  facet normal -0.751721 -0.659482 0
    outer loop
      vertex 31.6906 -36.8872 19.1
      vertex 31.958 -37.192 17
      vertex 31.958 -37.192 19.1
    endloop
  endfacet
  facet normal -0.195073 0.980789 0
    outer loop
      vertex 33.7454 -31.9265 17
      vertex 33.3477 -32.0056 19.1
      vertex 33.7454 -31.9265 19.1
    endloop
  endfacet
  facet normal -0.195073 0.980789 0
    outer loop
      vertex 33.3477 -32.0056 19.1
      vertex 33.7454 -31.9265 17
      vertex 33.3477 -32.0056 17
    endloop
  endfacet
  facet normal -0.659482 0.751721 0
    outer loop
      vertex 32.2628 -32.5406 17
      vertex 31.958 -32.808 19.1
      vertex 32.2628 -32.5406 19.1
    endloop
  endfacet
  facet normal -0.659482 0.751721 0
    outer loop
      vertex 31.958 -32.808 19.1
      vertex 32.2628 -32.5406 17
      vertex 31.958 -32.808 17
    endloop
  endfacet
  facet normal 0.946893 0.321549 0
    outer loop
      vertex 37.1444 -34.1977 19.1
      vertex 37.014 -33.8137 18.9884
      vertex 37.014 -33.8137 19.1
    endloop
  endfacet
  facet normal 0.946893 0.321549 0
    outer loop
      vertex 37.014 -33.8137 18.9884
      vertex 37.1444 -34.1977 19.1
      vertex 37.1444 -34.1977 18.9412
    endloop
  endfacet
  facet normal -0.555553 0.831481 0
    outer loop
      vertex 32.6 -32.3153 17
      vertex 32.2628 -32.5406 19.1
      vertex 32.6 -32.3153 19.1
    endloop
  endfacet
  facet normal -0.555553 0.831481 0
    outer loop
      vertex 32.2628 -32.5406 19.1
      vertex 32.6 -32.3153 17
      vertex 32.2628 -32.5406 17
    endloop
  endfacet
  facet normal 0.980789 -0.195073 0
    outer loop
      vertex 37.1444 -35.8023 19.1
      vertex 37.2235 -35.4046 18.8335
      vertex 37.2235 -35.4046 19.1
    endloop
  endfacet
  facet normal 0.980789 -0.195073 0
    outer loop
      vertex 37.2235 -35.4046 18.8335
      vertex 37.1444 -35.8023 19.1
      vertex 37.1444 -35.8023 18.8109
    endloop
  endfacet
  facet normal 0.980789 0.195073 0
    outer loop
      vertex 37.2235 -34.5954 19.1
      vertex 37.1444 -34.1977 18.9412
      vertex 37.1444 -34.1977 19.1
    endloop
  endfacet
  facet normal 0.980789 0.195073 0
    outer loop
      vertex 37.1444 -34.1977 18.9412
      vertex 37.2235 -34.5954 19.1
      vertex 37.2235 -34.5954 18.8992
    endloop
  endfacet
  facet normal -0.0653568 -0.997862 0
    outer loop
      vertex 33.7454 -38.0735 17
      vertex 34.15 -38.1 19.1
      vertex 33.7454 -38.0735 19.1
    endloop
  endfacet
  facet normal -0.0653568 -0.997862 -0
    outer loop
      vertex 34.15 -38.1 19.1
      vertex 33.7454 -38.0735 17
      vertex 34.15 -38.1 17
    endloop
  endfacet
  facet normal 0.997862 0.0653568 0
    outer loop
      vertex 37.25 -35 19.1
      vertex 37.2235 -34.5954 18.8992
      vertex 37.2235 -34.5954 19.1
    endloop
  endfacet
  facet normal 0.997862 0.0653568 0
    outer loop
      vertex 37.2235 -34.5954 18.8992
      vertex 37.25 -35 19.1
      vertex 37.25 -35 18.8631
    endloop
  endfacet
  facet normal 0.831481 -0.555553 0
    outer loop
      vertex 36.6094 -36.8872 19.1
      vertex 36.8347 -36.55 18.7883
      vertex 36.8347 -36.55 19.1
    endloop
  endfacet
  facet normal 0.831481 -0.555553 0
    outer loop
      vertex 36.8347 -36.55 18.7883
      vertex 36.6094 -36.8872 19.1
      vertex 36.6094 -36.8872 18.7886
    endloop
  endfacet
  facet normal 0.0653568 -0.997862 0
    outer loop
      vertex 34.15 -38.1 17
      vertex 34.5546 -38.0735 19.1
      vertex 34.15 -38.1 19.1
    endloop
  endfacet
  facet normal 0.0653568 -0.997862 0
    outer loop
      vertex 34.5546 -38.0735 19.1
      vertex 34.15 -38.1 17
      vertex 34.5546 -38.0735 17
    endloop
  endfacet
  facet normal 0.831481 0.555553 0
    outer loop
      vertex 36.8347 -33.45 19.1
      vertex 36.6094 -33.1128 19.095
      vertex 36.6094 -33.1128 19.1
    endloop
  endfacet
  facet normal 0.831481 0.555553 0
    outer loop
      vertex 36.6094 -33.1128 19.095
      vertex 36.8347 -33.45 19.1
      vertex 36.8347 -33.45 19.0399
    endloop
  endfacet
  facet normal 0.0653481 0.997863 -2.65064e-05
    outer loop
      vertex 34.3329 -31.912 18.2629
      vertex 34.15 -31.9 19.1
      vertex 34.5516 -31.9263 19.1
    endloop
  endfacet
  facet normal 0.0649514 0.997888 -0.000113555
    outer loop
      vertex 34.3266 -31.9116 18.1745
      vertex 34.15 -31.9 19.1
      vertex 34.3329 -31.912 18.2629
    endloop
  endfacet
  facet normal 0.0649386 0.997889 9.14134e-05
    outer loop
      vertex 34.15 -31.9 17
      vertex 34.3266 -31.9116 18.1745
      vertex 34.2422 -31.906 17
    endloop
  endfacet
  facet normal 0.0655439 0.99785 0
    outer loop
      vertex 34.3266 -31.9116 18.1745
      vertex 34.15 -31.9 17
      vertex 34.15 -31.9 19.1
    endloop
  endfacet
  facet normal -0.442176 0.896928 0
    outer loop
      vertex 32.9637 37.864 17
      vertex 32.6 37.6847 19.1
      vertex 32.9637 37.864 19.1
    endloop
  endfacet
  facet normal -0.442176 0.896928 0
    outer loop
      vertex 32.6 37.6847 19.1
      vertex 32.9637 37.864 17
      vertex 32.6 37.6847 17
    endloop
  endfacet
  facet normal -0.980789 -0.195073 0
    outer loop
      vertex 31.1556 34.1977 17
      vertex 31.0765 34.5954 19.1
      vertex 31.0765 34.5954 17
    endloop
  endfacet
  facet normal -0.980789 -0.195073 0
    outer loop
      vertex 31.0765 34.5954 19.1
      vertex 31.1556 34.1977 17
      vertex 31.1556 34.1977 19.1
    endloop
  endfacet
  facet normal -0.997862 -0.0653568 0
    outer loop
      vertex 31.0765 34.5954 17
      vertex 31.05 35 19.1
      vertex 31.05 35 17
    endloop
  endfacet
  facet normal -0.997862 -0.0653568 0
    outer loop
      vertex 31.05 35 19.1
      vertex 31.0765 34.5954 17
      vertex 31.0765 34.5954 19.1
    endloop
  endfacet
  facet normal -0.946893 -0.321549 0
    outer loop
      vertex 31.286 33.8137 17
      vertex 31.1556 34.1977 19.1
      vertex 31.1556 34.1977 17
    endloop
  endfacet
  facet normal -0.946893 -0.321549 0
    outer loop
      vertex 31.1556 34.1977 19.1
      vertex 31.286 33.8137 17
      vertex 31.286 33.8137 19.1
    endloop
  endfacet
  facet normal -0.751721 0.659482 0
    outer loop
      vertex 31.6906 36.8872 17
      vertex 31.958 37.192 19.1
      vertex 31.958 37.192 17
    endloop
  endfacet
  facet normal -0.751721 0.659482 0
    outer loop
      vertex 31.958 37.192 19.1
      vertex 31.6906 36.8872 17
      vertex 31.6906 36.8872 19.1
    endloop
  endfacet
  facet normal -0.321873 -0.946783 0
    outer loop
      vertex 33.0793 32.0967 19.1
      vertex 32.9637 32.136 19.1
      vertex 32.9637 32.136 18.6015
    endloop
  endfacet
  facet normal -0.555553 -0.831481 0
    outer loop
      vertex 32.2628 32.5406 17
      vertex 32.6 32.3153 19.1
      vertex 32.2628 32.5406 19.1
    endloop
  endfacet
  facet normal -0.555553 -0.831481 -0
    outer loop
      vertex 32.6 32.3153 19.1
      vertex 32.2628 32.5406 17
      vertex 32.6 32.3153 17
    endloop
  endfacet
  facet normal -0.896928 0.442176 0
    outer loop
      vertex 31.286 36.1863 17
      vertex 31.4653 36.55 19.1
      vertex 31.4653 36.55 17
    endloop
  endfacet
  facet normal -0.896928 0.442176 0
    outer loop
      vertex 31.4653 36.55 19.1
      vertex 31.286 36.1863 17
      vertex 31.286 36.1863 19.1
    endloop
  endfacet
  facet normal -0.321549 0.946893 0
    outer loop
      vertex 33.3477 37.9944 17
      vertex 32.9637 37.864 19.1
      vertex 33.3477 37.9944 19.1
    endloop
  endfacet
  facet normal -0.321549 0.946893 0
    outer loop
      vertex 32.9637 37.864 19.1
      vertex 33.3477 37.9944 17
      vertex 32.9637 37.864 17
    endloop
  endfacet
  facet normal -0.896928 -0.442176 0
    outer loop
      vertex 31.4653 33.45 17
      vertex 31.286 33.8137 19.1
      vertex 31.286 33.8137 17
    endloop
  endfacet
  facet normal -0.896928 -0.442176 0
    outer loop
      vertex 31.286 33.8137 19.1
      vertex 31.4653 33.45 17
      vertex 31.4653 33.45 19.1
    endloop
  endfacet
  facet normal 0.0653568 0.997862 -0
    outer loop
      vertex 34.5546 38.0735 18.8599
      vertex 34.15 38.1 19.1
      vertex 34.5546 38.0735 19.1
    endloop
  endfacet
  facet normal 0.0651742 0.997874 -0.000308946
    outer loop
      vertex 34.5109 38.0763 18.6849
      vertex 34.15 38.1 19.1
      vertex 34.5546 38.0735 18.8599
    endloop
  endfacet
  facet normal 0.0656055 0.997846 6.76287e-05
    outer loop
      vertex 34.3458 38.0872 18.0187
      vertex 34.15 38.1 19.1
      vertex 34.5109 38.0763 18.6849
    endloop
  endfacet
  facet normal 0.0650963 0.997879 2.64957e-05
    outer loop
      vertex 34.15 38.1 17
      vertex 34.3458 38.0872 18.0187
      vertex 34.2757 38.0918 17
    endloop
  endfacet
  facet normal 0.0652336 0.99787 0
    outer loop
      vertex 34.3458 38.0872 18.0187
      vertex 34.15 38.1 17
      vertex 34.15 38.1 19.1
    endloop
  endfacet
  facet normal -0.946893 0.321549 0
    outer loop
      vertex 31.1556 35.8023 17
      vertex 31.286 36.1863 19.1
      vertex 31.286 36.1863 17
    endloop
  endfacet
  facet normal -0.946893 0.321549 0
    outer loop
      vertex 31.286 36.1863 19.1
      vertex 31.1556 35.8023 17
      vertex 31.1556 35.8023 19.1
    endloop
  endfacet
  facet normal 0.83205 0.5547 0
    outer loop
      vertex 36.6094 36.8872 19.1
      vertex 36.643 36.8368 18.9971
      vertex 36.6094 36.8872 19.001
    endloop
  endfacet
  facet normal 0.831895 0.554933 -0.00016503
    outer loop
      vertex 36.643 36.8368 18.9971
      vertex 36.6094 36.8872 19.1
      vertex 36.6643 36.8049 19.1
    endloop
  endfacet
  facet normal 0.659482 0.751721 0
    outer loop
      vertex 36.342 37.192 19.1
      vertex 36.0372 37.4594 19.0763
      vertex 36.0372 37.4594 19.1
    endloop
  endfacet
  facet normal 0.659482 0.751721 0
    outer loop
      vertex 36.0372 37.4594 19.0763
      vertex 36.342 37.192 19.1
      vertex 36.342 37.192 19.0351
    endloop
  endfacet
  facet normal -0.659482 0.751721 0
    outer loop
      vertex 32.2628 37.4594 17
      vertex 31.958 37.192 19.1
      vertex 32.2628 37.4594 19.1
    endloop
  endfacet
  facet normal -0.659482 0.751721 0
    outer loop
      vertex 31.958 37.192 19.1
      vertex 32.2628 37.4594 17
      vertex 31.958 37.192 17
    endloop
  endfacet
  facet normal -0.831481 -0.555553 0
    outer loop
      vertex 31.6906 33.1128 17
      vertex 31.4653 33.45 19.1
      vertex 31.4653 33.45 17
    endloop
  endfacet
  facet normal -0.831481 -0.555553 0
    outer loop
      vertex 31.4653 33.45 19.1
      vertex 31.6906 33.1128 17
      vertex 31.6906 33.1128 19.1
    endloop
  endfacet
  facet normal -0.195073 0.980789 0
    outer loop
      vertex 33.7454 38.0735 17
      vertex 33.3477 37.9944 19.1
      vertex 33.7454 38.0735 19.1
    endloop
  endfacet
  facet normal -0.195073 0.980789 0
    outer loop
      vertex 33.3477 37.9944 19.1
      vertex 33.7454 38.0735 17
      vertex 33.3477 37.9944 17
    endloop
  endfacet
  facet normal -0.659482 -0.751721 0
    outer loop
      vertex 31.958 32.808 17
      vertex 32.2628 32.5406 19.1
      vertex 31.958 32.808 19.1
    endloop
  endfacet
  facet normal -0.659482 -0.751721 -0
    outer loop
      vertex 32.2628 32.5406 19.1
      vertex 31.958 32.808 17
      vertex 32.2628 32.5406 17
    endloop
  endfacet
  facet normal -0.997862 0.0653568 0
    outer loop
      vertex 31.05 35 17
      vertex 31.0765 35.4046 19.1
      vertex 31.0765 35.4046 17
    endloop
  endfacet
  facet normal -0.997862 0.0653568 0
    outer loop
      vertex 31.0765 35.4046 19.1
      vertex 31.05 35 17
      vertex 31.05 35 19.1
    endloop
  endfacet
  facet normal -0.980789 0.195073 0
    outer loop
      vertex 31.0765 35.4046 17
      vertex 31.1556 35.8023 19.1
      vertex 31.1556 35.8023 17
    endloop
  endfacet
  facet normal -0.980789 0.195073 0
    outer loop
      vertex 31.1556 35.8023 19.1
      vertex 31.0765 35.4046 17
      vertex 31.0765 35.4046 19.1
    endloop
  endfacet
  facet normal -0.555553 0.831481 0
    outer loop
      vertex 32.6 37.6847 17
      vertex 32.2628 37.4594 19.1
      vertex 32.6 37.6847 19.1
    endloop
  endfacet
  facet normal -0.555553 0.831481 0
    outer loop
      vertex 32.2628 37.4594 19.1
      vertex 32.6 37.6847 17
      vertex 32.2628 37.4594 17
    endloop
  endfacet
  facet normal -0.751721 -0.659482 0
    outer loop
      vertex 31.958 32.808 17
      vertex 31.6906 33.1128 19.1
      vertex 31.6906 33.1128 17
    endloop
  endfacet
  facet normal -0.751721 -0.659482 0
    outer loop
      vertex 31.6906 33.1128 19.1
      vertex 31.958 32.808 17
      vertex 31.958 32.808 19.1
    endloop
  endfacet
  facet normal -0.442176 -0.896928 0
    outer loop
      vertex 32.6 32.3153 19.1
      vertex 32.9637 32.136 18.6015
      vertex 32.9637 32.136 19.1
    endloop
  endfacet
  facet normal -0.441907 -0.897061 0.000243966
    outer loop
      vertex 32.6 32.3153 19.1
      vertex 32.923 32.156 18.4196
      vertex 32.9637 32.136 18.6015
    endloop
  endfacet
  facet normal -0.44232 -0.896857 0
    outer loop
      vertex 32.6 32.3153 17
      vertex 32.923 32.156 18.4196
      vertex 32.6 32.3153 19.1
    endloop
  endfacet
  facet normal -0.442309 -0.896863 -3.0187e-06
    outer loop
      vertex 32.923 32.156 18.4196
      vertex 32.6 32.3153 17
      vertex 32.8344 32.1997 17
    endloop
  endfacet
  facet normal -0.831481 0.555553 0
    outer loop
      vertex 31.4653 36.55 17
      vertex 31.6906 36.8872 19.1
      vertex 31.6906 36.8872 17
    endloop
  endfacet
  facet normal -0.831481 0.555553 0
    outer loop
      vertex 31.6906 36.8872 19.1
      vertex 31.4653 36.55 17
      vertex 31.4653 36.55 19.1
    endloop
  endfacet
  facet normal 0.751721 0.659482 0
    outer loop
      vertex 36.6094 36.8872 19.1
      vertex 36.342 37.192 19.0351
      vertex 36.342 37.192 19.1
    endloop
  endfacet
  facet normal 0.751721 0.659482 0
    outer loop
      vertex 36.342 37.192 19.0351
      vertex 36.6094 36.8872 19.1
      vertex 36.6094 36.8872 19.001
    endloop
  endfacet
  facet normal 0.196116 0.980581 0
    outer loop
      vertex 34.5546 38.0735 19.1
      vertex 34.6126 38.0619 19.1
      vertex 34.5546 38.0735 18.8599
    endloop
  endfacet
  facet normal -0.0653568 0.997862 0
    outer loop
      vertex 34.15 38.1 17
      vertex 33.7454 38.0735 19.1
      vertex 34.15 38.1 19.1
    endloop
  endfacet
  facet normal -0.0653568 0.997862 0
    outer loop
      vertex 33.7454 38.0735 19.1
      vertex 34.15 38.1 17
      vertex 33.7454 38.0735 17
    endloop
  endfacet
  facet normal 0 0 1
    outer loop
      vertex 33.8043 34.9186 19.1
      vertex 34.5546 38.0735 19.1
      vertex 34.15 38.1 19.1
    endloop
  endfacet
  facet normal 0 0 1
    outer loop
      vertex 34.5546 38.0735 19.1
      vertex 33.8043 34.9186 19.1
      vertex 34.6126 38.0619 19.1
    endloop
  endfacet
  facet normal -0 0 1
    outer loop
      vertex 33.7454 38.0735 19.1
      vertex 33.8043 34.9186 19.1
      vertex 34.15 38.1 19.1
    endloop
  endfacet
  facet normal -0 0 1
    outer loop
      vertex 33.3477 37.9944 19.1
      vertex 33.8043 34.9186 19.1
      vertex 33.7454 38.0735 19.1
    endloop
  endfacet
  facet normal -0 0 1
    outer loop
      vertex 32.9637 37.864 19.1
      vertex 33.8043 34.9186 19.1
      vertex 33.3477 37.9944 19.1
    endloop
  endfacet
  facet normal -0 0 1
    outer loop
      vertex 32.6 37.6847 19.1
      vertex 33.8043 34.9186 19.1
      vertex 32.9637 37.864 19.1
    endloop
  endfacet
  facet normal -0 0 1
    outer loop
      vertex 32.2628 37.4594 19.1
      vertex 33.8043 34.9186 19.1
      vertex 32.6 37.6847 19.1
    endloop
  endfacet
  facet normal -0 0 1
    outer loop
      vertex 31.958 37.192 19.1
      vertex 33.8043 34.9186 19.1
      vertex 32.2628 37.4594 19.1
    endloop
  endfacet
  facet normal 0 0 1
    outer loop
      vertex 33.8043 34.9186 19.1
      vertex 32.9637 32.136 19.1
      vertex 33.0793 32.0967 19.1
    endloop
  endfacet
  facet normal 0 -0 1
    outer loop
      vertex 32.6 32.3153 19.1
      vertex 33.8043 34.9186 19.1
      vertex 32.2628 32.5406 19.1
    endloop
  endfacet
  facet normal 0 -0 1
    outer loop
      vertex 32.9637 32.136 19.1
      vertex 33.8043 34.9186 19.1
      vertex 32.6 32.3153 19.1
    endloop
  endfacet
  facet normal -0 0 1
    outer loop
      vertex 31.6906 36.8872 19.1
      vertex 33.8043 34.9186 19.1
      vertex 31.958 37.192 19.1
    endloop
  endfacet
  facet normal 0 0 1
    outer loop
      vertex 33.8043 34.9186 19.1
      vertex 31.958 32.808 19.1
      vertex 32.2628 32.5406 19.1
    endloop
  endfacet
  facet normal -0 0 1
    outer loop
      vertex 31.4653 36.55 19.1
      vertex 33.8043 34.9186 19.1
      vertex 31.6906 36.8872 19.1
    endloop
  endfacet
  facet normal 0 0 1
    outer loop
      vertex 33.8043 34.9186 19.1
      vertex 31.6906 33.1128 19.1
      vertex 31.958 32.808 19.1
    endloop
  endfacet
  facet normal -0 0 1
    outer loop
      vertex 31.286 36.1863 19.1
      vertex 33.8043 34.9186 19.1
      vertex 31.4653 36.55 19.1
    endloop
  endfacet
  facet normal 0 0 1
    outer loop
      vertex 33.8043 34.9186 19.1
      vertex 31.4653 33.45 19.1
      vertex 31.6906 33.1128 19.1
    endloop
  endfacet
  facet normal -0 0 1
    outer loop
      vertex 31.1556 35.8023 19.1
      vertex 33.8043 34.9186 19.1
      vertex 31.286 36.1863 19.1
    endloop
  endfacet
  facet normal 0 0 1
    outer loop
      vertex 33.8043 34.9186 19.1
      vertex 31.286 33.8137 19.1
      vertex 31.4653 33.45 19.1
    endloop
  endfacet
  facet normal -0 0 1
    outer loop
      vertex 31.0765 35.4046 19.1
      vertex 33.8043 34.9186 19.1
      vertex 31.1556 35.8023 19.1
    endloop
  endfacet
  facet normal 0 0 1
    outer loop
      vertex 33.8043 34.9186 19.1
      vertex 31.1556 34.1977 19.1
      vertex 31.286 33.8137 19.1
    endloop
  endfacet
  facet normal -0 0 1
    outer loop
      vertex 31.05 35 19.1
      vertex 33.8043 34.9186 19.1
      vertex 31.0765 35.4046 19.1
    endloop
  endfacet
  facet normal 0 0 1
    outer loop
      vertex 33.8043 34.9186 19.1
      vertex 31.0765 34.5954 19.1
      vertex 31.1556 34.1977 19.1
    endloop
  endfacet
  facet normal 0 0 1
    outer loop
      vertex 33.8043 34.9186 19.1
      vertex 31.05 35 19.1
      vertex 31.0765 34.5954 19.1
    endloop
  endfacet
  facet normal 0 0 1
    outer loop
      vertex 36.6094 36.8872 19.1
      vertex 36.3752 34.7781 19.1
      vertex 36.6643 36.8049 19.1
    endloop
  endfacet
  facet normal 0 0 1
    outer loop
      vertex 36.342 37.192 19.1
      vertex 36.3752 34.7781 19.1
      vertex 36.6094 36.8872 19.1
    endloop
  endfacet
  facet normal 0 0 1
    outer loop
      vertex 36.0372 37.4594 19.1
      vertex 36.3752 34.7781 19.1
      vertex 36.342 37.192 19.1
    endloop
  endfacet
  facet normal 0 0 1
    outer loop
      vertex 36.3752 34.7781 19.1
      vertex 36.0372 37.4594 19.1
      vertex 35.8693 37.5715 19.1
    endloop
  endfacet
  facet normal 0.555272 0.831669 0
    outer loop
      vertex 36.0372 37.4594 19.1
      vertex 36.0372 37.4594 19.0763
      vertex 35.8693 37.5715 19.1
    endloop
  endfacet
  facet normal -0 0 -1
    outer loop
      vertex 34.2757 38.0918 17
      vertex 33.7454 38.0735 17
      vertex 34.15 38.1 17
    endloop
  endfacet
  facet normal 0 0 -1
    outer loop
      vertex 34.2757 38.0918 17
      vertex 33.3477 37.9944 17
      vertex 33.7454 38.0735 17
    endloop
  endfacet
  facet normal 0 0 -1
    outer loop
      vertex 34.2757 38.0918 17
      vertex 32.9637 37.864 17
      vertex 33.3477 37.9944 17
    endloop
  endfacet
  facet normal 0 0 -1
    outer loop
      vertex 32.8344 32.1997 17
      vertex 32.9637 37.864 17
      vertex 34.2757 38.0918 17
    endloop
  endfacet
  facet normal 0 0 -1
    outer loop
      vertex 32.2628 32.5406 17
      vertex 32.8344 32.1997 17
      vertex 32.6 32.3153 17
    endloop
  endfacet
  facet normal 0 0 -1
    outer loop
      vertex 32.8344 32.1997 17
      vertex 32.6 37.6847 17
      vertex 32.9637 37.864 17
    endloop
  endfacet
  facet normal 0 0 -1
    outer loop
      vertex 32.8344 32.1997 17
      vertex 32.2628 32.5406 17
      vertex 32.6 37.6847 17
    endloop
  endfacet
  facet normal 0 0 -1
    outer loop
      vertex 32.2628 32.5406 17
      vertex 32.2628 37.4594 17
      vertex 32.6 37.6847 17
    endloop
  endfacet
  facet normal 0 0 -1
    outer loop
      vertex 31.958 32.808 17
      vertex 32.2628 37.4594 17
      vertex 32.2628 32.5406 17
    endloop
  endfacet
  facet normal 0 0 -1
    outer loop
      vertex 31.958 32.808 17
      vertex 31.958 37.192 17
      vertex 32.2628 37.4594 17
    endloop
  endfacet
  facet normal 0 0 -1
    outer loop
      vertex 31.6906 33.1128 17
      vertex 31.958 37.192 17
      vertex 31.958 32.808 17
    endloop
  endfacet
  facet normal 0 0 -1
    outer loop
      vertex 31.6906 33.1128 17
      vertex 31.6906 36.8872 17
      vertex 31.958 37.192 17
    endloop
  endfacet
  facet normal 0 0 -1
    outer loop
      vertex 31.4653 33.45 17
      vertex 31.6906 36.8872 17
      vertex 31.6906 33.1128 17
    endloop
  endfacet
  facet normal 0 0 -1
    outer loop
      vertex 31.4653 33.45 17
      vertex 31.4653 36.55 17
      vertex 31.6906 36.8872 17
    endloop
  endfacet
  facet normal 0 0 -1
    outer loop
      vertex 31.286 33.8137 17
      vertex 31.4653 36.55 17
      vertex 31.4653 33.45 17
    endloop
  endfacet
  facet normal 0 0 -1
    outer loop
      vertex 31.286 33.8137 17
      vertex 31.286 36.1863 17
      vertex 31.4653 36.55 17
    endloop
  endfacet
  facet normal 0 0 -1
    outer loop
      vertex 31.1556 34.1977 17
      vertex 31.286 36.1863 17
      vertex 31.286 33.8137 17
    endloop
  endfacet
  facet normal 0 0 -1
    outer loop
      vertex 31.1556 34.1977 17
      vertex 31.1556 35.8023 17
      vertex 31.286 36.1863 17
    endloop
  endfacet
  facet normal 0 0 -1
    outer loop
      vertex 31.0765 34.5954 17
      vertex 31.1556 35.8023 17
      vertex 31.1556 34.1977 17
    endloop
  endfacet
  facet normal 0 0 -1
    outer loop
      vertex 31.0765 34.5954 17
      vertex 31.0765 35.4046 17
      vertex 31.1556 35.8023 17
    endloop
  endfacet
  facet normal 0 -0 -1
    outer loop
      vertex 31.0765 35.4046 17
      vertex 31.0765 34.5954 17
      vertex 31.05 35 17
    endloop
  endfacet
  facet normal -0 0 1
    outer loop
      vertex 3 2 40
      vertex 6 -18 40
      vertex 6 2 40
    endloop
  endfacet
  facet normal 0 0 1
    outer loop
      vertex 6 -18 40
      vertex 3 2 40
      vertex 3 -18 40
    endloop
  endfacet
  facet normal 1 0 0
    outer loop
      vertex 6 2 40
      vertex 6 0 38
      vertex 6 2 35
    endloop
  endfacet
  facet normal 1 0 0
    outer loop
      vertex 6 2 40
      vertex 6 -16 38
      vertex 6 0 38
    endloop
  endfacet
  facet normal 1 -0 0
    outer loop
      vertex 6 -18 40
      vertex 6 -16 38
      vertex 6 2 40
    endloop
  endfacet
  facet normal 1 0 0
    outer loop
      vertex 6 -18 35
      vertex 6 -16 38
      vertex 6 -18 40
    endloop
  endfacet
  facet normal 1 0 0
    outer loop
      vertex 6 -16 38
      vertex 6 -18 35
      vertex 6 -16 35
    endloop
  endfacet
  facet normal 1 0 0
    outer loop
      vertex 6 2 35
      vertex 6 0 38
      vertex 6 0 35
    endloop
  endfacet
  facet normal 1 0 0
    outer loop
      vertex 6 -16 34.99
      vertex 6 -18 34.99
      vertex 6 -16 22
    endloop
  endfacet
  facet normal 1 0 0
    outer loop
      vertex 6 0 22
      vertex 6 2 34.99
      vertex 6 0 34.99
    endloop
  endfacet
  facet normal 1 0 0
    outer loop
      vertex 6 2 34.99
      vertex 6 0 22
      vertex 6 2 20
    endloop
  endfacet
  facet normal 1 -0 0
    outer loop
      vertex 6 -16 22
      vertex 6 2 20
      vertex 6 0 22
    endloop
  endfacet
  facet normal 1 0 0
    outer loop
      vertex 6 -16 22
      vertex 6 -18 20
      vertex 6 2 20
    endloop
  endfacet
  facet normal 1 0 0
    outer loop
      vertex 6 -18 20
      vertex 6 -16 22
      vertex 6 -18 34.99
    endloop
  endfacet
  facet normal 0 0 -1
    outer loop
      vertex 5.5 -18 20
      vertex 6 2 20
      vertex 6 -18 20
    endloop
  endfacet
  facet normal -0 0 -1
    outer loop
      vertex 6 2 20
      vertex 5.5 -18 20
      vertex 5.5 2 20
    endloop
  endfacet
  facet normal 0 -1 0
    outer loop
      vertex 3 -18 40
      vertex 3 -18 35
      vertex 6 -18 40
    endloop
  endfacet
  facet normal 0 0 0
    outer loop
      vertex 3 -18 33
      vertex 3 -18 35
      vertex 3 -18 40
    endloop
  endfacet
  facet normal 0 -1 -0
    outer loop
      vertex 6 -18 40
      vertex 3 -18 35
      vertex 6 -18 35
    endloop
  endfacet
  facet normal 0 -1 0
    outer loop
      vertex 5.5 -18 20
      vertex 6 -18 34.99
      vertex 5.5 -18 34.99
    endloop
  endfacet
  facet normal 0 -1 -0
    outer loop
      vertex 6 -18 34.99
      vertex 5.5 -18 20
      vertex 6 -18 20
    endloop
  endfacet
  facet normal 0 1 -0
    outer loop
      vertex 6 2 35
      vertex 3 2 40
      vertex 6 2 40
    endloop
  endfacet
  facet normal 0 1 0
    outer loop
      vertex 3 2 35
      vertex 3 2 40
      vertex 6 2 35
    endloop
  endfacet
  facet normal 0 -0 0
    outer loop
      vertex 3 2 35
      vertex 3 2 33
      vertex 3 2 40
    endloop
  endfacet
  facet normal 0 1 -0
    outer loop
      vertex 6 2 20
      vertex 5.5 2 34.99
      vertex 6 2 34.99
    endloop
  endfacet
  facet normal 0 1 0
    outer loop
      vertex 5.5 2 34.99
      vertex 6 2 20
      vertex 5.5 2 20
    endloop
  endfacet
  facet normal 0 0 -1
    outer loop
      vertex 3 -16 38
      vertex 6 0 38
      vertex 6 -16 38
    endloop
  endfacet
  facet normal -0 0 -1
    outer loop
      vertex 6 0 38
      vertex 3 -16 38
      vertex 3 0 38
    endloop
  endfacet
  facet normal -0 0 1
    outer loop
      vertex 5.5 0 22
      vertex 6 -16 22
      vertex 6 0 22
    endloop
  endfacet
  facet normal 0 0 1
    outer loop
      vertex 6 -16 22
      vertex 5.5 0 22
      vertex 5.5 -16 22
    endloop
  endfacet
  facet normal 0 1 -0
    outer loop
      vertex 6 -16 35
      vertex 3 -16 38
      vertex 6 -16 38
    endloop
  endfacet
  facet normal 0 1 0
    outer loop
      vertex 3 -16 35
      vertex 3 -16 38
      vertex 6 -16 35
    endloop
  endfacet
  facet normal 0 -0 0
    outer loop
      vertex 3 -16 35
      vertex 3 -16 33
      vertex 3 -16 38
    endloop
  endfacet
  facet normal 0 1 -0
    outer loop
      vertex 6 -16 22
      vertex 5.5 -16 34.99
      vertex 6 -16 34.99
    endloop
  endfacet
  facet normal 0 1 0
    outer loop
      vertex 5.5 -16 34.99
      vertex 6 -16 22
      vertex 5.5 -16 22
    endloop
  endfacet
  facet normal 0 -1 0
    outer loop
      vertex 3 0 38
      vertex 3 0 35
      vertex 6 0 38
    endloop
  endfacet
  facet normal 0 0 0
    outer loop
      vertex 3 0 33
      vertex 3 0 35
      vertex 3 0 38
    endloop
  endfacet
  facet normal 0 -1 -0
    outer loop
      vertex 6 0 38
      vertex 3 0 35
      vertex 6 0 35
    endloop
  endfacet
  facet normal 0 -1 0
    outer loop
      vertex 5.5 0 22
      vertex 6 0 34.99
      vertex 5.5 0 34.99
    endloop
  endfacet
  facet normal 0 -1 -0
    outer loop
      vertex 6 0 34.99
      vertex 5.5 0 22
      vertex 6 0 22
    endloop
  endfacet
  facet normal -0 0 1
    outer loop
      vertex 4.7 -1 37
      vertex 6 -15 37
      vertex 6 -1 37
    endloop
  endfacet
  facet normal 0 0 1
    outer loop
      vertex 6 -15 37
      vertex 4.7 -1 37
      vertex 4.7 -15 37
    endloop
  endfacet
  facet normal -1 0 0
    outer loop
      vertex 4.7 -15 35
      vertex 4.7 -1 37
      vertex 4.7 -1 35
    endloop
  endfacet
  facet normal -1 -0 0
    outer loop
      vertex 4.7 -1 37
      vertex 4.7 -15 35
      vertex 4.7 -15 37
    endloop
  endfacet
  facet normal 1 -0 0
    outer loop
      vertex 6 -15 37
      vertex 6 -1 35
      vertex 6 -1 37
    endloop
  endfacet
  facet normal 1 0 0
    outer loop
      vertex 6 -1 35
      vertex 6 -15 37
      vertex 6 -15 35
    endloop
  endfacet
  facet normal 1 -0 0
    outer loop
      vertex 6 -15 34.99
      vertex 6 -1 23
      vertex 6 -1 34.99
    endloop
  endfacet
  facet normal 1 0 0
    outer loop
      vertex 6 -1 23
      vertex 6 -15 34.99
      vertex 6 -15 23
    endloop
  endfacet
  facet normal 0 0 -1
    outer loop
      vertex 5.5 -15 23
      vertex 6 -1 23
      vertex 6 -15 23
    endloop
  endfacet
  facet normal -0 0 -1
    outer loop
      vertex 6 -1 23
      vertex 5.5 -15 23
      vertex 5.5 -1 23
    endloop
  endfacet
  facet normal 0 -1 0
    outer loop
      vertex 4.7 -15 35
      vertex 6 -15 37
      vertex 4.7 -15 37
    endloop
  endfacet
  facet normal 0 -1 -0
    outer loop
      vertex 6 -15 37
      vertex 4.7 -15 35
      vertex 6 -15 35
    endloop
  endfacet
  facet normal 0 -1 0
    outer loop
      vertex 5.5 -15 23
      vertex 6 -15 34.99
      vertex 5.5 -15 34.99
    endloop
  endfacet
  facet normal 0 -1 -0
    outer loop
      vertex 6 -15 34.99
      vertex 5.5 -15 23
      vertex 6 -15 23
    endloop
  endfacet
  facet normal 0 1 -0
    outer loop
      vertex 6 -1 35
      vertex 4.7 -1 37
      vertex 6 -1 37
    endloop
  endfacet
  facet normal 0 1 0
    outer loop
      vertex 4.7 -1 37
      vertex 6 -1 35
      vertex 4.7 -1 35
    endloop
  endfacet
  facet normal 0 1 -0
    outer loop
      vertex 6 -1 23
      vertex 5.5 -1 34.99
      vertex 6 -1 34.99
    endloop
  endfacet
  facet normal 0 1 0
    outer loop
      vertex 5.5 -1 34.99
      vertex 6 -1 23
      vertex 5.5 -1 23
    endloop
  endfacet
  facet normal 0 -1 0
    outer loop
      vertex 23.15 -60.65 29
      vertex 35.15 -60.65 41
      vertex 23.15 -60.65 41
    endloop
  endfacet
  facet normal 0 -1 -0
    outer loop
      vertex 35.15 -60.65 41
      vertex 23.15 -60.65 29
      vertex 35.15 -60.65 29
    endloop
  endfacet
  facet normal 1 -0 0
    outer loop
      vertex 35.15 -60.65 41
      vertex 35.15 -59.35 29
      vertex 35.15 -59.35 41
    endloop
  endfacet
  facet normal 1 0 0
    outer loop
      vertex 35.15 -59.35 29
      vertex 35.15 -60.65 41
      vertex 35.15 -60.65 29
    endloop
  endfacet
  facet normal -0 0 1
    outer loop
      vertex 23.15 -59.35 41
      vertex 35.15 -60.65 41
      vertex 35.15 -59.35 41
    endloop
  endfacet
  facet normal 0 0 1
    outer loop
      vertex 35.15 -60.65 41
      vertex 23.15 -59.35 41
      vertex 23.15 -60.65 41
    endloop
  endfacet
  facet normal 0 1 -0
    outer loop
      vertex 35.15 -59.35 29
      vertex 23.15 -59.35 41
      vertex 35.15 -59.35 41
    endloop
  endfacet
  facet normal 0 1 0
    outer loop
      vertex 23.15 -59.35 41
      vertex 35.15 -59.35 29
      vertex 23.15 -59.35 29
    endloop
  endfacet
  facet normal 0 0 -1
    outer loop
      vertex 23.15 -60.65 29
      vertex 35.15 -59.35 29
      vertex 35.15 -60.65 29
    endloop
  endfacet
  facet normal -0 0 -1
    outer loop
      vertex 35.15 -59.35 29
      vertex 23.15 -60.65 29
      vertex 23.15 -59.35 29
    endloop
  endfacet
  facet normal -1 0 0
    outer loop
      vertex 23.15 -60.65 29
      vertex 23.15 -59.35 41
      vertex 23.15 -59.35 29
    endloop
  endfacet
  facet normal -1 -0 0
    outer loop
      vertex 23.15 -59.35 41
      vertex 23.15 -60.65 29
      vertex 23.15 -60.65 41
    endloop
  endfacet
  facet normal -1 0 0
    outer loop
      vertex 23.15 -58.5 26.85
      vertex 23.15 -55 28.15
      vertex 23.15 -55 26.85
    endloop
  endfacet
  facet normal -1 -0 0
    outer loop
      vertex 23.15 -55 28.15
      vertex 23.15 -58.5 26.85
      vertex 23.15 -58.5 28.15
    endloop
  endfacet
  facet normal -1 0 0
    outer loop
      vertex 23.15 -52.5 26.85
      vertex 23.15 -46.5 28.15
      vertex 23.15 -46.5 26.85
    endloop
  endfacet
  facet normal -1 -0 0
    outer loop
      vertex 23.15 -46.5 28.15
      vertex 23.15 -52.5 26.85
      vertex 23.15 -52.5 28.15
    endloop
  endfacet
  facet normal 0 0 -1
    outer loop
      vertex 23.15 -58.5 26.85
      vertex 35.15 -55 26.85
      vertex 35.15 -58.5 26.85
    endloop
  endfacet
  facet normal -0 0 -1
    outer loop
      vertex 35.15 -55 26.85
      vertex 23.15 -58.5 26.85
      vertex 23.15 -55 26.85
    endloop
  endfacet
  facet normal 0 0 -1
    outer loop
      vertex 23.15 -52.5 26.85
      vertex 35.15 -46.5 26.85
      vertex 35.15 -52.5 26.85
    endloop
  endfacet
  facet normal -0 0 -1
    outer loop
      vertex 35.15 -46.5 26.85
      vertex 23.15 -52.5 26.85
      vertex 23.15 -46.5 26.85
    endloop
  endfacet
  facet normal -0 0 1
    outer loop
      vertex 23.15 -55 28.15
      vertex 35.15 -58.5 28.15
      vertex 35.15 -55 28.15
    endloop
  endfacet
  facet normal 0 0 1
    outer loop
      vertex 35.15 -58.5 28.15
      vertex 23.15 -55 28.15
      vertex 23.15 -58.5 28.15
    endloop
  endfacet
  facet normal -0 0 1
    outer loop
      vertex 23.15 -46.5 28.15
      vertex 35.15 -52.5 28.15
      vertex 35.15 -46.5 28.15
    endloop
  endfacet
  facet normal 0 0 1
    outer loop
      vertex 35.15 -52.5 28.15
      vertex 23.15 -46.5 28.15
      vertex 23.15 -52.5 28.15
    endloop
  endfacet
  facet normal 1 -0 0
    outer loop
      vertex 35.15 -58.5 28.15
      vertex 35.15 -55 26.85
      vertex 35.15 -55 28.15
    endloop
  endfacet
  facet normal 1 0 0
    outer loop
      vertex 35.15 -55 26.85
      vertex 35.15 -58.5 28.15
      vertex 35.15 -58.5 26.85
    endloop
  endfacet
  facet normal 1 -0 0
    outer loop
      vertex 35.15 -52.5 28.15
      vertex 35.15 -46.5 26.85
      vertex 35.15 -46.5 28.15
    endloop
  endfacet
  facet normal 1 0 0
    outer loop
      vertex 35.15 -46.5 26.85
      vertex 35.15 -52.5 28.15
      vertex 35.15 -52.5 26.85
    endloop
  endfacet
  facet normal 0 -1 0
    outer loop
      vertex 23.15 -58.5 26.85
      vertex 35.15 -58.5 28.15
      vertex 23.15 -58.5 28.15
    endloop
  endfacet
  facet normal 0 -1 -0
    outer loop
      vertex 35.15 -58.5 28.15
      vertex 23.15 -58.5 26.85
      vertex 35.15 -58.5 26.85
    endloop
  endfacet
  facet normal 0 1 -0
    outer loop
      vertex 35.15 -46.5 26.85
      vertex 23.15 -46.5 28.15
      vertex 35.15 -46.5 28.15
    endloop
  endfacet
  facet normal 0 1 0
    outer loop
      vertex 23.15 -46.5 28.15
      vertex 35.15 -46.5 26.85
      vertex 23.15 -46.5 26.85
    endloop
  endfacet
  facet normal -0 0 1
    outer loop
      vertex 23.15 -46.5 43.15
      vertex 35.15 -58.5 43.15
      vertex 35.15 -46.5 43.15
    endloop
  endfacet
  facet normal 0 0 1
    outer loop
      vertex 35.15 -58.5 43.15
      vertex 23.15 -46.5 43.15
      vertex 23.15 -58.5 43.15
    endloop
  endfacet
  facet normal 1 -0 0
    outer loop
      vertex 35.15 -58.5 43.15
      vertex 35.15 -46.5 41.85
      vertex 35.15 -46.5 43.15
    endloop
  endfacet
  facet normal 1 0 0
    outer loop
      vertex 35.15 -46.5 41.85
      vertex 35.15 -58.5 43.15
      vertex 35.15 -58.5 41.85
    endloop
  endfacet
  facet normal 0 0 -1
    outer loop
      vertex 23.15 -58.5 41.85
      vertex 35.15 -46.5 41.85
      vertex 35.15 -58.5 41.85
    endloop
  endfacet
  facet normal -0 0 -1
    outer loop
      vertex 35.15 -46.5 41.85
      vertex 23.15 -58.5 41.85
      vertex 23.15 -46.5 41.85
    endloop
  endfacet
  facet normal 0 -1 0
    outer loop
      vertex 23.15 -58.5 41.85
      vertex 35.15 -58.5 43.15
      vertex 23.15 -58.5 43.15
    endloop
  endfacet
  facet normal 0 -1 -0
    outer loop
      vertex 35.15 -58.5 43.15
      vertex 23.15 -58.5 41.85
      vertex 35.15 -58.5 41.85
    endloop
  endfacet
  facet normal 0 1 -0
    outer loop
      vertex 35.15 -46.5 41.85
      vertex 23.15 -46.5 43.15
      vertex 35.15 -46.5 43.15
    endloop
  endfacet
  facet normal 0 1 0
    outer loop
      vertex 23.15 -46.5 43.15
      vertex 35.15 -46.5 41.85
      vertex 23.15 -46.5 41.85
    endloop
  endfacet
  facet normal -1 0 0
    outer loop
      vertex 23.15 -58.5 41.85
      vertex 23.15 -46.5 43.15
      vertex 23.15 -46.5 41.85
    endloop
  endfacet
  facet normal -1 -0 0
    outer loop
      vertex 23.15 -46.5 43.15
      vertex 23.15 -58.5 41.85
      vertex 23.15 -58.5 43.15
    endloop
  endfacet
  facet normal -0 0 1
    outer loop
      vertex 36 -46.5 41
      vertex 37.3 -58.5 41
      vertex 37.3 -46.5 41
    endloop
  endfacet
  facet normal 0 0 1
    outer loop
      vertex 37.3 -58.5 41
      vertex 36 -46.5 41
      vertex 36 -58.5 41
    endloop
  endfacet
  facet normal -1 0 0
    outer loop
      vertex 36 -55 29
      vertex 36 -58.5 29
      vertex 36 -55 33
    endloop
  endfacet
  facet normal -1 0 0
    outer loop
      vertex 36 -52.5 33
      vertex 36 -46.5 29
      vertex 36 -52.5 29
    endloop
  endfacet
  facet normal -1 0 0
    outer loop
      vertex 36 -46.5 29
      vertex 36 -52.5 33
      vertex 36 -46.5 41
    endloop
  endfacet
  facet normal -1 0 0
    outer loop
      vertex 36 -58.5 41
      vertex 36 -52.5 33
      vertex 36 -55 33
    endloop
  endfacet
  facet normal -1 0 0
    outer loop
      vertex 36 -52.5 33
      vertex 36 -58.5 41
      vertex 36 -46.5 41
    endloop
  endfacet
  facet normal -1 0 0
    outer loop
      vertex 36 -58.5 41
      vertex 36 -55 33
      vertex 36 -58.5 29
    endloop
  endfacet
  facet normal 1 0 0
    outer loop
      vertex 37.3 -46.5 41
      vertex 37.3 -52.5 33
      vertex 37.3 -46.5 29
    endloop
  endfacet
  facet normal 1 -0 0
    outer loop
      vertex 37.3 -58.5 41
      vertex 37.3 -52.5 33
      vertex 37.3 -46.5 41
    endloop
  endfacet
  facet normal 1 0 0
    outer loop
      vertex 37.3 -52.5 33
      vertex 37.3 -58.5 41
      vertex 37.3 -55 33
    endloop
  endfacet
  facet normal 1 0 0
    outer loop
      vertex 37.3 -58.5 29
      vertex 37.3 -55 33
      vertex 37.3 -58.5 41
    endloop
  endfacet
  facet normal 1 0 0
    outer loop
      vertex 37.3 -55 33
      vertex 37.3 -58.5 29
      vertex 37.3 -55 29
    endloop
  endfacet
  facet normal 1 0 0
    outer loop
      vertex 37.3 -46.5 29
      vertex 37.3 -52.5 33
      vertex 37.3 -52.5 29
    endloop
  endfacet
  facet normal 0 0 -1
    outer loop
      vertex 36 -58.5 29
      vertex 37.3 -55 29
      vertex 37.3 -58.5 29
    endloop
  endfacet
  facet normal -0 0 -1
    outer loop
      vertex 37.3 -55 29
      vertex 36 -58.5 29
      vertex 36 -55 29
    endloop
  endfacet
  facet normal 0 0 -1
    outer loop
      vertex 36 -52.5 29
      vertex 37.3 -46.5 29
      vertex 37.3 -52.5 29
    endloop
  endfacet
  facet normal -0 0 -1
    outer loop
      vertex 37.3 -46.5 29
      vertex 36 -52.5 29
      vertex 36 -46.5 29
    endloop
  endfacet
  facet normal 0 -1 0
    outer loop
      vertex 36 -58.5 29
      vertex 37.3 -58.5 41
      vertex 36 -58.5 41
    endloop
  endfacet
  facet normal 0 -1 -0
    outer loop
      vertex 37.3 -58.5 41
      vertex 36 -58.5 29
      vertex 37.3 -58.5 29
    endloop
  endfacet
  facet normal 0 1 -0
    outer loop
      vertex 37.3 -46.5 29
      vertex 36 -46.5 41
      vertex 37.3 -46.5 41
    endloop
  endfacet
  facet normal 0 1 0
    outer loop
      vertex 36 -46.5 41
      vertex 37.3 -46.5 29
      vertex 36 -46.5 29
    endloop
  endfacet
  facet normal -1 0 0
    outer loop
      vertex 2.5 42 45
      vertex 2.5 45 37
      vertex 2.5 42 37
    endloop
  endfacet
  facet normal -1 0 0
    outer loop
      vertex 2.5 45 37
      vertex 2.5 42 45
      vertex 2.5 45 48
    endloop
  endfacet
  facet normal -1 0 0
    outer loop
      vertex 2.5 42 45
      vertex 2.5 41.0356 48
      vertex 2.5 45 48
    endloop
  endfacet
  facet normal -1 0 0
    outer loop
      vertex 2.5 38.5 45.4644
      vertex 2.5 42 45
      vertex 2.5 38.5 45
    endloop
  endfacet
  facet normal -1 0 0
    outer loop
      vertex 2.5 42 45
      vertex 2.5 38.5 45.4644
      vertex 2.5 41.0356 48
    endloop
  endfacet
  facet normal 0 0 -1
    outer loop
      vertex 3.9 42 37
      vertex 5.5 28 37
      vertex 3.9 28 37
    endloop
  endfacet
  facet normal 0 0 -1
    outer loop
      vertex 17.2746 44.1083 37
      vertex 21.5 45 37
      vertex 21.5 44.7007 37
    endloop
  endfacet
  facet normal 0 0 -1
    outer loop
      vertex 16.5602 44.0082 37
      vertex 21.5 45 37
      vertex 17.2746 44.1083 37
    endloop
  endfacet
  facet normal 0 0 -1
    outer loop
      vertex 2.5 45 37
      vertex 16.5602 44.0082 37
      vertex 5.5 44.0082 37
    endloop
  endfacet
  facet normal 0 0 -1
    outer loop
      vertex 5.5 28 37
      vertex 3.9 42 37
      vertex 5.5 44.0082 37
    endloop
  endfacet
  facet normal 0 0 -1
    outer loop
      vertex 2.5 45 37
      vertex 3.9 42 37
      vertex 2.5 42 37
    endloop
  endfacet
  facet normal 0 0 -1
    outer loop
      vertex 16.5602 44.0082 37
      vertex 2.5 45 37
      vertex 21.5 45 37
    endloop
  endfacet
  facet normal 0 0 -1
    outer loop
      vertex 3.9 42 37
      vertex 2.5 45 37
      vertex 5.5 44.0082 37
    endloop
  endfacet
  facet normal 0 0 1
    outer loop
      vertex 21.5 45 48
      vertex 5.5 41.0356 48
      vertex 21.5 41.0356 48
    endloop
  endfacet
  facet normal 0 0 1
    outer loop
      vertex 5.5 41.0356 48
      vertex 3.9 41.0356 48
      vertex 5.5 28 48
    endloop
  endfacet
  facet normal -0 0 1
    outer loop
      vertex 2.5 45 48
      vertex 5.5 41.0356 48
      vertex 21.5 45 48
    endloop
  endfacet
  facet normal 0 0 1
    outer loop
      vertex 5.5 41.0356 48
      vertex 2.5 45 48
      vertex 3.9 41.0356 48
    endloop
  endfacet
  facet normal 0 0 1
    outer loop
      vertex 3.9 41.0356 48
      vertex 2.5 45 48
      vertex 2.5 41.0356 48
    endloop
  endfacet
  facet normal 0 0 1
    outer loop
      vertex 5.5 28 48
      vertex 3.9 41.0356 48
      vertex 3.9 28 48
    endloop
  endfacet
  facet normal 1 -0 0
    outer loop
      vertex 21.5 44.6666 40.4791
      vertex 21.5 45 37
      vertex 21.5 45 48
    endloop
  endfacet
  facet normal 1 0 0
    outer loop
      vertex 21.5 45 37
      vertex 21.5 44.6699 40.1411
      vertex 21.5 44.7007 37
    endloop
  endfacet
  facet normal 1 0 0
    outer loop
      vertex 21.5 45 37
      vertex 21.5 44.6669 40.45
      vertex 21.5 44.6699 40.1411
    endloop
  endfacet
  facet normal 1 0 0
    outer loop
      vertex 21.5 45 37
      vertex 21.5 44.6666 40.4791
      vertex 21.5 44.6669 40.45
    endloop
  endfacet
  facet normal 1 0 0
    outer loop
      vertex 21.5 45 48
      vertex 21.5 42 45
      vertex 21.5 44.6666 40.4791
    endloop
  endfacet
  facet normal 1 -0 0
    outer loop
      vertex 21.5 41.0356 48
      vertex 21.5 42 45
      vertex 21.5 45 48
    endloop
  endfacet
  facet normal 1 -0 0
    outer loop
      vertex 21.5 38.5 45.4644
      vertex 21.5 42 45
      vertex 21.5 41.0356 48
    endloop
  endfacet
  facet normal 1 0 0
    outer loop
      vertex 21.5 42 45
      vertex 21.5 38.5 45.4644
      vertex 21.5 38.5 45
    endloop
  endfacet
  facet normal 1 0 0
    outer loop
      vertex 21.5 44.6666 40.4791
      vertex 21.5 42 45
      vertex 21.5 42 40.5344
    endloop
  endfacet
  facet normal 0 1 -0
    outer loop
      vertex 21.5 45 37
      vertex 2.5 45 48
      vertex 21.5 45 48
    endloop
  endfacet
  facet normal 0 1 0
    outer loop
      vertex 2.5 45 48
      vertex 21.5 45 37
      vertex 2.5 45 37
    endloop
  endfacet
  facet normal 0 -1 0
    outer loop
      vertex 2.5 42 37
      vertex 3.9 42 45
      vertex 2.5 42 45
    endloop
  endfacet
  facet normal 0 -1 -0
    outer loop
      vertex 3.9 42 45
      vertex 2.5 42 37
      vertex 3.9 42 37
    endloop
  endfacet
  facet normal 0 -1 0
    outer loop
      vertex 5.5 42 45
      vertex 17.3374 42 41.4409
      vertex 21.5 42 45
    endloop
  endfacet
  facet normal 0 -1 0
    outer loop
      vertex 5.5 42 45
      vertex 14.7483 42 39.5788
      vertex 17.3374 42 41.4409
    endloop
  endfacet
  facet normal 0 -1 0
    outer loop
      vertex 5.5 42 45
      vertex 14.4761 42 39.3831
      vertex 14.7483 42 39.5788
    endloop
  endfacet
  facet normal 0 -1 0
    outer loop
      vertex 5.5 42 39.0082
      vertex 14.4761 42 39.3831
      vertex 5.5 42 45
    endloop
  endfacet
  facet normal 0 -1 0
    outer loop
      vertex 14.4761 42 39.3831
      vertex 5.5 42 39.0082
      vertex 14.4155 42 39.1082
    endloop
  endfacet
  facet normal 0 -1 0
    outer loop
      vertex 14.4155 42 39.1082
      vertex 5.5 42 39.0082
      vertex 14.3934 42 39.0082
    endloop
  endfacet
  facet normal 0 -1 -0
    outer loop
      vertex 21.5 42 45
      vertex 17.3374 42 41.4409
      vertex 21.5 42 40.5344
    endloop
  endfacet
  facet normal 0 -0.707107 -0.707107
    outer loop
      vertex 5.5 42 39.0082
      vertex 13.8058 43.6182 37.39
      vertex 14.3934 42 39.0082
    endloop
  endfacet
  facet normal 0 -0.707107 -0.707107
    outer loop
      vertex 5.5 44.0082 37
      vertex 13.8058 43.6182 37.39
      vertex 5.5 42 39.0082
    endloop
  endfacet
  facet normal -5.29639e-15 -0.707107 -0.707107
    outer loop
      vertex 5.5 44.0082 37
      vertex 14.0425 43.6517 37.3565
      vertex 13.8058 43.6182 37.39
    endloop
  endfacet
  facet normal -4.53099e-16 -0.707107 -0.707107
    outer loop
      vertex 5.5 44.0082 37
      vertex 14.2084 43.6752 37.333
      vertex 14.0425 43.6517 37.3565
    endloop
  endfacet
  facet normal 0 -0.707107 -0.707107
    outer loop
      vertex 14.2084 43.6752 37.333
      vertex 5.5 44.0082 37
      vertex 16.5602 44.0082 37
    endloop
  endfacet
  facet normal 1 0 0
    outer loop
      vertex 5.5 38.5 45.4644
      vertex 5.5 28 48
      vertex 5.5 38.5 45
    endloop
  endfacet
  facet normal 1 -0 0
    outer loop
      vertex 5.5 28 48
      vertex 5.5 38.5 45.4644
      vertex 5.5 41.0356 48
    endloop
  endfacet
  facet normal 1 0 0
    outer loop
      vertex 5.5 42 45
      vertex 5.5 38.5 45
      vertex 5.5 42 39.0082
    endloop
  endfacet
  facet normal 1 0 0
    outer loop
      vertex 5.5 28 37
      vertex 5.5 38.5 45
      vertex 5.5 28 48
    endloop
  endfacet
  facet normal 1 0 0
    outer loop
      vertex 5.5 38.5 45
      vertex 5.5 28 37
      vertex 5.5 42 39.0082
    endloop
  endfacet
  facet normal 1 0 0
    outer loop
      vertex 5.5 42 39.0082
      vertex 5.5 28 37
      vertex 5.5 44.0082 37
    endloop
  endfacet
  facet normal -1 0 0
    outer loop
      vertex 15.5 26 34.99
      vertex 15.5 28.9333 34.0875
      vertex 15.5 28.8899 34
    endloop
  endfacet
  facet normal -1 0 0
    outer loop
      vertex 15.5 26 34.99
      vertex 15.5 28.8899 34
      vertex 15.5 26 34
    endloop
  endfacet
  facet normal -1 0 0
    outer loop
      vertex 15.5 28.9333 34.0875
      vertex 15.5 26 34.99
      vertex 15.5 29.3813 34.99
    endloop
  endfacet
  facet normal -1 0 0
    outer loop
      vertex 15.5 26 37
      vertex 15.5 29.3862 35
      vertex 15.5 26 35
    endloop
  endfacet
  facet normal -1 0 0
    outer loop
      vertex 15.5 29.3862 35
      vertex 15.5 26 37
      vertex 15.5 30.0335 36.3041
    endloop
  endfacet
  facet normal -1 0 0
    outer loop
      vertex 15.5 30.0335 36.3041
      vertex 15.5 26 37
      vertex 15.5 31.1126 37
    endloop
  endfacet
  facet normal 0 0 -1
    outer loop
      vertex 15.9071 26 34
      vertex 15.5 26 34
      vertex 15.5 28.8899 34
    endloop
  endfacet
  facet normal 0 0 1
    outer loop
      vertex 15.6613 29.9794 37
      vertex 15.5 26 37
      vertex 16.2278 26 37
    endloop
  endfacet
  facet normal 0 0 1
    outer loop
      vertex 15.5 26 37
      vertex 15.6613 29.9794 37
      vertex 15.5 31.1126 37
    endloop
  endfacet
  facet normal 0 -1 0
    outer loop
      vertex 15.9071 26 34
      vertex 15.5 26 34.99
      vertex 15.5 26 34
    endloop
  endfacet
  facet normal 0 -1 0
    outer loop
      vertex 15.5 26 34.99
      vertex 15.9071 26 34
      vertex 15.9764 26 34.99
    endloop
  endfacet
  facet normal 0 -1 0
    outer loop
      vertex 15.5 26 37
      vertex 16.0738 26 36.3021
      vertex 16.2278 26 37
    endloop
  endfacet
  facet normal 0 -1 0
    outer loop
      vertex 15.5 26 37
      vertex 16.0655 26 36.2646
      vertex 16.0738 26 36.3021
    endloop
  endfacet
  facet normal 0 -1 0
    outer loop
      vertex 15.5 26 37
      vertex 16.0544 26 36.1065
      vertex 16.0655 26 36.2646
    endloop
  endfacet
  facet normal 0 -1 0
    outer loop
      vertex 15.5 26 35
      vertex 16.0544 26 36.1065
      vertex 15.5 26 37
    endloop
  endfacet
  facet normal 0 -1 0
    outer loop
      vertex 16.0544 26 36.1065
      vertex 15.5 26 35
      vertex 15.9771 26 35
    endloop
  endfacet
  facet normal 0 0 -1
    outer loop
      vertex 5.5 38.5 45
      vertex 21.5 42 45
      vertex 21.5 38.5 45
    endloop
  endfacet
  facet normal -0 0 -1
    outer loop
      vertex 21.5 42 45
      vertex 5.5 38.5 45
      vertex 5.5 42 45
    endloop
  endfacet
  facet normal 0 0 -1
    outer loop
      vertex 2.5 38.5 45
      vertex 3.9 42 45
      vertex 3.9 38.5 45
    endloop
  endfacet
  facet normal -0 0 -1
    outer loop
      vertex 3.9 42 45
      vertex 2.5 38.5 45
      vertex 2.5 42 45
    endloop
  endfacet
  facet normal 0 -1 0
    outer loop
      vertex 5.5 38.5 45
      vertex 21.5 38.5 45.4644
      vertex 5.5 38.5 45.4644
    endloop
  endfacet
  facet normal 0 -1 -0
    outer loop
      vertex 21.5 38.5 45.4644
      vertex 5.5 38.5 45
      vertex 21.5 38.5 45
    endloop
  endfacet
  facet normal 0 -1 0
    outer loop
      vertex 2.5 38.5 45
      vertex 3.9 38.5 45.4644
      vertex 2.5 38.5 45.4644
    endloop
  endfacet
  facet normal 0 -1 -0
    outer loop
      vertex 3.9 38.5 45.4644
      vertex 2.5 38.5 45
      vertex 3.9 38.5 45
    endloop
  endfacet
  facet normal 0 -0.707107 0.707107
    outer loop
      vertex 5.5 38.5 45.4644
      vertex 21.5 41.0356 48
      vertex 5.5 41.0356 48
    endloop
  endfacet
  facet normal 0 -0.707107 0.707107
    outer loop
      vertex 21.5 41.0356 48
      vertex 5.5 38.5 45.4644
      vertex 21.5 38.5 45.4644
    endloop
  endfacet
  facet normal 0 -0.707107 0.707107
    outer loop
      vertex 2.5 38.5 45.4644
      vertex 3.9 41.0356 48
      vertex 2.5 41.0356 48
    endloop
  endfacet
  facet normal 0 -0.707107 0.707107
    outer loop
      vertex 3.9 41.0356 48
      vertex 2.5 38.5 45.4644
      vertex 3.9 38.5 45.4644
    endloop
  endfacet
  facet normal -1 0 0
    outer loop
      vertex 3.9 38 44.7
      vertex 3.9 42 45
      vertex 3.9 42 37
    endloop
  endfacet
  facet normal -1 -0 0
    outer loop
      vertex 3.9 38.5 45
      vertex 3.9 38 44.7
      vertex 3.9 38.5 45.4644
    endloop
  endfacet
  facet normal -1 -0 0
    outer loop
      vertex 3.9 42 45
      vertex 3.9 38 44.7
      vertex 3.9 38.5 45
    endloop
  endfacet
  facet normal -1 0 0
    outer loop
      vertex 3.9 42 37
      vertex 3.9 32 44.7
      vertex 3.9 38 44.7
    endloop
  endfacet
  facet normal -1 0 0
    outer loop
      vertex 3.9 28 48
      vertex 3.9 32 44.7
      vertex 3.9 28 37
    endloop
  endfacet
  facet normal -1 0 0
    outer loop
      vertex 3.9 28 37
      vertex 3.9 32 44.7
      vertex 3.9 42 37
    endloop
  endfacet
  facet normal -1 0 0
    outer loop
      vertex 3.9 38 47.94
      vertex 3.9 38.5 45.4644
      vertex 3.9 38 44.7
    endloop
  endfacet
  facet normal -1 0 0
    outer loop
      vertex 3.9 38 47.94
      vertex 3.9 41.0356 48
      vertex 3.9 38.5 45.4644
    endloop
  endfacet
  facet normal -1 0 0
    outer loop
      vertex 3.9 32 47.94
      vertex 3.9 41.0356 48
      vertex 3.9 38 47.94
    endloop
  endfacet
  facet normal -1 0 0
    outer loop
      vertex 3.9 32 47.94
      vertex 3.9 28 48
      vertex 3.9 41.0356 48
    endloop
  endfacet
  facet normal -1 0 0
    outer loop
      vertex 3.9 32 44.7
      vertex 3.9 28 48
      vertex 3.9 32 47.94
    endloop
  endfacet
  facet normal 0 -1 0
    outer loop
      vertex 3.9 28 37
      vertex 5.5 28 48
      vertex 3.9 28 48
    endloop
  endfacet
  facet normal 0 -1 -0
    outer loop
      vertex 5.5 28 48
      vertex 3.9 28 37
      vertex 5.5 28 37
    endloop
  endfacet
  facet normal 0 -1 -0
    outer loop
      vertex 3.9 32 47.94
      vertex 2.10001 32 44.7
      vertex 3.9 32 44.7
    endloop
  endfacet
  facet normal 0 0 -1
    outer loop
      vertex 2.10001 32 44.7
      vertex 3.9 38 44.7
      vertex 3.9 32 44.7
    endloop
  endfacet
  facet normal -0 0 -1
    outer loop
      vertex 3.9 38 44.7
      vertex 2.10001 32 44.7
      vertex 2.10001 38 44.7
    endloop
  endfacet
  facet normal 0 1 -0
    outer loop
      vertex 3.9 38 44.7
      vertex 2.10001 38 44.7
      vertex 3.9 38 47.94
    endloop
  endfacet
  facet normal -0.874158 0 0.485641
    outer loop
      vertex 2.10001 32 44.7
      vertex 3.9 38 47.94
      vertex 2.10001 38 44.7
    endloop
  endfacet
  facet normal -0.874158 0 0.485641
    outer loop
      vertex 3.9 38 47.94
      vertex 2.10001 32 44.7
      vertex 3.9 32 47.94
    endloop
  endfacet
  facet normal -0.138832 -0.990268 0.00971014
    outer loop
      vertex 52.3064 -48.4999 32.6852
      vertex 35.9453 -46.165 36.8793
      vertex 35.8546 -46.165 35.5825
    endloop
  endfacet
  facet normal -0.138837 -0.990268 0.00969609
    outer loop
      vertex 51.9941 -48.4685 31.4237
      vertex 35.8546 -46.165 35.5825
      vertex 34.2092 -45.9473 34.2561
    endloop
  endfacet
  facet normal -0.131553 -0.990786 0.0321982
    outer loop
      vertex 18.0877 -43.6619 36.8236
      vertex 18.0895 -43.6621 36.8248
      vertex 18.0732 -43.6599 36.8259
    endloop
  endfacet
  facet normal -0.138831 -0.990268 0.00972049
    outer loop
      vertex 51.9941 -48.4685 31.4237
      vertex 52.3064 -48.4999 32.6852
      vertex 35.8546 -46.165 35.5825
    endloop
  endfacet
  facet normal -0.133134 -0.991054 0.00931155
    outer loop
      vertex 18.0895 -43.6621 36.8248
      vertex 18.1639 -43.6599 38.1227
      vertex 18.0732 -43.6599 36.8259
    endloop
  endfacet
  facet normal -0.138781 -0.990273 0.00997552
    outer loop
      vertex 22.2218 -44.2116 39.8706
      vertex 35.9453 -46.165 36.8793
      vertex 20.9728 -44.0334 40.1843
    endloop
  endfacet
  facet normal -0.138836 -0.990267 0.0097547
    outer loop
      vertex 22.2218 -44.2116 39.8706
      vertex 20.9728 -44.0334 40.1843
      vertex 18.1639 -43.6599 38.1227
    endloop
  endfacet
  facet normal -0.581537 0.0894548 0.808586
    outer loop
      vertex 23.4718 -26.2086 40.0095
      vertex 20.6629 -25.835 37.948
      vertex 18.1639 -43.6599 38.1227
    endloop
  endfacet
  facet normal -0.581557 0.0894624 0.808571
    outer loop
      vertex 20.9728 -44.0334 40.1843
      vertex 23.4718 -26.2086 40.0095
      vertex 18.1639 -43.6599 38.1227
    endloop
  endfacet
  facet normal 0.212755 -0.0202531 0.976896
    outer loop
      vertex 35.9453 -46.165 36.8793
      vertex 38.4443 -28.3401 36.7046
      vertex 20.9728 -44.0334 40.1843
    endloop
  endfacet
  facet normal -0.138859 -0.990265 0.00970807
    outer loop
      vertex 17.8975 -43.7766 22.4032
      vertex 18.0877 -43.6619 36.8236
      vertex 16.6486 -43.5984 22.7168
    endloop
  endfacet
  facet normal -0.140473 -0.990037 0.00973054
    outer loop
      vertex 18.0895 -43.6621 36.8248
      vertex 17.8975 -43.7766 22.4032
      vertex 18.1639 -43.6599 38.1227
    endloop
  endfacet
  facet normal -0.11664 -0.993129 0.0094378
    outer loop
      vertex 18.0877 -43.6619 36.8236
      vertex 17.8975 -43.7766 22.4032
      vertex 18.0895 -43.6621 36.8248
    endloop
  endfacet
  facet normal 0 1 0
    outer loop
      vertex 18.1639 -43.6599 38.1227
      vertex 18.0731 -43.6599 36.824
      vertex 18.0732 -43.6599 36.8259
    endloop
  endfacet
  facet normal -0.135461 -0.990738 0.00935934
    outer loop
      vertex 18.0731 -43.6599 36.824
      vertex 16.6486 -43.5984 22.7168
      vertex 18.0877 -43.6619 36.8236
    endloop
  endfacet
  facet normal -0.138984 -0.990247 0.00971724
    outer loop
      vertex 16.6486 -43.5984 22.7168
      vertex 18.0731 -43.6599 36.824
      vertex 18.1639 -43.6599 38.1227
    endloop
  endfacet
  facet normal 0.212749 -0.020247 0.976897
    outer loop
      vertex 38.4443 -28.3401 36.7046
      vertex 23.4718 -26.2086 40.0095
      vertex 20.9728 -44.0334 40.1843
    endloop
  endfacet
  facet normal -0.138838 -0.990268 0.00971051
    outer loop
      vertex 35.8546 -46.165 35.5825
      vertex 35.9453 -46.165 36.8793
      vertex 22.2218 -44.2116 39.8706
    endloop
  endfacet
  facet normal -0.138838 -0.990268 0.00971013
    outer loop
      vertex 35.8546 -46.165 35.5825
      vertex 22.2218 -44.2116 39.8706
      vertex 17.8975 -43.7766 22.4032
    endloop
  endfacet
  facet normal -0.138814 -0.990271 0.00970417
    outer loop
      vertex 22.2218 -44.2116 39.8706
      vertex 18.1639 -43.6599 38.1227
      vertex 17.8975 -43.7766 22.4032
    endloop
  endfacet
  facet normal 0.970296 0 -0.24192
    outer loop
      vertex 59.6521 -9 30.1667
      vertex 59.3376 9 28.9053
      vertex 59.6521 9 30.1667
    endloop
  endfacet
  facet normal 0.970296 0 -0.24192
    outer loop
      vertex 59.3376 9 28.9053
      vertex 59.6521 -9 30.1667
      vertex 59.3376 -9 28.9053
    endloop
  endfacet
  facet normal -0.156397 0 -0.987694
    outer loop
      vertex 59.3376 -9 28.9053
      vertex 58.3461 -8 29.0623
      vertex 59.3376 9 28.9053
    endloop
  endfacet
  facet normal -0.15644 -4.29048e-05 -0.987688
    outer loop
      vertex 59.3376 -9 28.9053
      vertex 42.4827 -8 31.5749
      vertex 58.3461 -8 29.0623
    endloop
  endfacet
  facet normal -0.156306 0 -0.987709
    outer loop
      vertex 42.4827 -8 31.5749
      vertex 41.9361 -8 31.6614
      vertex 42.4827 8 31.5749
    endloop
  endfacet
  facet normal -0.156435 2.92326e-05 -0.987688
    outer loop
      vertex 41.2425 -9 31.7713
      vertex 42.4827 -8 31.5749
      vertex 59.3376 -9 28.9053
    endloop
  endfacet
  facet normal -0.156306 -0.000135417 -0.987709
    outer loop
      vertex 42.4827 -8 31.5749
      vertex 41.2425 -9 31.7713
      vertex 41.9361 -8 31.6614
    endloop
  endfacet
  facet normal -0.156496 0 -0.987679
    outer loop
      vertex 41.9361 -8 31.6614
      vertex 41.2425 -9 31.7713
      vertex 41.2425 -8 31.7713
    endloop
  endfacet
  facet normal -0.156397 -0 -0.987694
    outer loop
      vertex 58.3461 8 29.0623
      vertex 59.3376 9 28.9053
      vertex 58.3461 -8 29.0623
    endloop
  endfacet
  facet normal -0.15644 4.29048e-05 -0.987688
    outer loop
      vertex 42.4827 8 31.5749
      vertex 59.3376 9 28.9053
      vertex 58.3461 8 29.0623
    endloop
  endfacet
  facet normal -0.156306 -0 -0.987709
    outer loop
      vertex 41.9361 8 31.6614
      vertex 42.4827 8 31.5749
      vertex 41.9361 -8 31.6614
    endloop
  endfacet
  facet normal -0.156306 0.000135417 -0.987709
    outer loop
      vertex 41.2425 9 31.7713
      vertex 42.4827 8 31.5749
      vertex 41.9361 8 31.6614
    endloop
  endfacet
  facet normal -0.156496 -0 -0.987679
    outer loop
      vertex 41.2425 9 31.7713
      vertex 41.9361 8 31.6614
      vertex 41.2425 8 31.7713
    endloop
  endfacet
  facet normal -0.156435 -2.92326e-05 -0.987688
    outer loop
      vertex 42.4827 8 31.5749
      vertex 41.2425 9 31.7713
      vertex 59.3376 9 28.9053
    endloop
  endfacet
  facet normal 0.587796 0 -0.809009
    outer loop
      vertex 41.2425 -9 31.7713
      vertex 38.003 -8 29.4176
      vertex 41.2425 -8 31.7713
    endloop
  endfacet
  facet normal 0.587783 0 -0.809018
    outer loop
      vertex 38.003 -8 29.4176
      vertex 29.9481 -8 23.5654
      vertex 38.003 8 29.4176
    endloop
  endfacet
  facet normal 0.587783 -6.18929e-05 -0.809018
    outer loop
      vertex 41.2425 -9 31.7713
      vertex 29.9481 -8 23.5654
      vertex 38.003 -8 29.4176
    endloop
  endfacet
  facet normal 0.587786 -1.26876e-05 -0.809016
    outer loop
      vertex 24.9137 -9 19.9077
      vertex 29.9481 -8 23.5654
      vertex 41.2425 -9 31.7713
    endloop
  endfacet
  facet normal 0.587784 0 -0.809018
    outer loop
      vertex 25.9698 -8 20.675
      vertex 24.9137 -9 19.9077
      vertex 25.9698 8 20.675
    endloop
  endfacet
  facet normal 0.587785 -3.76211e-07 -0.809017
    outer loop
      vertex 29.9481 -8 23.5654
      vertex 24.9137 -9 19.9077
      vertex 25.9698 -8 20.675
    endloop
  endfacet
  facet normal 0.587796 0 -0.809009
    outer loop
      vertex 38.003 8 29.4176
      vertex 41.2425 9 31.7713
      vertex 41.2425 8 31.7713
    endloop
  endfacet
  facet normal 0.587783 0 -0.809018
    outer loop
      vertex 29.9481 8 23.5654
      vertex 38.003 8 29.4176
      vertex 29.9481 -8 23.5654
    endloop
  endfacet
  facet normal 0.587783 6.18929e-05 -0.809018
    outer loop
      vertex 29.9481 8 23.5654
      vertex 41.2425 9 31.7713
      vertex 38.003 8 29.4176
    endloop
  endfacet
  facet normal 0.587785 3.76211e-07 -0.809017
    outer loop
      vertex 24.9137 9 19.9077
      vertex 29.9481 8 23.5654
      vertex 25.9698 8 20.675
    endloop
  endfacet
  facet normal 0.587786 1.26876e-05 -0.809016
    outer loop
      vertex 29.9481 8 23.5654
      vertex 24.9137 9 19.9077
      vertex 41.2425 9 31.7713
    endloop
  endfacet
  facet normal 0.587784 0 -0.809018
    outer loop
      vertex 24.9137 9 19.9077
      vertex 25.9698 8 20.675
      vertex 24.9137 -9 19.9077
    endloop
  endfacet
  facet normal -0.24192 0 -0.970296
    outer loop
      vertex 23.6523 -9 20.2222
      vertex 24.9137 9 19.9077
      vertex 24.9137 -9 19.9077
    endloop
  endfacet
  facet normal -0.24192 0 -0.970296
    outer loop
      vertex 24.9137 9 19.9077
      vertex 23.6523 -9 20.2222
      vertex 23.6523 9 20.2222
    endloop
  endfacet
  facet normal -0.138837 0.990268 0.0097256
    outer loop
      vertex 39.1877 47.2002 34.99
      vertex 48.0736 48.4685 32.7003
      vertex 33.6963 46.4303 34.99
    endloop
  endfacet
  facet normal -0.138843 0.990267 0.00965792
    outer loop
      vertex 33.6335 46.4214 35
      vertex 31.9341 46.165 36.8591
      vertex 39.1489 47.1947 35
    endloop
  endfacet
  facet normal -0.13882 0.99027 0.00967959
    outer loop
      vertex 31.9341 46.165 36.8591
      vertex 33.6335 46.4214 35
      vertex 30.3077 45.95 35.5297
    endloop
  endfacet
  facet normal -0.138832 0.990268 0.00972075
    outer loop
      vertex 48.0736 48.4685 32.7003
      vertex 42.5476 47.6713 34.99
      vertex 48.3859 48.4999 33.9618
    endloop
  endfacet
  facet normal -0.138848 0.990266 0.00968153
    outer loop
      vertex 42.5476 47.6713 34.99
      vertex 48.0736 48.4685 32.7003
      vertex 39.1877 47.2002 34.99
    endloop
  endfacet
  facet normal -0.138826 0.990269 0.00972599
    outer loop
      vertex 42.4908 47.6632 35
      vertex 39.1489 47.1947 35
      vertex 31.9341 46.165 36.8591
    endloop
  endfacet
  facet normal -0.138835 0.990268 0.00970338
    outer loop
      vertex 44.375 47.9275 34.99
      vertex 48.3859 48.4999 33.9618
      vertex 42.5476 47.6713 34.99
    endloop
  endfacet
  facet normal -0.138837 0.990268 0.00968021
    outer loop
      vertex 42.4908 47.6632 35
      vertex 32.0248 46.165 38.1559
      vertex 44.336 47.9219 35
    endloop
  endfacet
  facet normal -0.138828 0.990269 0.00970985
    outer loop
      vertex 32.0248 46.165 38.1559
      vertex 42.4908 47.6632 35
      vertex 31.9341 46.165 36.8591
    endloop
  endfacet
  facet normal -0.581537 -0.0894553 0.808586
    outer loop
      vertex 14.7483 42 39.5788
      vertex 16.7424 25.835 39.2246
      vertex 19.5513 26.2086 41.2861
    endloop
  endfacet
  facet normal -0.581407 -0.0894413 0.808682
    outer loop
      vertex 16.7424 25.835 39.2246
      vertex 14.7483 42 39.5788
      vertex 14.4761 42 39.3831
    endloop
  endfacet
  facet normal -0.138842 0.990267 0.00970791
    outer loop
      vertex 14.1687 43.6926 34.99
      vertex 16.777 44.0583 34.99
      vertex 13.977 43.7766 23.6798
    endloop
  endfacet
  facet normal -0.138756 0.990279 0.00969098
    outer loop
      vertex 17.2746 44.1083 37
      vertex 16.7795 44.0585 35
      vertex 16.5602 44.0082 37
    endloop
  endfacet
  facet normal -0.138833 0.990268 0.00968218
    outer loop
      vertex 14.1689 43.6925 35
      vertex 16.5602 44.0082 37
      vertex 16.7795 44.0585 35
    endloop
  endfacet
  facet normal -0.138843 0.990267 0.00969392
    outer loop
      vertex 16.5602 44.0082 37
      vertex 14.1689 43.6925 35
      vertex 14.2084 43.6752 37.333
    endloop
  endfacet
  facet normal -0.58154 -0.0894563 0.808584
    outer loop
      vertex 19.5513 26.2086 41.2861
      vertex 17.3374 42 41.4409
      vertex 14.7483 42 39.5788
    endloop
  endfacet
  facet normal -0.138731 0.990278 0.010209
    outer loop
      vertex 32.0248 46.165 38.1559
      vertex 21.5 44.6669 40.45
      vertex 21.5 44.6666 40.4791
    endloop
  endfacet
  facet normal -0.13875 0.99028 0.00969374
    outer loop
      vertex 14.1687 43.6926 34.99
      vertex 12.7281 43.5984 23.9934
      vertex 13.8097 43.6423 34.99
    endloop
  endfacet
  facet normal -0.138859 0.990265 0.00970818
    outer loop
      vertex 12.7281 43.5984 23.9934
      vertex 14.1687 43.6926 34.99
      vertex 13.977 43.7766 23.6798
    endloop
  endfacet
  facet normal -0.138782 0.990275 0.00969296
    outer loop
      vertex 13.8107 43.6423 35
      vertex 14.2084 43.6752 37.333
      vertex 14.1689 43.6925 35
    endloop
  endfacet
  facet normal -0.138896 0.990259 0.00971256
    outer loop
      vertex 14.2084 43.6752 37.333
      vertex 13.8107 43.6423 35
      vertex 14.0425 43.6517 37.3565
    endloop
  endfacet
  facet normal -0.138858 0.990266 0.00961734
    outer loop
      vertex 32.0248 46.165 38.1559
      vertex 21.5 44.6699 40.1411
      vertex 21.5 44.6669 40.45
    endloop
  endfacet
  facet normal -0.138841 0.990267 0.00971071
    outer loop
      vertex 21.5 44.6699 40.1411
      vertex 32.0248 46.165 38.1559
      vertex 31.9341 46.165 36.8591
    endloop
  endfacet
  facet normal -0.138837 0.990268 0.0097068
    outer loop
      vertex 16.777 44.0583 34.99
      vertex 29.3874 45.8263 34.99
      vertex 13.977 43.7766 23.6798
    endloop
  endfacet
  facet normal -0.13884 0.990267 0.00971423
    outer loop
      vertex 29.4011 45.8281 35
      vertex 21.5 44.6699 40.1411
      vertex 31.9341 46.165 36.8591
    endloop
  endfacet
  facet normal -0.138842 0.990267 0.00971004
    outer loop
      vertex 21.5 44.6699 40.1411
      vertex 29.4011 45.8281 35
      vertex 21.5 44.7007 37
    endloop
  endfacet
  facet normal -0.13884 0.990267 0.00972117
    outer loop
      vertex 16.7795 44.0585 35
      vertex 21.5 44.7007 37
      vertex 29.4011 45.8281 35
    endloop
  endfacet
  facet normal -0.138835 0.990268 0.00971101
    outer loop
      vertex 21.5 44.7007 37
      vertex 16.7795 44.0585 35
      vertex 17.2746 44.1083 37
    endloop
  endfacet
  facet normal 0.212752 0.0202589 0.976896
    outer loop
      vertex 21.5 42 40.5344
      vertex 32.0248 46.165 38.1559
      vertex 21.5 44.6666 40.4791
    endloop
  endfacet
  facet normal 0.212754 0.020253 0.976896
    outer loop
      vertex 32.0248 46.165 38.1559
      vertex 21.5 42 40.5344
      vertex 34.5238 28.3401 37.9812
    endloop
  endfacet
  facet normal 0.212749 0.0202483 0.976897
    outer loop
      vertex 21.5 42 40.5344
      vertex 19.5513 26.2086 41.2861
      vertex 34.5238 28.3401 37.9812
    endloop
  endfacet
  facet normal 0.212742 0.0202493 0.976899
    outer loop
      vertex 19.5513 26.2086 41.2861
      vertex 21.5 42 40.5344
      vertex 17.3374 42 41.4409
    endloop
  endfacet
  facet normal 0.940889 -0.241747 -0.237247
    outer loop
      vertex 57.0378 -28.7762 31.3519
      vertex 56.1863 -32.136 31.3985
      vertex 56.0707 -32.0967 30.9
    endloop
  endfacet
  facet normal 0.940922 -0.241754 -0.237111
    outer loop
      vertex 56.1863 -32.136 31.3985
      vertex 57.0378 -28.7762 31.3519
      vertex 56.227 -32.156 31.5804
    endloop
  endfacet
  facet normal 0.94089 -0.241748 -0.237244
    outer loop
      vertex 56.0707 -32.0967 30.9
      vertex 56.7238 -28.7604 30.0905
      vertex 57.0378 -28.7762 31.3519
    endloop
  endfacet
  facet normal 0.940907 -0.241737 -0.237184
    outer loop
      vertex 56.7238 -28.7604 30.0905
      vertex 56.0707 -32.0967 30.9
      vertex 55.3457 -34.9186 30.9
    endloop
  endfacet
  facet normal 0.940919 -0.241738 -0.237137
    outer loop
      vertex 54.6391 -38.0763 31.3151
      vertex 54.8042 -38.0872 31.9813
      vertex 52.3064 -48.4999 32.6852
    endloop
  endfacet
  facet normal 0.940488 -0.241847 -0.238732
    outer loop
      vertex 54.5374 -38.0619 30.9
      vertex 56.7238 -28.7604 30.0905
      vertex 55.3457 -34.9186 30.9
    endloop
  endfacet
  facet normal 0.940382 -0.241857 -0.239139
    outer loop
      vertex 54.5374 -38.0619 30.9
      vertex 51.9941 -48.4685 31.4237
      vertex 56.7238 -28.7604 30.0905
    endloop
  endfacet
  facet normal 0.94045 -0.24186 -0.238866
    outer loop
      vertex 54.5954 -38.0735 31.1401
      vertex 51.9941 -48.4685 31.4237
      vertex 54.5374 -38.0619 30.9
    endloop
  endfacet
  facet normal 0.940485 -0.241865 -0.238722
    outer loop
      vertex 54.6391 -38.0763 31.3151
      vertex 51.9941 -48.4685 31.4237
      vertex 54.5954 -38.0735 31.1401
    endloop
  endfacet
  facet normal 0.940457 -0.241859 -0.238842
    outer loop
      vertex 51.9941 -48.4685 31.4237
      vertex 54.6391 -38.0763 31.3151
      vertex 52.3064 -48.4999 32.6852
    endloop
  endfacet
  facet normal -0.35227 0.0200072 -0.935685
    outer loop
      vertex 22.3761 -8.36333 21.3139
      vertex 21.1236 -26.3195 21.4015
      vertex 16.6486 -43.5984 22.7168
    endloop
  endfacet
  facet normal -0.244919 -0.0103685 -0.969488
    outer loop
      vertex 21.1236 -26.3195 21.4015
      vertex 17.8975 -43.7766 22.4032
      vertex 16.6486 -43.5984 22.7168
    endloop
  endfacet
  facet normal -0.24304 -0.0107427 -0.969957
    outer loop
      vertex 21.1236 -26.3195 21.4015
      vertex 22.3819 -26.4088 21.0872
      vertex 17.8975 -43.7766 22.4032
    endloop
  endfacet
  facet normal -0.797501 0.105987 -0.593936
    outer loop
      vertex 19.1476 -25.7736 22.5421
      vertex 22.3761 -8.36333 21.3139
      vertex 16.6486 -43.5984 22.7168
    endloop
  endfacet
  facet normal 0.960556 -0.141333 -0.239492
    outer loop
      vertex 59.3376 -9 28.9053
      vertex 59.6521 -9 30.1667
      vertex 57.0378 -28.7762 31.3519
    endloop
  endfacet
  facet normal 0.960212 -0.141454 -0.240797
    outer loop
      vertex 59.3376 -9 28.9053
      vertex 57.0378 -28.7762 31.3519
      vertex 56.7238 -28.7604 30.0905
    endloop
  endfacet
  facet normal -0.422671 1.68799e-06 -0.906283
    outer loop
      vertex 22.8444 -2.28452 20.599
      vertex 23.6523 -9 20.2222
      vertex 21.1236 -26.3195 21.4015
    endloop
  endfacet
  facet normal -0.24425 -0.0303349 -0.969238
    outer loop
      vertex 23.6523 -9 20.2222
      vertex 22.3819 -26.4088 21.0872
      vertex 21.1236 -26.3195 21.4015
    endloop
  endfacet
  facet normal -0.241807 -0.0305433 -0.969843
    outer loop
      vertex 23.6523 -9 20.2222
      vertex 24.9137 -9 19.9077
      vertex 22.3819 -26.4088 21.0872
    endloop
  endfacet
  facet normal -0.995294 0.0686298 -0.0684128
    outer loop
      vertex 22.8444 -2.28452 20.599
      vertex 22.3761 -8.36333 21.3139
      vertex 22.8175 -2.62519 20.6486
    endloop
  endfacet
  facet normal -0.995531 0.0691276 -0.0643358
    outer loop
      vertex 22.3761 -8.36333 21.3139
      vertex 22.8444 -2.28452 20.599
      vertex 21.1236 -26.3195 21.4015
    endloop
  endfacet
  facet normal -0.995548 0.069156 -0.0640435
    outer loop
      vertex 22.812 -2.43349 20.9411
      vertex 22.8175 -2.62519 20.6486
      vertex 22.3761 -8.36333 21.3139
    endloop
  endfacet
  facet normal 0.952312 0.189241 -0.239354
    outer loop
      vertex 56.0402 28.7762 31.4217
      vertex 59.3376 9 28.9053
      vertex 55.7263 28.7604 30.1603
    endloop
  endfacet
  facet normal 0.952791 0.189092 -0.237556
    outer loop
      vertex 59.6521 9 30.1667
      vertex 59.3376 9 28.9053
      vertex 56.0402 28.7762 31.4217
    endloop
  endfacet
  facet normal -0.333871 -0 -0.942619
    outer loop
      vertex 23.6523 9 20.2222
      vertex 23.6523 -9 20.2222
      vertex 20.126 26.3195 21.4712
    endloop
  endfacet
  facet normal -0.243643 0.0203202 -0.969652
    outer loop
      vertex 21.3843 26.4088 21.1569
      vertex 23.6523 9 20.2222
      vertex 20.126 26.3195 21.4712
    endloop
  endfacet
  facet normal -0.711012 -0.0461762 -0.701662
    outer loop
      vertex 20.126 26.3195 21.4712
      vertex 22.8444 -2.28452 20.599
      vertex 21.3786 8.36333 21.3836
    endloop
  endfacet
  facet normal -0.711172 -0.0461963 -0.701499
    outer loop
      vertex 22.8444 -2.28452 20.599
      vertex 20.126 26.3195 21.4712
      vertex 23.6523 -9 20.2222
    endloop
  endfacet
  facet normal -0.710649 -0.0460988 -0.702035
    outer loop
      vertex 21.3786 8.36333 21.3836
      vertex 22.8444 -2.28452 20.599
      vertex 22.8175 -2.62519 20.6486
    endloop
  endfacet
  facet normal -0.241869 0.0205749 -0.970091
    outer loop
      vertex 24.9137 9 19.9077
      vertex 23.6523 9 20.2222
      vertex 21.3843 26.4088 21.1569
    endloop
  endfacet
  facet normal -0.244608 0.0364266 -0.968938
    outer loop
      vertex 21.3843 26.4088 21.1569
      vertex 20.126 26.3195 21.4712
      vertex 13.977 43.7766 23.6798
    endloop
  endfacet
  facet normal -0.519839 -0.0645317 -0.851823
    outer loop
      vertex 21.3786 8.36333 21.3836
      vertex 15.2271 25.7736 23.8187
      vertex 12.7281 43.5984 23.9934
    endloop
  endfacet
  facet normal -0.248098 0.0350912 -0.968099
    outer loop
      vertex 13.977 43.7766 23.6798
      vertex 20.126 26.3195 21.4712
      vertex 12.7281 43.5984 23.9934
    endloop
  endfacet
  facet normal -0.366238 -0.0210098 -0.930284
    outer loop
      vertex 20.126 26.3195 21.4712
      vertex 21.3786 8.36333 21.3836
      vertex 12.7281 43.5984 23.9934
    endloop
  endfacet
  facet normal -0.158555 -0.0287136 -0.986932
    outer loop
      vertex 56.7238 -28.7604 30.0905
      vertex 52.855 -34.1622 30.8692
      vertex 53.2042 -31.4778 30.735
    endloop
  endfacet
  facet normal -0.158533 -0.0287113 -0.986936
    outer loop
      vertex 52.855 -34.1622 30.8692
      vertex 53.2807 -37.5715 30.9
      vertex 52.7748 -34.7781 30.9
    endloop
  endfacet
  facet normal -0.158567 -0.0287092 -0.986931
    outer loop
      vertex 51.9941 -48.4685 31.4237
      vertex 53.2807 -37.5715 30.9
      vertex 56.7238 -28.7604 30.0905
    endloop
  endfacet
  facet normal -0.15854 -0.0287125 -0.986935
    outer loop
      vertex 51.1407 -47.338 31.5279
      vertex 53.2807 -37.5715 30.9
      vertex 51.9941 -48.4685 31.4237
    endloop
  endfacet
  facet normal -0.15849 -0.0287239 -0.986943
    outer loop
      vertex 53.2807 -37.5715 30.9
      vertex 51.1407 -47.338 31.5279
      vertex 53.1128 -37.4594 30.9237
    endloop
  endfacet
  facet normal -0.158586 -0.028704 -0.986928
    outer loop
      vertex 53.1128 -37.4594 30.9237
      vertex 51.1407 -47.338 31.5279
      vertex 52.808 -37.192 30.9649
    endloop
  endfacet
  facet normal -0.158578 -0.0287054 -0.986929
    outer loop
      vertex 52.808 -37.192 30.9649
      vertex 51.1407 -47.338 31.5279
      vertex 52.5406 -36.8872 30.999
    endloop
  endfacet
  facet normal -0.157793 -0.0288166 -0.987052
    outer loop
      vertex 52.5406 -36.8872 30.999
      vertex 51.1407 -47.338 31.5279
      vertex 52.507 -36.8368 31.0029
    endloop
  endfacet
  facet normal -0.158374 -0.0285842 -0.986965
    outer loop
      vertex 51.1407 -47.338 31.5279
      vertex 51.9941 -48.4685 31.4237
      vertex 50.9776 -47.3148 31.5534
    endloop
  endfacet
  facet normal -0.158555 -0.0287139 -0.986933
    outer loop
      vertex 52.855 -34.1622 30.8692
      vertex 56.7238 -28.7604 30.0905
      vertex 53.2807 -37.5715 30.9
    endloop
  endfacet
  facet normal -0.158549 -0.0287216 -0.986933
    outer loop
      vertex 48.3602 -30.7912 31.4932
      vertex 56.7238 -28.7604 30.0905
      vertex 53.2042 -31.4778 30.735
    endloop
  endfacet
  facet normal -0.158555 -0.0286987 -0.986933
    outer loop
      vertex 48.3602 -30.7912 31.4932
      vertex 38.6731 -27.4873 32.9534
      vertex 56.7238 -28.7604 30.0905
    endloop
  endfacet
  facet normal -0.158565 -0.0287287 -0.986931
    outer loop
      vertex 38.6731 -27.4873 32.9534
      vertex 48.3602 -30.7912 31.4932
      vertex 38.2049 -29.3519 33.0829
    endloop
  endfacet
  facet normal 0.250465 0.0168773 0.967979
    outer loop
      vertex 38.613 -28.2398 36.6592
      vertex 38.4443 -28.3401 36.7046
      vertex 38.664 -28.3715 36.6483
    endloop
  endfacet
  facet normal 0.250723 0.0164163 0.96792
    outer loop
      vertex 38.4443 -28.3401 36.7046
      vertex 38.613 -28.2398 36.6592
      vertex 38.6016 -28.2013 36.6615
    endloop
  endfacet
  facet normal 0.248211 0.0194465 0.968511
    outer loop
      vertex 38.6016 -28.2013 36.6615
      vertex 38.515 -27.9476 36.6786
      vertex 38.4443 -28.3401 36.7046
    endloop
  endfacet
  facet normal 0.568475 -0.198159 -0.798479
    outer loop
      vertex 36.15 -29.0788 31.5521
      vertex 24.3268 -29.2609 23.1798
      vertex 24.4961 -27.5301 22.8708
    endloop
  endfacet
  facet normal 0.568483 -0.198181 -0.798468
    outer loop
      vertex 36.7727 -34.5099 33.3434
      vertex 36.9959 -29.1912 32.1822
      vertex 37.2892 -29.2302 32.4007
    endloop
  endfacet
  facet normal 0.568464 -0.198183 -0.798481
    outer loop
      vertex 36.0119 -36.9895 33.4172
      vertex 36.9959 -29.1912 32.1822
      vertex 36.7727 -34.5099 33.3434
    endloop
  endfacet
  facet normal 0.569154 -0.198192 -0.797987
    outer loop
      vertex 36.9959 -29.1912 32.1822
      vertex 36.0119 -36.9895 33.4172
      vertex 35.9602 -37.1581 33.4222
    endloop
  endfacet
  facet normal 0.568504 -0.198205 -0.798447
    outer loop
      vertex 37.2892 -29.2302 32.4007
      vertex 38.6731 -27.4873 32.9534
      vertex 38.2049 -29.3519 33.0829
    endloop
  endfacet
  facet normal 0.568483 -0.198182 -0.798468
    outer loop
      vertex 36.9959 -29.1912 32.1822
      vertex 38.6731 -27.4873 32.9534
      vertex 37.2892 -29.2302 32.4007
    endloop
  endfacet
  facet normal 0.568459 -0.198146 -0.798494
    outer loop
      vertex 36.15 -29.0788 31.5521
      vertex 38.6731 -27.4873 32.9534
      vertex 36.9959 -29.1912 32.1822
    endloop
  endfacet
  facet normal 0.568499 -0.198148 -0.798465
    outer loop
      vertex 24.3268 -29.2609 23.1798
      vertex 33.0299 -38.9078 31.7703
      vertex 31.3704 -39.5894 30.7579
    endloop
  endfacet
  facet normal 0.568473 -0.198181 -0.798476
    outer loop
      vertex 24.3268 -29.2609 23.1798
      vertex 36.15 -29.0788 31.5521
      vertex 33.0299 -38.9078 31.7703
    endloop
  endfacet
  facet normal 0.568471 -0.198179 -0.798477
    outer loop
      vertex 24.4961 -27.5301 22.8708
      vertex 38.6731 -27.4873 32.9534
      vertex 36.15 -29.0788 31.5521
    endloop
  endfacet
  facet normal 0.568574 -0.19801 -0.798446
    outer loop
      vertex 22.3819 -26.4088 21.0872
      vertex 24.4961 -27.5301 22.8708
      vertex 23.8273 -27.4412 22.3725
    endloop
  endfacet
  facet normal 0.568462 -0.198252 -0.798465
    outer loop
      vertex 24.4961 -27.5301 22.8708
      vertex 22.3819 -26.4088 21.0872
      vertex 38.6731 -27.4873 32.9534
    endloop
  endfacet
  facet normal 0.568463 -0.198204 -0.798477
    outer loop
      vertex 22.3819 -26.4088 21.0872
      vertex 23.8273 -27.4412 22.3725
      vertex 23.609 -28.2083 22.4075
    endloop
  endfacet
  facet normal 0.561093 -0.205564 -0.801822
    outer loop
      vertex 20.1673 -43.0712 23.8107
      vertex 17.8975 -43.7766 22.4032
      vertex 19.2317 -42.9468 23.1241
    endloop
  endfacet
  facet normal 0.561124 -0.205633 -0.801782
    outer loop
      vertex 22.245 -32.801 22.6308
      vertex 22.3819 -26.4088 21.0872
      vertex 23.609 -28.2083 22.4075
    endloop
  endfacet
  facet normal 0.561118 -0.205636 -0.801786
    outer loop
      vertex 17.8975 -43.7766 22.4032
      vertex 22.245 -32.801 22.6308
      vertex 19.2317 -42.9468 23.1241
    endloop
  endfacet
  facet normal 0.561115 -0.205634 -0.801788
    outer loop
      vertex 22.245 -32.801 22.6308
      vertex 17.8975 -43.7766 22.4032
      vertex 22.3819 -26.4088 21.0872
    endloop
  endfacet
  facet normal 0.561102 -0.205637 -0.801797
    outer loop
      vertex 30.8805 -39.7416 30.4541
      vertex 24.3268 -29.2609 23.1798
      vertex 31.3704 -39.5894 30.7579
    endloop
  endfacet
  facet normal 0.561113 -0.205626 -0.801792
    outer loop
      vertex 30.8805 -39.7416 30.4541
      vertex 23.2657 -40.4377 25.3036
      vertex 24.3268 -29.2609 23.1798
    endloop
  endfacet
  facet normal 0.561111 -0.205662 -0.801784
    outer loop
      vertex 23.2657 -40.4377 25.3036
      vertex 30.8805 -39.7416 30.4541
      vertex 23.1022 -42.159 25.6307
    endloop
  endfacet
  facet normal -0.57382 0.16286 0.802625
    outer loop
      vertex 26.7231 -8.58137 38.7797
      vertex 23.8947 -8.39411 36.7196
      vertex 20.6629 -25.835 37.948
    endloop
  endfacet
  facet normal -0.977393 0.188011 0.0967205
    outer loop
      vertex 23.8947 -8.39411 36.7196
      vertex 23.84 -8.39301 36.1647
      vertex 23.7234 -9.02139 36.2079
    endloop
  endfacet
  facet normal 0.219087 0.0279174 0.975306
    outer loop
      vertex 41.49 -9.62727 35.5367
      vertex 41.4706 -9.95364 35.5504
      vertex 41.5111 -9.68805 35.5337
    endloop
  endfacet
  facet normal 0.216398 0.0281022 0.975901
    outer loop
      vertex 41.49 -9.62727 35.5367
      vertex 39.7036 -11.5053 35.9869
      vertex 41.4706 -9.95364 35.5504
    endloop
  endfacet
  facet normal 0.216266 0.0282336 0.975926
    outer loop
      vertex 41.49 -9.62727 35.5367
      vertex 38.8455 -11.4446 36.1753
      vertex 39.7036 -11.5053 35.9869
    endloop
  endfacet
  facet normal 0.216318 0.0281554 0.975917
    outer loop
      vertex 38.8455 -11.4446 36.1753
      vertex 41.49 -9.62727 35.5367
      vertex 26.7231 -8.58137 38.7797
    endloop
  endfacet
  facet normal 0.217156 0.0271985 0.975758
    outer loop
      vertex 41.4706 -9.95364 35.5504
      vertex 39.7036 -11.5053 35.9869
      vertex 39.7005 -11.5523 35.9889
    endloop
  endfacet
  facet normal 0.216323 0.0281782 0.975915
    outer loop
      vertex 26.7231 -8.58137 38.7797
      vertex 38.9884 -12.1953 36.1653
      vertex 38.8455 -11.4446 36.1753
    endloop
  endfacet
  facet normal 0.216325 0.028186 0.975914
    outer loop
      vertex 38.9884 -12.1953 36.1653
      vertex 26.7231 -8.58137 38.7797
      vertex 23.4718 -26.2086 40.0095
    endloop
  endfacet
  facet normal -0.569884 0.161327 0.805733
    outer loop
      vertex 23.4718 -26.2086 40.0095
      vertex 26.7231 -8.58137 38.7797
      vertex 20.6629 -25.835 37.948
    endloop
  endfacet
  facet normal -0.977396 0.18797 0.0967717
    outer loop
      vertex 23.3974 -10.7788 36.3289
      vertex 23.8947 -8.39411 36.7196
      vertex 23.7234 -9.02139 36.2079
    endloop
  endfacet
  facet normal -0.977391 0.187933 0.0968931
    outer loop
      vertex 20.6629 -25.835 37.948
      vertex 23.3974 -10.7788 36.3289
      vertex 20.5203 -25.8292 36.4983
    endloop
  endfacet
  facet normal -0.977384 0.187938 0.0969522
    outer loop
      vertex 23.3974 -10.7788 36.3289
      vertex 20.6629 -25.835 37.948
      vertex 23.8947 -8.39411 36.7196
    endloop
  endfacet
  facet normal 0.218861 0.0252215 0.97543
    outer loop
      vertex 39.4655 -15.0474 36.132
      vertex 41.4706 -9.95364 35.5504
      vertex 39.7005 -11.5523 35.9889
    endloop
  endfacet
  facet normal 0.21891 0.0252009 0.97542
    outer loop
      vertex 39.4655 -15.0474 36.132
      vertex 38.2649 -27.5824 36.7253
      vertex 41.4706 -9.95364 35.5504
    endloop
  endfacet
  facet normal 0.218878 0.0252253 0.975426
    outer loop
      vertex 23.4718 -26.2086 40.0095
      vertex 39.4655 -15.0474 36.132
      vertex 38.9884 -12.1953 36.1653
    endloop
  endfacet
  facet normal 0.218893 0.0252027 0.975423
    outer loop
      vertex 39.4655 -15.0474 36.132
      vertex 23.4718 -26.2086 40.0095
      vertex 38.2649 -27.5824 36.7253
    endloop
  endfacet
  facet normal 0.218908 0.0251826 0.975421
    outer loop
      vertex 38.2649 -27.5824 36.7253
      vertex 38.4443 -28.3401 36.7046
      vertex 38.515 -27.9476 36.6786
    endloop
  endfacet
  facet normal 0.218891 0.0251786 0.975424
    outer loop
      vertex 38.4443 -28.3401 36.7046
      vertex 38.2649 -27.5824 36.7253
      vertex 23.4718 -26.2086 40.0095
    endloop
  endfacet
  facet normal -0.156303 -0.0385213 -0.986958
    outer loop
      vertex 56.7238 -28.7604 30.0905
      vertex 56.7334 -11.7229 29.424
      vertex 59.3376 -9 28.9053
    endloop
  endfacet
  facet normal -0.156356 -0.0385209 -0.986949
    outer loop
      vertex 56.7238 -28.7604 30.0905
      vertex 55.7929 -27.6926 30.1963
      vertex 56.7334 -11.7229 29.424
    endloop
  endfacet
  facet normal -0.156292 -0.0384642 -0.986962
    outer loop
      vertex 56.7238 -28.7604 30.0905
      vertex 54.9549 -27.6335 30.3267
      vertex 55.7929 -27.6926 30.1963
    endloop
  endfacet
  facet normal -0.157125 -0.03981 -0.986776
    outer loop
      vertex 54.9549 -27.6335 30.3267
      vertex 56.7238 -28.7604 30.0905
      vertex 54.9146 -27.6306 30.333
    endloop
  endfacet
  facet normal -0.156319 -0.0385056 -0.986956
    outer loop
      vertex 56.7334 -11.7229 29.424
      vertex 41.2425 -9 31.7713
      vertex 59.3376 -9 28.9053
    endloop
  endfacet
  facet normal -0.156318 -0.038498 -0.986956
    outer loop
      vertex 41.2425 -9 31.7713
      vertex 56.7334 -11.7229 29.424
      vertex 41.0144 -10.6144 31.8704
    endloop
  endfacet
  facet normal -0.156198 -0.0385332 -0.986974
    outer loop
      vertex 40.4278 -18.5838 32.2744
      vertex 40.0198 -17.6548 32.3027
      vertex 40.8134 -12.0376 31.9578
    endloop
  endfacet
  facet normal -0.156231 -0.0385478 -0.986968
    outer loop
      vertex 40.0198 -17.6548 32.3027
      vertex 40.4278 -18.5838 32.2744
      vertex 39.9767 -18.302 32.3348
    endloop
  endfacet
  facet normal -0.159504 -0.0437368 -0.986228
    outer loop
      vertex 38.6731 -27.4873 32.9534
      vertex 54.9146 -27.6306 30.333
      vertex 56.7238 -28.7604 30.0905
    endloop
  endfacet
  facet normal -0.159504 -0.0437654 -0.986227
    outer loop
      vertex 54.9146 -27.6306 30.333
      vertex 38.6731 -27.4873 32.9534
      vertex 39.9677 -26.5764 32.7036
    endloop
  endfacet
  facet normal -0.159491 -0.0437835 -0.986228
    outer loop
      vertex 39.9677 -26.5764 32.7036
      vertex 38.6731 -27.4873 32.9534
      vertex 39.4311 -26.5386 32.7887
    endloop
  endfacet
  facet normal -0.159556 -0.0437304 -0.98622
    outer loop
      vertex 39.4311 -26.5386 32.7887
      vertex 38.6731 -27.4873 32.9534
      vertex 38.8172 -26.4953 32.8861
    endloop
  endfacet
  facet normal -0.159307 -0.0436234 -0.986265
    outer loop
      vertex 40.41 -18.8941 32.291
      vertex 39.9767 -18.302 32.3348
      vertex 40.4278 -18.5838 32.2744
    endloop
  endfacet
  facet normal -0.159491 -0.0437857 -0.986228
    outer loop
      vertex 39.4311 -26.5386 32.7887
      vertex 40.41 -18.8941 32.291
      vertex 39.9677 -26.5764 32.7036
    endloop
  endfacet
  facet normal -0.159519 -0.0437818 -0.986223
    outer loop
      vertex 40.41 -18.8941 32.291
      vertex 39.4311 -26.5386 32.7887
      vertex 39.9767 -18.302 32.3348
    endloop
  endfacet
  facet normal -0.992051 0.0789923 0.0979508
    outer loop
      vertex 23.8947 -8.39411 36.7196
      vertex 24.3129 -2.42528 36.1416
      vertex 23.84 -8.393 36.1647
    endloop
  endfacet
  facet normal -0.995176 0 0.0981008
    outer loop
      vertex 23.8947 -8.39411 36.7196
      vertex 23.84 -8.393 36.1647
      vertex 23.84 -8.39301 36.1647
    endloop
  endfacet
  facet normal -0.992053 0.0789906 0.097932
    outer loop
      vertex 24.3129 -2.42528 36.1416
      vertex 23.8947 -8.39411 36.7196
      vertex 24.3854 -1.71125 36.3001
    endloop
  endfacet
  facet normal 0.582676 -0.131577 -0.801982
    outer loop
      vertex 38.9571 -10.4783 30.3534
      vertex 27.8885 -12.5594 22.653
      vertex 27.9914 -9.75282 22.2673
    endloop
  endfacet
  facet normal 0.582642 -0.13156 -0.80201
    outer loop
      vertex 40.8134 -12.0376 31.9578
      vertex 40.0198 -17.6548 32.3027
      vertex 40.4569 -10.5775 31.4593
    endloop
  endfacet
  facet normal 0.58268 -0.131557 -0.801983
    outer loop
      vertex 40.8659 -10.6046 31.7609
      vertex 41.2425 -9 31.7713
      vertex 41.0144 -10.6144 31.8704
    endloop
  endfacet
  facet normal 0.582676 -0.131544 -0.801988
    outer loop
      vertex 40.4569 -10.5775 31.4593
      vertex 40.8659 -10.6046 31.7609
      vertex 40.8134 -12.0376 31.9578
    endloop
  endfacet
  facet normal 0.582675 -0.131556 -0.801987
    outer loop
      vertex 40.4569 -10.5775 31.4593
      vertex 41.2425 -9 31.7713
      vertex 40.8659 -10.6046 31.7609
    endloop
  endfacet
  facet normal 0.582663 -0.131548 -0.801997
    outer loop
      vertex 38.9571 -10.4783 30.3534
      vertex 41.2425 -9 31.7713
      vertex 40.4569 -10.5775 31.4593
    endloop
  endfacet
  facet normal 0.582675 -0.131556 -0.801987
    outer loop
      vertex 27.8885 -12.5594 22.653
      vertex 38.9571 -10.4783 30.3534
      vertex 36.4248 -22.7731 30.5304
    endloop
  endfacet
  facet normal 0.582676 -0.131581 -0.801982
    outer loop
      vertex 27.9914 -9.75282 22.2673
      vertex 41.2425 -9 31.7713
      vertex 38.9571 -10.4783 30.3534
    endloop
  endfacet
  facet normal 0.582657 -0.131658 -0.801983
    outer loop
      vertex 24.9137 -9 19.9077
      vertex 27.9914 -9.75282 22.2673
      vertex 26.6362 -9.66316 21.268
    endloop
  endfacet
  facet normal 0.582676 -0.13158 -0.801982
    outer loop
      vertex 27.9914 -9.75282 22.2673
      vertex 24.9137 -9 19.9077
      vertex 41.2425 -9 31.7713
    endloop
  endfacet
  facet normal 0.582682 -0.131581 -0.801977
    outer loop
      vertex 24.9137 -9 19.9077
      vertex 26.6362 -9.66316 21.268
      vertex 26.4282 -10.8122 21.3054
    endloop
  endfacet
  facet normal -0.582196 0.0926908 0.807748
    outer loop
      vertex 26.7231 -8.58137 38.7797
      vertex 25.3472 -2.25034 37.0615
      vertex 23.8947 -8.39411 36.7196
    endloop
  endfacet
  facet normal -0.585259 0.0934451 0.805444
    outer loop
      vertex 25.115 -2.21951 36.8892
      vertex 25.3472 -2.25034 37.0615
      vertex 25.3205 -2.13571 37.0288
    endloop
  endfacet
  facet normal -0.585245 0.0935399 0.805443
    outer loop
      vertex 25.115 -2.21951 36.8892
      vertex 23.8947 -8.39411 36.7196
      vertex 25.3472 -2.25034 37.0615
    endloop
  endfacet
  facet normal -0.585205 0.0935312 0.805473
    outer loop
      vertex 23.8947 -8.39411 36.7196
      vertex 25.115 -2.21951 36.8892
      vertex 24.3854 -1.71125 36.3001
    endloop
  endfacet
  facet normal 0.213939 0.0449987 0.97581
    outer loop
      vertex 33.3185 0.91043 36.896
      vertex 26.7231 -8.58137 38.7797
      vertex 35.6562 0.992323 36.3797
    endloop
  endfacet
  facet normal 0.213949 0.0449913 0.975808
    outer loop
      vertex 26.7231 -8.58137 38.7797
      vertex 33.3185 0.91043 36.896
      vertex 27.4162 0.91043 38.1901
    endloop
  endfacet
  facet normal 0.577099 -0.138434 -0.804856
    outer loop
      vertex 38.6731 -27.4873 32.9534
      vertex 35.6569 -26.286 30.5841
      vertex 38.8172 -26.4953 32.8861
    endloop
  endfacet
  facet normal 0.577081 -0.138453 -0.804866
    outer loop
      vertex 36.4248 -22.7731 30.5304
      vertex 27.5464 -22.5878 24.1328
      vertex 27.8885 -12.5594 22.653
    endloop
  endfacet
  facet normal 0.577074 -0.138469 -0.804868
    outer loop
      vertex 35.6569 -26.286 30.5841
      vertex 27.4388 -25.742 24.5983
      vertex 27.5464 -22.5878 24.1328
    endloop
  endfacet
  facet normal 0.577066 -0.138528 -0.804863
    outer loop
      vertex 38.6731 -27.4873 32.9534
      vertex 27.4388 -25.742 24.5983
      vertex 35.6569 -26.286 30.5841
    endloop
  endfacet
  facet normal 0.577086 -0.13842 -0.804867
    outer loop
      vertex 22.3819 -26.4088 21.0872
      vertex 27.4388 -25.742 24.5983
      vertex 38.6731 -27.4873 32.9534
    endloop
  endfacet
  facet normal 0.577087 -0.13846 -0.80486
    outer loop
      vertex 27.4388 -25.742 24.5983
      vertex 22.3819 -26.4088 21.0872
      vertex 23.6245 -25.4895 21.82
    endloop
  endfacet
  facet normal 0.577081 -0.13845 -0.804866
    outer loop
      vertex 27.5464 -22.5878 24.1328
      vertex 36.4248 -22.7731 30.5304
      vertex 35.6569 -26.286 30.5841
    endloop
  endfacet
  facet normal 0.577103 -0.138459 -0.804849
    outer loop
      vertex 23.6245 -25.4895 21.82
      vertex 24.9137 -9 19.9077
      vertex 26.4282 -10.8122 21.3054
    endloop
  endfacet
  facet normal 0.577086 -0.138459 -0.804861
    outer loop
      vertex 24.9137 -9 19.9077
      vertex 23.6245 -25.4895 21.82
      vertex 22.3819 -26.4088 21.0872
    endloop
  endfacet
  facet normal 0.217154 0.0418374 0.97524
    outer loop
      vertex 35.6562 0.992323 36.3797
      vertex 41.9479 0.0212752 35.0204
      vertex 41.3436 0.950375 35.1151
    endloop
  endfacet
  facet normal 0.217159 0.0418735 0.975238
    outer loop
      vertex 41.9479 0.0212752 35.0204
      vertex 35.6562 0.992323 36.3797
      vertex 41.2846 -9.17599 35.563
    endloop
  endfacet
  facet normal 0.217145 0.0418651 0.975241
    outer loop
      vertex 26.7231 -8.58137 38.7797
      vertex 41.2846 -9.17599 35.563
      vertex 35.6562 0.992323 36.3797
    endloop
  endfacet
  facet normal 0.217147 0.0419395 0.975238
    outer loop
      vertex 41.2846 -9.17599 35.563
      vertex 26.7231 -8.58137 38.7797
      vertex 41.4595 -9.56533 35.5408
    endloop
  endfacet
  facet normal 0.217171 0.0423854 0.975213
    outer loop
      vertex 41.4595 -9.56533 35.5408
      vertex 26.7231 -8.58137 38.7797
      vertex 41.49 -9.62727 35.5367
    endloop
  endfacet
  facet normal -0.15998 0.0386246 -0.986364
    outer loop
      vertex 39.4409 18.2593 32.3767
      vertex 39.4104 19.1136 32.4151
      vertex 39.4599 18.2716 32.3741
    endloop
  endfacet
  facet normal -0.159145 0.0386604 -0.986498
    outer loop
      vertex 38.7368 21.9902 32.6365
      vertex 39.4104 19.1136 32.4151
      vertex 39.4409 18.2593 32.3767
    endloop
  endfacet
  facet normal -0.15921 0.0386444 -0.986488
    outer loop
      vertex 39.4104 19.1136 32.4151
      vertex 38.7368 21.9902 32.6365
      vertex 38.9714 26.5765 32.7783
    endloop
  endfacet
  facet normal -0.159189 0.038755 -0.986487
    outer loop
      vertex 37.6755 27.4873 33.0232
      vertex 53.981 27.6351 30.3978
      vertex 38.9714 26.5765 32.7783
    endloop
  endfacet
  facet normal -0.159277 0.0386474 -0.986477
    outer loop
      vertex 38.4339 26.5386 32.8636
      vertex 38.9714 26.5765 32.7783
      vertex 38.7368 21.9902 32.6365
    endloop
  endfacet
  facet normal -0.159276 0.038629 -0.986478
    outer loop
      vertex 37.6755 27.4873 33.0232
      vertex 38.9714 26.5765 32.7783
      vertex 38.4339 26.5386 32.8636
    endloop
  endfacet
  facet normal -0.159139 0.0387413 -0.986496
    outer loop
      vertex 37.6755 27.4873 33.0232
      vertex 38.4339 26.5386 32.8636
      vertex 37.8757 26.4992 32.9521
    endloop
  endfacet
  facet normal -0.159189 0.0386923 -0.98649
    outer loop
      vertex 53.981 27.6351 30.3978
      vertex 37.6755 27.4873 33.0232
      vertex 55.7263 28.7604 30.1603
    endloop
  endfacet
  facet normal -0.156344 0.0341115 -0.987113
    outer loop
      vertex 41.2425 9 31.7713
      vertex 55.7541 11.7238 29.567
      vertex 59.3376 9 28.9053
    endloop
  endfacet
  facet normal -0.156348 0.0341327 -0.987112
    outer loop
      vertex 55.7541 11.7238 29.567
      vertex 41.2425 9 31.7713
      vertex 40.9161 10.6774 31.881
    endloop
  endfacet
  facet normal -0.156337 0.0341212 -0.987114
    outer loop
      vertex 55.7541 11.7238 29.567
      vertex 55.7263 28.7604 30.1603
      vertex 59.3376 9 28.9053
    endloop
  endfacet
  facet normal -0.156269 0.0341217 -0.987125
    outer loop
      vertex 54.7964 27.6926 30.2706
      vertex 55.7263 28.7604 30.1603
      vertex 55.7541 11.7238 29.567
    endloop
  endfacet
  facet normal -0.156412 0.0342484 -0.987098
    outer loop
      vertex 53.9894 27.6357 30.3965
      vertex 55.7263 28.7604 30.1603
      vertex 54.7964 27.6926 30.2706
    endloop
  endfacet
  facet normal -0.155106 0.0321738 -0.987374
    outer loop
      vertex 55.7263 28.7604 30.1603
      vertex 53.9894 27.6357 30.3965
      vertex 53.981 27.6351 30.3978
    endloop
  endfacet
  facet normal -0.157115 0.0340651 -0.986993
    outer loop
      vertex 39.4599 18.2716 32.3741
      vertex 39.4694 18.1126 32.3671
      vertex 39.4409 18.2593 32.3767
    endloop
  endfacet
  facet normal 0.57228 0.17354 -0.801486
    outer loop
      vertex 24.9137 9 19.9077
      vertex 22.6724 25.4927 21.8784
      vertex 26.2028 10.6481 21.185
    endloop
  endfacet
  facet normal 0.572335 0.173543 -0.801446
    outer loop
      vertex 22.6724 25.4927 21.8784
      vertex 24.9137 9 19.9077
      vertex 21.3843 26.4088 21.1569
    endloop
  endfacet
  facet normal 0.572288 0.173542 -0.80148
    outer loop
      vertex 26.4886 22.7786 24.0157
      vertex 35.6864 22.7731 30.5821
      vertex 26.7243 11.3149 21.7018
    endloop
  endfacet
  facet normal 0.572278 0.173621 -0.80147
    outer loop
      vertex 34.7151 26.29 30.65
      vertex 37.6755 27.4873 33.0232
      vertex 37.8757 26.4992 32.9521
    endloop
  endfacet
  facet normal 0.572289 0.173529 -0.801481
    outer loop
      vertex 35.6864 22.7731 30.5821
      vertex 26.4886 22.7786 24.0157
      vertex 34.7151 26.29 30.65
    endloop
  endfacet
  facet normal 0.572297 0.17351 -0.80148
    outer loop
      vertex 26.4277 25.7413 24.6136
      vertex 34.7151 26.29 30.65
      vertex 26.4886 22.7786 24.0157
    endloop
  endfacet
  facet normal 0.572282 0.17361 -0.801469
    outer loop
      vertex 26.4277 25.7413 24.6136
      vertex 37.6755 27.4873 33.0232
      vertex 34.7151 26.29 30.65
    endloop
  endfacet
  facet normal 0.572294 0.173444 -0.801497
    outer loop
      vertex 21.3843 26.4088 21.1569
      vertex 26.4277 25.7413 24.6136
      vertex 22.6724 25.4927 21.8784
    endloop
  endfacet
  facet normal 0.572293 0.173558 -0.801473
    outer loop
      vertex 26.4277 25.7413 24.6136
      vertex 21.3843 26.4088 21.1569
      vertex 37.6755 27.4873 33.0232
    endloop
  endfacet
  facet normal 0.214007 -0.0367449 0.976141
    outer loop
      vertex 27.4162 0.91043 38.1901
      vertex 25.7256 8.58137 38.8495
      vertex 27.019 -1.38697 38.1907
    endloop
  endfacet
  facet normal 0.214022 -0.0367413 0.976138
    outer loop
      vertex 25.7256 8.58137 38.8495
      vertex 27.4162 0.91043 38.1901
      vertex 33.3185 0.91043 36.896
    endloop
  endfacet
  facet normal 0.579728 0.164991 -0.79793
    outer loop
      vertex 41.2425 9 31.7713
      vertex 39.647 10.5935 30.9416
      vertex 40.9161 10.6774 31.881
    endloop
  endfacet
  facet normal 0.579841 0.164956 -0.797856
    outer loop
      vertex 39.4058 10.5775 30.763
      vertex 39.4694 18.1126 32.3671
      vertex 39.647 10.5935 30.9416
    endloop
  endfacet
  facet normal 0.580158 0.164907 -0.797635
    outer loop
      vertex 39.4694 18.1126 32.3671
      vertex 39.4058 10.5775 30.763
      vertex 39.4409 18.2593 32.3767
    endloop
  endfacet
  facet normal 0.579817 0.165128 -0.797838
    outer loop
      vertex 41.2425 9 31.7713
      vertex 39.4058 10.5775 30.763
      vertex 39.647 10.5935 30.9416
    endloop
  endfacet
  facet normal 0.579753 0.165007 -0.79791
    outer loop
      vertex 41.2425 9 31.7713
      vertex 38.8614 10.5415 30.36
      vertex 39.4058 10.5775 30.763
    endloop
  endfacet
  facet normal 0.579732 0.164952 -0.797936
    outer loop
      vertex 26.7243 11.3149 21.7018
      vertex 38.8614 10.5415 30.36
      vertex 26.7615 9.74117 21.4035
    endloop
  endfacet
  facet normal 0.579732 0.164951 -0.797936
    outer loop
      vertex 41.2425 9 31.7713
      vertex 26.7615 9.74117 21.4035
      vertex 38.8614 10.5415 30.36
    endloop
  endfacet
  facet normal 0.579727 0.165029 -0.797924
    outer loop
      vertex 24.9137 9 19.9077
      vertex 26.7615 9.74117 21.4035
      vertex 41.2425 9 31.7713
    endloop
  endfacet
  facet normal 0.579749 0.16494 -0.797926
    outer loop
      vertex 26.4118 9.71804 21.1446
      vertex 24.9137 9 19.9077
      vertex 26.2028 10.6481 21.185
    endloop
  endfacet
  facet normal 0.579834 0.164729 -0.797908
    outer loop
      vertex 26.7615 9.74117 21.4035
      vertex 24.9137 9 19.9077
      vertex 26.4118 9.71804 21.1446
    endloop
  endfacet
  facet normal 0.57973 0.164971 -0.797933
    outer loop
      vertex 39.4409 18.2593 32.3767
      vertex 39.4058 10.5775 30.763
      vertex 38.7368 21.9902 32.6365
    endloop
  endfacet
  facet normal 0.579731 0.164972 -0.797933
    outer loop
      vertex 38.8614 10.5415 30.36
      vertex 26.7243 11.3149 21.7018
      vertex 35.6864 22.7731 30.5821
    endloop
  endfacet
  facet normal -0.995176 0 0.0981008
    outer loop
      vertex 22.8424 8.393 36.2344
      vertex 22.8971 8.39411 36.7893
      vertex 22.8424 8.39301 36.2344
    endloop
  endfacet
  facet normal -0.985978 -0.135457 0.097465
    outer loop
      vertex 22.8971 8.39411 36.7893
      vertex 22.8424 8.393 36.2344
      vertex 24.1313 -1.04297 36.1591
    endloop
  endfacet
  facet normal -0.578325 -0.128283 0.805657
    outer loop
      vertex 24.7173 2.19798 37.1093
      vertex 25.7256 8.58137 38.8495
      vertex 22.8971 8.39411 36.7893
    endloop
  endfacet
  facet normal 0.216683 -0.0340445 0.975648
    outer loop
      vertex 25.7256 8.58137 38.8495
      vertex 40.3106 9.1745 35.631
      vertex 40.4501 9.56659 35.6137
    endloop
  endfacet
  facet normal 0.216633 -0.0331706 0.975689
    outer loop
      vertex 25.7256 8.58137 38.8495
      vertex 40.4501 9.56659 35.6137
      vertex 40.4736 9.62594 35.6105
    endloop
  endfacet
  facet normal 0.216671 -0.0339766 0.975653
    outer loop
      vertex 40.3106 9.1745 35.631
      vertex 33.3185 0.91043 36.896
      vertex 35.6562 0.992323 36.3797
    endloop
  endfacet
  facet normal 0.216681 -0.0339852 0.975651
    outer loop
      vertex 40.3106 9.1745 35.631
      vertex 25.7256 8.58137 38.8495
      vertex 33.3185 0.91043 36.896
    endloop
  endfacet
  facet normal 0.216686 -0.0339855 0.97565
    outer loop
      vertex 41.3436 0.950375 35.1151
      vertex 40.3106 9.1745 35.631
      vertex 35.6562 0.992323 36.3797
    endloop
  endfacet
  facet normal -0.582848 -0.129793 0.802148
    outer loop
      vertex 24.1313 -1.04297 36.1591
      vertex 24.7173 2.19798 37.1093
      vertex 22.8971 8.39411 36.7893
    endloop
  endfacet
  facet normal 0.253215 -0.0376248 0.966678
    outer loop
      vertex 35.2621 28.25 37.7843
      vertex 34.5238 28.3401 37.9812
      vertex 35.012 27.9645 37.8387
    endloop
  endfacet
  facet normal 0.253215 -0.0376248 0.966678
    outer loop
      vertex 34.5238 28.3401 37.9812
      vertex 35.2621 28.25 37.7843
      vertex 35.502 28.4797 37.7304
    endloop
  endfacet
  facet normal -0.160755 0.064512 -0.984884
    outer loop
      vertex 37.6755 27.4873 33.0232
      vertex 47.1827 31.1862 31.7137
      vertex 55.7263 28.7604 30.1603
    endloop
  endfacet
  facet normal -0.160738 0.0644669 -0.984889
    outer loop
      vertex 47.1827 31.1862 31.7137
      vertex 37.6755 27.4873 33.0232
      vertex 40.3568 30.2189 32.7644
    endloop
  endfacet
  facet normal -0.160773 0.0645021 -0.984881
    outer loop
      vertex 40.3568 30.2189 32.7644
      vertex 37.6755 27.4873 33.0232
      vertex 36.7617 29.7094 33.3179
    endloop
  endfacet
  facet normal 0.249617 -0.0425784 0.967408
    outer loop
      vertex 34.7388 27.7011 37.8976
      vertex 35.012 27.9645 37.8387
      vertex 34.5238 28.3401 37.9812
    endloop
  endfacet
  facet normal 0.222267 -0.0525865 0.973567
    outer loop
      vertex 34.5238 28.3401 37.9812
      vertex 34.4321 27.5952 37.9619
      vertex 34.7388 27.7011 37.8976
    endloop
  endfacet
  facet normal 0.222379 -0.0525997 0.97354
    outer loop
      vertex 34.4321 27.5952 37.9619
      vertex 34.5238 28.3401 37.9812
      vertex 19.5513 26.2086 41.2861
    endloop
  endfacet
  facet normal 0.222363 -0.0525277 0.973548
    outer loop
      vertex 40.4312 9.94446 35.6391
      vertex 38.6408 12.5682 36.1896
      vertex 38.7102 11.5053 36.1164
    endloop
  endfacet
  facet normal 0.222328 -0.0525535 0.973555
    outer loop
      vertex 34.4321 27.5952 37.9619
      vertex 38.6408 12.5682 36.1896
      vertex 40.4312 9.94446 35.6391
    endloop
  endfacet
  facet normal 0.222374 -0.0525392 0.973545
    outer loop
      vertex 19.5513 26.2086 41.2861
      vertex 38.6408 12.5682 36.1896
      vertex 34.4321 27.5952 37.9619
    endloop
  endfacet
  facet normal 0.222412 -0.0524837 0.973539
    outer loop
      vertex 38.6408 12.5682 36.1896
      vertex 19.5513 26.2086 41.2861
      vertex 38.31 11.5967 36.2128
    endloop
  endfacet
  facet normal 0.222571 -0.0522879 0.973513
    outer loop
      vertex 40.4312 9.94446 35.6391
      vertex 38.7102 11.5053 36.1164
      vertex 38.4509 11.487 36.1747
    endloop
  endfacet
  facet normal -0.548049 -0.3023 0.779908
    outer loop
      vertex 22.8971 8.39411 36.7893
      vertex 25.7256 8.58137 38.8495
      vertex 16.7424 25.835 39.2246
    endloop
  endfacet
  facet normal 0.527204 0.338095 -0.779582
    outer loop
      vertex 13.977 43.7766 23.6798
      vertex 19.3401 35.2198 23.5957
      vertex 21.3843 26.4088 21.1569
    endloop
  endfacet
  facet normal 0.527152 0.338063 -0.779631
    outer loop
      vertex 19.3401 35.2198 23.5957
      vertex 13.977 43.7766 23.6798
      vertex 15.4917 42.9725 24.3553
    endloop
  endfacet
  facet normal 0.527194 0.338095 -0.779589
    outer loop
      vertex 19.3401 35.2198 23.5957
      vertex 28.854 40.397 32.2747
      vertex 21.3843 26.4088 21.1569
    endloop
  endfacet
  facet normal 0.527179 0.33812 -0.779588
    outer loop
      vertex 28.854 40.397 32.2747
      vertex 19.3401 35.2198 23.5957
      vertex 27.6205 40.6772 31.5621
    endloop
  endfacet
  facet normal 0.527198 0.33809 -0.779588
    outer loop
      vertex 19.1028 41.0554 25.966
      vertex 27.6205 40.6772 31.5621
      vertex 19.3401 35.2198 23.5957
    endloop
  endfacet
  facet normal 0.5272 0.338079 -0.779591
    outer loop
      vertex 27.6205 40.6772 31.5621
      vertex 19.1028 41.0554 25.966
      vertex 19.0389 42.6267 26.6042
    endloop
  endfacet
  facet normal 0.527179 0.338166 -0.779568
    outer loop
      vertex 16.7689 43.1424 25.2927
      vertex 15.4917 42.9725 24.3553
      vertex 13.977 43.7766 23.6798
    endloop
  endfacet
  facet normal 0.218145 -0.0585917 0.974156
    outer loop
      vertex 38.31 11.5967 36.2128
      vertex 25.7256 8.58137 38.8495
      vertex 38.2622 11.4736 36.2161
    endloop
  endfacet
  facet normal 0.218077 -0.0582757 0.97419
    outer loop
      vertex 25.7256 8.58137 38.8495
      vertex 38.31 11.5967 36.2128
      vertex 19.5513 26.2086 41.2861
    endloop
  endfacet
  facet normal 0.216871 -0.0586261 0.974438
    outer loop
      vertex 40.4312 9.94446 35.6391
      vertex 40.4736 9.62594 35.6105
      vertex 40.5079 9.67969 35.6061
    endloop
  endfacet
  facet normal 0.21795 -0.0584618 0.974207
    outer loop
      vertex 38.4509 11.487 36.1747
      vertex 40.4736 9.62594 35.6105
      vertex 40.4312 9.94446 35.6391
    endloop
  endfacet
  facet normal 0.217895 -0.058524 0.974216
    outer loop
      vertex 38.2622 11.4736 36.2161
      vertex 40.4736 9.62594 35.6105
      vertex 38.4509 11.487 36.1747
    endloop
  endfacet
  facet normal 0.218083 -0.0582901 0.974188
    outer loop
      vertex 40.4736 9.62594 35.6105
      vertex 38.2622 11.4736 36.2161
      vertex 25.7256 8.58137 38.8495
    endloop
  endfacet
  facet normal 0.542516 0.325789 -0.774298
    outer loop
      vertex 37.6755 27.4873 33.0232
      vertex 36.0225 29.6113 32.7587
      vertex 36.7617 29.7094 33.3179
    endloop
  endfacet
  facet normal 0.542426 0.325707 -0.774396
    outer loop
      vertex 37.6755 27.4873 33.0232
      vertex 35.3003 29.5154 32.2125
      vertex 36.0225 29.6113 32.7587
    endloop
  endfacet
  facet normal 0.542897 0.325682 -0.774076
    outer loop
      vertex 32.1606 36.1953 32.8234
      vertex 32.0012 36.5114 32.8446
      vertex 32.016 39.4154 34.0768
    endloop
  endfacet
  facet normal 0.542453 0.325782 -0.774345
    outer loop
      vertex 21.3843 26.4088 21.1569
      vertex 32.1606 36.1953 32.8234
      vertex 35.3003 29.5154 32.2125
    endloop
  endfacet
  facet normal 0.542624 0.325561 -0.774318
    outer loop
      vertex 32.1606 36.1953 32.8234
      vertex 21.3843 26.4088 21.1569
      vertex 32.0012 36.5114 32.8446
    endloop
  endfacet
  facet normal 0.542444 0.325787 -0.77435
    outer loop
      vertex 28.854 40.397 32.2747
      vertex 32.0012 36.5114 32.8446
      vertex 21.3843 26.4088 21.1569
    endloop
  endfacet
  facet normal 0.542461 0.325804 -0.77433
    outer loop
      vertex 32.0012 36.5114 32.8446
      vertex 28.854 40.397 32.2747
      vertex 30.0887 40.0137 32.9784
    endloop
  endfacet
  facet normal 0.542459 0.325765 -0.774348
    outer loop
      vertex 21.3843 26.4088 21.1569
      vertex 35.3003 29.5154 32.2125
      vertex 37.6755 27.4873 33.0232
    endloop
  endfacet
  facet normal 0.542538 0.325775 -0.774289
    outer loop
      vertex 32.016 39.4154 34.0768
      vertex 32.0012 36.5114 32.8446
      vertex 31.6474 39.5299 33.8667
    endloop
  endfacet
  facet normal -0.538803 -0.297664 0.788091
    outer loop
      vertex 25.7256 8.58137 38.8495
      vertex 19.5513 26.2086 41.2861
      vertex 16.7424 25.835 39.2246
    endloop
  endfacet
  facet normal -0.934732 -0.342884 0.0933063
    outer loop
      vertex 22.0083 10.753 36.5541
      vertex 16.7424 25.835 39.2246
      vertex 16.5101 25.8256 36.8629
    endloop
  endfacet
  facet normal -0.934737 -0.342906 0.0931842
    outer loop
      vertex 22.8971 8.39411 36.7893
      vertex 22.0083 10.753 36.5541
      vertex 22.6194 9.02346 36.3196
    endloop
  endfacet
  facet normal -0.934728 -0.342888 0.0933335
    outer loop
      vertex 22.0083 10.753 36.5541
      vertex 22.8971 8.39411 36.7893
      vertex 16.7424 25.835 39.2246
    endloop
  endfacet
  facet normal -0.934682 -0.343155 0.0928177
    outer loop
      vertex 22.8424 8.39301 36.2344
      vertex 22.8971 8.39411 36.7893
      vertex 22.6194 9.02346 36.3196
    endloop
  endfacet
  facet normal -0.0697567 1.74009e-07 -0.997564
    outer loop
      vertex 30.4461 -13.3791 36.7627
      vertex 39.4655 -15.0474 36.132
      vertex 39.2138 -18.6556 36.1496
    endloop
  endfacet
  facet normal -0.0697608 -2.24477e-05 -0.997564
    outer loop
      vertex 39.4655 -15.0474 36.132
      vertex 30.4461 -13.3791 36.7627
      vertex 38.9884 -12.1953 36.1653
    endloop
  endfacet
  facet normal -0.0697617 1.92153e-05 -0.997564
    outer loop
      vertex 29.6471 -24.834 36.8185
      vertex 39.2138 -18.6556 36.1496
      vertex 38.3675 -22.9905 36.2087
    endloop
  endfacet
  facet normal -0.0697553 -1.09215e-05 -0.997564
    outer loop
      vertex 29.6471 -24.834 36.8185
      vertex 38.3675 -22.9905 36.2087
      vertex 37.9031 -25.4127 36.2412
    endloop
  endfacet
  facet normal -0.0697651 8.26621e-06 -0.997563
    outer loop
      vertex 38.9884 -12.1953 36.1653
      vertex 30.4461 -13.3791 36.7627
      vertex 38.8455 -11.4446 36.1753
    endloop
  endfacet
  facet normal -0.0697588 -1.92351e-05 -0.997564
    outer loop
      vertex 38.8455 -11.4446 36.1753
      vertex 30.4461 -13.3791 36.7627
      vertex 30.6213 -10.8681 36.7504
    endloop
  endfacet
  facet normal -0.0697532 5.99821e-06 -0.997564
    outer loop
      vertex 39.2138 -18.6556 36.1496
      vertex 29.6471 -24.834 36.8185
      vertex 30.4461 -13.3791 36.7627
    endloop
  endfacet
  facet normal -0.995215 0.0686027 0.0695813
    outer loop
      vertex 39.6346 -11.5053 35
      vertex 39.7005 -11.5523 35.9889
      vertex 39.7036 -11.5053 35.9869
    endloop
  endfacet
  facet normal -0.995131 0.0697605 0.0696308
    outer loop
      vertex 39.6346 -11.5053 35
      vertex 39.4655 -15.0474 36.132
      vertex 39.7005 -11.5523 35.9889
    endloop
  endfacet
  facet normal -0.995132 0.0697558 0.0696159
    outer loop
      vertex 39.2597 -16.8536 35
      vertex 39.4655 -15.0474 36.132
      vertex 39.6346 -11.5053 35
    endloop
  endfacet
  facet normal -0.995132 0.0697488 0.0696271
    outer loop
      vertex 39.2419 -17.6567 35.5501
      vertex 39.4655 -15.0474 36.132
      vertex 39.2597 -16.8536 35
    endloop
  endfacet
  facet normal -0.995134 0.0697578 0.0695876
    outer loop
      vertex 39.4655 -15.0474 36.132
      vertex 39.2419 -17.6567 35.5501
      vertex 39.2138 -18.6556 36.1496
    endloop
  endfacet
  facet normal -0.99514 0.0697604 0.0694903
    outer loop
      vertex 39.2394 -16.7876 34.6441
      vertex 39.587 -11.5053 34.3191
      vertex 39.2185 -16.7876 34.3448
    endloop
  endfacet
  facet normal -0.995135 0.0697647 0.069566
    outer loop
      vertex 39.587 -11.5053 34.3191
      vertex 39.2394 -16.7876 34.6441
      vertex 39.6339 -11.5053 34.99
    endloop
  endfacet
  facet normal -0.995118 0.0697467 0.0698216
    outer loop
      vertex 39.2612 -16.7876 34.9548
      vertex 39.6339 -11.5053 34.99
      vertex 39.2394 -16.7876 34.6441
    endloop
  endfacet
  facet normal -0.995246 0.0697682 0.0679486
    outer loop
      vertex 39.6339 -11.5053 34.99
      vertex 39.2612 -16.7876 34.9548
      vertex 39.26 -16.839 34.99
    endloop
  endfacet
  facet normal 0.069582 0.997564 -0.00488761
    outer loop
      vertex 37.9031 -25.4127 36.2412
      vertex 30.4981 -24.8944 36.606
      vertex 29.6471 -24.834 36.8185
    endloop
  endfacet
  facet normal 0.0695829 0.997564 -0.00486796
    outer loop
      vertex 37.702 -25.4026 35.4364
      vertex 30.4981 -24.8944 36.606
      vertex 37.9031 -25.4127 36.2412
    endloop
  endfacet
  facet normal 0.0695812 0.997564 -0.00487897
    outer loop
      vertex 37.6714 -25.4026 35
      vertex 30.4981 -24.8944 36.606
      vertex 37.702 -25.4026 35.4364
    endloop
  endfacet
  facet normal 0.069591 0.997564 -0.00483469
    outer loop
      vertex 30.4981 -24.8944 36.606
      vertex 37.6714 -25.4026 35
      vertex 30.0984 -24.8743 35
    endloop
  endfacet
  facet normal 0.0695877 0.997564 -0.00485633
    outer loop
      vertex 37.6543 -25.4026 34.755
      vertex 30.0959 -24.8742 34.99
      vertex 37.6707 -25.4026 34.99
    endloop
  endfacet
  facet normal 0.0695876 0.997564 -0.00485927
    outer loop
      vertex 37.6334 -25.4026 34.4557
      vertex 30.0959 -24.8742 34.99
      vertex 37.6543 -25.4026 34.755
    endloop
  endfacet
  facet normal 0.0697441 0.997561 -0.00264913
    outer loop
      vertex 30.0959 -24.8742 34.99
      vertex 37.6334 -25.4026 34.4557
      vertex 30.0942 -24.8741 34.9829
    endloop
  endfacet
  facet normal -0.0696066 -0.997564 0.00458491
    outer loop
      vertex 31.2304 -10.9113 36.5983
      vertex 38.8455 -11.4446 36.1753
      vertex 30.6213 -10.8681 36.7504
    endloop
  endfacet
  facet normal -0.069556 -0.997563 0.0054958
    outer loop
      vertex 31.4723 -10.9285 36.5378
      vertex 38.8455 -11.4446 36.1753
      vertex 31.2304 -10.9113 36.5983
    endloop
  endfacet
  facet normal -0.0695863 -0.997564 0.0048795
    outer loop
      vertex 31.2308 -10.9164 35.5675
      vertex 38.8455 -11.4446 36.1753
      vertex 31.4723 -10.9285 36.5378
    endloop
  endfacet
  facet normal -0.0695826 -0.997564 0.00483235
    outer loop
      vertex 31.0896 -10.9093 35
      vertex 38.8455 -11.4446 36.1753
      vertex 31.2308 -10.9164 35.5675
    endloop
  endfacet
  facet normal -0.0695785 -0.997565 0.00480538
    outer loop
      vertex 38.8455 -11.4446 36.1753
      vertex 31.0896 -10.9093 35
      vertex 39.6346 -11.5053 35
    endloop
  endfacet
  facet normal -0.069499 -0.99757 0.00485908
    outer loop
      vertex 38.8455 -11.4446 36.1753
      vertex 39.6346 -11.5053 35
      vertex 39.7036 -11.5053 35.9869
    endloop
  endfacet
  facet normal -0.0696396 -0.997564 0.00405181
    outer loop
      vertex 39.587 -11.5053 34.3191
      vertex 31.0871 -10.9092 34.99
      vertex 31.0684 -10.9082 34.9148
    endloop
  endfacet
  facet normal -0.0695756 -0.997565 0.00486376
    outer loop
      vertex 31.0871 -10.9092 34.99
      vertex 39.587 -11.5053 34.3191
      vertex 39.6339 -11.5053 34.99
    endloop
  endfacet
  facet normal -0.0696643 0 -0.99757
    outer loop
      vertex 41.1678 -3.40263 35.0105
      vertex 40.9931 -0.420875 35.0227
      vertex 41.1678 -1.05794 35.0105
    endloop
  endfacet
  facet normal -0.0697593 1.13403e-06 -0.997564
    outer loop
      vertex 32.0543 -7 35.6478
      vertex 41.1678 -3.40263 35.0105
      vertex 40.8989 -7 35.0293
    endloop
  endfacet
  facet normal -0.0697567 -5.43979e-06 -0.997564
    outer loop
      vertex 41.1678 -3.40263 35.0105
      vertex 32.0543 -7 35.6478
      vertex 40.9931 -0.420875 35.0227
    endloop
  endfacet
  facet normal -0.0697607 -0 -0.997564
    outer loop
      vertex 32.0543 7 35.6478
      vertex 40.9931 -0.420875 35.0227
      vertex 32.0543 -7 35.6478
    endloop
  endfacet
  facet normal -0.0697573 4.16845e-06 -0.997564
    outer loop
      vertex 40.9931 -0.420875 35.0227
      vertex 32.0543 7 35.6478
      vertex 40.0397 7 35.0894
    endloop
  endfacet
  facet normal -0.997541 0 0.0700814
    outer loop
      vertex 41.1617 -1.92368 34.9231
      vertex 41.1664 -3.34535 34.99
      vertex 41.1664 -1.26093 34.99
    endloop
  endfacet
  facet normal -0.99756 -1.24849e-05 0.0698174
    outer loop
      vertex 41.1664 -3.34535 34.99
      vertex 41.1617 -1.92368 34.9231
      vertex 41.1422 -2.37887 34.6444
    endloop
  endfacet
  facet normal -0.997785 0 0.066519
    outer loop
      vertex 41.1678 -3.40263 35.0105
      vertex 41.1671 -1.16185 35
      vertex 41.1671 -3.37331 35
    endloop
  endfacet
  facet normal -0.997785 0 0.066519
    outer loop
      vertex 41.1671 -1.16185 35
      vertex 41.1678 -3.40263 35.0105
      vertex 41.1678 -1.05794 35.0105
    endloop
  endfacet
  facet normal -0.997569 -2.88257e-06 0.0696896
    outer loop
      vertex 41.0423 7 33.2149
      vertex 41.0589 -0.739433 33.4522
      vertex 41.0582 7 33.4425
    endloop
  endfacet
  facet normal -0.997246 0.000173535 0.074171
    outer loop
      vertex 41.0589 -0.739433 33.4522
      vertex 41.0624 -2.38144 33.5031
      vertex 41.0632 -2.35743 33.5138
    endloop
  endfacet
  facet normal -0.997562 0 0.0697831
    outer loop
      vertex 41.0423 -7 33.2149
      vertex 41.0589 -0.739433 33.4522
      vertex 41.0423 7 33.2149
    endloop
  endfacet
  facet normal -0.997599 2.02672e-05 0.069251
    outer loop
      vertex 41.0423 -7 33.2149
      vertex 41.0624 -2.38144 33.5031
      vertex 41.0589 -0.739433 33.4522
    endloop
  endfacet
  facet normal -0.997577 0 0.0695742
    outer loop
      vertex 41.0624 -2.38144 33.5031
      vertex 41.0423 -7 33.2149
      vertex 41.0624 -7 33.5031
    endloop
  endfacet
  facet normal 0 1 -0
    outer loop
      vertex 40.7598 -7 34.5378
      vertex 32.7966 -7 34.99
      vertex 40.8878 -7 34.99
    endloop
  endfacet
  facet normal 0 1 -0
    outer loop
      vertex 40.718 -7 33.9393
      vertex 32.7966 -7 34.99
      vertex 40.7598 -7 34.5378
    endloop
  endfacet
  facet normal 0 1 -0
    outer loop
      vertex 40.7122 -7 33.8569
      vertex 32.7966 -7 34.99
      vertex 40.718 -7 33.9393
    endloop
  endfacet
  facet normal 0 1 0
    outer loop
      vertex 40.7122 -7 33.8569
      vertex 32.5029 -7 33.812
      vertex 32.7966 -7 34.99
    endloop
  endfacet
  facet normal 0 1 0
    outer loop
      vertex 40.7338 -7 33.6018
      vertex 32.5029 -7 33.812
      vertex 40.7122 -7 33.8569
    endloop
  endfacet
  facet normal 0 1 -0
    outer loop
      vertex 41.0423 -7 33.2149
      vertex 40.7338 -7 33.6018
      vertex 41.0624 -7 33.5031
    endloop
  endfacet
  facet normal 0 1 0
    outer loop
      vertex 40.7338 -7 33.6018
      vertex 41.0423 -7 33.2149
      vertex 32.5029 -7 33.812
    endloop
  endfacet
  facet normal 0 1 0
    outer loop
      vertex 40.8989 -7 35.0293
      vertex 32.9075 -7 35.435
      vertex 32.0543 -7 35.6478
    endloop
  endfacet
  facet normal 0 1 -0
    outer loop
      vertex 40.8906 -7 35
      vertex 32.9075 -7 35.435
      vertex 40.8989 -7 35.0293
    endloop
  endfacet
  facet normal 0 1 0
    outer loop
      vertex 32.9075 -7 35.435
      vertex 40.8906 -7 35
      vertex 32.7991 -7 35
    endloop
  endfacet
  facet normal 0 -1 0
    outer loop
      vertex 32.7966 7 34.99
      vertex 39.9002 7 34.5979
      vertex 40.0115 7 34.99
    endloop
  endfacet
  facet normal 0 -1 0
    outer loop
      vertex 32.7966 7 34.99
      vertex 39.8583 7 33.9994
      vertex 39.9002 7 34.5979
    endloop
  endfacet
  facet normal 0 -1 0
    outer loop
      vertex 32.7966 7 34.99
      vertex 39.8526 7 33.917
      vertex 39.8583 7 33.9994
    endloop
  endfacet
  facet normal 0 -1 0
    outer loop
      vertex 32.5029 7 33.812
      vertex 39.8526 7 33.917
      vertex 32.7966 7 34.99
    endloop
  endfacet
  facet normal 0 -1 0
    outer loop
      vertex 32.5029 7 33.812
      vertex 40.2968 7 33.6323
      vertex 39.8526 7 33.917
    endloop
  endfacet
  facet normal 0 -1 0
    outer loop
      vertex 41.0423 7 33.2149
      vertex 40.2968 7 33.6323
      vertex 32.5029 7 33.812
    endloop
  endfacet
  facet normal 0 -1 0
    outer loop
      vertex 40.2968 7 33.6323
      vertex 41.0423 7 33.2149
      vertex 41.0582 7 33.4425
    endloop
  endfacet
  facet normal 0 -1 0
    outer loop
      vertex 32.9075 7 35.435
      vertex 40.0397 7 35.0894
      vertex 32.0543 7 35.6478
    endloop
  endfacet
  facet normal 0 -1 0
    outer loop
      vertex 40.0143 7 35
      vertex 32.9075 7 35.435
      vertex 32.7991 7 35
    endloop
  endfacet
  facet normal 0 -1 0
    outer loop
      vertex 32.9075 7 35.435
      vertex 40.0143 7 35
      vertex 40.0397 7 35.0894
    endloop
  endfacet
  facet normal -0.995721 -0.0697431 0.060628
    outer loop
      vertex 38.582 13.4056 36.1872
      vertex 38.6408 12.5682 36.1896
      vertex 38.5773 13.4787 36.1941
    endloop
  endfacet
  facet normal -0.995142 -0.0696769 0.0695536
    outer loop
      vertex 38.5626 12.7096 35.2124
      vertex 38.6408 12.5682 36.1896
      vertex 38.582 13.4056 36.1872
    endloop
  endfacet
  facet normal -0.995109 -0.0698322 0.0698651
    outer loop
      vertex 38.6322 11.5053 35
      vertex 38.5626 12.7096 35.2124
      vertex 38.557 12.5769 35
    endloop
  endfacet
  facet normal -0.995137 -0.0697743 0.0695277
    outer loop
      vertex 38.5626 12.7096 35.2124
      vertex 38.6322 11.5053 35
      vertex 38.7102 11.5053 36.1164
    endloop
  endfacet
  facet normal -0.995137 -0.0697647 0.0695405
    outer loop
      vertex 38.5626 12.7096 35.2124
      vertex 38.7102 11.5053 36.1164
      vertex 38.6408 12.5682 36.1896
    endloop
  endfacet
  facet normal -0.995129 -0.0697335 0.0696855
    outer loop
      vertex 38.6315 11.5053 34.99
      vertex 38.5215 12.5664 34.481
      vertex 38.5894 11.5053 34.3888
    endloop
  endfacet
  facet normal -0.995122 -0.0697407 0.0697729
    outer loop
      vertex 38.5894 11.5053 34.3888
      vertex 38.5215 12.5664 34.481
      vertex 38.5154 12.5664 34.394
    endloop
  endfacet
  facet normal -0.995133 -0.0697912 0.0695662
    outer loop
      vertex 38.5215 12.5664 34.481
      vertex 38.6315 11.5053 34.99
      vertex 38.5566 12.5664 34.9831
    endloop
  endfacet
  facet normal -0.994939 -0.0697597 0.0723123
    outer loop
      vertex 38.5566 12.5664 34.9831
      vertex 38.6315 11.5053 34.99
      vertex 38.5568 12.5707 34.99
    endloop
  endfacet
  facet normal -0.0696003 0.997564 0.00460752
    outer loop
      vertex 38.2622 11.4736 36.2161
      vertex 30.2328 10.9113 36.668
      vertex 29.6237 10.8681 36.8202
    endloop
  endfacet
  facet normal -0.0695562 0.997563 0.00538884
    outer loop
      vertex 38.2622 11.4736 36.2161
      vertex 30.4748 10.9285 36.6076
      vertex 30.2328 10.9113 36.668
    endloop
  endfacet
  facet normal -0.069792 0.99755 0.00476878
    outer loop
      vertex 38.6322 11.5053 35
      vertex 38.2622 11.4736 36.2161
      vertex 38.4509 11.487 36.1747
    endloop
  endfacet
  facet normal -0.0693152 0.997583 0.00484287
    outer loop
      vertex 38.6322 11.5053 35
      vertex 38.4509 11.487 36.1747
      vertex 38.7102 11.5053 36.1164
    endloop
  endfacet
  facet normal -0.0695788 0.997565 0.00483402
    outer loop
      vertex 38.2622 11.4736 36.2161
      vertex 38.6322 11.5053 35
      vertex 30.2333 10.9164 35.6373
    endloop
  endfacet
  facet normal -0.0695819 0.997564 0.0048784
    outer loop
      vertex 38.2622 11.4736 36.2161
      vertex 30.2333 10.9164 35.6373
      vertex 30.4748 10.9285 36.6076
    endloop
  endfacet
  facet normal -0.0695818 0.997565 0.00479391
    outer loop
      vertex 30.2333 10.9164 35.6373
      vertex 38.6322 11.5053 35
      vertex 30.0747 10.9084 35
    endloop
  endfacet
  facet normal -0.0695788 0.997565 0.00487237
    outer loop
      vertex 38.5894 11.5053 34.3888
      vertex 30.0722 10.9083 34.99
      vertex 38.6315 11.5053 34.99
    endloop
  endfacet
  facet normal -0.0699453 0.997551 -0.000333031
    outer loop
      vertex 30.0722 10.9083 34.99
      vertex 38.5894 11.5053 34.3888
      vertex 30.0708 10.9082 34.9845
    endloop
  endfacet
  facet normal -0.0699346 5.28681e-05 -0.997552
    outer loop
      vertex 38.6408 12.5682 36.1896
      vertex 38.5616 13.4661 36.1952
      vertex 38.5773 13.4787 36.1941
    endloop
  endfacet
  facet normal -0.0700784 4.01185e-05 -0.997541
    outer loop
      vertex 38.31 11.5967 36.2128
      vertex 38.5616 13.4661 36.1952
      vertex 38.6408 12.5682 36.1896
    endloop
  endfacet
  facet normal -0.0683919 -0.000187962 -0.997659
    outer loop
      vertex 38.2622 11.4736 36.2161
      vertex 38.5616 13.4661 36.1952
      vertex 38.31 11.5967 36.2128
    endloop
  endfacet
  facet normal -0.0697512 1.72694e-05 -0.997564
    outer loop
      vertex 29.4485 13.3791 36.8324
      vertex 38.5616 13.4661 36.1952
      vertex 38.2622 11.4736 36.2161
    endloop
  endfacet
  facet normal -0.0697509 -9.71101e-06 -0.997564
    outer loop
      vertex 38.5616 13.4661 36.1952
      vertex 29.4485 13.3791 36.8324
      vertex 36.6616 18.6368 36.328
    endloop
  endfacet
  facet normal -0.0697596 2.25981e-06 -0.997564
    outer loop
      vertex 28.6495 24.834 36.8883
      vertex 36.6616 18.6368 36.328
      vertex 29.4485 13.3791 36.8324
    endloop
  endfacet
  facet normal -0.0697593 -2.05313e-05 -0.997564
    outer loop
      vertex 29.4485 13.3791 36.8324
      vertex 38.2622 11.4736 36.2161
      vertex 29.6237 10.8681 36.8202
    endloop
  endfacet
  facet normal -0.0697491 1.59437e-05 -0.997565
    outer loop
      vertex 36.6616 18.6368 36.328
      vertex 28.6495 24.834 36.8883
      vertex 34.3361 25.0509 36.4907
    endloop
  endfacet
  facet normal -0.0697318 -0.000438622 -0.997566
    outer loop
      vertex 34.3361 25.0509 36.4907
      vertex 28.6495 24.834 36.8883
      vertex 34.2749 25.2283 36.4949
    endloop
  endfacet
  facet normal 0.069583 -0.997564 -0.00484851
    outer loop
      vertex 29.5006 24.8944 36.6757
      vertex 34.2749 25.2283 36.4949
      vertex 28.6495 24.834 36.8883
    endloop
  endfacet
  facet normal 0.0695835 -0.997564 -0.00483592
    outer loop
      vertex 29.5006 24.8944 36.6757
      vertex 34.2695 25.2283 36.4172
      vertex 34.2749 25.2283 36.4949
    endloop
  endfacet
  facet normal 0.069637 -0.997561 -0.00485666
    outer loop
      vertex 29.8493 24.9269 35
      vertex 29.5006 24.8944 36.6757
      vertex 29.0966 24.8741 35.0526
    endloop
  endfacet
  facet normal 0.0695817 -0.997564 -0.00486823
    outer loop
      vertex 29.5006 24.8944 36.6757
      vertex 29.8493 24.9269 35
      vertex 34.2695 25.2283 36.4172
    endloop
  endfacet
  facet normal 0.0695809 -0.997564 -0.00486556
    outer loop
      vertex 34.2695 25.2283 36.4172
      vertex 29.8493 24.9269 35
      vertex 34.1704 25.2283 35
    endloop
  endfacet
  facet normal 0.0695864 -0.997564 -0.00485932
    outer loop
      vertex 34.1697 25.2283 34.99
      vertex 29.9923 24.9369 34.99
      vertex 34.1494 25.2283 34.6993
    endloop
  endfacet
  facet normal -0.944569 0.188077 0.269103
    outer loop
      vertex 39.2138 -18.6556 36.1496
      vertex 39.2419 -17.6567 35.5501
      vertex 38.3675 -22.9905 36.2087
    endloop
  endfacet
  facet normal -0.953069 0.185896 0.23896
    outer loop
      vertex 39.26 -16.839 34.99
      vertex 39.2612 -16.7876 34.9548
      vertex 39.1473 -17.4168 34.99
    endloop
  endfacet
  facet normal -0.952657 0.185909 0.240586
    outer loop
      vertex 39.1149 -17.5956 35
      vertex 39.2419 -17.6567 35.5501
      vertex 39.2597 -16.8536 35
    endloop
  endfacet
  facet normal -0.952663 0.185882 0.240585
    outer loop
      vertex 39.1149 -17.5956 35
      vertex 38.3675 -22.9905 36.2087
      vertex 39.2419 -17.6567 35.5501
    endloop
  endfacet
  facet normal -0.952698 0.18586 0.240462
    outer loop
      vertex 37.702 -25.4026 35.4364
      vertex 38.3675 -22.9905 36.2087
      vertex 39.1149 -17.5956 35
    endloop
  endfacet
  facet normal -0.952711 0.185885 0.240392
    outer loop
      vertex 38.3675 -22.9905 36.2087
      vertex 37.702 -25.4026 35.4364
      vertex 37.9031 -25.4127 36.2412
    endloop
  endfacet
  facet normal 0.172995 -0.0146022 0.984815
    outer loop
      vertex 48.0351 -28.512 35
      vertex 39.6638 -28.5134 36.4705
      vertex 47.9095 -30 35
    endloop
  endfacet
  facet normal 0.172994 -0.0148087 0.984812
    outer loop
      vertex 38.613 -28.2398 36.6592
      vertex 39.6638 -28.5134 36.4705
      vertex 48.0351 -28.512 35
    endloop
  endfacet
  facet normal 0.173077 -0.0144829 0.984802
    outer loop
      vertex 39.6638 -28.5134 36.4705
      vertex 38.613 -28.2398 36.6592
      vertex 38.664 -28.3715 36.6483
    endloop
  endfacet
  facet normal 0.172998 -0.0146066 0.984814
    outer loop
      vertex 47.9664 -30 34.99
      vertex 57.1802 -28.7762 33.3896
      vertex 48.0919 -28.5136 34.99
    endloop
  endfacet
  facet normal 0.173 -0.01457 0.984814
    outer loop
      vertex 39.4784 -29.8361 36.4835
      vertex 47.9095 -30 35
      vertex 39.6638 -28.5134 36.4705
    endloop
  endfacet
  facet normal 0.172997 -0.0145961 0.984814
    outer loop
      vertex 47.9664 -30 34.99
      vertex 37.4765 -44.1152 36.6235
      vertex 57.1802 -28.7762 33.3896
    endloop
  endfacet
  facet normal 0.173075 -0.0146562 0.9848
    outer loop
      vertex 47.9095 -30 35
      vertex 37.4765 -44.1152 36.6235
      vertex 47.9664 -30 34.99
    endloop
  endfacet
  facet normal 0.173 -0.0145986 0.984814
    outer loop
      vertex 37.4765 -44.1152 36.6235
      vertex 47.9095 -30 35
      vertex 39.4784 -29.8361 36.4835
    endloop
  endfacet
  facet normal 0.173217 -0.00728001 0.984857
    outer loop
      vertex 48.4881 -19.0855 34.99
      vertex 57.1802 -28.7762 33.3896
      vertex 56.8387 -12.145 33.5726
    endloop
  endfacet
  facet normal 0.173218 -0.00727918 0.984857
    outer loop
      vertex 57.1802 -28.7762 33.3896
      vertex 48.4881 -19.0855 34.99
      vertex 48.0919 -28.5136 34.99
    endloop
  endfacet
  facet normal 0.173221 -0.00727981 0.984856
    outer loop
      vertex 38.2649 -27.5824 36.7253
      vertex 48.0351 -28.512 35
      vertex 48.4292 -19.1345 35
    endloop
  endfacet
  facet normal 0.173212 -0.00754686 0.984856
    outer loop
      vertex 48.0351 -28.512 35
      vertex 38.6016 -28.2013 36.6615
      vertex 38.613 -28.2398 36.6592
    endloop
  endfacet
  facet normal 0.173222 -0.00725289 0.984856
    outer loop
      vertex 48.0351 -28.512 35
      vertex 38.515 -27.9476 36.6786
      vertex 38.6016 -28.2013 36.6615
    endloop
  endfacet
  facet normal 0.173218 -0.00731377 0.984856
    outer loop
      vertex 48.0351 -28.512 35
      vertex 38.2649 -27.5824 36.7253
      vertex 38.515 -27.9476 36.6786
    endloop
  endfacet
  facet normal 0.969135 -0.237046 -0.0677258
    outer loop
      vertex 56.3156 -32.1997 33
      vertex 57.0378 -28.7762 31.3519
      vertex 57.1802 -28.7762 33.3896
    endloop
  endfacet
  facet normal 0.969125 -0.237072 -0.0677828
    outer loop
      vertex 57.0378 -28.7762 31.3519
      vertex 56.3156 -32.1997 33
      vertex 56.227 -32.156 31.5804
    endloop
  endfacet
  facet normal 0.969141 -0.237067 -0.0675569
    outer loop
      vertex 57.1802 -28.7762 33.3896
      vertex 54.8743 -38.0918 33
      vertex 56.3156 -32.1997 33
    endloop
  endfacet
  facet normal 0.969129 -0.237054 -0.067785
    outer loop
      vertex 54.8743 -38.0918 33
      vertex 57.1802 -28.7762 33.3896
      vertex 52.3064 -48.4999 32.6852
    endloop
  endfacet
  facet normal 0.96913 -0.237056 -0.0677594
    outer loop
      vertex 54.8042 -38.0872 31.9813
      vertex 54.8743 -38.0918 33
      vertex 52.3064 -48.4999 32.6852
    endloop
  endfacet
  facet normal 0.133212 0.041943 0.9902
    outer loop
      vertex 56.4586 -12.1182 33.6226
      vertex 48.4881 -19.0855 34.99
      vertex 56.8387 -12.145 33.5726
    endloop
  endfacet
  facet normal 0.133387 0.0417399 0.990185
    outer loop
      vertex 48.4881 -19.0855 34.99
      vertex 56.4586 -12.1182 33.6226
      vertex 45.7638 -10.3795 34.99
    endloop
  endfacet
  facet normal 0.133406 0.0419179 0.990175
    outer loop
      vertex 41.4706 -9.95364 35.5504
      vertex 45.6856 -10.3667 35
      vertex 41.5111 -9.68805 35.5337
    endloop
  endfacet
  facet normal 0.13339 0.0417401 0.990184
    outer loop
      vertex 45.6856 -10.3667 35
      vertex 41.4706 -9.95364 35.5504
      vertex 48.4292 -19.1345 35
    endloop
  endfacet
  facet normal 0.133386 0.0417371 0.990185
    outer loop
      vertex 48.4292 -19.1345 35
      vertex 41.4706 -9.95364 35.5504
      vertex 38.2649 -27.5824 36.7253
    endloop
  endfacet
  facet normal -0.980992 0.181433 0.0688304
    outer loop
      vertex 39.2394 -16.7876 34.6441
      vertex 39.1473 -17.4168 34.99
      vertex 39.2612 -16.7876 34.9548
    endloop
  endfacet
  facet normal -0.981007 0.181383 0.0687355
    outer loop
      vertex 37.6543 -25.4026 34.755
      vertex 39.1473 -17.4168 34.99
      vertex 39.2394 -16.7876 34.6441
    endloop
  endfacet
  facet normal -0.981024 0.181395 0.068463
    outer loop
      vertex 39.1473 -17.4168 34.99
      vertex 37.6543 -25.4026 34.755
      vertex 37.6707 -25.4026 34.99
    endloop
  endfacet
  facet normal -0.981003 0.181386 0.0687871
    outer loop
      vertex 37.702 -25.4026 35.4364
      vertex 39.1149 -17.5956 35
      vertex 37.6714 -25.4026 35
    endloop
  endfacet
  facet normal 0.969126 -0.237052 -0.0678323
    outer loop
      vertex 57.1802 -28.7762 33.3896
      vertex 52.3792 -48.4999 33.7253
      vertex 52.3064 -48.4999 32.6852
    endloop
  endfacet
  facet normal -0.981024 0.181383 0.0685045
    outer loop
      vertex 37.6334 -25.4026 34.4557
      vertex 39.2394 -16.7876 34.6441
      vertex 39.2185 -16.7876 34.3448
    endloop
  endfacet
  facet normal -0.981024 0.181383 0.0685045
    outer loop
      vertex 39.2394 -16.7876 34.6441
      vertex 37.6334 -25.4026 34.4557
      vertex 37.6543 -25.4026 34.755
    endloop
  endfacet
  facet normal 0.182936 -0.0278028 0.982732
    outer loop
      vertex 52.3792 -48.4999 33.7253
      vertex 57.1802 -28.7762 33.3896
      vertex 37.4765 -44.1152 36.6235
    endloop
  endfacet
  facet normal 0.130041 -0.00823938 0.991474
    outer loop
      vertex 59.8643 -9 33.2019
      vertex 56.8387 -12.145 33.5726
      vertex 57.1802 -28.7762 33.3896
    endloop
  endfacet
  facet normal 0.129858 -0.0080601 0.9915
    outer loop
      vertex 56.8387 -12.145 33.5726
      vertex 59.8643 -9 33.2019
      vertex 56.4586 -12.1182 33.6226
    endloop
  endfacet
  facet normal -0.994212 0.0695995 -0.0818426
    outer loop
      vertex 41.0624 -2.38144 33.5031
      vertex 41.052 -2.50225 33.5267
      vertex 41.0632 -2.35743 33.5138
    endloop
  endfacet
  facet normal -0.993967 0.0688947 -0.0853428
    outer loop
      vertex 41.052 -2.50225 33.5267
      vertex 41.0624 -2.38144 33.5031
      vertex 40.7338 -7 33.6018
    endloop
  endfacet
  facet normal -0.994065 0.0689212 -0.0841701
    outer loop
      vertex 40.7122 -7 33.8569
      vertex 41.052 -2.50225 33.5267
      vertex 40.7338 -7 33.6018
    endloop
  endfacet
  facet normal -0.994085 0.0689411 -0.0839189
    outer loop
      vertex 41.052 -2.50225 33.5267
      vertex 40.7122 -7 33.8569
      vertex 41.0472 -2.37938 33.6845
    endloop
  endfacet
  facet normal -0.994771 0.0747042 0.0696423
    outer loop
      vertex 40.718 -7 33.9393
      vertex 41.1052 -2.37938 34.5136
      vertex 41.0633 -2.37938 33.9151
    endloop
  endfacet
  facet normal -0.994781 0.0747256 0.0694768
    outer loop
      vertex 41.1052 -2.37938 34.5136
      vertex 40.718 -7 33.9393
      vertex 40.7598 -7 34.5378
    endloop
  endfacet
  facet normal 0.997565 0 -0.0697428
    outer loop
      vertex 59.8643 -9 33.2019
      vertex 59.6521 9 30.1667
      vertex 59.8643 9 33.2019
    endloop
  endfacet
  facet normal 0.997565 0 -0.0697428
    outer loop
      vertex 59.6521 9 30.1667
      vertex 59.8643 -9 33.2019
      vertex 59.6521 -9 30.1667
    endloop
  endfacet
  facet normal 0.0742406 0.0534677 0.995806
    outer loop
      vertex 50.1584 0.0212752 34.4076
      vertex 45.7936 -4.76502 34.99
      vertex 59.8643 9 33.2019
    endloop
  endfacet
  facet normal 0.0743286 0.0533872 0.995804
    outer loop
      vertex 45.7936 -4.76502 34.99
      vertex 50.1584 0.0212752 34.4076
      vertex 42.3558 0.0212752 34.99
    endloop
  endfacet
  facet normal 0.0741685 0.0532724 0.995822
    outer loop
      vertex 41.9479 0.0212752 35.0204
      vertex 45.7149 -4.842 35
      vertex 42.2218 0.0212752 35
    endloop
  endfacet
  facet normal 0.0743184 0.0533885 0.995804
    outer loop
      vertex 45.7149 -4.842 35
      vertex 41.9479 0.0212752 35.0204
      vertex 41.2846 -9.17599 35.563
    endloop
  endfacet
  facet normal 0.98846 -0.134813 -0.0690763
    outer loop
      vertex 59.8643 -9 33.2019
      vertex 57.1802 -28.7762 33.3896
      vertex 57.0378 -28.7762 31.3519
    endloop
  endfacet
  facet normal 0.126185 -0.00398146 0.991999
    outer loop
      vertex 45.7936 -9.43221 34.99
      vertex 56.4586 -12.1182 33.6226
      vertex 59.8643 -9 33.2019
    endloop
  endfacet
  facet normal 0.126188 -0.00396965 0.991998
    outer loop
      vertex 56.4586 -12.1182 33.6226
      vertex 45.7936 -9.43221 34.99
      vertex 45.7638 -10.3795 34.99
    endloop
  endfacet
  facet normal 0.12618 -0.00396648 0.991999
    outer loop
      vertex 45.7149 -9.43462 35
      vertex 41.5111 -9.68805 35.5337
      vertex 45.6856 -10.3667 35
    endloop
  endfacet
  facet normal 0.126249 -0.00513508 0.991985
    outer loop
      vertex 45.7149 -9.43462 35
      vertex 41.49 -9.62727 35.5367
      vertex 41.5111 -9.68805 35.5337
    endloop
  endfacet
  facet normal 0.126178 -0.00353228 0.992001
    outer loop
      vertex 41.49 -9.62727 35.5367
      vertex 45.7149 -9.43462 35
      vertex 41.4595 -9.56533 35.5408
    endloop
  endfacet
  facet normal 0.126066 0 0.992022
    outer loop
      vertex 45.7936 -4.76502 34.99
      vertex 59.8643 -9 33.2019
      vertex 59.8643 9 33.2019
    endloop
  endfacet
  facet normal 0.126066 0 0.992022
    outer loop
      vertex 59.8643 -9 33.2019
      vertex 45.7936 -4.76502 34.99
      vertex 45.7936 -9.43221 34.99
    endloop
  endfacet
  facet normal 0.126066 0 0.992022
    outer loop
      vertex 41.2846 -9.17599 35.563
      vertex 45.7149 -9.43462 35
      vertex 45.7149 -4.842 35
    endloop
  endfacet
  facet normal 0.12607 6.85343e-05 0.992021
    outer loop
      vertex 45.7149 -9.43462 35
      vertex 41.2846 -9.17599 35.563
      vertex 41.4595 -9.56533 35.5408
    endloop
  endfacet
  facet normal 0.988459 -0.13481 -0.0691061
    outer loop
      vertex 59.6521 -9 30.1667
      vertex 59.8643 -9 33.2019
      vertex 57.0378 -28.7762 31.3519
    endloop
  endfacet
  facet normal -0.959753 0.0729478 0.271205
    outer loop
      vertex 41.1052 -2.37938 34.5136
      vertex 41.1664 -3.34535 34.99
      vertex 41.1422 -2.37887 34.6444
    endloop
  endfacet
  facet normal -0.959623 0.0731561 0.271611
    outer loop
      vertex 40.7598 -7 34.5378
      vertex 41.1664 -3.34535 34.99
      vertex 41.1052 -2.37938 34.5136
    endloop
  endfacet
  facet normal -0.959618 0.0731532 0.27163
    outer loop
      vertex 41.1664 -3.34535 34.99
      vertex 40.7598 -7 34.5378
      vertex 40.8878 -7 34.99
    endloop
  endfacet
  facet normal -0.960489 0.073228 0.268513
    outer loop
      vertex 40.8906 -7 35
      vertex 41.1678 -3.40263 35.0105
      vertex 41.1671 -3.37331 35
    endloop
  endfacet
  facet normal -0.959564 0.073147 0.271822
    outer loop
      vertex 41.1678 -3.40263 35.0105
      vertex 40.8906 -7 35
      vertex 40.8989 -7 35.0293
    endloop
  endfacet
  facet normal -0.287669 -0 -0.95773
    outer loop
      vertex 41.0624 -2.38144 33.5031
      vertex 41.0624 -7 33.5031
      vertex 40.7338 -7 33.6018
    endloop
  endfacet
  facet normal -0.994783 0.0747143 0.0694537
    outer loop
      vertex 40.7122 -7 33.8569
      vertex 41.0633 -2.37938 33.9151
      vertex 41.0472 -2.37938 33.6845
    endloop
  endfacet
  facet normal -0.994745 0.0747042 0.0700184
    outer loop
      vertex 41.0633 -2.37938 33.9151
      vertex 40.7122 -7 33.8569
      vertex 40.718 -7 33.9393
    endloop
  endfacet
  facet normal -0.989387 -0.127732 0.0692654
    outer loop
      vertex 41.1052 -2.37938 34.5136
      vertex 39.8583 7 33.9994
      vertex 41.0633 -2.37938 33.9151
    endloop
  endfacet
  facet normal -0.989387 -0.127732 0.0692654
    outer loop
      vertex 39.8583 7 33.9994
      vertex 41.1052 -2.37938 34.5136
      vertex 39.9002 7 34.5979
    endloop
  endfacet
  facet normal 0.980634 0.183451 -0.0685808
    outer loop
      vertex 56.1827 28.7762 33.4593
      vertex 59.8643 9 33.2019
      vertex 56.0402 28.7762 31.4217
    endloop
  endfacet
  facet normal 0.980635 0.183453 -0.0685591
    outer loop
      vertex 59.8643 9 33.2019
      vertex 59.6521 9 30.1667
      vertex 56.0402 28.7762 31.4217
    endloop
  endfacet
  facet normal -0.278234 -0.0947115 0.955832
    outer loop
      vertex 41.1678 -1.05794 35.0105
      vertex 41.0315 -0.763498 35
      vertex 41.1671 -1.16185 35
    endloop
  endfacet
  facet normal -0.277713 -0.0944641 0.956008
    outer loop
      vertex 41.0315 -0.763498 35
      vertex 41.1678 -1.05794 35.0105
      vertex 40.9931 -0.420875 35.0227
    endloop
  endfacet
  facet normal -0.277846 -0.0945275 0.955964
    outer loop
      vertex 41.1617 -1.92368 34.9231
      vertex 41.1664 -1.26093 34.99
      vertex 41.0485 -0.914385 34.99
    endloop
  endfacet
  facet normal 0.0743296 -0.0531359 0.995817
    outer loop
      vertex 50.1584 0.0212752 34.4076
      vertex 45.4706 4.37844 34.99
      vertex 42.3558 0.0212752 34.99
    endloop
  endfacet
  facet normal 0.0743125 -0.053124 0.995819
    outer loop
      vertex 41.3436 0.950375 35.1151
      vertex 42.2218 0.0212752 35
      vertex 45.3901 4.45325 35
    endloop
  endfacet
  facet normal 0.0741686 -0.0532605 0.995822
    outer loop
      vertex 42.2218 0.0212752 35
      vertex 41.3436 0.950375 35.1151
      vertex 41.9479 0.0212752 35.0204
    endloop
  endfacet
  facet normal 0.07432 -0.0531327 0.995818
    outer loop
      vertex 41.3436 0.950375 35.1151
      vertex 45.3901 4.45325 35
      vertex 40.3106 9.1745 35.631
    endloop
  endfacet
  facet normal 0.123327 0.00368745 0.992359
    outer loop
      vertex 59.8643 9 33.2019
      vertex 55.7894 12.5558 33.6951
      vertex 55.8288 11.9916 33.6923
    endloop
  endfacet
  facet normal 0.123388 0.00377142 0.992351
    outer loop
      vertex 55.8288 11.9916 33.6923
      vertex 45.4706 9.42007 34.99
      vertex 59.8643 9 33.2019
    endloop
  endfacet
  facet normal 0.123387 0.00377354 0.992351
    outer loop
      vertex 45.4706 9.42007 34.99
      vertex 55.8288 11.9916 33.6923
      vertex 45.4399 10.4239 34.99
    endloop
  endfacet
  facet normal 0.123394 0.00376649 0.992351
    outer loop
      vertex 40.5079 9.67969 35.6061
      vertex 45.3901 9.42242 35
      vertex 45.3599 10.4118 35
    endloop
  endfacet
  facet normal 0.114615 0.00817763 0.993376
    outer loop
      vertex 40.4501 9.56659 35.6137
      vertex 40.5079 9.67969 35.6061
      vertex 40.4736 9.62594 35.6105
    endloop
  endfacet
  facet normal 0.123386 0.00362632 0.992352
    outer loop
      vertex 40.5079 9.67969 35.6061
      vertex 40.4501 9.56659 35.6137
      vertex 45.3901 9.42242 35
    endloop
  endfacet
  facet normal 0.12328 -4.73206e-06 0.992372
    outer loop
      vertex 45.4706 9.42007 34.99
      vertex 50.1584 0.0212752 34.4076
      vertex 59.8643 9 33.2019
    endloop
  endfacet
  facet normal 0.12329 0 0.992371
    outer loop
      vertex 50.1584 0.0212752 34.4076
      vertex 45.4706 9.42007 34.99
      vertex 45.4706 4.37844 34.99
    endloop
  endfacet
  facet normal 0.123281 -7.56308e-05 0.992372
    outer loop
      vertex 40.3106 9.1745 35.631
      vertex 45.3901 9.42242 35
      vertex 40.4501 9.56659 35.6137
    endloop
  endfacet
  facet normal 0.123277 0 0.992372
    outer loop
      vertex 45.3901 9.42242 35
      vertex 40.3106 9.1745 35.631
      vertex 45.3901 4.45325 35
    endloop
  endfacet
  facet normal -0.241876 -0.00123798 -0.970306
    outer loop
      vertex 41.0582 7 33.4425
      vertex 41.0589 -0.739433 33.4522
      vertex 40.2968 7 33.6323
    endloop
  endfacet
  facet normal 0.129832 0.0112652 0.991472
    outer loop
      vertex 59.8643 9 33.2019
      vertex 56.1827 28.7762 33.4593
      vertex 55.7894 12.5558 33.6951
    endloop
  endfacet
  facet normal -0.954442 -0.125058 0.270924
    outer loop
      vertex 39.9002 7 34.5979
      vertex 41.0485 -0.914385 34.99
      vertex 40.0115 7 34.99
    endloop
  endfacet
  facet normal -0.954431 -0.125054 0.270965
    outer loop
      vertex 41.1052 -2.37938 34.5136
      vertex 41.0485 -0.914385 34.99
      vertex 39.9002 7 34.5979
    endloop
  endfacet
  facet normal -0.954486 -0.125002 0.270798
    outer loop
      vertex 41.0485 -0.914385 34.99
      vertex 41.1052 -2.37938 34.5136
      vertex 41.1617 -1.92368 34.9231
    endloop
  endfacet
  facet normal -0.9546 -0.124736 0.270518
    outer loop
      vertex 41.1617 -1.92368 34.9231
      vertex 41.1052 -2.37938 34.5136
      vertex 41.1422 -2.37887 34.6444
    endloop
  endfacet
  facet normal -0.954378 -0.125051 0.271154
    outer loop
      vertex 40.0143 7 35
      vertex 40.9931 -0.420875 35.0227
      vertex 40.0397 7 35.0894
    endloop
  endfacet
  facet normal -0.953918 -0.124986 0.272797
    outer loop
      vertex 40.9931 -0.420875 35.0227
      vertex 40.0143 7 35
      vertex 41.0315 -0.763498 35
    endloop
  endfacet
  facet normal -0.989401 -0.127727 0.0690779
    outer loop
      vertex 41.0633 -2.37938 33.9151
      vertex 39.8526 7 33.917
      vertex 41.0472 -2.37938 33.6845
    endloop
  endfacet
  facet normal -0.98938 -0.127731 0.069362
    outer loop
      vertex 41.0472 -2.37938 33.6845
      vertex 39.8526 7 33.917
      vertex 41.052 -2.50225 33.5267
    endloop
  endfacet
  facet normal -0.989444 -0.127732 0.0684446
    outer loop
      vertex 39.8526 7 33.917
      vertex 41.0633 -2.37938 33.9151
      vertex 39.8583 7 33.9994
    endloop
  endfacet
  facet normal -0.537312 -0.0335117 -0.842718
    outer loop
      vertex 41.052 -2.50225 33.5267
      vertex 41.0589 -0.739433 33.4522
      vertex 41.0632 -2.35743 33.5138
    endloop
  endfacet
  facet normal -0.538976 -0.0334604 -0.841657
    outer loop
      vertex 39.8526 7 33.917
      vertex 41.0589 -0.739433 33.4522
      vertex 41.052 -2.50225 33.5267
    endloop
  endfacet
  facet normal -0.539304 -0.0335244 -0.841443
    outer loop
      vertex 41.0589 -0.739433 33.4522
      vertex 39.8526 7 33.917
      vertex 40.2968 7 33.6323
    endloop
  endfacet
  facet normal -0.121573 0.0802945 -0.98933
    outer loop
      vertex 55.7263 28.7604 30.1603
      vertex 52.5639 33.0863 30.9
      vertex 53.4976 34.5 30.9
    endloop
  endfacet
  facet normal -0.12159 0.0802812 -0.989328
    outer loop
      vertex 48.841 33.4874 31.3901
      vertex 52.5639 33.0863 30.9
      vertex 55.7263 28.7604 30.1603
    endloop
  endfacet
  facet normal -0.121598 0.0803072 -0.989325
    outer loop
      vertex 51.9265 34.5954 31.1008
      vertex 48.841 33.4874 31.3901
      vertex 51.9 35 31.1369
    endloop
  endfacet
  facet normal -0.121595 0.0802957 -0.989327
    outer loop
      vertex 52.0056 34.1977 31.0588
      vertex 48.841 33.4874 31.3901
      vertex 51.9265 34.5954 31.1008
    endloop
  endfacet
  facet normal -0.121598 0.0803119 -0.989325
    outer loop
      vertex 52.136 33.8137 31.0116
      vertex 48.841 33.4874 31.3901
      vertex 52.0056 34.1977 31.0588
    endloop
  endfacet
  facet normal -0.121584 0.0801513 -0.98934
    outer loop
      vertex 52.3153 33.45 30.9601
      vertex 48.841 33.4874 31.3901
      vertex 52.136 33.8137 31.0116
    endloop
  endfacet
  facet normal -0.121578 0.0804267 -0.989318
    outer loop
      vertex 52.5406 33.1128 30.905
      vertex 48.841 33.4874 31.3901
      vertex 52.3153 33.45 30.9601
    endloop
  endfacet
  facet normal -0.121657 0.0797062 -0.989367
    outer loop
      vertex 52.5639 33.0863 30.9
      vertex 48.841 33.4874 31.3901
      vertex 52.5406 33.1128 30.905
    endloop
  endfacet
  facet normal -0.121595 0.0802993 -0.989326
    outer loop
      vertex 48.5143 36.2416 31.6538
      vertex 51.9 35 31.1369
      vertex 48.841 33.4874 31.3901
    endloop
  endfacet
  facet normal -0.121579 0.0803408 -0.989325
    outer loop
      vertex 51.9 35 31.1369
      vertex 48.5143 36.2416 31.6538
      vertex 51.9265 35.4046 31.1665
    endloop
  endfacet
  facet normal -0.121565 0.0803984 -0.989322
    outer loop
      vertex 51.9265 35.4046 31.1665
      vertex 48.5143 36.2416 31.6538
      vertex 52.0056 35.8023 31.1891
    endloop
  endfacet
  facet normal -0.121592 0.0801942 -0.989335
    outer loop
      vertex 52.0056 35.8023 31.1891
      vertex 48.5143 36.2416 31.6538
      vertex 52.136 36.1863 31.2042
    endloop
  endfacet
  facet normal -0.121588 0.080343 -0.989324
    outer loop
      vertex 52.136 36.1863 31.2042
      vertex 48.5143 36.2416 31.6538
      vertex 52.3153 36.55 31.2117
    endloop
  endfacet
  facet normal -0.12159 0.0803599 -0.989322
    outer loop
      vertex 52.3153 36.55 31.2117
      vertex 48.5143 36.2416 31.6538
      vertex 52.5406 36.8872 31.2114
    endloop
  endfacet
  facet normal -0.121094 0.0770465 -0.989646
    outer loop
      vertex 52.5406 36.8872 31.2114
      vertex 48.5143 36.2416 31.6538
      vertex 52.5614 36.9109 31.2107
    endloop
  endfacet
  facet normal -0.121595 0.0802892 -0.989327
    outer loop
      vertex 47.1983 47.3358 32.7159
      vertex 52.5614 36.9109 31.2107
      vertex 48.5143 36.2416 31.6538
    endloop
  endfacet
  facet normal -0.121558 0.080309 -0.98933
    outer loop
      vertex 52.5614 36.9109 31.2107
      vertex 47.1983 47.3358 32.7159
      vertex 48.0736 48.4685 32.7003
    endloop
  endfacet
  facet normal -0.121586 0.080331 -0.989325
    outer loop
      vertex 45.284 47.0653 32.9292
      vertex 48.0736 48.4685 32.7003
      vertex 47.1983 47.3358 32.7159
    endloop
  endfacet
  facet normal -0.121578 0.0803153 -0.989327
    outer loop
      vertex 48.0736 48.4685 32.7003
      vertex 45.284 47.0653 32.9292
      vertex 43.8812 46.8671 33.0855
    endloop
  endfacet
  facet normal 0.232039 0.0648721 0.970541
    outer loop
      vertex 48.3889 48.4999 34.0043
      vertex 48.2561 34.228 34.99
      vertex 56.1827 28.7762 33.4593
    endloop
  endfacet
  facet normal 0.232041 0.064872 0.97054
    outer loop
      vertex 48.2561 34.228 34.99
      vertex 48.3889 48.4999 34.0043
      vertex 44.5505 47.4826 34.99
    endloop
  endfacet
  facet normal 0.232038 0.0648715 0.970541
    outer loop
      vertex 48.2043 34.2636 35
      vertex 44.5115 47.4723 35
      vertex 33.3142 44.5049 37.8754
    endloop
  endfacet
  facet normal -0.942834 -0.32669 0.0658583
    outer loop
      vertex 38.5215 12.5664 34.481
      vertex 38.5372 12.6237 34.99
      vertex 37.4037 15.895 34.99
    endloop
  endfacet
  facet normal -0.942689 -0.327101 0.0659
    outer loop
      vertex 38.5372 12.6237 34.99
      vertex 38.5215 12.5664 34.481
      vertex 38.5566 12.5664 34.9831
    endloop
  endfacet
  facet normal -0.942817 -0.326807 0.065524
    outer loop
      vertex 34.2695 25.2283 36.4172
      vertex 34.3361 25.0509 36.4907
      vertex 34.2749 25.2283 36.4949
    endloop
  endfacet
  facet normal -0.942838 -0.326679 0.0658528
    outer loop
      vertex 37.3817 15.9604 35
      vertex 34.3361 25.0509 36.4907
      vertex 34.2695 25.2283 36.4172
    endloop
  endfacet
  facet normal -0.942824 -0.326695 0.0659821
    outer loop
      vertex 34.3361 25.0509 36.4907
      vertex 37.3817 15.9604 35
      vertex 38.5092 12.7065 35
    endloop
  endfacet
  facet normal 0.201969 0.0187174 0.979213
    outer loop
      vertex 48.7786 28.59 34.99
      vertex 56.1827 28.7762 33.4593
      vertex 48.2561 34.228 34.99
    endloop
  endfacet
  facet normal 0.201968 0.0187699 0.979212
    outer loop
      vertex 48.7302 28.5888 35
      vertex 35.4016 29.6164 37.7294
      vertex 35.5598 28.488 37.7184
    endloop
  endfacet
  facet normal 0.201965 0.0187136 0.979214
    outer loop
      vertex 35.4016 29.6164 37.7294
      vertex 48.2043 34.2636 35
      vertex 33.3142 44.5049 37.8754
    endloop
  endfacet
  facet normal 0.201964 0.0187166 0.979214
    outer loop
      vertex 35.4016 29.6164 37.7294
      vertex 48.7302 28.5888 35
      vertex 48.2043 34.2636 35
    endloop
  endfacet
  facet normal 0.200407 0.0205369 0.979497
    outer loop
      vertex 35.2621 28.25 37.7843
      vertex 35.5598 28.488 37.7184
      vertex 35.502 28.4797 37.7304
    endloop
  endfacet
  facet normal 0.201971 0.0185027 0.979217
    outer loop
      vertex 35.5598 28.488 37.7184
      vertex 35.2621 28.25 37.7843
      vertex 48.7302 28.5888 35
    endloop
  endfacet
  facet normal 0.202214 0.00933316 0.979297
    outer loop
      vertex 56.1827 28.7762 33.4593
      vertex 49.3255 16.7341 34.99
      vertex 55.7894 12.5558 33.6951
    endloop
  endfacet
  facet normal 0.202222 0.00932828 0.979295
    outer loop
      vertex 49.3255 16.7341 34.99
      vertex 56.1827 28.7762 33.4593
      vertex 48.7786 28.59 34.99
    endloop
  endfacet
  facet normal 0.202167 0.00925792 0.979307
    outer loop
      vertex 55.8288 11.9916 33.6923
      vertex 55.7894 12.5558 33.6951
      vertex 49.3255 16.7341 34.99
    endloop
  endfacet
  facet normal 0.202218 0.00932877 0.979296
    outer loop
      vertex 35.2621 28.25 37.7843
      vertex 49.2754 16.7706 35
      vertex 48.7302 28.5888 35
    endloop
  endfacet
  facet normal 0.202275 0.00940125 0.979284
    outer loop
      vertex 35.012 27.9645 37.8387
      vertex 49.2754 16.7706 35
      vertex 35.2621 28.25 37.7843
    endloop
  endfacet
  facet normal 0.202184 0.00928003 0.979304
    outer loop
      vertex 34.7388 27.7011 37.8976
      vertex 49.2754 16.7706 35
      vertex 35.012 27.9645 37.8387
    endloop
  endfacet
  facet normal 0.202134 0.00921085 0.979315
    outer loop
      vertex 49.2754 16.7706 35
      vertex 34.7388 27.7011 37.8976
      vertex 34.4321 27.5952 37.9619
    endloop
  endfacet
  facet normal 0.898996 0.37363 -0.228488
    outer loop
      vertex 56.0402 28.7762 31.4217
      vertex 54.5984 31.9263 30.9
      vertex 54.8171 31.912 31.7371
    endloop
  endfacet
  facet normal 0.899101 0.373614 -0.228103
    outer loop
      vertex 54.5984 31.9263 30.9
      vertex 55.7263 28.7604 30.1603
      vertex 54.0444 33.2595 30.9
    endloop
  endfacet
  facet normal 0.89901 0.373651 -0.228399
    outer loop
      vertex 55.7263 28.7604 30.1603
      vertex 54.5984 31.9263 30.9
      vertex 56.0402 28.7762 31.4217
    endloop
  endfacet
  facet normal 0.899016 0.373635 -0.2284
    outer loop
      vertex 52.7731 37.1523 32.2643
      vertex 52.6441 37.0052 31.5159
      vertex 48.347 48.4999 33.4058
    endloop
  endfacet
  facet normal 0.927454 0.368275 -0.0648217
    outer loop
      vertex 56.1827 28.7762 33.4593
      vertex 52.8086 37.1926 33
      vertex 48.3859 48.4999 33.9618
    endloop
  endfacet
  facet normal 0.927453 0.368272 -0.0648616
    outer loop
      vertex 54.9078 31.906 33
      vertex 56.1827 28.7762 33.4593
      vertex 56.0402 28.7762 31.4217
    endloop
  endfacet
  facet normal 0.927453 0.368272 -0.0648608
    outer loop
      vertex 52.8086 37.1926 33
      vertex 56.1827 28.7762 33.4593
      vertex 54.9078 31.906 33
    endloop
  endfacet
  facet normal 0.927457 0.368273 -0.0647865
    outer loop
      vertex 52.808 37.192 32.988
      vertex 48.3859 48.4999 33.9618
      vertex 52.8086 37.1926 33
    endloop
  endfacet
  facet normal 0.927454 0.368275 -0.0648252
    outer loop
      vertex 48.3859 48.4999 33.9618
      vertex 52.808 37.192 32.988
      vertex 52.7846 37.1654 32.5021
    endloop
  endfacet
  facet normal 0.927446 0.368284 -0.0648906
    outer loop
      vertex 54.8234 31.9116 31.8255
      vertex 54.9078 31.906 33
      vertex 56.0402 28.7762 31.4217
    endloop
  endfacet
  facet normal 0.927494 0.368244 -0.0644334
    outer loop
      vertex 54.8234 31.9116 31.8255
      vertex 56.0402 28.7762 31.4217
      vertex 54.8171 31.912 31.7371
    endloop
  endfacet
  facet normal 0.927447 0.368281 -0.064888
    outer loop
      vertex 52.7846 37.1654 32.5021
      vertex 48.347 48.4999 33.4058
      vertex 48.3859 48.4999 33.9618
    endloop
  endfacet
  facet normal 0.927425 0.368292 -0.0651389
    outer loop
      vertex 48.347 48.4999 33.4058
      vertex 52.7846 37.1654 32.5021
      vertex 52.7731 37.1523 32.2643
    endloop
  endfacet
  facet normal -0.181029 -0.00781388 -0.983447
    outer loop
      vertex 55.7263 28.7604 30.1603
      vertex 47.1827 31.1862 31.7137
      vertex 49.1211 31.4614 31.3547
    endloop
  endfacet
  facet normal -0.181042 -0.00784595 -0.983444
    outer loop
      vertex 55.7263 28.7604 30.1603
      vertex 49.1211 31.4614 31.3547
      vertex 48.841 33.4874 31.3901
    endloop
  endfacet
  facet normal -0.912034 -0.33661 0.234282
    outer loop
      vertex 38.5092 12.7065 35
      vertex 36.6616 18.6368 36.328
      vertex 34.3361 25.0509 36.4907
    endloop
  endfacet
  facet normal -0.912054 -0.336602 0.234215
    outer loop
      vertex 36.6616 18.6368 36.328
      vertex 38.5092 12.7065 35
      vertex 38.5626 12.7096 35.2124
    endloop
  endfacet
  facet normal -0.91212 -0.336415 0.234228
    outer loop
      vertex 38.5626 12.7096 35.2124
      vertex 38.5092 12.7065 35
      vertex 38.557 12.5769 35
    endloop
  endfacet
  facet normal -0.911325 -0.337018 0.236441
    outer loop
      vertex 38.5566 12.5664 34.9831
      vertex 38.5568 12.5707 34.99
      vertex 38.5372 12.6237 34.99
    endloop
  endfacet
  facet normal 0.135942 -0.0837082 0.987174
    outer loop
      vertex 55.8288 11.9916 33.6923
      vertex 49.3255 16.7341 34.99
      vertex 45.4399 10.4239 34.99
    endloop
  endfacet
  facet normal 0.135943 -0.0837085 0.987174
    outer loop
      vertex 40.4312 9.94446 35.6391
      vertex 45.3599 10.4118 35
      vertex 49.2754 16.7706 35
    endloop
  endfacet
  facet normal 0.135939 -0.0836589 0.987179
    outer loop
      vertex 45.3599 10.4118 35
      vertex 40.4312 9.94446 35.6391
      vertex 40.5079 9.67969 35.6061
    endloop
  endfacet
  facet normal 0.135942 -0.0837065 0.987174
    outer loop
      vertex 40.4312 9.94446 35.6391
      vertex 49.2754 16.7706 35
      vertex 34.4321 27.5952 37.9619
    endloop
  endfacet
  facet normal 0.136858 -0.084364 0.986992
    outer loop
      vertex 38.582 13.4056 36.1872
      vertex 38.5773 13.4787 36.1941
      vertex 38.5616 13.4661 36.1952
    endloop
  endfacet
  facet normal -0.942834 -0.326693 0.0658395
    outer loop
      vertex 34.1494 25.2283 34.6993
      vertex 37.4037 15.895 34.99
      vertex 34.1697 25.2283 34.99
    endloop
  endfacet
  facet normal -0.942831 -0.32669 0.0658992
    outer loop
      vertex 38.5154 12.5664 34.394
      vertex 37.4037 15.895 34.99
      vertex 34.1494 25.2283 34.6993
    endloop
  endfacet
  facet normal -0.942807 -0.326719 0.0661049
    outer loop
      vertex 37.4037 15.895 34.99
      vertex 38.5154 12.5664 34.394
      vertex 38.5215 12.5664 34.481
    endloop
  endfacet
  facet normal -0.94283 -0.326688 0.0659289
    outer loop
      vertex 37.3817 15.9604 35
      vertex 34.2695 25.2283 36.4172
      vertex 34.1704 25.2283 35
    endloop
  endfacet
  facet normal 0.92741 0.368274 -0.0654642
    outer loop
      vertex 48.3889 48.4999 34.0043
      vertex 56.1827 28.7762 33.4593
      vertex 48.3859 48.4999 33.9618
    endloop
  endfacet
  facet normal -0.904185 -0.338924 0.259963
    outer loop
      vertex 38.5626 12.7096 35.2124
      vertex 38.5616 13.4661 36.1952
      vertex 36.6616 18.6368 36.328
    endloop
  endfacet
  facet normal -0.904004 -0.339227 0.260197
    outer loop
      vertex 38.5616 13.4661 36.1952
      vertex 38.5626 12.7096 35.2124
      vertex 38.582 13.4056 36.1872
    endloop
  endfacet
  facet normal -0.13879 0.990274 0.00971032
    outer loop
      vertex 48.3859 48.4999 33.9618
      vertex 48.347 48.4999 33.4058
      vertex 48.0736 48.4685 32.7003
    endloop
  endfacet
  facet normal 0.857441 0.377951 -0.349211
    outer loop
      vertex 54.0444 33.2595 30.9
      vertex 55.7263 28.7604 30.1603
      vertex 53.4976 34.5 30.9
    endloop
  endfacet
  facet normal 0.857478 0.377954 -0.349117
    outer loop
      vertex 52.6441 37.0052 31.5159
      vertex 48.0736 48.4685 32.7003
      vertex 48.347 48.4999 33.4058
    endloop
  endfacet
  facet normal 0.857473 0.377953 -0.349129
    outer loop
      vertex 48.0736 48.4685 32.7003
      vertex 52.6441 37.0052 31.5159
      vertex 52.5614 36.9109 31.2107
    endloop
  endfacet
  facet normal -0.138818 0.99027 0.00968782
    outer loop
      vertex 33.6963 46.4303 34.99
      vertex 29.4512 45.841 34.3984
      vertex 29.8991 45.898 34.99
    endloop
  endfacet
  facet normal -0.138829 0.990268 0.00977031
    outer loop
      vertex 29.4512 45.841 34.3984
      vertex 33.6963 46.4303 34.99
      vertex 48.0736 48.4685 32.7003
    endloop
  endfacet
  facet normal -0.138836 0.990269 0.0095727
    outer loop
      vertex 30.3077 45.95 35.5297
      vertex 33.6335 46.4214 35
      vertex 29.9067 45.8989 35
    endloop
  endfacet
  facet normal -0.138821 0.990269 0.00979911
    outer loop
      vertex 48.3859 48.4999 33.9618
      vertex 44.5037 47.9455 34.99
      vertex 48.3889 48.4999 34.0043
    endloop
  endfacet
  facet normal -0.138504 0.990301 0.0110135
    outer loop
      vertex 44.5037 47.9455 34.99
      vertex 48.3859 48.4999 33.9618
      vertex 44.375 47.9275 34.99
    endloop
  endfacet
  facet normal -0.138929 0.990258 0.00931477
    outer loop
      vertex 44.4643 47.9399 35
      vertex 44.336 47.9219 35
      vertex 32.0248 46.165 38.1559
    endloop
  endfacet
  facet normal -0.0903992 -0.00296856 -0.995901
    outer loop
      vertex 31.3113 45.554 34.2304
      vertex 43.8812 46.8671 33.0855
      vertex 31.3746 45.1025 34.226
    endloop
  endfacet
  facet normal -0.0904092 -0.00287235 -0.995901
    outer loop
      vertex 31.2358 46.0928 34.2357
      vertex 43.8812 46.8671 33.0855
      vertex 31.3113 45.554 34.2304
    endloop
  endfacet
  facet normal -0.0904097 -0.00286454 -0.995901
    outer loop
      vertex 43.8812 46.8671 33.0855
      vertex 31.2358 46.0928 34.2357
      vertex 48.0736 48.4685 32.7003
    endloop
  endfacet
  facet normal 0.151193 -0.977794 0.145116
    outer loop
      vertex 48.0736 48.4685 32.7003
      vertex 31.2358 46.0928 34.2357
      vertex 29.4512 45.841 34.3984
    endloop
  endfacet
  facet normal 0.242552 0.0245225 0.969828
    outer loop
      vertex 44.5505 47.4826 34.99
      vertex 48.3889 48.4999 34.0043
      vertex 44.5037 47.9455 34.99
    endloop
  endfacet
  facet normal 0.242558 0.024484 0.969828
    outer loop
      vertex 44.4643 47.9399 35
      vertex 33.3142 44.5049 37.8754
      vertex 44.5115 47.4723 35
    endloop
  endfacet
  facet normal 0.242547 0.0245186 0.96983
    outer loop
      vertex 33.3142 44.5049 37.8754
      vertex 44.4643 47.9399 35
      vertex 32.0248 46.165 38.1559
    endloop
  endfacet
  facet normal 0.242576 0.0244993 0.969823
    outer loop
      vertex 33.3142 44.5049 37.8754
      vertex 34.5238 28.3401 37.9812
      vertex 35.4016 29.6164 37.7294
    endloop
  endfacet
  facet normal 0.242519 0.0244952 0.969837
    outer loop
      vertex 34.5238 28.3401 37.9812
      vertex 33.3142 44.5049 37.8754
      vertex 32.0248 46.165 38.1559
    endloop
  endfacet
  facet normal 0.145778 -0.989154 0.017998
    outer loop
      vertex 35.502 28.4797 37.7304
      vertex 35.5598 28.488 37.7184
      vertex 34.5238 28.3401 37.9812
    endloop
  endfacet
  facet normal 0.242513 0.0245456 0.969838
    outer loop
      vertex 35.5598 28.488 37.7184
      vertex 35.4016 29.6164 37.7294
      vertex 34.5238 28.3401 37.9812
    endloop
  endfacet
  facet normal 0.138842 -0.990267 -0.00971525
    outer loop
      vertex 16.5101 25.8256 36.8629
      vertex 16.7424 25.835 39.2246
      vertex 16.0972 25.7736 36.2624
    endloop
  endfacet
  facet normal -0.987855 -0.139196 0.0690413
    outer loop
      vertex 12.7281 43.5984 23.9934
      vertex 15.5 28.8899 34
      vertex 15.5 28.9333 34.0875
    endloop
  endfacet
  facet normal -0.987856 -0.139172 0.0690765
    outer loop
      vertex 15.2271 25.7736 23.8187
      vertex 15.5 28.8899 34
      vertex 12.7281 43.5984 23.9934
    endloop
  endfacet
  facet normal -0.987858 -0.139159 0.0690726
    outer loop
      vertex 15.5 28.8899 34
      vertex 15.2271 25.7736 23.8187
      vertex 15.9071 26 34
    endloop
  endfacet
  facet normal -0.987811 -0.13949 0.0690768
    outer loop
      vertex 16.0083 25.7736 34.99
      vertex 15.9071 26 34
      vertex 15.2271 25.7736 23.8187
    endloop
  endfacet
  facet normal -0.987849 -0.139189 0.0691494
    outer loop
      vertex 15.9071 26 34
      vertex 16.0083 25.7736 34.99
      vertex 15.9764 26 34.99
    endloop
  endfacet
  facet normal -0.987858 -0.13919 0.0690117
    outer loop
      vertex 16.009 25.7736 35
      vertex 16.0544 26 36.1065
      vertex 15.9771 26 35
    endloop
  endfacet
  facet normal -0.987853 -0.139223 0.0690182
    outer loop
      vertex 16.0544 26 36.1065
      vertex 16.009 25.7736 35
      vertex 16.0972 25.7736 36.2624
    endloop
  endfacet
  facet normal -0.138759 0.990279 0.00964212
    outer loop
      vertex 29.4512 45.841 34.3984
      vertex 29.3874 45.8263 34.99
      vertex 29.8991 45.898 34.99
    endloop
  endfacet
  facet normal -0.138788 0.990275 0.00963885
    outer loop
      vertex 29.4512 45.841 34.3984
      vertex 13.977 43.7766 23.6798
      vertex 29.3874 45.8263 34.99
    endloop
  endfacet
  facet normal -0.138837 0.990268 0.0097112
    outer loop
      vertex 13.977 43.7766 23.6798
      vertex 29.4512 45.841 34.3984
      vertex 31.2358 46.0928 34.2357
    endloop
  endfacet
  facet normal -0.138772 0.990278 0.00962004
    outer loop
      vertex 30.3077 45.95 35.5297
      vertex 29.4011 45.8281 35
      vertex 31.9341 46.165 36.8591
    endloop
  endfacet
  facet normal -0.138672 0.990293 0.00944619
    outer loop
      vertex 29.4011 45.8281 35
      vertex 30.3077 45.95 35.5297
      vertex 29.9067 45.8989 35
    endloop
  endfacet
  facet normal 0.51218 0.0802359 -0.855122
    outer loop
      vertex 29.6244 43.3251 33.0108
      vertex 27.6205 40.6772 31.5621
      vertex 29.4121 44.8391 33.0257
    endloop
  endfacet
  facet normal 0.511771 0.0807377 -0.85532
    outer loop
      vertex 30.8755 45.0355 33.9207
      vertex 31.3113 45.554 34.2304
      vertex 30.8823 44.9871 33.9202
    endloop
  endfacet
  facet normal 0.512253 0.0801913 -0.855083
    outer loop
      vertex 31.3113 45.554 34.2304
      vertex 30.8755 45.0355 33.9207
      vertex 31.2358 46.0928 34.2357
    endloop
  endfacet
  facet normal 0.512209 0.0802135 -0.855107
    outer loop
      vertex 29.4121 44.8391 33.0257
      vertex 31.2358 46.0928 34.2357
      vertex 30.8755 45.0355 33.9207
    endloop
  endfacet
  facet normal 0.512238 0.0802122 -0.85509
    outer loop
      vertex 18.926 43.4319 26.6121
      vertex 27.6205 40.6772 31.5621
      vertex 19.0389 42.6267 26.6042
    endloop
  endfacet
  facet normal 0.512236 0.0802015 -0.855092
    outer loop
      vertex 27.6205 40.6772 31.5621
      vertex 18.926 43.4319 26.6121
      vertex 29.4121 44.8391 33.0257
    endloop
  endfacet
  facet normal 0.512243 0.0801498 -0.855092
    outer loop
      vertex 29.4121 44.8391 33.0257
      vertex 18.926 43.4319 26.6121
      vertex 31.2358 46.0928 34.2357
    endloop
  endfacet
  facet normal 0.512234 0.0803286 -0.855081
    outer loop
      vertex 13.977 43.7766 23.6798
      vertex 18.926 43.4319 26.6121
      vertex 16.7689 43.1424 25.2927
    endloop
  endfacet
  facet normal 0.512232 0.0802042 -0.855094
    outer loop
      vertex 18.926 43.4319 26.6121
      vertex 13.977 43.7766 23.6798
      vertex 31.2358 46.0928 34.2357
    endloop
  endfacet
  facet normal -0.967184 -0.137632 0.213572
    outer loop
      vertex 13.5982 43.5984 36.4371
      vertex 14.3934 42 39.0082
      vertex 13.8058 43.6182 37.39
    endloop
  endfacet
  facet normal -0.967134 -0.137724 0.213737
    outer loop
      vertex 14.3934 42 39.0082
      vertex 15.5 31.1126 37
      vertex 14.4155 42 39.1082
    endloop
  endfacet
  facet normal -0.967184 -0.137692 0.213534
    outer loop
      vertex 13.5982 43.5984 36.4371
      vertex 15.5 31.1126 37
      vertex 14.3934 42 39.0082
    endloop
  endfacet
  facet normal -0.967188 -0.137693 0.213515
    outer loop
      vertex 15.5 31.1126 37
      vertex 13.5982 43.5984 36.4371
      vertex 15.5 30.0335 36.3041
    endloop
  endfacet
  facet normal -0.967209 -0.137673 0.213433
    outer loop
      vertex 14.4155 42 39.1082
      vertex 15.5 31.1126 37
      vertex 15.6613 29.9794 37
    endloop
  endfacet
  facet normal -0.967098 -0.137491 0.214051
    outer loop
      vertex 16.0972 25.7736 36.2624
      vertex 16.0738 26 36.3021
      vertex 16.0655 26 36.2646
    endloop
  endfacet
  facet normal -0.967247 -0.137398 0.213435
    outer loop
      vertex 16.0972 25.7736 36.2624
      vertex 16.2278 26 37
      vertex 16.0738 26 36.3021
    endloop
  endfacet
  facet normal -0.967185 -0.137705 0.213518
    outer loop
      vertex 16.2278 26 37
      vertex 16.0972 25.7736 36.2624
      vertex 16.7424 25.835 39.2246
    endloop
  endfacet
  facet normal -0.967259 -0.137642 0.213226
    outer loop
      vertex 15.6613 29.9794 37
      vertex 14.4761 42 39.3831
      vertex 14.4155 42 39.1082
    endloop
  endfacet
  facet normal -0.967187 -0.137687 0.21352
    outer loop
      vertex 16.7424 25.835 39.2246
      vertex 15.6613 29.9794 37
      vertex 16.2278 26 37
    endloop
  endfacet
  facet normal -0.967189 -0.137691 0.213512
    outer loop
      vertex 15.6613 29.9794 37
      vertex 16.7424 25.835 39.2246
      vertex 14.4761 42 39.3831
    endloop
  endfacet
  facet normal 0.512293 0.080208 -0.855057
    outer loop
      vertex 31.6474 39.5299 33.8667
      vertex 31.2216 45.082 34.1324
      vertex 32.016 39.4154 34.0768
    endloop
  endfacet
  facet normal 0.512315 0.0802091 -0.855044
    outer loop
      vertex 31.2216 45.082 34.1324
      vertex 31.6474 39.5299 33.8667
      vertex 30.8823 44.9871 33.9202
    endloop
  endfacet
  facet normal 0.512339 0.0801621 -0.855034
    outer loop
      vertex 31.2216 45.082 34.1324
      vertex 31.3113 45.554 34.2304
      vertex 31.3746 45.1025 34.226
    endloop
  endfacet
  facet normal 0.512325 0.0801663 -0.855042
    outer loop
      vertex 31.3113 45.554 34.2304
      vertex 31.2216 45.082 34.1324
      vertex 30.8823 44.9871 33.9202
    endloop
  endfacet
  facet normal 0.512241 0.0801891 -0.85509
    outer loop
      vertex 28.854 40.397 32.2747
      vertex 29.6244 43.3251 33.0108
      vertex 30.0887 40.0137 32.9784
    endloop
  endfacet
  facet normal 0.512216 0.080199 -0.855104
    outer loop
      vertex 29.6244 43.3251 33.0108
      vertex 28.854 40.397 32.2747
      vertex 27.6205 40.6772 31.5621
    endloop
  endfacet
  facet normal -0.987856 -0.139175 0.0690725
    outer loop
      vertex 15.5 28.9333 34.0875
      vertex 13.497 43.5984 34.99
      vertex 12.7281 43.5984 23.9934
    endloop
  endfacet
  facet normal -0.987855 -0.139176 0.0690866
    outer loop
      vertex 13.497 43.5984 34.99
      vertex 15.5 28.9333 34.0875
      vertex 15.5 29.3813 34.99
    endloop
  endfacet
  facet normal -0.987855 -0.139175 0.0690832
    outer loop
      vertex 13.4977 43.5984 35
      vertex 15.5 30.0335 36.3041
      vertex 13.5982 43.5984 36.4371
    endloop
  endfacet
  facet normal -0.987855 -0.139175 0.0690806
    outer loop
      vertex 15.5 30.0335 36.3041
      vertex 13.4977 43.5984 35
      vertex 15.5 29.3862 35
    endloop
  endfacet
  facet normal -0.987862 -0.138992 0.0693565
    outer loop
      vertex 16.0972 25.7736 36.2624
      vertex 16.0655 26 36.2646
      vertex 16.0544 26 36.1065
    endloop
  endfacet
  facet normal -0.13902 0.990242 0.00972052
    outer loop
      vertex 13.497 43.5984 34.99
      vertex 13.8097 43.6423 34.99
      vertex 12.7281 43.5984 23.9934
    endloop
  endfacet
  facet normal -0.138786 0.990275 0.00965947
    outer loop
      vertex 14.0425 43.6517 37.3565
      vertex 13.5982 43.5984 36.4371
      vertex 13.8058 43.6182 37.39
    endloop
  endfacet
  facet normal -0.138893 0.99026 0.00971231
    outer loop
      vertex 13.8107 43.6423 35
      vertex 13.5982 43.5984 36.4371
      vertex 14.0425 43.6517 37.3565
    endloop
  endfacet
  facet normal -0.13889 0.99026 0.00971289
    outer loop
      vertex 13.5982 43.5984 36.4371
      vertex 13.8107 43.6423 35
      vertex 13.4977 43.5984 35
    endloop
  endfacet
  facet normal -0.937934 -0.340568 0.0655305
    outer loop
      vertex 21.8976 9.55623 35
      vertex 16.0972 25.7736 36.2624
      vertex 16.009 25.7736 35
    endloop
  endfacet
  facet normal -0.937935 -0.340567 0.0655174
    outer loop
      vertex 16.0972 25.7736 36.2624
      vertex 21.8976 9.55623 35
      vertex 22.3882 8.36333 35.8225
    endloop
  endfacet
  facet normal -0.937931 -0.340565 0.0655887
    outer loop
      vertex 21.8916 9.57073 34.99
      vertex 16.0083 25.7736 34.99
      vertex 15.2271 25.7736 23.8187
    endloop
  endfacet
  facet normal -0.775424 -0.294305 0.558662
    outer loop
      vertex 16.0972 25.7736 36.2624
      vertex 22.0083 10.753 36.5541
      vertex 16.5101 25.8256 36.8629
    endloop
  endfacet
  facet normal -0.775428 -0.294307 0.558655
    outer loop
      vertex 22.0083 10.753 36.5541
      vertex 16.0972 25.7736 36.2624
      vertex 22.3882 8.36333 35.8225
    endloop
  endfacet
  facet normal -0.93793 -0.340568 0.0655838
    outer loop
      vertex 21.3786 8.36333 21.3836
      vertex 21.8916 9.57073 34.99
      vertex 15.2271 25.7736 23.8187
    endloop
  endfacet
  facet normal -0.937933 -0.340558 0.0655831
    outer loop
      vertex 21.8916 9.57073 34.99
      vertex 21.3786 8.36333 21.3836
      vertex 22.33 8.36333 34.99
    endloop
  endfacet
  facet normal -0.937943 -0.340534 0.0655705
    outer loop
      vertex 22.3307 8.36333 35
      vertex 22.3882 8.36333 35.8225
      vertex 21.8976 9.55623 35
    endloop
  endfacet
  facet normal -0.625527 -0.317567 0.712648
    outer loop
      vertex 22.3882 8.36333 35.8225
      vertex 22.8424 8.39301 36.2344
      vertex 22.6194 9.02346 36.3196
    endloop
  endfacet
  facet normal -0.671771 0 0.740759
    outer loop
      vertex 22.8424 8.39301 36.2344
      vertex 22.3882 8.36333 35.8225
      vertex 22.8424 8.393 36.2344
    endloop
  endfacet
  facet normal -0.625454 -0.317622 0.712687
    outer loop
      vertex 22.3882 8.36333 35.8225
      vertex 22.6194 9.02346 36.3196
      vertex 22.0083 10.753 36.5541
    endloop
  endfacet
  facet normal -0.988556 -0.134076 0.0691413
    outer loop
      vertex 23.8455 -2.43349 35.7206
      vertex 22.4549 7.44791 35
      vertex 23.7951 -2.43349 35
    endloop
  endfacet
  facet normal -0.988561 -0.134083 0.0690638
    outer loop
      vertex 22.4549 7.44791 35
      vertex 23.8455 -2.43349 35.7206
      vertex 22.3882 8.36333 35.8225
    endloop
  endfacet
  facet normal -0.988557 -0.134076 0.0691343
    outer loop
      vertex 22.4557 7.43678 34.99
      vertex 23.1742 -2.43349 26.1219
      vertex 23.4768 -2.43349 30.4488
    endloop
  endfacet
  facet normal -0.988556 -0.134077 0.0691371
    outer loop
      vertex 22.4557 7.43678 34.99
      vertex 23.4768 -2.43349 30.4488
      vertex 23.7944 -2.43349 34.99
    endloop
  endfacet
  facet normal -0.665169 -0.0967741 0.740396
    outer loop
      vertex 24.7173 2.19798 37.1093
      vertex 25.115 -2.21951 36.8892
      vertex 25.7256 8.58137 38.8495
    endloop
  endfacet
  facet normal -0.665228 -0.0967768 0.740342
    outer loop
      vertex 24.1313 -1.04297 36.1591
      vertex 25.115 -2.21951 36.8892
      vertex 24.7173 2.19798 37.1093
    endloop
  endfacet
  facet normal -0.665183 -0.0967075 0.740392
    outer loop
      vertex 25.115 -2.21951 36.8892
      vertex 24.1313 -1.04297 36.1591
      vertex 24.3854 -1.71125 36.3001
    endloop
  endfacet
  facet normal -0.665234 -0.0967377 0.740341
    outer loop
      vertex 23.8455 -2.43349 35.7206
      vertex 24.3854 -1.71125 36.3001
      vertex 24.1313 -1.04297 36.1591
    endloop
  endfacet
  facet normal -0.66518 -0.0968092 0.74038
    outer loop
      vertex 24.3854 -1.71125 36.3001
      vertex 23.8455 -2.43349 35.7206
      vertex 24.3129 -2.42528 36.1416
    endloop
  endfacet
  facet normal -0.665143 -0.0967634 0.74042
    outer loop
      vertex 22.3882 8.36333 35.8225
      vertex 24.1313 -1.04297 36.1591
      vertex 22.8424 8.393 36.2344
    endloop
  endfacet
  facet normal -0.665168 -0.0967688 0.740397
    outer loop
      vertex 24.1313 -1.04297 36.1591
      vertex 22.3882 8.36333 35.8225
      vertex 23.8455 -2.43349 35.7206
    endloop
  endfacet
  facet normal -0.988553 -0.134112 0.0691225
    outer loop
      vertex 21.3786 8.36333 21.3836
      vertex 22.4557 7.43678 34.99
      vertex 22.33 8.36333 34.99
    endloop
  endfacet
  facet normal -0.988558 -0.134075 0.0691121
    outer loop
      vertex 23.1742 -2.43349 26.1219
      vertex 21.3786 8.36333 21.3836
      vertex 22.812 -2.43349 20.9411
    endloop
  endfacet
  facet normal -0.988545 -0.13408 0.0692861
    outer loop
      vertex 22.812 -2.43349 20.9411
      vertex 21.3786 8.36333 21.3836
      vertex 22.8175 -2.62519 20.6486
    endloop
  endfacet
  facet normal -0.988558 -0.134069 0.0691259
    outer loop
      vertex 21.3786 8.36333 21.3836
      vertex 23.1742 -2.43349 26.1219
      vertex 22.4557 7.43678 34.99
    endloop
  endfacet
  facet normal -0.988552 -0.134122 0.0691085
    outer loop
      vertex 22.4549 7.44791 35
      vertex 22.3882 8.36333 35.8225
      vertex 22.3307 8.36333 35
    endloop
  endfacet
  facet normal -0.52263 -0.123562 0.843558
    outer loop
      vertex 25.7256 8.58137 38.8495
      vertex 25.9082 -1.38697 37.5025
      vertex 27.019 -1.38697 38.1907
    endloop
  endfacet
  facet normal -0.522571 -0.123566 0.843594
    outer loop
      vertex 25.115 -2.21951 36.8892
      vertex 25.9082 -1.38697 37.5025
      vertex 25.7256 8.58137 38.8495
    endloop
  endfacet
  facet normal -0.522713 -0.123385 0.843533
    outer loop
      vertex 25.9082 -1.38697 37.5025
      vertex 25.115 -2.21951 36.8892
      vertex 25.3205 -2.13571 37.0288
    endloop
  endfacet
  facet normal -0.994564 0.0774807 0.0695615
    outer loop
      vertex 23.3987 -7.52179 35
      vertex 23.8455 -2.43349 35.7206
      vertex 23.7951 -2.43349 35
    endloop
  endfacet
  facet normal -0.994563 0.0774783 0.0695779
    outer loop
      vertex 23.8455 -2.43349 35.7206
      vertex 23.3987 -7.52179 35
      vertex 23.3858 -8.36333 35.7527
    endloop
  endfacet
  facet normal -0.994565 0.0774751 0.0695573
    outer loop
      vertex 23.7944 -2.43349 34.99
      vertex 23.4768 -2.43349 30.4488
      vertex 23.3989 -7.51061 34.99
    endloop
  endfacet
  facet normal -0.66876 0.0558643 0.741377
    outer loop
      vertex 23.8455 -2.43349 35.7206
      vertex 23.84 -8.393 36.1647
      vertex 24.3129 -2.42528 36.1416
    endloop
  endfacet
  facet normal -0.668807 0.0558611 0.741334
    outer loop
      vertex 23.84 -8.393 36.1647
      vertex 23.8455 -2.43349 35.7206
      vertex 23.3858 -8.36333 35.7527
    endloop
  endfacet
  facet normal -0.668764 0.0558637 0.741373
    outer loop
      vertex 25.9082 -1.38697 37.5025
      vertex 25.3472 -2.25034 37.0615
      vertex 26.7231 -8.58137 38.7797
    endloop
  endfacet
  facet normal -0.668676 0.0557626 0.74146
    outer loop
      vertex 25.3472 -2.25034 37.0615
      vertex 25.9082 -1.38697 37.5025
      vertex 25.3205 -2.13571 37.0288
    endloop
  endfacet
  facet normal -0.994574 0.0774112 0.0695026
    outer loop
      vertex 23.3858 -8.36333 35.7527
      vertex 23.3987 -7.52179 35
      vertex 23.3332 -8.36333 35
    endloop
  endfacet
  facet normal -0.994566 0.0774815 0.0695321
    outer loop
      vertex 22.3761 -8.36333 21.3139
      vertex 23.1742 -2.43349 26.1219
      vertex 22.812 -2.43349 20.9411
    endloop
  endfacet
  facet normal -0.994566 0.0774652 0.0695522
    outer loop
      vertex 23.3325 -8.36333 34.99
      vertex 23.1742 -2.43349 26.1219
      vertex 22.3761 -8.36333 21.3139
    endloop
  endfacet
  facet normal -0.994569 0.0774455 0.0695391
    outer loop
      vertex 23.1742 -2.43349 26.1219
      vertex 23.3325 -8.36333 34.99
      vertex 23.3989 -7.51061 34.99
    endloop
  endfacet
  facet normal -0.994565 0.0774726 0.0695545
    outer loop
      vertex 23.4768 -2.43349 30.4488
      vertex 23.1742 -2.43349 26.1219
      vertex 23.3989 -7.51061 34.99
    endloop
  endfacet
  facet normal -0.524368 0.0908796 0.846628
    outer loop
      vertex 27.019 -1.38697 38.1907
      vertex 26.7231 -8.58137 38.7797
      vertex 27.4162 0.91043 38.1901
    endloop
  endfacet
  facet normal -0.524486 0.0908785 0.846555
    outer loop
      vertex 26.7231 -8.58137 38.7797
      vertex 27.019 -1.38697 38.1907
      vertex 25.9082 -1.38697 37.5025
    endloop
  endfacet
  facet normal -0.98785 0.139177 0.0691495
    outer loop
      vertex 19.4226 -30 34.99
      vertex 17.5885 -43.5984 36.1581
      vertex 19.4233 -30 35
    endloop
  endfacet
  facet normal -0.987856 0.139172 0.0690771
    outer loop
      vertex 19.4226 -30 34.99
      vertex 16.6486 -43.5984 22.7168
      vertex 17.5885 -43.5984 36.1581
    endloop
  endfacet
  facet normal -0.987856 0.139175 0.0690736
    outer loop
      vertex 16.6486 -43.5984 22.7168
      vertex 19.4226 -30 34.99
      vertex 19.83 -27.1083 34.99
    endloop
  endfacet
  facet normal -0.987855 0.139174 0.0690809
    outer loop
      vertex 19.4233 -30 35
      vertex 20.0875 -25.7736 35.9833
      vertex 19.8326 -27.0948 35
    endloop
  endfacet
  facet normal -0.987855 0.139173 0.0690874
    outer loop
      vertex 20.0875 -25.7736 35.9833
      vertex 19.4233 -30 35
      vertex 17.5885 -43.5984 36.1581
    endloop
  endfacet
  facet normal -0.748756 0.150399 0.645557
    outer loop
      vertex 20.0875 -25.7736 35.9833
      vertex 23.3974 -10.7788 36.3289
      vertex 23.3858 -8.36333 35.7527
    endloop
  endfacet
  facet normal -0.748792 0.150408 0.645514
    outer loop
      vertex 23.3974 -10.7788 36.3289
      vertex 20.0875 -25.7736 35.9833
      vertex 20.5203 -25.8292 36.4983
    endloop
  endfacet
  facet normal -0.671861 0 0.740678
    outer loop
      vertex 23.3858 -8.36333 35.7527
      vertex 23.84 -8.39301 36.1647
      vertex 23.84 -8.393 36.1647
    endloop
  endfacet
  facet normal -0.655593 0.172233 0.73521
    outer loop
      vertex 23.7234 -9.02139 36.2079
      vertex 23.3858 -8.36333 35.7527
      vertex 23.3974 -10.7788 36.3289
    endloop
  endfacet
  facet normal -0.655628 0.172199 0.735187
    outer loop
      vertex 23.84 -8.39301 36.1647
      vertex 23.3858 -8.36333 35.7527
      vertex 23.7234 -9.02139 36.2079
    endloop
  endfacet
  facet normal -0.980041 0.186625 0.068487
    outer loop
      vertex 23.3858 -8.36333 35.7527
      vertex 23.3332 -8.36333 35
      vertex 23.1443 -9.35532 35
    endloop
  endfacet
  facet normal -0.98004 0.186615 0.0685363
    outer loop
      vertex 22.3761 -8.36333 21.3139
      vertex 23.1411 -9.3685 34.99
      vertex 23.3325 -8.36333 34.99
    endloop
  endfacet
  facet normal -0.980048 0.186571 0.0685336
    outer loop
      vertex 23.1411 -9.3685 34.99
      vertex 22.3761 -8.36333 21.3139
      vertex 19.1476 -25.7736 22.5421
    endloop
  endfacet
  facet normal -0.98786 0.139146 0.0690746
    outer loop
      vertex 19.1476 -25.7736 22.5421
      vertex 19.83 -27.1083 34.99
      vertex 20.018 -25.7736 34.99
    endloop
  endfacet
  facet normal -0.987856 0.139172 0.0690772
    outer loop
      vertex 19.83 -27.1083 34.99
      vertex 19.1476 -25.7736 22.5421
      vertex 16.6486 -43.5984 22.7168
    endloop
  endfacet
  facet normal -0.987857 0.139146 0.0691188
    outer loop
      vertex 20.0875 -25.7736 35.9833
      vertex 20.0187 -25.7736 35
      vertex 19.8326 -27.0948 35
    endloop
  endfacet
  facet normal -0.980045 0.186574 0.0685722
    outer loop
      vertex 20.0875 -25.7736 35.9833
      vertex 23.1443 -9.35532 35
      vertex 20.0187 -25.7736 35
    endloop
  endfacet
  facet normal -0.980046 0.186574 0.068556
    outer loop
      vertex 23.1443 -9.35532 35
      vertex 20.0875 -25.7736 35.9833
      vertex 23.3858 -8.36333 35.7527
    endloop
  endfacet
  facet normal -0.980048 0.186575 0.0685283
    outer loop
      vertex 20.018 -25.7736 34.99
      vertex 23.1411 -9.3685 34.99
      vertex 19.1476 -25.7736 22.5421
    endloop
  endfacet
  facet normal 0.138742 0.990281 -0.00968546
    outer loop
      vertex 20.6629 -25.835 37.948
      vertex 20.5203 -25.8292 36.4983
      vertex 20.0875 -25.7736 35.9833
    endloop
  endfacet
  facet normal -0.949632 0.135903 0.282365
    outer loop
      vertex 20.6629 -25.835 37.948
      vertex 20.0875 -25.7736 35.9833
      vertex 18.1639 -43.6599 38.1227
    endloop
  endfacet
  facet normal -0.949626 0.135905 0.282385
    outer loop
      vertex 18.1639 -43.6599 38.1227
      vertex 20.0875 -25.7736 35.9833
      vertex 17.5885 -43.5984 36.1581
    endloop
  endfacet
  facet normal 0.543984 -0.08444 -0.834836
    outer loop
      vertex 32.5966 -41.9988 31.8006
      vertex 31.3704 -39.5894 30.7579
      vertex 33.0299 -38.9078 31.7703
    endloop
  endfacet
  facet normal 0.543955 -0.0844624 -0.834853
    outer loop
      vertex 31.3704 -39.5894 30.7579
      vertex 32.5966 -41.9988 31.8006
      vertex 30.8805 -39.7416 30.4541
    endloop
  endfacet
  facet normal 0.543956 -0.084418 -0.834857
    outer loop
      vertex 34.6149 -46.0114 33.5215
      vertex 32.2203 -44.6824 31.8269
      vertex 34.7537 -45.0211 33.5118
    endloop
  endfacet
  facet normal 0.543951 -0.0844607 -0.834855
    outer loop
      vertex 32.2203 -44.6824 31.8269
      vertex 23.1022 -42.159 25.6307
      vertex 30.8805 -39.7416 30.4541
    endloop
  endfacet
  facet normal 0.543957 -0.0844146 -0.834856
    outer loop
      vertex 22.9227 -43.4395 25.6433
      vertex 32.2203 -44.6824 31.8269
      vertex 34.6149 -46.0114 33.5215
    endloop
  endfacet
  facet normal 0.54395 -0.0844656 -0.834856
    outer loop
      vertex 32.2203 -44.6824 31.8269
      vertex 22.9227 -43.4395 25.6433
      vertex 23.1022 -42.159 25.6307
    endloop
  endfacet
  facet normal 0.543954 -0.084429 -0.834856
    outer loop
      vertex 17.8975 -43.7766 22.4032
      vertex 22.9227 -43.4395 25.6433
      vertex 34.6149 -46.0114 33.5215
    endloop
  endfacet
  facet normal 0.543954 -0.0845201 -0.834847
    outer loop
      vertex 22.9227 -43.4395 25.6433
      vertex 17.8975 -43.7766 22.4032
      vertex 20.1673 -43.0712 23.8107
    endloop
  endfacet
  facet normal 0.54396 -0.0844569 -0.83485
    outer loop
      vertex 32.5966 -41.9988 31.8006
      vertex 32.2203 -44.6824 31.8269
      vertex 30.8805 -39.7416 30.4541
    endloop
  endfacet
  facet normal -0.139033 -0.99024 0.00972208
    outer loop
      vertex 18.1639 -43.6599 38.1227
      vertex 17.5885 -43.5984 36.1581
      vertex 16.6486 -43.5984 22.7168
    endloop
  endfacet
  facet normal -0.138846 -0.990266 0.00972177
    outer loop
      vertex 33.8235 -45.8995 33.617
      vertex 17.8975 -43.7766 22.4032
      vertex 34.6149 -46.0114 33.5215
    endloop
  endfacet
  facet normal -0.138855 -0.990265 0.00973487
    outer loop
      vertex 34.2092 -45.9473 34.2561
      vertex 17.8975 -43.7766 22.4032
      vertex 33.8235 -45.8995 33.617
    endloop
  endfacet
  facet normal -0.138737 -0.990283 0.00956946
    outer loop
      vertex 17.8975 -43.7766 22.4032
      vertex 34.2092 -45.9473 34.2561
      vertex 35.8546 -46.165 35.5825
    endloop
  endfacet
  facet normal -0.138833 -0.990268 0.00972152
    outer loop
      vertex 51.9941 -48.4685 31.4237
      vertex 34.2092 -45.9473 34.2561
      vertex 33.8235 -45.8995 33.617
    endloop
  endfacet
  facet normal -0.135524 -0.990748 0.00713282
    outer loop
      vertex 18.0877 -43.6619 36.8236
      vertex 18.0732 -43.6599 36.8259
      vertex 18.0731 -43.6599 36.824
    endloop
  endfacet
  facet normal -0.118644 0.00726953 -0.99291
    outer loop
      vertex 51.9941 -48.4685 31.4237
      vertex 50.1455 -47.1972 31.6539
      vertex 50.2434 -47.2111 31.6421
    endloop
  endfacet
  facet normal -0.118867 0.00694086 -0.992886
    outer loop
      vertex 34.6149 -46.0114 33.5215
      vertex 50.1455 -47.1972 31.6539
      vertex 51.9941 -48.4685 31.4237
    endloop
  endfacet
  facet normal -0.118871 0.00688797 -0.992886
    outer loop
      vertex 50.1455 -47.1972 31.6539
      vertex 34.6149 -46.0114 33.5215
      vertex 35.2885 -45.0967 33.4472
    endloop
  endfacet
  facet normal -0.118813 0.00684393 -0.992893
    outer loop
      vertex 35.2885 -45.0967 33.4472
      vertex 34.6149 -46.0114 33.5215
      vertex 34.8558 -45.0355 33.4994
    endloop
  endfacet
  facet normal -0.119583 0.00703617 -0.992799
    outer loop
      vertex 34.8558 -45.0355 33.4994
      vertex 34.6149 -46.0114 33.5215
      vertex 34.7537 -45.0211 33.5118
    endloop
  endfacet
  facet normal 0.172322 0.921354 0.348441
    outer loop
      vertex 34.6149 -46.0114 33.5215
      vertex 51.9941 -48.4685 31.4237
      vertex 33.8235 -45.8995 33.617
    endloop
  endfacet
  facet normal -0.118772 0.00697528 -0.992897
    outer loop
      vertex 36.3873 -37.2591 33.3704
      vertex 35.9602 -37.1581 33.4222
      vertex 36.0119 -36.9895 33.4172
    endloop
  endfacet
  facet normal -0.118801 0.00692613 -0.992894
    outer loop
      vertex 34.8558 -45.0355 33.4994
      vertex 36.3873 -37.2591 33.3704
      vertex 35.2885 -45.0967 33.4472
    endloop
  endfacet
  facet normal -0.118784 0.00692283 -0.992896
    outer loop
      vertex 36.3873 -37.2591 33.3704
      vertex 34.8558 -45.0355 33.4994
      vertex 35.9602 -37.1581 33.4222
    endloop
  endfacet
  facet normal -0.118993 0.00677706 -0.992872
    outer loop
      vertex 50.9776 -47.3148 31.5534
      vertex 51.9941 -48.4685 31.4237
      vertex 50.2434 -47.2111 31.6421
    endloop
  endfacet
  facet normal -0.118821 0.00690588 -0.992892
    outer loop
      vertex 36.7727 -34.5099 33.3434
      vertex 36.3873 -37.2591 33.3704
      vertex 36.0119 -36.9895 33.4172
    endloop
  endfacet
  facet normal 0.186207 -0.0164742 0.982372
    outer loop
      vertex 38.4443 -28.3401 36.7046
      vertex 37.4765 -44.1152 36.6235
      vertex 39.4784 -29.8361 36.4835
    endloop
  endfacet
  facet normal 0.186165 -0.0164717 0.98238
    outer loop
      vertex 37.4765 -44.1152 36.6235
      vertex 38.4443 -28.3401 36.7046
      vertex 35.9453 -46.165 36.8793
    endloop
  endfacet
  facet normal 0.186194 -0.0164939 0.982374
    outer loop
      vertex 52.3792 -48.4999 33.7253
      vertex 37.4765 -44.1152 36.6235
      vertex 35.9453 -46.165 36.8793
    endloop
  endfacet
  facet normal 0.186241 -0.01645 0.982366
    outer loop
      vertex 39.4784 -29.8361 36.4835
      vertex 39.6638 -28.5134 36.4705
      vertex 38.4443 -28.3401 36.7046
    endloop
  endfacet
  facet normal 0.138321 0.990308 -0.0125492
    outer loop
      vertex 39.6638 -28.5134 36.4705
      vertex 38.664 -28.3715 36.6483
      vertex 38.4443 -28.3401 36.7046
    endloop
  endfacet
  facet normal -0.138831 -0.990268 0.00971721
    outer loop
      vertex 52.3064 -48.4999 32.6852
      vertex 52.3792 -48.4999 33.7253
      vertex 35.9453 -46.165 36.8793
    endloop
  endfacet
  facet normal 0.138842 0.990267 -0.00971721
    outer loop
      vertex 52.4326 -31.4002 27.6183
      vertex 48.3602 -30.7912 31.4932
      vertex 53.2042 -31.4778 30.735
    endloop
  endfacet
  facet normal 0.138834 0.990268 -0.00972535
    outer loop
      vertex 48.3602 -30.7912 31.4932
      vertex 52.4326 -31.4002 27.6183
      vertex 37.0609 -29.2072 31.4783
    endloop
  endfacet
  facet normal 0.138834 0.990268 -0.00968123
    outer loop
      vertex 37.0609 -29.2072 31.4783
      vertex 38.2049 -29.3519 33.0829
      vertex 48.3602 -30.7912 31.4932
    endloop
  endfacet
  facet normal 0.138811 0.990272 -0.00966418
    outer loop
      vertex 38.2049 -29.3519 33.0829
      vertex 37.0609 -29.2072 31.4783
      vertex 37.2892 -29.2302 32.4007
    endloop
  endfacet
  facet normal -0.240234 0.024168 -0.970414
    outer loop
      vertex 50.2113 -47.2445 27.7736
      vertex 37.0609 -29.2072 31.4783
      vertex 52.4326 -31.4002 27.6183
    endloop
  endfacet
  facet normal -0.240232 0.0241693 -0.970415
    outer loop
      vertex 37.0609 -29.2072 31.4783
      vertex 50.2113 -47.2445 27.7736
      vertex 34.8395 -45.0515 31.6336
    endloop
  endfacet
  facet normal -0.138835 -0.990268 0.00969177
    outer loop
      vertex 50.1455 -47.1972 31.6539
      vertex 35.2885 -45.0967 33.4472
      vertex 34.8395 -45.0515 31.6336
    endloop
  endfacet
  facet normal 0.960736 -0.137039 -0.241261
    outer loop
      vertex 52.855 -34.1622 30.8692
      vertex 52.4326 -31.4002 27.6183
      vertex 53.2042 -31.4778 30.735
    endloop
  endfacet
  facet normal 0.96073 -0.137055 -0.241274
    outer loop
      vertex 52.4326 -31.4002 27.6183
      vertex 52.855 -34.1622 30.8692
      vertex 50.2113 -47.2445 27.7736
    endloop
  endfacet
  facet normal -0.960747 0.137056 0.241209
    outer loop
      vertex 37.0609 -29.2072 31.4783
      vertex 36.7727 -34.5099 33.3434
      vertex 37.2892 -29.2302 32.4007
    endloop
  endfacet
  facet normal -0.960749 0.137053 0.2412
    outer loop
      vertex 37.0609 -29.2072 31.4783
      vertex 36.3873 -37.2591 33.3704
      vertex 36.7727 -34.5099 33.3434
    endloop
  endfacet
  facet normal -0.960737 0.137062 0.241242
    outer loop
      vertex 34.8395 -45.0515 31.6336
      vertex 36.3873 -37.2591 33.3704
      vertex 37.0609 -29.2072 31.4783
    endloop
  endfacet
  facet normal -0.960732 0.137055 0.241268
    outer loop
      vertex 36.3873 -37.2591 33.3704
      vertex 34.8395 -45.0515 31.6336
      vertex 35.2885 -45.0967 33.4472
    endloop
  endfacet
  facet normal 0.961336 -0.137124 -0.238809
    outer loop
      vertex 52.4857 -36.8049 30.9
      vertex 52.855 -34.1622 30.8692
      vertex 52.7748 -34.7781 30.9
    endloop
  endfacet
  facet normal 0.960741 -0.137069 -0.241225
    outer loop
      vertex 52.4857 -36.8049 30.9
      vertex 50.2113 -47.2445 27.7736
      vertex 52.855 -34.1622 30.8692
    endloop
  endfacet
  facet normal 0.960716 -0.137027 -0.241345
    outer loop
      vertex 52.507 -36.8368 31.0029
      vertex 50.2113 -47.2445 27.7736
      vertex 52.4857 -36.8049 30.9
    endloop
  endfacet
  facet normal 0.960736 -0.137061 -0.241249
    outer loop
      vertex 50.2113 -47.2445 27.7736
      vertex 52.507 -36.8368 31.0029
      vertex 51.1407 -47.338 31.5279
    endloop
  endfacet
  facet normal -0.138835 -0.990268 0.00971685
    outer loop
      vertex 50.2113 -47.2445 27.7736
      vertex 50.1455 -47.1972 31.6539
      vertex 34.8395 -45.0515 31.6336
    endloop
  endfacet
  facet normal -0.139418 -0.990186 0.00970597
    outer loop
      vertex 50.1455 -47.1972 31.6539
      vertex 50.2113 -47.2445 27.7736
      vertex 50.2434 -47.2111 31.6421
    endloop
  endfacet
  facet normal -0.138698 -0.990287 0.00970087
    outer loop
      vertex 50.2434 -47.2111 31.6421
      vertex 50.2113 -47.2445 27.7736
      vertex 50.9776 -47.3148 31.5534
    endloop
  endfacet
  facet normal -0.139314 -0.9902 0.00982722
    outer loop
      vertex 50.9776 -47.3148 31.5534
      vertex 50.2113 -47.2445 27.7736
      vertex 51.1407 -47.338 31.5279
    endloop
  endfacet
  facet normal -0.0697736 4.20758e-06 -0.997563
    outer loop
      vertex 33.0299 -38.9078 31.7703
      vertex 36.9479 -29.1912 31.4963
      vertex 34.7266 -45.0355 31.6516
    endloop
  endfacet
  facet normal -0.0697632 -2.43508e-08 -0.997564
    outer loop
      vertex 36.9479 -29.1912 31.4963
      vertex 33.0299 -38.9078 31.7703
      vertex 36.15 -29.0788 31.5521
    endloop
  endfacet
  facet normal -0.0697785 2.86655e-06 -0.997563
    outer loop
      vertex 34.7266 -45.0355 31.6516
      vertex 32.5966 -41.9988 31.8006
      vertex 33.0299 -38.9078 31.7703
    endloop
  endfacet
  facet normal -0.0697723 7.22853e-06 -0.997563
    outer loop
      vertex 32.5966 -41.9988 31.8006
      vertex 34.7266 -45.0355 31.6516
      vertex 32.2203 -44.6824 31.8269
    endloop
  endfacet
  facet normal 0.987851 -0.139181 -0.0691308
    outer loop
      vertex 35.9602 -37.1581 33.4222
      vertex 36.9479 -29.1912 31.4963
      vertex 36.9959 -29.1912 32.1822
    endloop
  endfacet
  facet normal 0.987856 -0.139173 -0.0690719
    outer loop
      vertex 34.7266 -45.0355 31.6516
      vertex 35.9602 -37.1581 33.4222
      vertex 34.8558 -45.0355 33.4994
    endloop
  endfacet
  facet normal 0.987856 -0.13917 -0.0690841
    outer loop
      vertex 35.9602 -37.1581 33.4222
      vertex 34.7266 -45.0355 31.6516
      vertex 36.9479 -29.1912 31.4963
    endloop
  endfacet
  facet normal -0.138836 -0.990268 0.00968838
    outer loop
      vertex 34.7266 -45.0355 31.6516
      vertex 34.7537 -45.0211 33.5118
      vertex 32.2203 -44.6824 31.8269
    endloop
  endfacet
  facet normal -0.138496 -0.990316 0.00968379
    outer loop
      vertex 34.7537 -45.0211 33.5118
      vertex 34.7266 -45.0355 31.6516
      vertex 34.8558 -45.0355 33.4994
    endloop
  endfacet
  facet normal 0.13882 0.99027 -0.00971475
    outer loop
      vertex 36.9959 -29.1912 32.1822
      vertex 36.9479 -29.1912 31.4963
      vertex 36.15 -29.0788 31.5521
    endloop
  endfacet
  facet normal 0.960765 -0.137031 -0.241149
    outer loop
      vertex 24.3268 -29.2609 23.1798
      vertex 24.3409 -27.5145 22.2436
      vertex 24.4961 -27.5301 22.8708
    endloop
  endfacet
  facet normal 0.960729 -0.137057 -0.241279
    outer loop
      vertex 22.1195 -43.3587 22.3989
      vertex 24.3268 -29.2609 23.1798
      vertex 23.2657 -40.4377 25.3036
    endloop
  endfacet
  facet normal 0.960745 -0.137063 -0.24121
    outer loop
      vertex 24.3268 -29.2609 23.1798
      vertex 22.1195 -43.3587 22.3989
      vertex 24.3409 -27.5145 22.2436
    endloop
  endfacet
  facet normal -0.138805 -0.990272 0.00972363
    outer loop
      vertex 22.1195 -43.3587 22.3989
      vertex 20.1673 -43.0712 23.8107
      vertex 19.2317 -42.9468 23.1241
    endloop
  endfacet
  facet normal -0.138819 -0.99027 0.00970452
    outer loop
      vertex 20.1673 -43.0712 23.8107
      vertex 22.1195 -43.3587 22.3989
      vertex 22.9227 -43.4395 25.6433
    endloop
  endfacet
  facet normal 0.960733 -0.137099 -0.241238
    outer loop
      vertex 23.1022 -42.159 25.6307
      vertex 22.1195 -43.3587 22.3989
      vertex 23.2657 -40.4377 25.3036
    endloop
  endfacet
  facet normal 0.960735 -0.137049 -0.241258
    outer loop
      vertex 22.1195 -43.3587 22.3989
      vertex 23.1022 -42.159 25.6307
      vertex 22.9227 -43.4395 25.6433
    endloop
  endfacet
  facet normal -0.240242 0.0241709 -0.970412
    outer loop
      vertex 22.1195 -43.3587 22.3989
      vertex 22.245 -32.801 22.6308
      vertex 24.3409 -27.5145 22.2436
    endloop
  endfacet
  facet normal -0.240247 0.0241709 -0.970411
    outer loop
      vertex 22.245 -32.801 22.6308
      vertex 22.1195 -43.3587 22.3989
      vertex 19.2317 -42.9468 23.1241
    endloop
  endfacet
  facet normal -0.240123 0.0240558 -0.970444
    outer loop
      vertex 24.3409 -27.5145 22.2436
      vertex 23.609 -28.2083 22.4075
      vertex 23.8273 -27.4412 22.3725
    endloop
  endfacet
  facet normal -0.240216 0.02416 -0.970419
    outer loop
      vertex 23.609 -28.2083 22.4075
      vertex 24.3409 -27.5145 22.2436
      vertex 22.245 -32.801 22.6308
    endloop
  endfacet
  facet normal 0.138884 0.990261 -0.00973661
    outer loop
      vertex 24.4961 -27.5301 22.8708
      vertex 24.3409 -27.5145 22.2436
      vertex 23.8273 -27.4412 22.3725
    endloop
  endfacet
  facet normal -0.241495 0.0121163 -0.970327
    outer loop
      vertex 55.9729 -11.6847 26.3683
      vertex 54.8595 -27.6457 26.4461
      vertex 40.4864 -10.5856 30.2363
    endloop
  endfacet
  facet normal 0.967904 -0.068697 -0.24175
    outer loop
      vertex 56.7334 -11.7229 29.424
      vertex 54.8595 -27.6457 26.4461
      vertex 55.9729 -11.6847 26.3683
    endloop
  endfacet
  facet normal 0.967901 -0.0686941 -0.241763
    outer loop
      vertex 54.8595 -27.6457 26.4461
      vertex 56.7334 -11.7229 29.424
      vertex 55.7929 -27.6926 30.1963
    endloop
  endfacet
  facet normal -0.241502 0.0121093 -0.970325
    outer loop
      vertex 40.4864 -10.5856 30.2363
      vertex 54.8595 -27.6457 26.4461
      vertex 39.3731 -26.5466 30.3142
    endloop
  endfacet
  facet normal -0.0695884 -0.997564 0.00484694
    outer loop
      vertex 54.8595 -27.6457 26.4461
      vertex 54.9549 -27.6335 30.3267
      vertex 39.3731 -26.5466 30.3142
    endloop
  endfacet
  facet normal -0.0695989 -0.997563 0.00484719
    outer loop
      vertex 54.9549 -27.6335 30.3267
      vertex 54.8595 -27.6457 26.4461
      vertex 55.7929 -27.6926 30.1963
    endloop
  endfacet
  facet normal -0.967897 0.0686921 0.241778
    outer loop
      vertex 39.3731 -26.5466 30.3142
      vertex 40.41 -18.8941 32.291
      vertex 40.4864 -10.5856 30.2363
    endloop
  endfacet
  facet normal -0.96791 0.0687087 0.241721
    outer loop
      vertex 40.41 -18.8941 32.291
      vertex 39.3731 -26.5466 30.3142
      vertex 39.9677 -26.5764 32.7036
    endloop
  endfacet
  facet normal -0.967897 0.0686822 0.241783
    outer loop
      vertex 40.4864 -10.5856 30.2363
      vertex 40.8134 -12.0376 31.9578
      vertex 40.8659 -10.6046 31.7609
    endloop
  endfacet
  facet normal -0.96789 0.0687075 0.241803
    outer loop
      vertex 40.4864 -10.5856 30.2363
      vertex 40.4278 -18.5838 32.2744
      vertex 40.8134 -12.0376 31.9578
    endloop
  endfacet
  facet normal -0.968201 0.068413 0.240638
    outer loop
      vertex 40.4278 -18.5838 32.2744
      vertex 40.4864 -10.5856 30.2363
      vertex 40.41 -18.8941 32.291
    endloop
  endfacet
  facet normal -0.0695897 -0.997477 0.0140029
    outer loop
      vertex 54.9146 -27.6306 30.333
      vertex 39.3731 -26.5466 30.3142
      vertex 54.9549 -27.6335 30.3267
    endloop
  endfacet
  facet normal -0.0695847 -0.997564 0.00487473
    outer loop
      vertex 39.3731 -26.5466 30.3142
      vertex 54.9146 -27.6306 30.333
      vertex 39.9677 -26.5764 32.7036
    endloop
  endfacet
  facet normal 0.0694053 0.997577 -0.00484412
    outer loop
      vertex 41.0144 -10.6144 31.8704
      vertex 40.4864 -10.5856 30.2363
      vertex 40.8659 -10.6046 31.7609
    endloop
  endfacet
  facet normal 0.0695932 0.997564 -0.00484952
    outer loop
      vertex 55.9729 -11.6847 26.3683
      vertex 41.0144 -10.6144 31.8704
      vertex 56.7334 -11.7229 29.424
    endloop
  endfacet
  facet normal 0.069575 0.997565 -0.00489917
    outer loop
      vertex 41.0144 -10.6144 31.8704
      vertex 55.9729 -11.6847 26.3683
      vertex 40.4864 -10.5856 30.2363
    endloop
  endfacet
  facet normal -0.0697498 3.06286e-06 -0.997565
    outer loop
      vertex 36.4248 -22.7731 30.5304
      vertex 40.3727 -10.5775 30.2544
      vertex 39.2593 -26.5386 30.3322
    endloop
  endfacet
  facet normal -0.0697641 7.71237e-06 -0.997564
    outer loop
      vertex 40.3727 -10.5775 30.2544
      vertex 36.4248 -22.7731 30.5304
      vertex 38.9571 -10.4783 30.3534
    endloop
  endfacet
  facet normal -0.0697554 -1.15448e-06 -0.997564
    outer loop
      vertex 36.4248 -22.7731 30.5304
      vertex 39.2593 -26.5386 30.3322
      vertex 35.6569 -26.286 30.5841
    endloop
  endfacet
  facet normal 0.0697507 -1.24397e-05 0.997564
    outer loop
      vertex 31.0216 -11.5793 34.918
      vertex 39.2185 -16.7876 34.3448
      vertex 39.587 -11.5053 34.3191
    endloop
  endfacet
  facet normal 0.0697515 -0.000107529 0.997564
    outer loop
      vertex 31.0216 -11.5793 34.918
      vertex 39.587 -11.5053 34.3191
      vertex 31.0684 -10.9082 34.9148
    endloop
  endfacet
  facet normal 0.0697607 3.44596e-06 0.997564
    outer loop
      vertex 30.0942 -24.8741 34.9829
      vertex 39.2185 -16.7876 34.3448
      vertex 31.0216 -11.5793 34.918
    endloop
  endfacet
  facet normal 0.069758 6.55905e-06 0.997564
    outer loop
      vertex 39.2185 -16.7876 34.3448
      vertex 30.0942 -24.8741 34.9829
      vertex 37.6334 -25.4026 34.4557
    endloop
  endfacet
  facet normal 0.995138 -0.0697478 -0.0695415
    outer loop
      vertex 40.0198 -17.6548 32.3027
      vertex 40.3727 -10.5775 30.2544
      vertex 40.4569 -10.5775 31.4593
    endloop
  endfacet
  facet normal 0.995128 -0.0697273 -0.0697038
    outer loop
      vertex 39.2593 -26.5386 30.3322
      vertex 40.0198 -17.6548 32.3027
      vertex 39.9767 -18.302 32.3348
    endloop
  endfacet
  facet normal 0.995134 -0.0697539 -0.0695966
    outer loop
      vertex 39.2593 -26.5386 30.3322
      vertex 39.9767 -18.302 32.3348
      vertex 39.4311 -26.5386 32.7887
    endloop
  endfacet
  facet normal 0.995135 -0.0697568 -0.0695733
    outer loop
      vertex 40.0198 -17.6548 32.3027
      vertex 39.2593 -26.5386 30.3322
      vertex 40.3727 -10.5775 30.2544
    endloop
  endfacet
  facet normal -0.0696089 -0.997563 0.00486329
    outer loop
      vertex 39.2593 -26.5386 30.3322
      vertex 38.8172 -26.4953 32.8861
      vertex 35.6569 -26.286 30.5841
    endloop
  endfacet
  facet normal -0.0695887 -0.997564 0.00486682
    outer loop
      vertex 38.8172 -26.4953 32.8861
      vertex 39.2593 -26.5386 30.3322
      vertex 39.4311 -26.5386 32.7887
    endloop
  endfacet
  facet normal 0.0695657 0.997566 -0.00486134
    outer loop
      vertex 40.4569 -10.5775 31.4593
      vertex 40.3727 -10.5775 30.2544
      vertex 38.9571 -10.4783 30.3534
    endloop
  endfacet
  facet normal 0.967896 -0.0687132 -0.241775
    outer loop
      vertex 27.8885 -12.5594 22.653
      vertex 27.6779 -9.7371 21.0078
      vertex 27.9914 -9.75282 22.2673
    endloop
  endfacet
  facet normal 0.967899 -0.0686939 -0.24177
    outer loop
      vertex 26.5645 -25.6981 21.0856
      vertex 27.8885 -12.5594 22.653
      vertex 27.5464 -22.5878 24.1328
    endloop
  endfacet
  facet normal 0.967904 -0.068697 -0.241748
    outer loop
      vertex 27.8885 -12.5594 22.653
      vertex 26.5645 -25.6981 21.0856
      vertex 27.6779 -9.7371 21.0078
    endloop
  endfacet
  facet normal 0.967943 -0.0686289 -0.241611
    outer loop
      vertex 31.0448 -11.5058 34.99
      vertex 31.0684 -10.9082 34.9148
      vertex 31.0871 -10.9092 34.99
    endloop
  endfacet
  facet normal 0.967895 -0.0686504 -0.241797
    outer loop
      vertex 31.0684 -10.9082 34.9148
      vertex 31.0448 -11.5058 34.99
      vertex 31.0216 -11.5793 34.918
    endloop
  endfacet
  facet normal 0.967921 -0.0686773 -0.241688
    outer loop
      vertex 31.0896 -10.9093 35
      vertex 31.2308 -10.9164 35.5675
      vertex 31.048 -11.4956 35
    endloop
  endfacet
  facet normal 0.241448 -0.0120934 0.970338
    outer loop
      vertex 31.2304 -10.9113 36.5983
      vertex 30.6213 -10.8681 36.7504
      vertex 30.4461 -13.3791 36.7627
    endloop
  endfacet
  facet normal 0.9679 -0.0686982 -0.241766
    outer loop
      vertex 27.5464 -22.5878 24.1328
      vertex 27.4388 -25.742 24.5983
      vertex 26.5645 -25.6981 21.0856
    endloop
  endfacet
  facet normal 0.967904 -0.0687026 -0.241746
    outer loop
      vertex 30.0959 -24.8742 34.99
      vertex 31.0216 -11.5793 34.918
      vertex 31.0448 -11.5058 34.99
    endloop
  endfacet
  facet normal 0.969987 -0.0688015 -0.233219
    outer loop
      vertex 31.0216 -11.5793 34.918
      vertex 30.0959 -24.8742 34.99
      vertex 30.0942 -24.8741 34.9829
    endloop
  endfacet
  facet normal 0.967908 -0.0686027 -0.24176
    outer loop
      vertex 31.4723 -10.9285 36.5378
      vertex 31.048 -11.4956 35
      vertex 31.2308 -10.9164 35.5675
    endloop
  endfacet
  facet normal 0.96791 -0.0686976 -0.241726
    outer loop
      vertex 30.4981 -24.8944 36.606
      vertex 31.048 -11.4956 35
      vertex 31.4723 -10.9285 36.5378
    endloop
  endfacet
  facet normal 0.967903 -0.0687003 -0.241751
    outer loop
      vertex 31.048 -11.4956 35
      vertex 30.4981 -24.8944 36.606
      vertex 30.0984 -24.8743 35
    endloop
  endfacet
  facet normal -0.241494 0.0121163 -0.970327
    outer loop
      vertex 26.4282 -10.8122 21.3054
      vertex 27.6779 -9.7371 21.0078
      vertex 26.5645 -25.6981 21.0856
    endloop
  endfacet
  facet normal -0.24151 0.0121353 -0.970323
    outer loop
      vertex 27.6779 -9.7371 21.0078
      vertex 26.4282 -10.8122 21.3054
      vertex 26.6362 -9.66316 21.268
    endloop
  endfacet
  facet normal -0.241522 0.0121159 -0.97032
    outer loop
      vertex 26.4282 -10.8122 21.3054
      vertex 26.5645 -25.6981 21.0856
      vertex 23.6245 -25.4895 21.82
    endloop
  endfacet
  facet normal 0.241795 -0.0122094 0.970251
    outer loop
      vertex 30.4461 -13.3791 36.7627
      vertex 31.4723 -10.9285 36.5378
      vertex 31.2304 -10.9113 36.5983
    endloop
  endfacet
  facet normal 0.241577 -0.012113 0.970306
    outer loop
      vertex 31.4723 -10.9285 36.5378
      vertex 30.4461 -13.3791 36.7627
      vertex 30.4981 -24.8944 36.606
    endloop
  endfacet
  facet normal 0.24144 -0.0121141 0.97034
    outer loop
      vertex 30.4981 -24.8944 36.606
      vertex 30.4461 -13.3791 36.7627
      vertex 29.6471 -24.834 36.8185
    endloop
  endfacet
  facet normal 0.0695905 0.997564 -0.00487092
    outer loop
      vertex 27.9914 -9.75282 22.2673
      vertex 27.6779 -9.7371 21.0078
      vertex 26.6362 -9.66316 21.268
    endloop
  endfacet
  facet normal -0.0695686 -0.997565 0.00484831
    outer loop
      vertex 26.5645 -25.6981 21.0856
      vertex 27.4388 -25.742 24.5983
      vertex 23.6245 -25.4895 21.82
    endloop
  endfacet
  facet normal -0.970294 0 0.241927
    outer loop
      vertex 41.8748 -8 29.1368
      vertex 42.4827 8 31.5749
      vertex 41.8748 8 29.1368
    endloop
  endfacet
  facet normal -0.970294 0 0.241927
    outer loop
      vertex 42.4827 8 31.5749
      vertex 41.8748 -8 29.1368
      vertex 42.4827 -8 31.5749
    endloop
  endfacet
  facet normal -0.241924 0 -0.970295
    outer loop
      vertex 41.8748 -8 29.1368
      vertex 57.3996 8 25.266
      vertex 57.3996 -8 25.266
    endloop
  endfacet
  facet normal -0.241924 0 -0.970295
    outer loop
      vertex 57.3996 8 25.266
      vertex 41.8748 -8 29.1368
      vertex 41.8748 8 29.1368
    endloop
  endfacet
  facet normal 0.970297 0 -0.241916
    outer loop
      vertex 58.3461 -8 29.0623
      vertex 57.3996 8 25.266
      vertex 58.3461 8 29.0623
    endloop
  endfacet
  facet normal 0.970297 0 -0.241916
    outer loop
      vertex 57.3996 8 25.266
      vertex 58.3461 -8 29.0623
      vertex 57.3996 -8 25.266
    endloop
  endfacet
  facet normal 0 -1 0
    outer loop
      vertex 57.3996 -8 25.266
      vertex 42.4827 -8 31.5749
      vertex 41.8748 -8 29.1368
    endloop
  endfacet
  facet normal 0 -1 0
    outer loop
      vertex 42.4827 -8 31.5749
      vertex 57.3996 -8 25.266
      vertex 58.3461 -8 29.0623
    endloop
  endfacet
  facet normal 0 1 -0
    outer loop
      vertex 57.3996 8 25.266
      vertex 42.4827 8 31.5749
      vertex 58.3461 8 29.0623
    endloop
  endfacet
  facet normal 0 1 0
    outer loop
      vertex 42.4827 8 31.5749
      vertex 57.3996 8 25.266
      vertex 41.8748 8 29.1368
    endloop
  endfacet
  facet normal -0.0697377 0 -0.997565
    outer loop
      vertex 38.003 -8 29.4176
      vertex 41.7608 8 29.1549
      vertex 41.7608 -8 29.1549
    endloop
  endfacet
  facet normal -0.0697377 0 -0.997565
    outer loop
      vertex 41.7608 8 29.1549
      vertex 38.003 -8 29.4176
      vertex 38.003 8 29.4176
    endloop
  endfacet
  facet normal 0.0697526 0 0.997564
    outer loop
      vertex 32.5029 7 33.812
      vertex 41.0423 -7 33.2149
      vertex 41.0423 7 33.2149
    endloop
  endfacet
  facet normal 0.0697526 0 0.997564
    outer loop
      vertex 41.0423 -7 33.2149
      vertex 32.5029 7 33.812
      vertex 32.5029 -7 33.812
    endloop
  endfacet
  facet normal 0.997563 0 -0.0697677
    outer loop
      vertex 41.9361 -8 31.6614
      vertex 41.7608 8 29.1549
      vertex 41.9361 8 31.6614
    endloop
  endfacet
  facet normal 0.997563 0 -0.0697677
    outer loop
      vertex 41.7608 8 29.1549
      vertex 41.9361 -8 31.6614
      vertex 41.7608 -8 29.1549
    endloop
  endfacet
  facet normal 0 -1 0
    outer loop
      vertex 29.0368 -8 19.9103
      vertex 29.9481 -8 23.5654
      vertex 25.9698 -8 20.675
    endloop
  endfacet
  facet normal 0 -1 0
    outer loop
      vertex 41.7608 -8 29.1549
      vertex 41.2425 -8 31.7713
      vertex 38.003 -8 29.4176
    endloop
  endfacet
  facet normal 0 -1 0
    outer loop
      vertex 41.2425 -8 31.7713
      vertex 41.7608 -8 29.1549
      vertex 41.9361 -8 31.6614
    endloop
  endfacet
  facet normal 0 1 0
    outer loop
      vertex 29.9481 8 23.5654
      vertex 29.0368 8 19.9103
      vertex 25.9698 8 20.675
    endloop
  endfacet
  facet normal 0 1 -0
    outer loop
      vertex 41.7608 8 29.1549
      vertex 41.2425 8 31.7713
      vertex 41.9361 8 31.6614
    endloop
  endfacet
  facet normal 0 1 0
    outer loop
      vertex 41.2425 8 31.7713
      vertex 41.7608 8 29.1549
      vertex 38.003 8 29.4176
    endloop
  endfacet
  facet normal 0.242 0 0.970276
    outer loop
      vertex 32.0543 7 35.6478
      vertex 32.9075 -7 35.435
      vertex 32.9075 7 35.435
    endloop
  endfacet
  facet normal 0.242 0 0.970276
    outer loop
      vertex 32.9075 -7 35.435
      vertex 32.0543 7 35.6478
      vertex 32.0543 -7 35.6478
    endloop
  endfacet
  facet normal -0.241925 0 -0.970295
    outer loop
      vertex 25.9698 -8 20.675
      vertex 29.0368 8 19.9103
      vertex 29.0368 -8 19.9103
    endloop
  endfacet
  facet normal -0.241925 0 -0.970295
    outer loop
      vertex 29.0368 8 19.9103
      vertex 25.9698 -8 20.675
      vertex 25.9698 8 20.675
    endloop
  endfacet
  facet normal 0.970297 0 -0.241917
    outer loop
      vertex 29.9481 -8 23.5654
      vertex 29.0368 8 19.9103
      vertex 29.9481 8 23.5654
    endloop
  endfacet
  facet normal 0.970297 0 -0.241917
    outer loop
      vertex 29.0368 8 19.9103
      vertex 29.9481 -8 23.5654
      vertex 29.0368 -8 19.9103
    endloop
  endfacet
  facet normal 0.970326 0 -0.241801
    outer loop
      vertex 32.9075 -7 35.435
      vertex 32.7991 7 35
      vertex 32.9075 7 35.435
    endloop
  endfacet
  facet normal 0.970326 0 -0.241801
    outer loop
      vertex 32.7991 7 35
      vertex 32.9075 -7 35.435
      vertex 32.7991 -7 35
    endloop
  endfacet
  facet normal 0.970297 0 -0.241915
    outer loop
      vertex 32.7966 -7 34.99
      vertex 32.5029 7 33.812
      vertex 32.7966 7 34.99
    endloop
  endfacet
  facet normal 0.970297 0 -0.241915
    outer loop
      vertex 32.5029 7 33.812
      vertex 32.7966 -7 34.99
      vertex 32.5029 -7 33.812
    endloop
  endfacet
  facet normal -0.241496 -0.0121164 -0.970326
    outer loop
      vertex 53.8619 27.6457 26.5159
      vertex 39.4889 10.5856 30.3061
      vertex 38.3755 26.5466 30.3839
    endloop
  endfacet
  facet normal -0.0695855 0.997564 0.00486085
    outer loop
      vertex 53.981 27.6351 30.3978
      vertex 38.3755 26.5466 30.3839
      vertex 38.9714 26.5765 32.7783
    endloop
  endfacet
  facet normal -0.0695875 0.997518 0.0107506
    outer loop
      vertex 38.3755 26.5466 30.3839
      vertex 53.981 27.6351 30.3978
      vertex 53.9894 27.6357 30.3965
    endloop
  endfacet
  facet normal -0.241502 -0.0121108 -0.970325
    outer loop
      vertex 53.8619 27.6457 26.5159
      vertex 54.9753 11.6847 26.438
      vertex 39.4889 10.5856 30.3061
    endloop
  endfacet
  facet normal -0.0695786 0.997565 0.0048567
    outer loop
      vertex 53.8619 27.6457 26.5159
      vertex 53.9894 27.6357 30.3965
      vertex 54.7964 27.6926 30.2706
    endloop
  endfacet
  facet normal -0.069586 0.997564 0.00485694
    outer loop
      vertex 53.9894 27.6357 30.3965
      vertex 53.8619 27.6457 26.5159
      vertex 38.3755 26.5466 30.3839
    endloop
  endfacet
  facet normal 0.967902 0.0687002 -0.241757
    outer loop
      vertex 55.7541 11.7238 29.567
      vertex 53.8619 27.6457 26.5159
      vertex 54.7964 27.6926 30.2706
    endloop
  endfacet
  facet normal 0.9679 0.0686983 -0.241766
    outer loop
      vertex 53.8619 27.6457 26.5159
      vertex 55.7541 11.7238 29.567
      vertex 54.9753 11.6847 26.438
    endloop
  endfacet
  facet normal -0.968154 -0.0684477 0.240819
    outer loop
      vertex 39.4889 10.5856 30.3061
      vertex 39.4694 18.1126 32.3671
      vertex 39.4599 18.2716 32.3741
    endloop
  endfacet
  facet normal -0.967931 -0.06867 0.241648
    outer loop
      vertex 39.4889 10.5856 30.3061
      vertex 39.4599 18.2716 32.3741
      vertex 39.4104 19.1136 32.4151
    endloop
  endfacet
  facet normal -0.967929 -0.0686763 0.241656
    outer loop
      vertex 39.4694 18.1126 32.3671
      vertex 39.4889 10.5856 30.3061
      vertex 39.647 10.5935 30.9416
    endloop
  endfacet
  facet normal -0.967905 -0.0687014 0.241743
    outer loop
      vertex 38.3755 26.5466 30.3839
      vertex 39.4104 19.1136 32.4151
      vertex 38.9714 26.5765 32.7783
    endloop
  endfacet
  facet normal -0.967902 -0.0686969 0.241758
    outer loop
      vertex 39.4104 19.1136 32.4151
      vertex 38.3755 26.5466 30.3839
      vertex 39.4889 10.5856 30.3061
    endloop
  endfacet
  facet normal 0.0695833 -0.997564 -0.00491009
    outer loop
      vertex 39.4889 10.5856 30.3061
      vertex 40.9161 10.6774 31.881
      vertex 39.647 10.5935 30.9416
    endloop
  endfacet
  facet normal 0.0695747 -0.997565 -0.00490223
    outer loop
      vertex 54.9753 11.6847 26.438
      vertex 40.9161 10.6774 31.881
      vertex 39.4889 10.5856 30.3061
    endloop
  endfacet
  facet normal 0.0695925 -0.997564 -0.00485584
    outer loop
      vertex 40.9161 10.6774 31.881
      vertex 54.9753 11.6847 26.438
      vertex 55.7541 11.7238 29.567
    endloop
  endfacet
  facet normal -0.0697163 1.7194e-05 -0.997567
    outer loop
      vertex 35.6864 22.7731 30.5821
      vertex 39.3751 10.5775 30.3241
      vertex 38.8614 10.5415 30.36
    endloop
  endfacet
  facet normal -0.0697662 2.03776e-06 -0.997563
    outer loop
      vertex 39.3751 10.5775 30.3241
      vertex 35.6864 22.7731 30.5821
      vertex 38.2617 26.5386 30.402
    endloop
  endfacet
  facet normal -0.0697554 -5.35559e-06 -0.997564
    outer loop
      vertex 38.2617 26.5386 30.402
      vertex 35.6864 22.7731 30.5821
      vertex 34.7151 26.29 30.65
    endloop
  endfacet
  facet normal 0.995133 0.0697465 -0.069614
    outer loop
      vertex 38.7368 21.9902 32.6365
      vertex 38.2617 26.5386 30.402
      vertex 38.4339 26.5386 32.8636
    endloop
  endfacet
  facet normal 0.995132 0.0697602 -0.0696071
    outer loop
      vertex 39.3751 10.5775 30.3241
      vertex 38.7368 21.9902 32.6365
      vertex 39.4058 10.5775 30.763
    endloop
  endfacet
  facet normal 0.995134 0.0697573 -0.0695923
    outer loop
      vertex 38.7368 21.9902 32.6365
      vertex 39.3751 10.5775 30.3241
      vertex 38.2617 26.5386 30.402
    endloop
  endfacet
  facet normal 0.0695691 -0.997565 -0.00486619
    outer loop
      vertex 39.3751 10.5775 30.3241
      vertex 39.4058 10.5775 30.763
      vertex 38.8614 10.5415 30.36
    endloop
  endfacet
  facet normal 0.0697572 3.0376e-07 0.997564
    outer loop
      vertex 29.9923 12.0334 34.99
      vertex 38.5154 12.5664 34.394
      vertex 34.1494 25.2283 34.6993
    endloop
  endfacet
  facet normal 0.069755 3.65384e-05 0.997564
    outer loop
      vertex 30.024 11.5793 34.9878
      vertex 38.5154 12.5664 34.394
      vertex 29.9923 12.0334 34.99
    endloop
  endfacet
  facet normal 0.0697618 -4.03938e-05 0.997564
    outer loop
      vertex 38.5894 11.5053 34.3888
      vertex 30.024 11.5793 34.9878
      vertex 30.0708 10.9082 34.9845
    endloop
  endfacet
  facet normal 0.0697582 -0 0.997564
    outer loop
      vertex 29.9923 12.0334 34.99
      vertex 34.1494 25.2283 34.6993
      vertex 29.9923 24.9369 34.99
    endloop
  endfacet
  facet normal 0.0697619 -2.35112e-05 0.997564
    outer loop
      vertex 38.5154 12.5664 34.394
      vertex 30.024 11.5793 34.9878
      vertex 38.5894 11.5053 34.3888
    endloop
  endfacet
  facet normal 0.0697117 -0 0.997567
    outer loop
      vertex 29.8493 14.0833 35
      vertex 29.8493 24.9269 35
      vertex 29.0966 24.8741 35.0526
    endloop
  endfacet
  facet normal -0.0696395 0.99756 0.00487159
    outer loop
      vertex 38.2617 26.5386 30.402
      vertex 37.8757 26.4992 32.9521
      vertex 38.4339 26.5386 32.8636
    endloop
  endfacet
  facet normal -0.0695833 0.997564 0.00488015
    outer loop
      vertex 37.8757 26.4992 32.9521
      vertex 38.2617 26.5386 30.402
      vertex 34.7151 26.29 30.65
    endloop
  endfacet
  facet normal 0.967903 0.0686844 -0.241756
    outer loop
      vertex 26.4277 25.7413 24.6136
      vertex 26.4886 22.7786 24.0157
      vertex 25.567 25.6981 21.1554
    endloop
  endfacet
  facet normal 0.969204 0.0688042 -0.236452
    outer loop
      vertex 30.0247 11.577 34.99
      vertex 30.024 11.5793 34.9878
      vertex 29.9923 12.0334 34.99
    endloop
  endfacet
  facet normal 0.967898 0.0686931 -0.241775
    outer loop
      vertex 29.5006 24.8944 36.6757
      vertex 29.8493 14.0833 35
      vertex 29.0966 24.8741 35.0526
    endloop
  endfacet
  facet normal 0.967894 0.0686951 -0.241788
    outer loop
      vertex 30.4748 10.9285 36.6076
      vertex 29.8493 14.0833 35
      vertex 29.5006 24.8944 36.6757
    endloop
  endfacet
  facet normal 0.967894 0.0686929 -0.241792
    outer loop
      vertex 29.8493 14.0833 35
      vertex 30.4748 10.9285 36.6076
      vertex 30.0279 11.5668 35
    endloop
  endfacet
  facet normal 0.967896 0.0687771 -0.241759
    outer loop
      vertex 30.0279 11.5668 35
      vertex 30.4748 10.9285 36.6076
      vertex 30.2333 10.9164 35.6373
    endloop
  endfacet
  facet normal 0.241462 0.0121118 0.970335
    outer loop
      vertex 29.4485 13.3791 36.8324
      vertex 30.4748 10.9285 36.6076
      vertex 29.5006 24.8944 36.6757
    endloop
  endfacet
  facet normal 0.241334 0.0120552 0.970367
    outer loop
      vertex 30.4748 10.9285 36.6076
      vertex 29.4485 13.3791 36.8324
      vertex 30.2328 10.9113 36.668
    endloop
  endfacet
  facet normal 0.241521 0.0121114 0.97032
    outer loop
      vertex 29.4485 13.3791 36.8324
      vertex 29.5006 24.8944 36.6757
      vertex 28.6495 24.834 36.8883
    endloop
  endfacet
  facet normal 0.967905 0.0686959 -0.241745
    outer loop
      vertex 26.7243 11.3149 21.7018
      vertex 25.567 25.6981 21.1554
      vertex 26.4886 22.7786 24.0157
    endloop
  endfacet
  facet normal 0.967929 0.0686851 -0.241652
    outer loop
      vertex 26.6804 9.7371 21.0775
      vertex 26.7243 11.3149 21.7018
      vertex 26.7615 9.74117 21.4035
    endloop
  endfacet
  facet normal 0.967919 0.0686993 -0.241687
    outer loop
      vertex 26.7243 11.3149 21.7018
      vertex 26.6804 9.7371 21.0775
      vertex 25.567 25.6981 21.1554
    endloop
  endfacet
  facet normal 0.966511 0.0686545 -0.247269
    outer loop
      vertex 30.0708 10.9082 34.9845
      vertex 30.0247 11.577 34.99
      vertex 30.0722 10.9083 34.99
    endloop
  endfacet
  facet normal 0.969195 0.068751 -0.236504
    outer loop
      vertex 30.0247 11.577 34.99
      vertex 30.0708 10.9082 34.9845
      vertex 30.024 11.5793 34.9878
    endloop
  endfacet
  facet normal 0.9679 0.0687997 -0.241737
    outer loop
      vertex 30.2333 10.9164 35.6373
      vertex 30.0747 10.9084 35
      vertex 30.0279 11.5668 35
    endloop
  endfacet
  facet normal 0.241595 0.0121425 0.970301
    outer loop
      vertex 29.6237 10.8681 36.8202
      vertex 30.2328 10.9113 36.668
      vertex 29.4485 13.3791 36.8324
    endloop
  endfacet
  facet normal -0.0695744 0.997565 0.00485451
    outer loop
      vertex 26.4277 25.7413 24.6136
      vertex 25.567 25.6981 21.1554
      vertex 22.6724 25.4927 21.8784
    endloop
  endfacet
  facet normal 0.0695751 -0.997565 -0.00485415
    outer loop
      vertex 26.6804 9.7371 21.0775
      vertex 26.7615 9.74117 21.4035
      vertex 26.4118 9.71804 21.1446
    endloop
  endfacet
  facet normal -0.241538 -0.0121289 -0.970316
    outer loop
      vertex 26.2028 10.6481 21.185
      vertex 26.6804 9.7371 21.0775
      vertex 26.4118 9.71804 21.1446
    endloop
  endfacet
  facet normal -0.241505 -0.012111 -0.970324
    outer loop
      vertex 26.2028 10.6481 21.185
      vertex 25.567 25.6981 21.1554
      vertex 26.6804 9.7371 21.0775
    endloop
  endfacet
  facet normal -0.241504 -0.0121109 -0.970324
    outer loop
      vertex 25.567 25.6981 21.1554
      vertex 26.2028 10.6481 21.185
      vertex 22.6724 25.4927 21.8784
    endloop
  endfacet
  facet normal -0.240239 -0.0241698 -0.970413
    outer loop
      vertex 32.1606 36.1953 32.8234
      vertex 48.5121 31.4002 28.8948
      vertex 35.3003 29.5154 32.2125
    endloop
  endfacet
  facet normal -0.240237 -0.0241623 -0.970414
    outer loop
      vertex 48.5121 31.4002 28.8948
      vertex 32.1606 36.1953 32.8234
      vertex 46.2908 47.2445 29.0502
    endloop
  endfacet
  facet normal -0.240232 -0.0241684 -0.970415
    outer loop
      vertex 46.2908 47.2445 29.0502
      vertex 32.1606 36.1953 32.8234
      vertex 30.919 45.0515 32.9102
    endloop
  endfacet
  facet normal 0.960734 0.13706 -0.241258
    outer loop
      vertex 47.1983 47.3358 32.7159
      vertex 48.5143 36.2416 31.6538
      vertex 46.2908 47.2445 29.0502
    endloop
  endfacet
  facet normal -0.138837 0.990268 0.00969018
    outer loop
      vertex 30.919 45.0515 32.9102
      vertex 31.3746 45.1025 34.226
      vertex 43.8812 46.8671 33.0855
    endloop
  endfacet
  facet normal -0.138836 0.990268 0.00966963
    outer loop
      vertex 30.919 45.0515 32.9102
      vertex 43.8812 46.8671 33.0855
      vertex 45.284 47.0653 32.9292
    endloop
  endfacet
  facet normal -0.138556 0.990308 0.00959144
    outer loop
      vertex 31.3746 45.1025 34.226
      vertex 30.919 45.0515 32.9102
      vertex 31.2216 45.082 34.1324
    endloop
  endfacet
  facet normal -0.138848 0.990266 0.00970971
    outer loop
      vertex 46.2908 47.2445 29.0502
      vertex 45.284 47.0653 32.9292
      vertex 47.1983 47.3358 32.7159
    endloop
  endfacet
  facet normal -0.138836 0.990268 0.00971267
    outer loop
      vertex 45.284 47.0653 32.9292
      vertex 46.2908 47.2445 29.0502
      vertex 30.919 45.0515 32.9102
    endloop
  endfacet
  facet normal 0.138833 -0.990268 -0.00970011
    outer loop
      vertex 35.3003 29.5154 32.2125
      vertex 40.3568 30.2189 32.7644
      vertex 36.0225 29.6113 32.7587
    endloop
  endfacet
  facet normal 0.138834 -0.990268 -0.00970989
    outer loop
      vertex 48.5121 31.4002 28.8948
      vertex 40.3568 30.2189 32.7644
      vertex 35.3003 29.5154 32.2125
    endloop
  endfacet
  facet normal 0.138838 -0.990268 -0.00970105
    outer loop
      vertex 40.3568 30.2189 32.7644
      vertex 48.5121 31.4002 28.8948
      vertex 47.1827 31.1862 31.7137
    endloop
  endfacet
  facet normal 0.138791 -0.990274 -0.00972357
    outer loop
      vertex 47.1827 31.1862 31.7137
      vertex 48.5121 31.4002 28.8948
      vertex 49.1211 31.4614 31.3547
    endloop
  endfacet
  facet normal 0.960729 0.137062 -0.241277
    outer loop
      vertex 48.5121 31.4002 28.8948
      vertex 48.5143 36.2416 31.6538
      vertex 48.841 33.4874 31.3901
    endloop
  endfacet
  facet normal 0.960736 0.13704 -0.24126
    outer loop
      vertex 48.5121 31.4002 28.8948
      vertex 48.841 33.4874 31.3901
      vertex 49.1211 31.4614 31.3547
    endloop
  endfacet
  facet normal 0.960732 0.137057 -0.241268
    outer loop
      vertex 48.5143 36.2416 31.6538
      vertex 48.5121 31.4002 28.8948
      vertex 46.2908 47.2445 29.0502
    endloop
  endfacet
  facet normal 0.138833 -0.990267 -0.00979946
    outer loop
      vertex 40.3568 30.2189 32.7644
      vertex 36.7617 29.7094 33.3179
      vertex 36.0225 29.6113 32.7587
    endloop
  endfacet
  facet normal -0.960728 -0.137052 0.241283
    outer loop
      vertex 30.919 45.0515 32.9102
      vertex 32.016 39.4154 34.0768
      vertex 31.2216 45.082 34.1324
    endloop
  endfacet
  facet normal -0.960731 -0.137055 0.241271
    outer loop
      vertex 32.016 39.4154 34.0768
      vertex 30.919 45.0515 32.9102
      vertex 32.1606 36.1953 32.8234
    endloop
  endfacet
  facet normal -0.0697931 -1.59554e-06 -0.997561
    outer loop
      vertex 30.0887 40.0137 32.9784
      vertex 30.8061 45.0355 32.9282
      vertex 32.0012 36.5114 32.8446
    endloop
  endfacet
  facet normal -0.0697096 -1.35843e-05 -0.997567
    outer loop
      vertex 29.6244 43.3251 33.0108
      vertex 30.8061 45.0355 32.9282
      vertex 30.0887 40.0137 32.9784
    endloop
  endfacet
  facet normal -0.0697768 3.30711e-05 -0.997563
    outer loop
      vertex 30.8061 45.0355 32.9282
      vertex 29.6244 43.3251 33.0108
      vertex 29.4121 44.8391 33.0257
    endloop
  endfacet
  facet normal 0.987811 0.139497 -0.0690721
    outer loop
      vertex 30.8823 44.9871 33.9202
      vertex 30.8061 45.0355 32.9282
      vertex 30.8755 45.0355 33.9207
    endloop
  endfacet
  facet normal 0.987855 0.139175 -0.0690912
    outer loop
      vertex 31.6474 39.5299 33.8667
      vertex 30.8061 45.0355 32.9282
      vertex 30.8823 44.9871 33.9202
    endloop
  endfacet
  facet normal 0.987855 0.139177 -0.0690767
    outer loop
      vertex 30.8061 45.0355 32.9282
      vertex 31.6474 39.5299 33.8667
      vertex 32.0012 36.5114 32.8446
    endloop
  endfacet
  facet normal -0.138839 0.990267 0.00970826
    outer loop
      vertex 30.8755 45.0355 33.9207
      vertex 30.8061 45.0355 32.9282
      vertex 29.4121 44.8391 33.0257
    endloop
  endfacet
  facet normal 0.960731 0.137075 -0.24126
    outer loop
      vertex 19.0389 42.6267 26.6042
      vertex 18.199 43.3587 23.6755
      vertex 18.926 43.4319 26.6121
    endloop
  endfacet
  facet normal 0.960732 0.137062 -0.241264
    outer loop
      vertex 18.199 43.3587 23.6755
      vertex 19.0389 42.6267 26.6042
      vertex 19.1028 41.0554 25.966
    endloop
  endfacet
  facet normal -0.240223 -0.0241654 -0.970417
    outer loop
      vertex 18.199 43.3587 23.6755
      vertex 19.3401 35.2198 23.5957
      vertex 15.4917 42.9725 24.3553
    endloop
  endfacet
  facet normal 0.960732 0.137063 -0.241263
    outer loop
      vertex 19.1028 41.0554 25.966
      vertex 19.3401 35.2198 23.5957
      vertex 18.199 43.3587 23.6755
    endloop
  endfacet
  facet normal -0.138825 0.99027 0.0096841
    outer loop
      vertex 18.199 43.3587 23.6755
      vertex 16.7689 43.1424 25.2927
      vertex 18.926 43.4319 26.6121
    endloop
  endfacet
  facet normal -0.138833 0.990268 0.009677
    outer loop
      vertex 16.7689 43.1424 25.2927
      vertex 18.199 43.3587 23.6755
      vertex 15.4917 42.9725 24.3553
    endloop
  endfacet
  facet normal 1 -0 0
    outer loop
      vertex 89.95 -109.62 51.8
      vertex 89.95 1.98 -1.8
      vertex 89.95 1.98 51.8
    endloop
  endfacet
  facet normal 1 0 0
    outer loop
      vertex 89.95 1.98 -1.8
      vertex 89.95 -109.62 51.8
      vertex 89.95 -109.62 -1.8
    endloop
  endfacet
  facet normal -0 0 1
    outer loop
      vertex -0.799999 1.98 51.8
      vertex 89.95 -109.62 51.8
      vertex 89.95 1.98 51.8
    endloop
  endfacet
  facet normal 0 0 1
    outer loop
      vertex 89.95 -109.62 51.8
      vertex -0.799999 1.98 51.8
      vertex -0.799999 -109.62 51.8
    endloop
  endfacet
  facet normal 0 0 -1
    outer loop
      vertex -0.799999 -109.62 -1.8
      vertex 89.95 1.98 -1.8
      vertex 89.95 -109.62 -1.8
    endloop
  endfacet
  facet normal -0 0 -1
    outer loop
      vertex 89.95 1.98 -1.8
      vertex -0.799999 -109.62 -1.8
      vertex -0.799999 1.98 -1.8
    endloop
  endfacet
  facet normal -1 0 0
    outer loop
      vertex -0.799999 -109.62 -1.8
      vertex -0.799999 1.98 51.8
      vertex -0.799999 1.98 -1.8
    endloop
  endfacet
  facet normal -1 -0 0
    outer loop
      vertex -0.799999 1.98 51.8
      vertex -0.799999 -109.62 -1.8
      vertex -0.799999 -109.62 51.8
    endloop
  endfacet
  facet normal 0 1 0
    outer loop
      vertex 89.95 1.98 51.8
      vertex 86.95 1.98 48.8
      vertex -0.799999 1.98 51.8
    endloop
  endfacet
  facet normal 0 1 0
    outer loop
      vertex 89.95 1.98 51.8
      vertex 86.95 1.98 1.2
      vertex 86.95 1.98 48.8
    endloop
  endfacet
  facet normal 0 1 0
    outer loop
      vertex 86.95 1.98 1.2
      vertex 89.95 1.98 -1.8
      vertex 2.2 1.98 1.2
    endloop
  endfacet
  facet normal 0 1 -0
    outer loop
      vertex 89.95 1.98 -1.8
      vertex 86.95 1.98 1.2
      vertex 89.95 1.98 51.8
    endloop
  endfacet
  facet normal 0 1 -0
    outer loop
      vertex 2.2 1.98 48.8
      vertex -0.799999 1.98 51.8
      vertex 86.95 1.98 48.8
    endloop
  endfacet
  facet normal 0 1 -0
    outer loop
      vertex 2.2 1.98 1.2
      vertex -0.799999 1.98 51.8
      vertex 2.2 1.98 48.8
    endloop
  endfacet
  facet normal 0 1 0
    outer loop
      vertex 2.2 1.98 1.2
      vertex -0.799999 1.98 -1.8
      vertex -0.799999 1.98 51.8
    endloop
  endfacet
  facet normal 0 1 0
    outer loop
      vertex -0.799999 1.98 -1.8
      vertex 2.2 1.98 1.2
      vertex 89.95 1.98 -1.8
    endloop
  endfacet
  facet normal 0 -1 0
    outer loop
      vertex -0.799999 -109.62 51.8
      vertex 2.2 -109.62 48.8
      vertex 89.95 -109.62 51.8
    endloop
  endfacet
  facet normal 0 -1 0
    outer loop
      vertex -0.799999 -109.62 51.8
      vertex 2.2 -109.62 1.2
      vertex 2.2 -109.62 48.8
    endloop
  endfacet
  facet normal 0 -1 -0
    outer loop
      vertex 2.2 -109.62 1.2
      vertex -0.799999 -109.62 -1.8
      vertex 86.95 -109.62 1.2
    endloop
  endfacet
  facet normal 0 -1 0
    outer loop
      vertex -0.799999 -109.62 -1.8
      vertex 2.2 -109.62 1.2
      vertex -0.799999 -109.62 51.8
    endloop
  endfacet
  facet normal 0 -1 0
    outer loop
      vertex 86.95 -109.62 48.8
      vertex 89.95 -109.62 51.8
      vertex 2.2 -109.62 48.8
    endloop
  endfacet
  facet normal 0 -1 0
    outer loop
      vertex 86.95 -109.62 1.2
      vertex 89.95 -109.62 51.8
      vertex 86.95 -109.62 48.8
    endloop
  endfacet
  facet normal 0 -1 0
    outer loop
      vertex 86.95 -109.62 1.2
      vertex 89.95 -109.62 -1.8
      vertex 89.95 -109.62 51.8
    endloop
  endfacet
  facet normal 0 -1 0
    outer loop
      vertex 89.95 -109.62 -1.8
      vertex 86.95 -109.62 1.2
      vertex -0.799999 -109.62 -1.8
    endloop
  endfacet
  facet normal -1 0 0
    outer loop
      vertex 86.95 -32 5.3
      vertex 86.95 1.98 1.2
      vertex 86.95 -32 5.12002
    endloop
  endfacet
  facet normal -1 0 0
    outer loop
      vertex 86.95 1.98 1.2
      vertex 86.95 -38 5.12002
      vertex 86.95 -32 5.12002
    endloop
  endfacet
  facet normal -1 -0 0
    outer loop
      vertex 86.95 -38 5.12002
      vertex 86.95 -109.62 1.2
      vertex 86.95 -38 5.3
    endloop
  endfacet
  facet normal -1 0 0
    outer loop
      vertex 86.95 -109.62 1.2
      vertex 86.95 -38 5.12002
      vertex 86.95 1.98 1.2
    endloop
  endfacet
  facet normal -1 0 0
    outer loop
      vertex 86.95 1.98 1.2
      vertex 86.95 -32 5.3
      vertex 86.95 1.98 48.8
    endloop
  endfacet
  facet normal -1 0 0
    outer loop
      vertex 86.95 -38 5.3
      vertex 86.95 1.98 48.8
      vertex 86.95 -32 5.3
    endloop
  endfacet
  facet normal -1 0 0
    outer loop
      vertex 86.95 -109.62 48.8
      vertex 86.95 -38 5.3
      vertex 86.95 -109.62 1.2
    endloop
  endfacet
  facet normal -1 0 0
    outer loop
      vertex 86.95 -38 5.3
      vertex 86.95 -109.62 48.8
      vertex 86.95 1.98 48.8
    endloop
  endfacet
  facet normal 0 0 -1
    outer loop
      vertex 2.2 -109.62 48.8
      vertex 86.95 1.98 48.8
      vertex 86.95 -109.62 48.8
    endloop
  endfacet
  facet normal -0 0 -1
    outer loop
      vertex 86.95 1.98 48.8
      vertex 2.2 -109.62 48.8
      vertex 2.2 1.98 48.8
    endloop
  endfacet
  facet normal -0 0 1
    outer loop
      vertex 2.2 1.98 1.2
      vertex 86.95 -109.62 1.2
      vertex 86.95 1.98 1.2
    endloop
  endfacet
  facet normal 0 0 1
    outer loop
      vertex 86.95 -109.62 1.2
      vertex 2.2 1.98 1.2
      vertex 2.2 -109.62 1.2
    endloop
  endfacet
  facet normal 1 -0 0
    outer loop
      vertex 2.2 -109.62 48.8
      vertex 2.2 1.98 1.2
      vertex 2.2 1.98 48.8
    endloop
  endfacet
  facet normal 1 0 0
    outer loop
      vertex 2.2 1.98 1.2
      vertex 2.2 -109.62 48.8
      vertex 2.2 -109.62 1.2
    endloop
  endfacet
endsolid OpenSCAD_Model
