solid OpenSCAD_Model
  facet normal 1 -0 0
    outer loop
      vertex 38 -45 22
      vertex 38 40 0
      vertex 38 40 22
    endloop
  endfacet
  facet normal 1 0 0
    outer loop
      vertex 38 40 0
      vertex 38 -45 22
      vertex 38 -45 0
    endloop
  endfacet
  facet normal -0 0 1
    outer loop
      vertex -18.8023 -37.0056 22
      vertex -18.774 -43 22
      vertex -18.4046 -36.9265 22
    endloop
  endfacet
  facet normal -0 0 1
    outer loop
      vertex -19.1863 -37.136 22
      vertex -18.774 -43 22
      vertex -18.8023 -37.0056 22
    endloop
  endfacet
  facet normal -0 0 1
    outer loop
      vertex -20 -37.6396 22
      vertex -18.774 -43 22
      vertex -19.1863 -37.136 22
    endloop
  endfacet
  facet normal 0 0 1
    outer loop
      vertex -18.774 -43 22
      vertex -19.1863 -42.864 22
      vertex -18.8023 -42.9944 22
    endloop
  endfacet
  facet normal 0 0 1
    outer loop
      vertex -20 -37.6396 22
      vertex -19.1863 -37.136 22
      vertex -19.55 -37.3153 22
    endloop
  endfacet
  facet normal -0 0 1
    outer loop
      vertex -20 -42.3604 22
      vertex -18.774 -43 22
      vertex -20 -37.6396 22
    endloop
  endfacet
  facet normal 0 0 1
    outer loop
      vertex -20 -37.6396 22
      vertex -19.55 -37.3153 22
      vertex -19.8872 -37.5406 22
    endloop
  endfacet
  facet normal 0 0 1
    outer loop
      vertex -18.774 -43 22
      vertex -20 -42.3604 22
      vertex -19.1863 -42.864 22
    endloop
  endfacet
  facet normal 0 0 1
    outer loop
      vertex -19.1863 -42.864 22
      vertex -20 -42.3604 22
      vertex -19.55 -42.6847 22
    endloop
  endfacet
  facet normal 0 0 1
    outer loop
      vertex -19.55 -42.6847 22
      vertex -20 -42.3604 22
      vertex -19.8872 -42.4594 22
    endloop
  endfacet
  facet normal 0 0 1
    outer loop
      vertex -19.1863 37.864 22
      vertex -18.774 38 22
      vertex -18.8023 37.9944 22
    endloop
  endfacet
  facet normal 0 0 1
    outer loop
      vertex -18.774 38 22
      vertex -18.8023 32.0056 22
      vertex -18.4046 31.9265 22
    endloop
  endfacet
  facet normal 0 0 1
    outer loop
      vertex -18.774 38 22
      vertex -19.1863 37.864 22
      vertex -18.8023 32.0056 22
    endloop
  endfacet
  facet normal 0 0 1
    outer loop
      vertex -19.1863 37.864 22
      vertex -19.1863 32.136 22
      vertex -18.8023 32.0056 22
    endloop
  endfacet
  facet normal 0 0 1
    outer loop
      vertex -20 37.3604 22
      vertex -19.1863 37.864 22
      vertex -19.55 37.6847 22
    endloop
  endfacet
  facet normal 0 0 1
    outer loop
      vertex -19.1863 37.864 22
      vertex -20 37.3604 22
      vertex -19.1863 32.136 22
    endloop
  endfacet
  facet normal 0 0 1
    outer loop
      vertex -20 37.3604 22
      vertex -19.55 37.6847 22
      vertex -19.8872 37.4594 22
    endloop
  endfacet
  facet normal -0 0 1
    outer loop
      vertex -20 32.6396 22
      vertex -19.1863 32.136 22
      vertex -20 37.3604 22
    endloop
  endfacet
  facet normal 0 0 1
    outer loop
      vertex -19.1863 32.136 22
      vertex -20 32.6396 22
      vertex -19.55 32.3153 22
    endloop
  endfacet
  facet normal 0 0 1
    outer loop
      vertex -19.55 32.3153 22
      vertex -20 32.6396 22
      vertex -19.8872 32.5406 22
    endloop
  endfacet
  facet normal 0 0 1
    outer loop
      vertex -14.9265 -39.5954 22
      vertex -14.9265 -40.4046 22
      vertex -14.9 -40 22
    endloop
  endfacet
  facet normal 0 0 1
    outer loop
      vertex -15.0056 -39.1977 22
      vertex -14.9265 -40.4046 22
      vertex -14.9265 -39.5954 22
    endloop
  endfacet
  facet normal 0 0 1
    outer loop
      vertex -15.0056 -39.1977 22
      vertex -15.0056 -40.8023 22
      vertex -14.9265 -40.4046 22
    endloop
  endfacet
  facet normal 0 0 1
    outer loop
      vertex -15.136 -38.8137 22
      vertex -15.0056 -40.8023 22
      vertex -15.0056 -39.1977 22
    endloop
  endfacet
  facet normal 0 0 1
    outer loop
      vertex -15.136 -38.8137 22
      vertex -15.136 -41.1863 22
      vertex -15.0056 -40.8023 22
    endloop
  endfacet
  facet normal 0 0 1
    outer loop
      vertex -15.3153 -38.45 22
      vertex -15.136 -41.1863 22
      vertex -15.136 -38.8137 22
    endloop
  endfacet
  facet normal 0 0 1
    outer loop
      vertex -15.3153 -38.45 22
      vertex -15.3153 -41.55 22
      vertex -15.136 -41.1863 22
    endloop
  endfacet
  facet normal 0 0 1
    outer loop
      vertex -15.5406 -38.1128 22
      vertex -15.3153 -41.55 22
      vertex -15.3153 -38.45 22
    endloop
  endfacet
  facet normal 0 0 1
    outer loop
      vertex -15.5406 -38.1128 22
      vertex -15.5406 -41.8872 22
      vertex -15.3153 -41.55 22
    endloop
  endfacet
  facet normal 0 0 1
    outer loop
      vertex -15.808 -37.808 22
      vertex -15.5406 -41.8872 22
      vertex -15.5406 -38.1128 22
    endloop
  endfacet
  facet normal 0 0 1
    outer loop
      vertex -15.808 -37.808 22
      vertex -15.808 -42.192 22
      vertex -15.5406 -41.8872 22
    endloop
  endfacet
  facet normal 0 0 1
    outer loop
      vertex -16.1128 -37.5406 22
      vertex -15.808 -42.192 22
      vertex -15.808 -37.808 22
    endloop
  endfacet
  facet normal 0 0 1
    outer loop
      vertex -16.1128 -37.5406 22
      vertex -16.1128 -42.4594 22
      vertex -15.808 -42.192 22
    endloop
  endfacet
  facet normal 0 0 1
    outer loop
      vertex -16.45 -37.3153 22
      vertex -16.1128 -42.4594 22
      vertex -16.1128 -37.5406 22
    endloop
  endfacet
  facet normal 0 0 1
    outer loop
      vertex -16.45 -37.3153 22
      vertex -16.45 -42.6847 22
      vertex -16.1128 -42.4594 22
    endloop
  endfacet
  facet normal 0 0 1
    outer loop
      vertex -16.8137 -37.136 22
      vertex -16.45 -42.6847 22
      vertex -16.45 -37.3153 22
    endloop
  endfacet
  facet normal 0 0 1
    outer loop
      vertex -16.8137 -37.136 22
      vertex -16.8137 -42.864 22
      vertex -16.45 -42.6847 22
    endloop
  endfacet
  facet normal 0 0 1
    outer loop
      vertex -17.1977 -37.0056 22
      vertex -16.8137 -42.864 22
      vertex -16.8137 -37.136 22
    endloop
  endfacet
  facet normal 0 0 1
    outer loop
      vertex -17.226 -43 22
      vertex -16.8137 -42.864 22
      vertex -17.1977 -37.0056 22
    endloop
  endfacet
  facet normal 0 0 1
    outer loop
      vertex -16.8137 -42.864 22
      vertex -17.226 -43 22
      vertex -17.1977 -42.9944 22
    endloop
  endfacet
  facet normal 0 -0 1
    outer loop
      vertex -17.226 -43 22
      vertex -17.1977 -37.0056 22
      vertex -17.5954 -36.9265 22
    endloop
  endfacet
  facet normal 0 0 1
    outer loop
      vertex 33.0735 -39.5954 22
      vertex 33.0735 -40.4046 22
      vertex 33.1 -40 22
    endloop
  endfacet
  facet normal 0 0 1
    outer loop
      vertex 32.9944 -39.1977 22
      vertex 33.0735 -40.4046 22
      vertex 33.0735 -39.5954 22
    endloop
  endfacet
  facet normal 0 0 1
    outer loop
      vertex 32.9944 -39.1977 22
      vertex 32.9944 -40.8023 22
      vertex 33.0735 -40.4046 22
    endloop
  endfacet
  facet normal 0 0 1
    outer loop
      vertex 32.864 -38.8137 22
      vertex 32.9944 -40.8023 22
      vertex 32.9944 -39.1977 22
    endloop
  endfacet
  facet normal 0 0 1
    outer loop
      vertex 32.864 -38.8137 22
      vertex 32.864 -41.1863 22
      vertex 32.9944 -40.8023 22
    endloop
  endfacet
  facet normal 0 0 1
    outer loop
      vertex 32.6847 -38.45 22
      vertex 32.864 -41.1863 22
      vertex 32.864 -38.8137 22
    endloop
  endfacet
  facet normal 0 0 1
    outer loop
      vertex 32.6847 -38.45 22
      vertex 32.6847 -41.55 22
      vertex 32.864 -41.1863 22
    endloop
  endfacet
  facet normal 0 0 1
    outer loop
      vertex 32.4594 -38.1128 22
      vertex 32.6847 -41.55 22
      vertex 32.6847 -38.45 22
    endloop
  endfacet
  facet normal 0 0 1
    outer loop
      vertex 32.4594 -38.1128 22
      vertex 32.4594 -41.8872 22
      vertex 32.6847 -41.55 22
    endloop
  endfacet
  facet normal 0 0 1
    outer loop
      vertex 32.192 -37.808 22
      vertex 32.4594 -41.8872 22
      vertex 32.4594 -38.1128 22
    endloop
  endfacet
  facet normal 0 0 1
    outer loop
      vertex 32.192 -37.808 22
      vertex 32.192 -42.192 22
      vertex 32.4594 -41.8872 22
    endloop
  endfacet
  facet normal 0 0 1
    outer loop
      vertex 31.8872 -37.5406 22
      vertex 32.192 -42.192 22
      vertex 32.192 -37.808 22
    endloop
  endfacet
  facet normal 0 0 1
    outer loop
      vertex 31.8872 -37.5406 22
      vertex 31.8872 -42.4594 22
      vertex 32.192 -42.192 22
    endloop
  endfacet
  facet normal 0 0 1
    outer loop
      vertex 31.55 -37.3153 22
      vertex 31.8872 -42.4594 22
      vertex 31.8872 -37.5406 22
    endloop
  endfacet
  facet normal 0 0 1
    outer loop
      vertex 31.55 -37.3153 22
      vertex 31.55 -42.6847 22
      vertex 31.8872 -42.4594 22
    endloop
  endfacet
  facet normal 0 0 1
    outer loop
      vertex 31.1863 -37.136 22
      vertex 31.55 -42.6847 22
      vertex 31.55 -37.3153 22
    endloop
  endfacet
  facet normal 0 0 1
    outer loop
      vertex 31.1863 -37.136 22
      vertex 31.1863 -42.864 22
      vertex 31.55 -42.6847 22
    endloop
  endfacet
  facet normal 0 0 1
    outer loop
      vertex 30.8023 -37.0056 22
      vertex 31.1863 -42.864 22
      vertex 31.1863 -37.136 22
    endloop
  endfacet
  facet normal 0 0 1
    outer loop
      vertex 30.774 -43 22
      vertex 31.1863 -42.864 22
      vertex 30.8023 -37.0056 22
    endloop
  endfacet
  facet normal 0 0 1
    outer loop
      vertex 31.1863 -42.864 22
      vertex 30.774 -43 22
      vertex 30.8023 -42.9944 22
    endloop
  endfacet
  facet normal 0 -0 1
    outer loop
      vertex 30.774 -43 22
      vertex 30.8023 -37.0056 22
      vertex 30.4046 -36.9265 22
    endloop
  endfacet
  facet normal 0 0 1
    outer loop
      vertex 38 40 22
      vertex 36 38 22
      vertex 38 -45 22
    endloop
  endfacet
  facet normal 0 0 1
    outer loop
      vertex 38 40 22
      vertex 30.774 38 22
      vertex 36 38 22
    endloop
  endfacet
  facet normal 0 0 1
    outer loop
      vertex 30.774 38 22
      vertex 30 31.9 22
      vertex 30.4046 31.9265 22
    endloop
  endfacet
  facet normal 0 0 1
    outer loop
      vertex 30.774 38 22
      vertex 29.5954 31.9265 22
      vertex 30 31.9 22
    endloop
  endfacet
  facet normal 0 0 1
    outer loop
      vertex 30.774 38 22
      vertex 29.226 38 22
      vertex 29.5954 31.9265 22
    endloop
  endfacet
  facet normal 0 0 1
    outer loop
      vertex 38 40 22
      vertex 29.226 38 22
      vertex 30.774 38 22
    endloop
  endfacet
  facet normal -0 0 1
    outer loop
      vertex -22 40 22
      vertex 29.226 38 22
      vertex 38 40 22
    endloop
  endfacet
  facet normal 0 0 1
    outer loop
      vertex -17.226 38 22
      vertex -18 31.9 22
      vertex -17.5954 31.9265 22
    endloop
  endfacet
  facet normal 0 0 1
    outer loop
      vertex -17.226 38 22
      vertex -18.4046 31.9265 22
      vertex -18 31.9 22
    endloop
  endfacet
  facet normal 0 0 1
    outer loop
      vertex -17.226 38 22
      vertex -18.774 38 22
      vertex -18.4046 31.9265 22
    endloop
  endfacet
  facet normal 0 0 1
    outer loop
      vertex 29.226 38 22
      vertex -22 40 22
      vertex -17.226 38 22
    endloop
  endfacet
  facet normal 0 0 1
    outer loop
      vertex -17.226 38 22
      vertex -22 40 22
      vertex -18.774 38 22
    endloop
  endfacet
  facet normal 0 0 1
    outer loop
      vertex -22 40 22
      vertex -20 37.3604 22
      vertex -20 38 22
    endloop
  endfacet
  facet normal 0 0 1
    outer loop
      vertex -20 37.3604 22
      vertex -22 40 22
      vertex -20 32.6396 22
    endloop
  endfacet
  facet normal 0 0 1
    outer loop
      vertex -20 32.6396 22
      vertex -22 40 22
      vertex -20 -37.6396 22
    endloop
  endfacet
  facet normal 0 0 1
    outer loop
      vertex -22 -45 22
      vertex -20 -37.6396 22
      vertex -22 40 22
    endloop
  endfacet
  facet normal 0 0 1
    outer loop
      vertex -20 -37.6396 22
      vertex -22 -45 22
      vertex -20 -42.3604 22
    endloop
  endfacet
  facet normal 0 0 1
    outer loop
      vertex -18.774 38 22
      vertex -22 40 22
      vertex -20 38 22
    endloop
  endfacet
  facet normal -0 0 1
    outer loop
      vertex 36 -43 22
      vertex 38 -45 22
      vertex 36 38 22
    endloop
  endfacet
  facet normal -0 0 1
    outer loop
      vertex 30.774 -43 22
      vertex 38 -45 22
      vertex 36 -43 22
    endloop
  endfacet
  facet normal 0 0 1
    outer loop
      vertex 30 -36.9 22
      vertex 30.774 -43 22
      vertex 30.4046 -36.9265 22
    endloop
  endfacet
  facet normal -0 0 1
    outer loop
      vertex 29.5954 -36.9265 22
      vertex 30.774 -43 22
      vertex 30 -36.9 22
    endloop
  endfacet
  facet normal 0 0 1
    outer loop
      vertex 29.226 -43 22
      vertex 30.774 -43 22
      vertex 29.5954 -36.9265 22
    endloop
  endfacet
  facet normal -0 0 1
    outer loop
      vertex 29.226 -43 22
      vertex 38 -45 22
      vertex 30.774 -43 22
    endloop
  endfacet
  facet normal 0 0 1
    outer loop
      vertex -22 -45 22
      vertex 29.226 -43 22
      vertex -17.226 -43 22
    endloop
  endfacet
  facet normal 0 0 1
    outer loop
      vertex -18 -36.9 22
      vertex -17.226 -43 22
      vertex -17.5954 -36.9265 22
    endloop
  endfacet
  facet normal -0 0 1
    outer loop
      vertex -18.4046 -36.9265 22
      vertex -17.226 -43 22
      vertex -18 -36.9 22
    endloop
  endfacet
  facet normal 0 0 1
    outer loop
      vertex -18.774 -43 22
      vertex -17.226 -43 22
      vertex -18.4046 -36.9265 22
    endloop
  endfacet
  facet normal 0 0 1
    outer loop
      vertex -22 -45 22
      vertex -17.226 -43 22
      vertex -18.774 -43 22
    endloop
  endfacet
  facet normal 0 0 1
    outer loop
      vertex -22 -45 22
      vertex -18.774 -43 22
      vertex -20 -43 22
    endloop
  endfacet
  facet normal 0 0 1
    outer loop
      vertex 29.226 -43 22
      vertex -22 -45 22
      vertex 38 -45 22
    endloop
  endfacet
  facet normal 0 0 1
    outer loop
      vertex -20 -42.3604 22
      vertex -22 -45 22
      vertex -20 -43 22
    endloop
  endfacet
  facet normal 0 0 1
    outer loop
      vertex 33.0735 35.4046 22
      vertex 33.0735 34.5954 22
      vertex 33.1 35 22
    endloop
  endfacet
  facet normal 0 0 1
    outer loop
      vertex 32.9944 35.8023 22
      vertex 33.0735 34.5954 22
      vertex 33.0735 35.4046 22
    endloop
  endfacet
  facet normal 0 0 1
    outer loop
      vertex 32.9944 35.8023 22
      vertex 32.9944 34.1977 22
      vertex 33.0735 34.5954 22
    endloop
  endfacet
  facet normal 0 0 1
    outer loop
      vertex 32.864 36.1863 22
      vertex 32.9944 34.1977 22
      vertex 32.9944 35.8023 22
    endloop
  endfacet
  facet normal 0 0 1
    outer loop
      vertex 32.864 36.1863 22
      vertex 32.864 33.8137 22
      vertex 32.9944 34.1977 22
    endloop
  endfacet
  facet normal 0 0 1
    outer loop
      vertex 32.6847 36.55 22
      vertex 32.864 33.8137 22
      vertex 32.864 36.1863 22
    endloop
  endfacet
  facet normal 0 0 1
    outer loop
      vertex 32.6847 36.55 22
      vertex 32.6847 33.45 22
      vertex 32.864 33.8137 22
    endloop
  endfacet
  facet normal 0 0 1
    outer loop
      vertex 32.4594 36.8872 22
      vertex 32.6847 33.45 22
      vertex 32.6847 36.55 22
    endloop
  endfacet
  facet normal 0 0 1
    outer loop
      vertex 32.4594 36.8872 22
      vertex 32.4594 33.1128 22
      vertex 32.6847 33.45 22
    endloop
  endfacet
  facet normal 0 0 1
    outer loop
      vertex 32.192 37.192 22
      vertex 32.4594 33.1128 22
      vertex 32.4594 36.8872 22
    endloop
  endfacet
  facet normal 0 0 1
    outer loop
      vertex 32.192 37.192 22
      vertex 32.192 32.808 22
      vertex 32.4594 33.1128 22
    endloop
  endfacet
  facet normal 0 0 1
    outer loop
      vertex 31.8872 37.4594 22
      vertex 32.192 32.808 22
      vertex 32.192 37.192 22
    endloop
  endfacet
  facet normal 0 0 1
    outer loop
      vertex 31.8872 37.4594 22
      vertex 31.8872 32.5406 22
      vertex 32.192 32.808 22
    endloop
  endfacet
  facet normal 0 0 1
    outer loop
      vertex 31.55 37.6847 22
      vertex 31.8872 32.5406 22
      vertex 31.8872 37.4594 22
    endloop
  endfacet
  facet normal 0 0 1
    outer loop
      vertex 31.55 37.6847 22
      vertex 31.55 32.3153 22
      vertex 31.8872 32.5406 22
    endloop
  endfacet
  facet normal 0 0 1
    outer loop
      vertex 31.1863 37.864 22
      vertex 31.55 32.3153 22
      vertex 31.55 37.6847 22
    endloop
  endfacet
  facet normal 0 0 1
    outer loop
      vertex 31.1863 37.864 22
      vertex 31.1863 32.136 22
      vertex 31.55 32.3153 22
    endloop
  endfacet
  facet normal 0 0 1
    outer loop
      vertex 30.774 38 22
      vertex 31.1863 37.864 22
      vertex 30.8023 37.9944 22
    endloop
  endfacet
  facet normal 0 0 1
    outer loop
      vertex 31.1863 37.864 22
      vertex 30.774 38 22
      vertex 31.1863 32.136 22
    endloop
  endfacet
  facet normal 0 0 1
    outer loop
      vertex 31.1863 32.136 22
      vertex 30.774 38 22
      vertex 30.8023 32.0056 22
    endloop
  endfacet
  facet normal 0 0 1
    outer loop
      vertex 30.8023 32.0056 22
      vertex 30.774 38 22
      vertex 30.4046 31.9265 22
    endloop
  endfacet
  facet normal -0 0 1
    outer loop
      vertex 29.1977 -37.0056 22
      vertex 29.226 -43 22
      vertex 29.5954 -36.9265 22
    endloop
  endfacet
  facet normal -0 0 1
    outer loop
      vertex 28.8137 -37.136 22
      vertex 29.226 -43 22
      vertex 29.1977 -37.0056 22
    endloop
  endfacet
  facet normal -0 0 1
    outer loop
      vertex 28.8137 -42.864 22
      vertex 29.226 -43 22
      vertex 28.8137 -37.136 22
    endloop
  endfacet
  facet normal 0 0 1
    outer loop
      vertex 29.226 -43 22
      vertex 28.8137 -42.864 22
      vertex 29.1977 -42.9944 22
    endloop
  endfacet
  facet normal -0 0 1
    outer loop
      vertex 28.45 -37.3153 22
      vertex 28.8137 -42.864 22
      vertex 28.8137 -37.136 22
    endloop
  endfacet
  facet normal 0 0 1
    outer loop
      vertex 28.45 -37.3153 22
      vertex 28.45 -42.6847 22
      vertex 28.8137 -42.864 22
    endloop
  endfacet
  facet normal -0 0 1
    outer loop
      vertex 28.1128 -37.5406 22
      vertex 28.45 -42.6847 22
      vertex 28.45 -37.3153 22
    endloop
  endfacet
  facet normal 0 0 1
    outer loop
      vertex 28.1128 -37.5406 22
      vertex 28.1128 -42.4594 22
      vertex 28.45 -42.6847 22
    endloop
  endfacet
  facet normal -0 0 1
    outer loop
      vertex 27.808 -37.808 22
      vertex 28.1128 -42.4594 22
      vertex 28.1128 -37.5406 22
    endloop
  endfacet
  facet normal 0 0 1
    outer loop
      vertex 27.808 -37.808 22
      vertex 27.808 -42.192 22
      vertex 28.1128 -42.4594 22
    endloop
  endfacet
  facet normal -0 0 1
    outer loop
      vertex 27.5406 -38.1128 22
      vertex 27.808 -42.192 22
      vertex 27.808 -37.808 22
    endloop
  endfacet
  facet normal 0 0 1
    outer loop
      vertex 27.5406 -38.1128 22
      vertex 27.5406 -41.8872 22
      vertex 27.808 -42.192 22
    endloop
  endfacet
  facet normal -0 0 1
    outer loop
      vertex 27.3153 -38.45 22
      vertex 27.5406 -41.8872 22
      vertex 27.5406 -38.1128 22
    endloop
  endfacet
  facet normal 0 0 1
    outer loop
      vertex 27.3153 -38.45 22
      vertex 27.3153 -41.55 22
      vertex 27.5406 -41.8872 22
    endloop
  endfacet
  facet normal -0 0 1
    outer loop
      vertex 27.136 -38.8137 22
      vertex 27.3153 -41.55 22
      vertex 27.3153 -38.45 22
    endloop
  endfacet
  facet normal 0 0 1
    outer loop
      vertex 27.136 -38.8137 22
      vertex 27.136 -41.1863 22
      vertex 27.3153 -41.55 22
    endloop
  endfacet
  facet normal -0 0 1
    outer loop
      vertex 27.0056 -39.1977 22
      vertex 27.136 -41.1863 22
      vertex 27.136 -38.8137 22
    endloop
  endfacet
  facet normal 0 0 1
    outer loop
      vertex 27.0056 -39.1977 22
      vertex 27.0056 -40.8023 22
      vertex 27.136 -41.1863 22
    endloop
  endfacet
  facet normal -0 0 1
    outer loop
      vertex 26.9265 -39.5954 22
      vertex 27.0056 -40.8023 22
      vertex 27.0056 -39.1977 22
    endloop
  endfacet
  facet normal 0 0 1
    outer loop
      vertex 26.9265 -39.5954 22
      vertex 26.9265 -40.4046 22
      vertex 27.0056 -40.8023 22
    endloop
  endfacet
  facet normal 0 -0 1
    outer loop
      vertex 26.9265 -40.4046 22
      vertex 26.9265 -39.5954 22
      vertex 26.9 -40 22
    endloop
  endfacet
  facet normal 0 0 1
    outer loop
      vertex 28.8137 37.864 22
      vertex 29.226 38 22
      vertex 29.1977 37.9944 22
    endloop
  endfacet
  facet normal 0 0 1
    outer loop
      vertex 29.226 38 22
      vertex 29.1977 32.0056 22
      vertex 29.5954 31.9265 22
    endloop
  endfacet
  facet normal 0 0 1
    outer loop
      vertex 29.226 38 22
      vertex 28.8137 37.864 22
      vertex 29.1977 32.0056 22
    endloop
  endfacet
  facet normal 0 0 1
    outer loop
      vertex 28.8137 37.864 22
      vertex 28.8137 32.136 22
      vertex 29.1977 32.0056 22
    endloop
  endfacet
  facet normal -0 0 1
    outer loop
      vertex 28.45 37.6847 22
      vertex 28.8137 32.136 22
      vertex 28.8137 37.864 22
    endloop
  endfacet
  facet normal 0 0 1
    outer loop
      vertex 28.45 37.6847 22
      vertex 28.45 32.3153 22
      vertex 28.8137 32.136 22
    endloop
  endfacet
  facet normal -0 0 1
    outer loop
      vertex 28.1128 37.4594 22
      vertex 28.45 32.3153 22
      vertex 28.45 37.6847 22
    endloop
  endfacet
  facet normal 0 0 1
    outer loop
      vertex 28.1128 37.4594 22
      vertex 28.1128 32.5406 22
      vertex 28.45 32.3153 22
    endloop
  endfacet
  facet normal -0 0 1
    outer loop
      vertex 27.808 37.192 22
      vertex 28.1128 32.5406 22
      vertex 28.1128 37.4594 22
    endloop
  endfacet
  facet normal 0 0 1
    outer loop
      vertex 27.808 37.192 22
      vertex 27.808 32.808 22
      vertex 28.1128 32.5406 22
    endloop
  endfacet
  facet normal -0 0 1
    outer loop
      vertex 27.5406 36.8872 22
      vertex 27.808 32.808 22
      vertex 27.808 37.192 22
    endloop
  endfacet
  facet normal 0 0 1
    outer loop
      vertex 27.5406 36.8872 22
      vertex 27.5406 33.1128 22
      vertex 27.808 32.808 22
    endloop
  endfacet
  facet normal -0 0 1
    outer loop
      vertex 27.3153 36.55 22
      vertex 27.5406 33.1128 22
      vertex 27.5406 36.8872 22
    endloop
  endfacet
  facet normal 0 0 1
    outer loop
      vertex 27.3153 36.55 22
      vertex 27.3153 33.45 22
      vertex 27.5406 33.1128 22
    endloop
  endfacet
  facet normal -0 0 1
    outer loop
      vertex 27.136 36.1863 22
      vertex 27.3153 33.45 22
      vertex 27.3153 36.55 22
    endloop
  endfacet
  facet normal 0 0 1
    outer loop
      vertex 27.136 36.1863 22
      vertex 27.136 33.8137 22
      vertex 27.3153 33.45 22
    endloop
  endfacet
  facet normal -0 0 1
    outer loop
      vertex 27.0056 35.8023 22
      vertex 27.136 33.8137 22
      vertex 27.136 36.1863 22
    endloop
  endfacet
  facet normal 0 0 1
    outer loop
      vertex 27.0056 35.8023 22
      vertex 27.0056 34.1977 22
      vertex 27.136 33.8137 22
    endloop
  endfacet
  facet normal -0 0 1
    outer loop
      vertex 26.9265 35.4046 22
      vertex 27.0056 34.1977 22
      vertex 27.0056 35.8023 22
    endloop
  endfacet
  facet normal 0 0 1
    outer loop
      vertex 26.9265 35.4046 22
      vertex 26.9265 34.5954 22
      vertex 27.0056 34.1977 22
    endloop
  endfacet
  facet normal 0 -0 1
    outer loop
      vertex 26.9265 34.5954 22
      vertex 26.9265 35.4046 22
      vertex 26.9 35 22
    endloop
  endfacet
  facet normal 0 0 1
    outer loop
      vertex -14.9265 35.4046 22
      vertex -14.9265 34.5954 22
      vertex -14.9 35 22
    endloop
  endfacet
  facet normal 0 0 1
    outer loop
      vertex -15.0056 35.8023 22
      vertex -14.9265 34.5954 22
      vertex -14.9265 35.4046 22
    endloop
  endfacet
  facet normal 0 0 1
    outer loop
      vertex -15.0056 35.8023 22
      vertex -15.0056 34.1977 22
      vertex -14.9265 34.5954 22
    endloop
  endfacet
  facet normal 0 0 1
    outer loop
      vertex -15.136 36.1863 22
      vertex -15.0056 34.1977 22
      vertex -15.0056 35.8023 22
    endloop
  endfacet
  facet normal 0 0 1
    outer loop
      vertex -15.136 36.1863 22
      vertex -15.136 33.8137 22
      vertex -15.0056 34.1977 22
    endloop
  endfacet
  facet normal 0 0 1
    outer loop
      vertex -15.3153 36.55 22
      vertex -15.136 33.8137 22
      vertex -15.136 36.1863 22
    endloop
  endfacet
  facet normal 0 0 1
    outer loop
      vertex -15.3153 36.55 22
      vertex -15.3153 33.45 22
      vertex -15.136 33.8137 22
    endloop
  endfacet
  facet normal 0 0 1
    outer loop
      vertex -15.5406 36.8872 22
      vertex -15.3153 33.45 22
      vertex -15.3153 36.55 22
    endloop
  endfacet
  facet normal 0 0 1
    outer loop
      vertex -15.5406 36.8872 22
      vertex -15.5406 33.1128 22
      vertex -15.3153 33.45 22
    endloop
  endfacet
  facet normal 0 0 1
    outer loop
      vertex -15.808 37.192 22
      vertex -15.5406 33.1128 22
      vertex -15.5406 36.8872 22
    endloop
  endfacet
  facet normal 0 0 1
    outer loop
      vertex -15.808 37.192 22
      vertex -15.808 32.808 22
      vertex -15.5406 33.1128 22
    endloop
  endfacet
  facet normal 0 0 1
    outer loop
      vertex -16.1128 37.4594 22
      vertex -15.808 32.808 22
      vertex -15.808 37.192 22
    endloop
  endfacet
  facet normal 0 0 1
    outer loop
      vertex -16.1128 37.4594 22
      vertex -16.1128 32.5406 22
      vertex -15.808 32.808 22
    endloop
  endfacet
  facet normal 0 0 1
    outer loop
      vertex -16.45 37.6847 22
      vertex -16.1128 32.5406 22
      vertex -16.1128 37.4594 22
    endloop
  endfacet
  facet normal 0 0 1
    outer loop
      vertex -16.45 37.6847 22
      vertex -16.45 32.3153 22
      vertex -16.1128 32.5406 22
    endloop
  endfacet
  facet normal 0 0 1
    outer loop
      vertex -16.8137 37.864 22
      vertex -16.45 32.3153 22
      vertex -16.45 37.6847 22
    endloop
  endfacet
  facet normal 0 0 1
    outer loop
      vertex -16.8137 37.864 22
      vertex -16.8137 32.136 22
      vertex -16.45 32.3153 22
    endloop
  endfacet
  facet normal 0 0 1
    outer loop
      vertex -17.226 38 22
      vertex -16.8137 37.864 22
      vertex -17.1977 37.9944 22
    endloop
  endfacet
  facet normal 0 0 1
    outer loop
      vertex -16.8137 37.864 22
      vertex -17.226 38 22
      vertex -16.8137 32.136 22
    endloop
  endfacet
  facet normal 0 0 1
    outer loop
      vertex -16.8137 32.136 22
      vertex -17.226 38 22
      vertex -17.1977 32.0056 22
    endloop
  endfacet
  facet normal 0 0 1
    outer loop
      vertex -17.1977 32.0056 22
      vertex -17.226 38 22
      vertex -17.5954 31.9265 22
    endloop
  endfacet
  facet normal 0 0 -1
    outer loop
      vertex -3.94022 -20.8498 0
      vertex -22 40 0
      vertex -0.0698415 21.745 0
    endloop
  endfacet
  facet normal 0 0 -1
    outer loop
      vertex -0.0698415 21.745 0
      vertex -22 40 0
      vertex -1.26064 37.198 0
    endloop
  endfacet
  facet normal 0 0 -1
    outer loop
      vertex -1.26064 37.198 0
      vertex -22 40 0
      vertex -0.978767 40 0
    endloop
  endfacet
  facet normal 0 0 -1
    outer loop
      vertex 4.23082 -19.7042 0
      vertex 5.35576 -9 0
      vertex 5.93135 -20.4756 0
    endloop
  endfacet
  facet normal 0 0 -1
    outer loop
      vertex 4.97474 -9 0
      vertex 4.47787 6.7982 0
      vertex 4.97474 6.76354 0
    endloop
  endfacet
  facet normal -0 0 -1
    outer loop
      vertex 5.35576 -9 0
      vertex 4.23082 -19.7042 0
      vertex 4.97474 -9 0
    endloop
  endfacet
  facet normal 0 0 -1
    outer loop
      vertex 4.23082 -19.7042 0
      vertex 5.93135 -20.4756 0
      vertex 4.23082 -20.714 0
    endloop
  endfacet
  facet normal 0 0 -1
    outer loop
      vertex 6.31454 -5.74001 0
      vertex 7.54825 -4.65151 0
      vertex 7.61905 -5.64901 0
    endloop
  endfacet
  facet normal -0 0 -1
    outer loop
      vertex 7.54825 -4.65151 0
      vertex 6.31454 -5.74001 0
      vertex 6.53332 5.65238 0
    endloop
  endfacet
  facet normal 0 0 -1
    outer loop
      vertex 14.465 -19.2792 0
      vertex 14.3331 -18.2879 0
      vertex 14.4711 -19.2549 0
    endloop
  endfacet
  facet normal 0 0 -1
    outer loop
      vertex 9.97424 -19.9088 0
      vertex 14.3331 -18.2879 0
      vertex 14.465 -19.2792 0
    endloop
  endfacet
  facet normal 0 0 -1
    outer loop
      vertex 14.3331 -18.2879 0
      vertex 8.88474 -4.55828 0
      vertex 17.3066 -8.02483 0
    endloop
  endfacet
  facet normal 0 0 -1
    outer loop
      vertex 7.86982 5.55915 0
      vertex 17.3066 -8.02483 0
      vertex 8.88474 -4.55828 0
    endloop
  endfacet
  facet normal 0 0 -1
    outer loop
      vertex 17.3066 -8.02483 0
      vertex 7.86982 5.55915 0
      vertex 13.5534 19.835 0
    endloop
  endfacet
  facet normal -0 0 -1
    outer loop
      vertex 13.5534 19.835 0
      vertex 7.86982 5.55915 0
      vertex 8.92906 20.4833 0
    endloop
  endfacet
  facet normal 0 0 -1
    outer loop
      vertex 7.54825 -4.65151 0
      vertex 7.86982 5.55915 0
      vertex 8.88474 -4.55828 0
    endloop
  endfacet
  facet normal -0 0 -1
    outer loop
      vertex 7.86982 5.55915 0
      vertex 7.54825 -4.65151 0
      vertex 6.53332 5.65238 0
    endloop
  endfacet
  facet normal 0 0 -1
    outer loop
      vertex 14.3331 -18.2879 0
      vertex 17.3066 -8.02483 0
      vertex 14.7293 -18.2323 0
    endloop
  endfacet
  facet normal 0 0 -1
    outer loop
      vertex 8.88474 -4.55828 0
      vertex 14.3331 -18.2879 0
      vertex 9.97424 -19.9088 0
    endloop
  endfacet
  facet normal 0 0 -1
    outer loop
      vertex 17.3066 -8.02483 0
      vertex 13.5534 19.835 0
      vertex 16.0646 37.6599 0
    endloop
  endfacet
  facet normal 0 0 -1
    outer loop
      vertex 38 -45 0
      vertex 22.7788 -9.38587 0
      vertex 38 40 0
    endloop
  endfacet
  facet normal 0 0 -1
    outer loop
      vertex 38 -45 0
      vertex 20.1619 -25.2248 0
      vertex 22.7788 -9.38587 0
    endloop
  endfacet
  facet normal 0 0 -1
    outer loop
      vertex 38 -45 0
      vertex 19.6713 -28.1946 0
      vertex 20.1619 -25.2248 0
    endloop
  endfacet
  facet normal 0 0 -1
    outer loop
      vertex 38 -45 0
      vertex 18.9422 -34.8088 0
      vertex 19.6713 -28.1946 0
    endloop
  endfacet
  facet normal 0 0 -1
    outer loop
      vertex 17.0544 -44.0336 0
      vertex 18.9422 -34.8088 0
      vertex 38 -45 0
    endloop
  endfacet
  facet normal 0 0 -1
    outer loop
      vertex 18.9422 -34.8088 0
      vertex 17.0544 -44.0336 0
      vertex 18.5699 -34.861 0
    endloop
  endfacet
  facet normal 0 0 -1
    outer loop
      vertex 8.73698 -41.9649 0
      vertex -2.1371 -38.7739 0
      vertex 4.23082 -37.8811 0
    endloop
  endfacet
  facet normal -0 0 -1
    outer loop
      vertex -2.1371 -38.7739 0
      vertex -22 -45 0
      vertex -3.94022 -20.8498 0
    endloop
  endfacet
  facet normal -0 0 -1
    outer loop
      vertex 8.73698 -41.9649 0
      vertex -22 -45 0
      vertex -2.1371 -38.7739 0
    endloop
  endfacet
  facet normal -0 0 -1
    outer loop
      vertex 17.0544 -44.0336 0
      vertex -22 -45 0
      vertex 8.73698 -41.9649 0
    endloop
  endfacet
  facet normal 0 0 -1
    outer loop
      vertex -22 -45 0
      vertex 17.0544 -44.0336 0
      vertex 38 -45 0
    endloop
  endfacet
  facet normal 0 0 -1
    outer loop
      vertex 16.0646 37.6599 0
      vertex 22.7788 -9.38587 0
      vertex 17.3066 -8.02483 0
    endloop
  endfacet
  facet normal 0 0 -1
    outer loop
      vertex 22.7788 -9.38587 0
      vertex 16.0646 37.6599 0
      vertex 38 40 0
    endloop
  endfacet
  facet normal 0 0 -1
    outer loop
      vertex -0.0698415 39.9219 0
      vertex 38 40 0
      vertex 16.0646 37.6599 0
    endloop
  endfacet
  facet normal -0 0 -1
    outer loop
      vertex 38 40 0
      vertex -0.0698415 39.9219 0
      vertex -0.860907 40 0
    endloop
  endfacet
  facet normal 0 0 -1
    outer loop
      vertex 17.95 -27.7665 0
      vertex 20.1619 -25.2248 0
      vertex 19.6713 -28.1946 0
    endloop
  endfacet
  facet normal -0 0 -1
    outer loop
      vertex 20.1619 -25.2248 0
      vertex 17.95 -27.7665 0
      vertex 17.4986 -24.5624 0
    endloop
  endfacet
  facet normal 0 0 -1
    outer loop
      vertex 19.6713 -28.1946 0
      vertex 18.9422 -34.8088 0
      vertex 18.7748 -33.6208 0
    endloop
  endfacet
  facet normal 0 0 -1
    outer loop
      vertex 4.23082 -37.8811 0
      vertex 10.2357 -36.0294 0
      vertex 8.73698 -41.9649 0
    endloop
  endfacet
  facet normal 0 0 -1
    outer loop
      vertex 10.2357 -36.0294 0
      vertex 4.23082 -37.8811 0
      vertex 4.23082 -36.8713 0
    endloop
  endfacet
  facet normal 0 0 -1
    outer loop
      vertex 6.53332 5.65238 0
      vertex 6.31454 6.67008 0
      vertex 6.60412 6.64988 0
    endloop
  endfacet
  facet normal 0 0 -1
    outer loop
      vertex 6.31454 6.67008 0
      vertex 6.53332 5.65238 0
      vertex 6.31454 -5.74001 0
    endloop
  endfacet
  facet normal 0 0 -1
    outer loop
      vertex -3.94022 -20.8498 0
      vertex 4.97474 -9 0
      vertex 4.23082 -19.7042 0
    endloop
  endfacet
  facet normal 0 0 -1
    outer loop
      vertex 4.47787 6.7982 0
      vertex -0.0698415 21.745 0
      vertex 5.19058 21.0075 0
    endloop
  endfacet
  facet normal -0 0 -1
    outer loop
      vertex 4.97474 -9 0
      vertex -3.94022 -20.8498 0
      vertex 4.47787 6.7982 0
    endloop
  endfacet
  facet normal 0 0 -1
    outer loop
      vertex -1.26064 37.198 0
      vertex -0.0698415 39.9219 0
      vertex -0.0698415 21.745 0
    endloop
  endfacet
  facet normal -0 0 -1
    outer loop
      vertex -0.0698415 39.9219 0
      vertex -1.26064 37.198 0
      vertex -0.860907 40 0
    endloop
  endfacet
  facet normal 0 0 -1
    outer loop
      vertex -22 40 0
      vertex -3.94022 -20.8498 0
      vertex -22 -45 0
    endloop
  endfacet
  facet normal -0 0 -1
    outer loop
      vertex 4.47787 6.7982 0
      vertex -3.94022 -20.8498 0
      vertex -0.0698415 21.745 0
    endloop
  endfacet
  facet normal -1 0 0
    outer loop
      vertex -22 -9 6.74844
      vertex -22 -18.6858 6.86935
      vertex -22 -9 7.29994
    endloop
  endfacet
  facet normal -1 0 0
    outer loop
      vertex -22 -8 7.29994
      vertex -22 -9 7.29994
      vertex -22 -8 11.4224
    endloop
  endfacet
  facet normal -1 0 0
    outer loop
      vertex -22 40 0
      vertex -22 25.7197 6.76616
      vertex -22 40 22
    endloop
  endfacet
  facet normal -1 0 0
    outer loop
      vertex -22 40 0
      vertex -22 25.7132 5.42632
      vertex -22 25.7197 6.76616
    endloop
  endfacet
  facet normal -1 0 0
    outer loop
      vertex -22 40 0
      vertex -22 7.66813 5.20105
      vertex -22 25.7132 5.42632
    endloop
  endfacet
  facet normal -1 0 0
    outer loop
      vertex -22 40 0
      vertex -22 -6.73893 5.38046
      vertex -22 7.66813 5.20105
    endloop
  endfacet
  facet normal -1 0 0
    outer loop
      vertex -22 -45 0
      vertex -22 -6.73893 5.38046
      vertex -22 40 0
    endloop
  endfacet
  facet normal -1 -0 0
    outer loop
      vertex -22 -6.73893 5.38046
      vertex -22 -45 0
      vertex -22 -23.2022 5.58598
    endloop
  endfacet
  facet normal -1 0 0
    outer loop
      vertex -22 20.0424 6.69528
      vertex -22 40 22
      vertex -22 25.7197 6.76616
    endloop
  endfacet
  facet normal -1 0 0
    outer loop
      vertex -22 8 11.4224
      vertex -22 20.0424 6.69528
      vertex -22 8.69359 9.92014
    endloop
  endfacet
  facet normal -1 0 0
    outer loop
      vertex -22 8 7.29994
      vertex -22 8.69359 9.92014
      vertex -22 8.68081 7.29994
    endloop
  endfacet
  facet normal -1 0 0
    outer loop
      vertex -22 8 11.4224
      vertex -22 8.69359 9.92014
      vertex -22 8 7.29994
    endloop
  endfacet
  facet normal -1 0 0
    outer loop
      vertex -22 20.0424 6.69528
      vertex -22 8 11.4224
      vertex -22 40 22
    endloop
  endfacet
  facet normal -1 0 0
    outer loop
      vertex -22 -8 11.4224
      vertex -22 40 22
      vertex -22 8 11.4224
    endloop
  endfacet
  facet normal -1 0 0
    outer loop
      vertex -22 -18.6858 6.86935
      vertex -22 -8 11.4224
      vertex -22 -9 7.29994
    endloop
  endfacet
  facet normal -1 0 0
    outer loop
      vertex -22 -45 22
      vertex -22 -18.6858 6.86935
      vertex -22 -23.2022 5.58598
    endloop
  endfacet
  facet normal -1 0 0
    outer loop
      vertex -22 -45 22
      vertex -22 -23.2022 5.58598
      vertex -22 -45 0
    endloop
  endfacet
  facet normal -1 0 0
    outer loop
      vertex -22 -8 11.4224
      vertex -22 -45 22
      vertex -22 40 22
    endloop
  endfacet
  facet normal -1 0 0
    outer loop
      vertex -22 -18.6858 6.86935
      vertex -22 -45 22
      vertex -22 -8 11.4224
    endloop
  endfacet
  facet normal -1 0 0
    outer loop
      vertex -22 -6.73893 5.38046
      vertex -22 7.67184 5.96015
      vertex -22 7.66813 5.20105
    endloop
  endfacet
  facet normal -1 -0 0
    outer loop
      vertex -22 7.67184 5.96015
      vertex -22 -6.73893 5.38046
      vertex -22 -6.74176 5.96015
    endloop
  endfacet
  facet normal 0 1 0
    outer loop
      vertex -16.2358 40 9.23862
      vertex -17.2103 40 5.35791
      vertex -18.1902 40 5.60051
    endloop
  endfacet
  facet normal 0 1 -0
    outer loop
      vertex -7.33792 40 7.03586
      vertex -22 40 22
      vertex 38 40 22
    endloop
  endfacet
  facet normal 0 1 0
    outer loop
      vertex -22 40 22
      vertex -7.33792 40 7.03586
      vertex -16.2358 40 9.23862
    endloop
  endfacet
  facet normal 0 1 -0
    outer loop
      vertex -0.533674 40 1.33561
      vertex -7.33792 40 7.03586
      vertex 38 40 22
    endloop
  endfacet
  facet normal -0 1 -0
    outer loop
      vertex -1.13132 40 1.3774
      vertex -7.33792 40 7.03586
      vertex -0.533674 40 1.33561
    endloop
  endfacet
  facet normal 0 1 0
    outer loop
      vertex -7.33792 40 7.03586
      vertex -1.13132 40 1.3774
      vertex -7.62125 40 2.98405
    endloop
  endfacet
  facet normal 0 1 -0
    outer loop
      vertex 38 40 0
      vertex -0.533674 40 1.33561
      vertex 38 40 22
    endloop
  endfacet
  facet normal 0 1 0
    outer loop
      vertex -0.533674 40 1.33561
      vertex 38 40 0
      vertex -0.624357 40 0.0387755
    endloop
  endfacet
  facet normal 0 1 -0
    outer loop
      vertex -18.1902 40 5.60051
      vertex -22 40 22
      vertex -16.2358 40 9.23862
    endloop
  endfacet
  facet normal 0 1 0
    outer loop
      vertex -22 40 0
      vertex -18.1902 40 5.60051
      vertex -18.5069 40 4.33928
    endloop
  endfacet
  facet normal 0 1 -0
    outer loop
      vertex -1.81845 40 0.122275
      vertex -18.5069 40 4.33928
      vertex -1.81257 40 0.206417
    endloop
  endfacet
  facet normal 0 1 0
    outer loop
      vertex -0.978767 40 0
      vertex -1.81845 40 0.122275
      vertex -1.33657 40 0.0885784
    endloop
  endfacet
  facet normal 0 1 0
    outer loop
      vertex -18.1902 40 5.60051
      vertex -22 40 0
      vertex -22 40 22
    endloop
  endfacet
  facet normal 0 1 0
    outer loop
      vertex -1.81845 40 0.122275
      vertex -22 40 0
      vertex -18.5069 40 4.33928
    endloop
  endfacet
  facet normal 0 1 0
    outer loop
      vertex -22 40 0
      vertex -1.81845 40 0.122275
      vertex -0.978767 40 0
    endloop
  endfacet
  facet normal 0 1 0
    outer loop
      vertex -0.624357 40 0.0387755
      vertex -0.860907 40 0
      vertex -0.847256 40 0.0543621
    endloop
  endfacet
  facet normal 0 1 0
    outer loop
      vertex -0.860907 40 0
      vertex -0.624357 40 0.0387755
      vertex 38 40 0
    endloop
  endfacet
  facet normal 0 -1 0
    outer loop
      vertex -22 -45 0
      vertex 38 -45 22
      vertex -22 -45 22
    endloop
  endfacet
  facet normal 0 -1 -0
    outer loop
      vertex 38 -45 22
      vertex -22 -45 0
      vertex 38 -45 0
    endloop
  endfacet
  facet normal -1 0 0
    outer loop
      vertex 36 -43 1.51
      vertex 36 38 22
      vertex 36 38 1.51
    endloop
  endfacet
  facet normal -1 -0 0
    outer loop
      vertex 36 38 22
      vertex 36 -43 1.51
      vertex 36 -43 22
    endloop
  endfacet
  facet normal 0 0 1
    outer loop
      vertex -7.27948 38 1.51
      vertex -8.11284 32.4594 1.51
      vertex -7.85922 32.237 1.51
    endloop
  endfacet
  facet normal 0 0 1
    outer loop
      vertex -7.27948 38 1.51
      vertex -8.45 32.6847 1.51
      vertex -8.11284 32.4594 1.51
    endloop
  endfacet
  facet normal 0 0 1
    outer loop
      vertex -7.27948 38 1.51
      vertex -8.81368 32.864 1.51
      vertex -8.45 32.6847 1.51
    endloop
  endfacet
  facet normal 0 0 1
    outer loop
      vertex -7.27948 38 1.51
      vertex -9.19766 32.9944 1.51
      vertex -8.81368 32.864 1.51
    endloop
  endfacet
  facet normal 0 0 1
    outer loop
      vertex -7.27948 38 1.51
      vertex -9.59537 33.0735 1.51
      vertex -9.19766 32.9944 1.51
    endloop
  endfacet
  facet normal 0 0 1
    outer loop
      vertex -7.27948 38 1.51
      vertex -10 33.1 1.51
      vertex -9.59537 33.0735 1.51
    endloop
  endfacet
  facet normal 0 0 1
    outer loop
      vertex -7.27948 38 1.51
      vertex -10.4046 33.0735 1.51
      vertex -10 33.1 1.51
    endloop
  endfacet
  facet normal 0 0 1
    outer loop
      vertex -7.27948 38 1.51
      vertex -10.8023 32.9944 1.51
      vertex -10.4046 33.0735 1.51
    endloop
  endfacet
  facet normal 0 0 1
    outer loop
      vertex -7.27948 38 1.51
      vertex -11.1863 32.864 1.51
      vertex -10.8023 32.9944 1.51
    endloop
  endfacet
  facet normal -0 0 1
    outer loop
      vertex -20 38 1.51
      vertex -11.1863 32.864 1.51
      vertex -7.27948 38 1.51
    endloop
  endfacet
  facet normal 0 0 1
    outer loop
      vertex -11.1863 32.864 1.51
      vertex -20 38 1.51
      vertex -11.55 32.6847 1.51
    endloop
  endfacet
  facet normal 0 0 1
    outer loop
      vertex -11.55 32.6847 1.51
      vertex -20 38 1.51
      vertex -11.8872 32.4594 1.51
    endloop
  endfacet
  facet normal 0 0 1
    outer loop
      vertex -11.8872 32.4594 1.51
      vertex -20 38 1.51
      vertex -12.192 32.192 1.51
    endloop
  endfacet
  facet normal 0 0 1
    outer loop
      vertex -12.9944 -34.1977 1.51
      vertex -20 -43 1.51
      vertex -13.0735 -34.5954 1.51
    endloop
  endfacet
  facet normal 0 0 1
    outer loop
      vertex -13.0735 30.4046 1.51
      vertex -20 38 1.51
      vertex -13.1 30 1.51
    endloop
  endfacet
  facet normal 0 0 1
    outer loop
      vertex -12.9944 30.8023 1.51
      vertex -20 38 1.51
      vertex -13.0735 30.4046 1.51
    endloop
  endfacet
  facet normal 0 0 1
    outer loop
      vertex -12.864 31.1863 1.51
      vertex -20 38 1.51
      vertex -12.9944 30.8023 1.51
    endloop
  endfacet
  facet normal 0 0 1
    outer loop
      vertex -12.6847 31.55 1.51
      vertex -20 38 1.51
      vertex -12.864 31.1863 1.51
    endloop
  endfacet
  facet normal 0 0 1
    outer loop
      vertex -12.4594 31.8872 1.51
      vertex -20 38 1.51
      vertex -12.6847 31.55 1.51
    endloop
  endfacet
  facet normal 0 0 1
    outer loop
      vertex -12.192 32.192 1.51
      vertex -20 38 1.51
      vertex -12.4594 31.8872 1.51
    endloop
  endfacet
  facet normal -0 0 1
    outer loop
      vertex -8.45 27.3153 1.51
      vertex -8.79021 22.9824 1.51
      vertex -8.34744 27.3839 1.51
    endloop
  endfacet
  facet normal 0 -0 1
    outer loop
      vertex -8.79021 22.9824 1.51
      vertex -8.45 27.3153 1.51
      vertex -8.81368 27.136 1.51
    endloop
  endfacet
  facet normal 0 0 1
    outer loop
      vertex -12.192 27.808 1.51
      vertex -7.32825 11.3642 1.51
      vertex -8.79021 22.9824 1.51
    endloop
  endfacet
  facet normal 0 0 1
    outer loop
      vertex -8.79021 22.9824 1.51
      vertex -7.32825 11.3642 1.51
      vertex -6.536 22.6663 1.51
    endloop
  endfacet
  facet normal 0 0 1
    outer loop
      vertex 1.4629 6.01344 1.51
      vertex -6.65628 -5.64973 1.51
      vertex 1.4629 -5.08337 1.51
    endloop
  endfacet
  facet normal 0 -0 1
    outer loop
      vertex -6.65628 -5.64973 1.51
      vertex 1.4629 6.01344 1.51
      vertex -7.32825 6.62668 1.51
    endloop
  endfacet
  facet normal 0 0 1
    outer loop
      vertex 10.5714 -35.9971 1.51
      vertex 3.16477 -37.0355 1.51
      vertex 9.05148 -42.0168 1.51
    endloop
  endfacet
  facet normal 0 0 1
    outer loop
      vertex 19.0477 -34.8088 1.51
      vertex 18.4346 -34.8947 1.51
      vertex 18.5758 -35.8848 1.51
    endloop
  endfacet
  facet normal 0 0 1
    outer loop
      vertex 30.864 28.8137 1.51
      vertex 36 38 1.51
      vertex 30.9944 29.1977 1.51
    endloop
  endfacet
  facet normal 0 0 1
    outer loop
      vertex 36 -43 1.51
      vertex 31.0735 -34.5954 1.51
      vertex 31.1 -35 1.51
    endloop
  endfacet
  facet normal 0 0 1
    outer loop
      vertex 36 38 1.51
      vertex 30.864 28.8137 1.51
      vertex 36 -43 1.51
    endloop
  endfacet
  facet normal 0 0 1
    outer loop
      vertex 36 -43 1.51
      vertex 30.9944 -34.1977 1.51
      vertex 31.0735 -34.5954 1.51
    endloop
  endfacet
  facet normal -0 0 1
    outer loop
      vertex 30.864 -33.8137 1.51
      vertex 36 -43 1.51
      vertex 30.864 28.8137 1.51
    endloop
  endfacet
  facet normal 0 0 1
    outer loop
      vertex 36 -43 1.51
      vertex 30.864 -33.8137 1.51
      vertex 30.9944 -34.1977 1.51
    endloop
  endfacet
  facet normal -0 0 1
    outer loop
      vertex 30.6847 28.45 1.51
      vertex 30.864 -33.8137 1.51
      vertex 30.864 28.8137 1.51
    endloop
  endfacet
  facet normal 0 0 1
    outer loop
      vertex 30.6847 28.45 1.51
      vertex 30.6847 -33.45 1.51
      vertex 30.864 -33.8137 1.51
    endloop
  endfacet
  facet normal -0 0 1
    outer loop
      vertex 30.4594 28.1128 1.51
      vertex 30.6847 -33.45 1.51
      vertex 30.6847 28.45 1.51
    endloop
  endfacet
  facet normal 0 0 1
    outer loop
      vertex 30.4594 28.1128 1.51
      vertex 30.4594 -33.1128 1.51
      vertex 30.6847 -33.45 1.51
    endloop
  endfacet
  facet normal -0 0 1
    outer loop
      vertex 30.192 27.808 1.51
      vertex 30.4594 -33.1128 1.51
      vertex 30.4594 28.1128 1.51
    endloop
  endfacet
  facet normal 0 0 1
    outer loop
      vertex 30.192 27.808 1.51
      vertex 30.192 -32.808 1.51
      vertex 30.4594 -33.1128 1.51
    endloop
  endfacet
  facet normal -0 0 1
    outer loop
      vertex 29.8872 27.5406 1.51
      vertex 30.192 -32.808 1.51
      vertex 30.192 27.808 1.51
    endloop
  endfacet
  facet normal 0 0 1
    outer loop
      vertex 29.8872 27.5406 1.51
      vertex 29.8872 -32.5406 1.51
      vertex 30.192 -32.808 1.51
    endloop
  endfacet
  facet normal -0 0 1
    outer loop
      vertex 29.55 27.3153 1.51
      vertex 29.8872 -32.5406 1.51
      vertex 29.8872 27.5406 1.51
    endloop
  endfacet
  facet normal 0 0 1
    outer loop
      vertex 29.55 27.3153 1.51
      vertex 29.55 -32.3153 1.51
      vertex 29.8872 -32.5406 1.51
    endloop
  endfacet
  facet normal 0 0 1
    outer loop
      vertex 16.8155 -18.9645 1.51
      vertex 29.55 27.3153 1.51
      vertex 29.1863 27.136 1.51
    endloop
  endfacet
  facet normal 0 0 1
    outer loop
      vertex 29.55 27.3153 1.51
      vertex 16.8155 -18.9645 1.51
      vertex 29.55 -32.3153 1.51
    endloop
  endfacet
  facet normal 0 0 1
    outer loop
      vertex 11.308 -4.39661 1.51
      vertex 29.1863 27.136 1.51
      vertex 28.8023 27.0056 1.51
    endloop
  endfacet
  facet normal 0 0 1
    outer loop
      vertex 29.55 -32.3153 1.51
      vertex 16.8155 -18.9645 1.51
      vertex 29.1863 -32.136 1.51
    endloop
  endfacet
  facet normal 0 0 1
    outer loop
      vertex 10.3413 5.39412 1.51
      vertex 28.8023 27.0056 1.51
      vertex 28.4046 26.9265 1.51
    endloop
  endfacet
  facet normal 0 0 1
    outer loop
      vertex 29.1863 -32.136 1.51
      vertex 16.8155 -18.9645 1.51
      vertex 28.8023 -32.0056 1.51
    endloop
  endfacet
  facet normal 0 0 1
    outer loop
      vertex 10.3413 5.39412 1.51
      vertex 28.4046 26.9265 1.51
      vertex 28 26.9 1.51
    endloop
  endfacet
  facet normal 0 0 1
    outer loop
      vertex 28.8023 -32.0056 1.51
      vertex 16.8155 -18.9645 1.51
      vertex 28.4046 -31.9265 1.51
    endloop
  endfacet
  facet normal 0 0 1
    outer loop
      vertex 10.3413 5.39412 1.51
      vertex 28 26.9 1.51
      vertex 27.5954 26.9265 1.51
    endloop
  endfacet
  facet normal 0 0 1
    outer loop
      vertex 28.4046 -31.9265 1.51
      vertex 16.8155 -18.9645 1.51
      vertex 28 -31.9 1.51
    endloop
  endfacet
  facet normal 0 0 1
    outer loop
      vertex 12.8058 20.9645 1.51
      vertex 27.5954 26.9265 1.51
      vertex 27.1977 27.0056 1.51
    endloop
  endfacet
  facet normal 0 0 1
    outer loop
      vertex 28 -31.9 1.51
      vertex 16.8155 -18.9645 1.51
      vertex 27.5954 -31.9265 1.51
    endloop
  endfacet
  facet normal 0 0 1
    outer loop
      vertex 12.8058 20.9645 1.51
      vertex 27.1977 27.0056 1.51
      vertex 26.8137 27.136 1.51
    endloop
  endfacet
  facet normal 0 0 1
    outer loop
      vertex 27.5954 -31.9265 1.51
      vertex 16.8155 -18.9645 1.51
      vertex 27.1977 -32.0056 1.51
    endloop
  endfacet
  facet normal 0 0 1
    outer loop
      vertex 12.8058 20.9645 1.51
      vertex 26.8137 27.136 1.51
      vertex 26.45 27.3153 1.51
    endloop
  endfacet
  facet normal 0 0 1
    outer loop
      vertex 27.1977 -32.0056 1.51
      vertex 16.8155 -18.9645 1.51
      vertex 26.8137 -32.136 1.51
    endloop
  endfacet
  facet normal 0 0 1
    outer loop
      vertex 12.8058 20.9645 1.51
      vertex 26.45 27.3153 1.51
      vertex 26.1128 27.5406 1.51
    endloop
  endfacet
  facet normal 0 0 1
    outer loop
      vertex 26.8137 -32.136 1.51
      vertex 16.8155 -18.9645 1.51
      vertex 26.45 -32.3153 1.51
    endloop
  endfacet
  facet normal 0 0 1
    outer loop
      vertex 12.8058 20.9645 1.51
      vertex 26.1128 27.5406 1.51
      vertex 25.808 27.808 1.51
    endloop
  endfacet
  facet normal 0 0 1
    outer loop
      vertex 26.45 -32.3153 1.51
      vertex 16.8155 -18.9645 1.51
      vertex 26.1128 -32.5406 1.51
    endloop
  endfacet
  facet normal 0 0 1
    outer loop
      vertex 12.8058 20.9645 1.51
      vertex 25.808 27.808 1.51
      vertex 25.5406 28.1128 1.51
    endloop
  endfacet
  facet normal 0 0 1
    outer loop
      vertex 26.1128 -32.5406 1.51
      vertex 16.8155 -18.9645 1.51
      vertex 25.808 -32.808 1.51
    endloop
  endfacet
  facet normal 0 0 1
    outer loop
      vertex 12.8058 20.9645 1.51
      vertex 25.5406 28.1128 1.51
      vertex 25.3153 28.45 1.51
    endloop
  endfacet
  facet normal 0 -0 1
    outer loop
      vertex 19.0477 -34.8088 1.51
      vertex 25.808 -32.808 1.51
      vertex 16.8155 -18.9645 1.51
    endloop
  endfacet
  facet normal 0 0 1
    outer loop
      vertex 12.8058 20.9645 1.51
      vertex 25.3153 28.45 1.51
      vertex 25.136 28.8137 1.51
    endloop
  endfacet
  facet normal 0 0 1
    outer loop
      vertex 25.808 -32.808 1.51
      vertex 19.0477 -34.8088 1.51
      vertex 25.5406 -33.1128 1.51
    endloop
  endfacet
  facet normal 0 0 1
    outer loop
      vertex 12.8058 20.9645 1.51
      vertex 25.136 28.8137 1.51
      vertex 25.0056 29.1977 1.51
    endloop
  endfacet
  facet normal 0 0 1
    outer loop
      vertex 25.5406 -33.1128 1.51
      vertex 19.0477 -34.8088 1.51
      vertex 25.3153 -33.45 1.51
    endloop
  endfacet
  facet normal 0 0 1
    outer loop
      vertex 12.8058 20.9645 1.51
      vertex 25.0056 29.1977 1.51
      vertex 24.9265 29.5954 1.51
    endloop
  endfacet
  facet normal 0 0 1
    outer loop
      vertex 25.3153 -33.45 1.51
      vertex 19.0477 -34.8088 1.51
      vertex 25.136 -33.8137 1.51
    endloop
  endfacet
  facet normal 0 0 1
    outer loop
      vertex 15.038 36.8088 1.51
      vertex 24.9265 29.5954 1.51
      vertex 24.9 30 1.51
    endloop
  endfacet
  facet normal 0 0 1
    outer loop
      vertex 25.136 -33.8137 1.51
      vertex 19.0477 -34.8088 1.51
      vertex 25.0056 -34.1977 1.51
    endloop
  endfacet
  facet normal 0 0 1
    outer loop
      vertex 31.0735 29.5954 1.51
      vertex 36 38 1.51
      vertex 31.1 30 1.51
    endloop
  endfacet
  facet normal 0 0 1
    outer loop
      vertex 36 38 1.51
      vertex 31.0735 30.4046 1.51
      vertex 31.1 30 1.51
    endloop
  endfacet
  facet normal 0 0 1
    outer loop
      vertex 36 38 1.51
      vertex 30.9944 30.8023 1.51
      vertex 31.0735 30.4046 1.51
    endloop
  endfacet
  facet normal 0 0 1
    outer loop
      vertex 36 38 1.51
      vertex 30.864 31.1863 1.51
      vertex 30.9944 30.8023 1.51
    endloop
  endfacet
  facet normal 0 0 1
    outer loop
      vertex 36 38 1.51
      vertex 30.6847 31.55 1.51
      vertex 30.864 31.1863 1.51
    endloop
  endfacet
  facet normal 0 0 1
    outer loop
      vertex 36 38 1.51
      vertex 30.4594 31.8872 1.51
      vertex 30.6847 31.55 1.51
    endloop
  endfacet
  facet normal 0 0 1
    outer loop
      vertex 36 38 1.51
      vertex 30.192 32.192 1.51
      vertex 30.4594 31.8872 1.51
    endloop
  endfacet
  facet normal 0 0 1
    outer loop
      vertex 36 38 1.51
      vertex 29.8872 32.4594 1.51
      vertex 30.192 32.192 1.51
    endloop
  endfacet
  facet normal 0 0 1
    outer loop
      vertex 36 38 1.51
      vertex 29.55 32.6847 1.51
      vertex 29.8872 32.4594 1.51
    endloop
  endfacet
  facet normal 0 0 1
    outer loop
      vertex 36 38 1.51
      vertex 29.1863 32.864 1.51
      vertex 29.55 32.6847 1.51
    endloop
  endfacet
  facet normal 0 0 1
    outer loop
      vertex 36 38 1.51
      vertex 28.8023 32.9944 1.51
      vertex 29.1863 32.864 1.51
    endloop
  endfacet
  facet normal 0 0 1
    outer loop
      vertex 36 38 1.51
      vertex 28.4046 33.0735 1.51
      vertex 28.8023 32.9944 1.51
    endloop
  endfacet
  facet normal 0 0 1
    outer loop
      vertex 36 38 1.51
      vertex 28 33.1 1.51
      vertex 28.4046 33.0735 1.51
    endloop
  endfacet
  facet normal 0 0 1
    outer loop
      vertex 36 38 1.51
      vertex 27.5954 33.0735 1.51
      vertex 28 33.1 1.51
    endloop
  endfacet
  facet normal -0 0 1
    outer loop
      vertex 14.3393 37.9165 1.51
      vertex 27.5954 33.0735 1.51
      vertex 36 38 1.51
    endloop
  endfacet
  facet normal 0 0 1
    outer loop
      vertex 27.5954 33.0735 1.51
      vertex 14.3393 37.9165 1.51
      vertex 27.1977 32.9944 1.51
    endloop
  endfacet
  facet normal 0 0 1
    outer loop
      vertex 27.1977 32.9944 1.51
      vertex 14.3393 37.9165 1.51
      vertex 26.8137 32.864 1.51
    endloop
  endfacet
  facet normal 0 0 1
    outer loop
      vertex 25.0056 -34.1977 1.51
      vertex 19.0477 -34.8088 1.51
      vertex 24.9265 -34.5954 1.51
    endloop
  endfacet
  facet normal 0 0 1
    outer loop
      vertex 15.038 36.8088 1.51
      vertex 24.9 30 1.51
      vertex 24.9265 30.4046 1.51
    endloop
  endfacet
  facet normal 0 0 1
    outer loop
      vertex 24.9265 -34.5954 1.51
      vertex 19.0477 -34.8088 1.51
      vertex 24.9 -35 1.51
    endloop
  endfacet
  facet normal 0 0 1
    outer loop
      vertex 29.1863 27.136 1.51
      vertex 11.308 -4.39661 1.51
      vertex 16.8155 -18.9645 1.51
    endloop
  endfacet
  facet normal 0 0 1
    outer loop
      vertex 16.8155 -18.9645 1.51
      vertex 16.0336 -18.0643 1.51
      vertex 16.1748 -19.0543 1.51
    endloop
  endfacet
  facet normal 0 0 1
    outer loop
      vertex 24.9265 29.5954 1.51
      vertex 15.038 36.8088 1.51
      vertex 12.8058 20.9645 1.51
    endloop
  endfacet
  facet normal 0 0 1
    outer loop
      vertex 25.0056 30.8023 1.51
      vertex 15.038 36.8088 1.51
      vertex 24.9265 30.4046 1.51
    endloop
  endfacet
  facet normal 0 0 1
    outer loop
      vertex 25.136 31.1863 1.51
      vertex 15.038 36.8088 1.51
      vertex 25.0056 30.8023 1.51
    endloop
  endfacet
  facet normal 0 0 1
    outer loop
      vertex 25.3153 31.55 1.51
      vertex 15.038 36.8088 1.51
      vertex 25.136 31.1863 1.51
    endloop
  endfacet
  facet normal 0 0 1
    outer loop
      vertex 25.5406 31.8872 1.51
      vertex 15.038 36.8088 1.51
      vertex 25.3153 31.55 1.51
    endloop
  endfacet
  facet normal 0 0 1
    outer loop
      vertex 25.808 32.192 1.51
      vertex 15.038 36.8088 1.51
      vertex 25.5406 31.8872 1.51
    endloop
  endfacet
  facet normal 0 0 1
    outer loop
      vertex 26.1128 32.4594 1.51
      vertex 15.038 36.8088 1.51
      vertex 25.808 32.192 1.51
    endloop
  endfacet
  facet normal 0 0 1
    outer loop
      vertex 26.45 32.6847 1.51
      vertex 15.038 36.8088 1.51
      vertex 26.1128 32.4594 1.51
    endloop
  endfacet
  facet normal -0 -0 1
    outer loop
      vertex 15.038 36.8088 1.51
      vertex 26.8137 32.864 1.51
      vertex 14.3393 37.9165 1.51
    endloop
  endfacet
  facet normal 0 0 1
    outer loop
      vertex 26.8137 32.864 1.51
      vertex 15.038 36.8088 1.51
      vertex 26.45 32.6847 1.51
    endloop
  endfacet
  facet normal 0 -0 1
    outer loop
      vertex 14.3393 37.9165 1.51
      vertex 36 38 1.51
      vertex 13.744 38 1.51
    endloop
  endfacet
  facet normal 0 0 1
    outer loop
      vertex 30.9944 29.1977 1.51
      vertex 36 38 1.51
      vertex 31.0735 29.5954 1.51
    endloop
  endfacet
  facet normal -0 0 1
    outer loop
      vertex 31.0735 -35.4046 1.51
      vertex 36 -43 1.51
      vertex 31.1 -35 1.51
    endloop
  endfacet
  facet normal -0 0 1
    outer loop
      vertex 30.9944 -35.8023 1.51
      vertex 36 -43 1.51
      vertex 31.0735 -35.4046 1.51
    endloop
  endfacet
  facet normal -0 0 1
    outer loop
      vertex 30.864 -36.1863 1.51
      vertex 36 -43 1.51
      vertex 30.9944 -35.8023 1.51
    endloop
  endfacet
  facet normal -0 0 1
    outer loop
      vertex 30.6847 -36.55 1.51
      vertex 36 -43 1.51
      vertex 30.864 -36.1863 1.51
    endloop
  endfacet
  facet normal -0 0 1
    outer loop
      vertex 30.4594 -36.8872 1.51
      vertex 36 -43 1.51
      vertex 30.6847 -36.55 1.51
    endloop
  endfacet
  facet normal -0 0 1
    outer loop
      vertex 30.192 -37.192 1.51
      vertex 36 -43 1.51
      vertex 30.4594 -36.8872 1.51
    endloop
  endfacet
  facet normal -0 0 1
    outer loop
      vertex 29.8872 -37.4594 1.51
      vertex 36 -43 1.51
      vertex 30.192 -37.192 1.51
    endloop
  endfacet
  facet normal -0 0 1
    outer loop
      vertex 29.55 -37.6847 1.51
      vertex 36 -43 1.51
      vertex 29.8872 -37.4594 1.51
    endloop
  endfacet
  facet normal -0 0 1
    outer loop
      vertex 29.1863 -37.864 1.51
      vertex 36 -43 1.51
      vertex 29.55 -37.6847 1.51
    endloop
  endfacet
  facet normal -0 0 1
    outer loop
      vertex 28.8023 -37.9944 1.51
      vertex 36 -43 1.51
      vertex 29.1863 -37.864 1.51
    endloop
  endfacet
  facet normal -0 0 1
    outer loop
      vertex 28.4046 -38.0735 1.51
      vertex 36 -43 1.51
      vertex 28.8023 -37.9944 1.51
    endloop
  endfacet
  facet normal -0 0 1
    outer loop
      vertex 28 -38.1 1.51
      vertex 36 -43 1.51
      vertex 28.4046 -38.0735 1.51
    endloop
  endfacet
  facet normal 0 0 1
    outer loop
      vertex 27.5954 -38.0735 1.51
      vertex 36 -43 1.51
      vertex 28 -38.1 1.51
    endloop
  endfacet
  facet normal 0 0 1
    outer loop
      vertex 27.1977 -37.9944 1.51
      vertex 36 -43 1.51
      vertex 27.5954 -38.0735 1.51
    endloop
  endfacet
  facet normal 0 0 1
    outer loop
      vertex 10.0949 -42.2763 1.51
      vertex 27.1977 -37.9944 1.51
      vertex 26.8137 -37.864 1.51
    endloop
  endfacet
  facet normal 0 0 1
    outer loop
      vertex 10.0949 -42.2763 1.51
      vertex 26.8137 -37.864 1.51
      vertex 26.45 -37.6847 1.51
    endloop
  endfacet
  facet normal 0 0 1
    outer loop
      vertex 19.0477 -34.8088 1.51
      vertex 24.9265 -35.4046 1.51
      vertex 24.9 -35 1.51
    endloop
  endfacet
  facet normal 0 0 1
    outer loop
      vertex 19.0477 -34.8088 1.51
      vertex 25.0056 -35.8023 1.51
      vertex 24.9265 -35.4046 1.51
    endloop
  endfacet
  facet normal 0 0 1
    outer loop
      vertex 18.5758 -35.8848 1.51
      vertex 25.0056 -35.8023 1.51
      vertex 19.0477 -34.8088 1.51
    endloop
  endfacet
  facet normal 0 0 1
    outer loop
      vertex 25.0056 -35.8023 1.51
      vertex 18.5758 -35.8848 1.51
      vertex 25.136 -36.1863 1.51
    endloop
  endfacet
  facet normal 0 0 1
    outer loop
      vertex 25.136 -36.1863 1.51
      vertex 18.5758 -35.8848 1.51
      vertex 25.3153 -36.55 1.51
    endloop
  endfacet
  facet normal 0 0 1
    outer loop
      vertex 25.3153 -36.55 1.51
      vertex 18.5758 -35.8848 1.51
      vertex 25.5406 -36.8872 1.51
    endloop
  endfacet
  facet normal 0 0 1
    outer loop
      vertex 25.5406 -36.8872 1.51
      vertex 18.5758 -35.8848 1.51
      vertex 25.808 -37.192 1.51
    endloop
  endfacet
  facet normal 0 0 1
    outer loop
      vertex 25.808 -37.192 1.51
      vertex 18.5758 -35.8848 1.51
      vertex 26.1128 -37.4594 1.51
    endloop
  endfacet
  facet normal 0 0 1
    outer loop
      vertex 26.1128 -37.4594 1.51
      vertex 18.5758 -35.8848 1.51
      vertex 26.45 -37.6847 1.51
    endloop
  endfacet
  facet normal 0 0 1
    outer loop
      vertex 10.0949 -42.2763 1.51
      vertex 26.45 -37.6847 1.51
      vertex 18.5758 -35.8848 1.51
    endloop
  endfacet
  facet normal 0 0 1
    outer loop
      vertex 10.0949 -42.2763 1.51
      vertex 18.5758 -35.8848 1.51
      vertex 17.2492 -36.0707 1.51
    endloop
  endfacet
  facet normal -0 0 1
    outer loop
      vertex 11.1456 -35.9166 1.51
      vertex 17.2492 -36.0707 1.51
      vertex 17.108 -35.0807 1.51
    endloop
  endfacet
  facet normal 0 0 1
    outer loop
      vertex 10.0949 -42.2763 1.51
      vertex 17.2492 -36.0707 1.51
      vertex 11.1456 -35.9166 1.51
    endloop
  endfacet
  facet normal 0 0 1
    outer loop
      vertex 27.1977 -37.9944 1.51
      vertex 10.0949 -42.2763 1.51
      vertex 36 -43 1.51
    endloop
  endfacet
  facet normal -0 0 1
    outer loop
      vertex 2.59233 -37.1158 1.51
      vertex 9.05148 -42.0168 1.51
      vertex 3.16477 -37.0355 1.51
    endloop
  endfacet
  facet normal -0 0 1
    outer loop
      vertex -2.81423 -38.8836 1.51
      vertex 9.05148 -42.0168 1.51
      vertex 2.59233 -37.1158 1.51
    endloop
  endfacet
  facet normal -0 0 1
    outer loop
      vertex -8.15032 -39.6317 1.51
      vertex 9.05148 -42.0168 1.51
      vertex -2.81423 -38.8836 1.51
    endloop
  endfacet
  facet normal 0 0 1
    outer loop
      vertex -20 -43 1.51
      vertex 9.05148 -42.0168 1.51
      vertex -8.15032 -39.6317 1.51
    endloop
  endfacet
  facet normal -0 0 1
    outer loop
      vertex -8.45 -37.6847 1.51
      vertex -8.15032 -39.6317 1.51
      vertex -8.35272 -37.6197 1.51
    endloop
  endfacet
  facet normal -0 0 1
    outer loop
      vertex -8.81368 -37.864 1.51
      vertex -8.15032 -39.6317 1.51
      vertex -8.45 -37.6847 1.51
    endloop
  endfacet
  facet normal -0 0 1
    outer loop
      vertex -9.19766 -37.9944 1.51
      vertex -8.15032 -39.6317 1.51
      vertex -8.81368 -37.864 1.51
    endloop
  endfacet
  facet normal -0 0 1
    outer loop
      vertex -9.59537 -38.0735 1.51
      vertex -8.15032 -39.6317 1.51
      vertex -9.19766 -37.9944 1.51
    endloop
  endfacet
  facet normal -0 0 1
    outer loop
      vertex -10 -38.1 1.51
      vertex -8.15032 -39.6317 1.51
      vertex -9.59537 -38.0735 1.51
    endloop
  endfacet
  facet normal 0 0 1
    outer loop
      vertex -10.4046 -38.0735 1.51
      vertex -8.15032 -39.6317 1.51
      vertex -10 -38.1 1.51
    endloop
  endfacet
  facet normal 0 0 1
    outer loop
      vertex -10.8023 -37.9944 1.51
      vertex -8.15032 -39.6317 1.51
      vertex -10.4046 -38.0735 1.51
    endloop
  endfacet
  facet normal 0 0 1
    outer loop
      vertex -20 -43 1.51
      vertex -10.8023 -37.9944 1.51
      vertex -11.1863 -37.864 1.51
    endloop
  endfacet
  facet normal 0 0 1
    outer loop
      vertex -20 -43 1.51
      vertex -11.1863 -37.864 1.51
      vertex -11.55 -37.6847 1.51
    endloop
  endfacet
  facet normal 0 0 1
    outer loop
      vertex -13.0735 -34.5954 1.51
      vertex -20 -43 1.51
      vertex -13.1 -35 1.51
    endloop
  endfacet
  facet normal 0 0 1
    outer loop
      vertex 10.0949 -42.2763 1.51
      vertex -20 -43 1.51
      vertex 36 -43 1.51
    endloop
  endfacet
  facet normal 0 0 1
    outer loop
      vertex 9.05148 -42.0168 1.51
      vertex -20 -43 1.51
      vertex 10.0949 -42.2763 1.51
    endloop
  endfacet
  facet normal 0 0 1
    outer loop
      vertex -10.8023 -37.9944 1.51
      vertex -20 -43 1.51
      vertex -8.15032 -39.6317 1.51
    endloop
  endfacet
  facet normal 0 0 1
    outer loop
      vertex -11.8872 -37.4594 1.51
      vertex -20 -43 1.51
      vertex -11.55 -37.6847 1.51
    endloop
  endfacet
  facet normal 0 0 1
    outer loop
      vertex -12.192 -37.192 1.51
      vertex -20 -43 1.51
      vertex -11.8872 -37.4594 1.51
    endloop
  endfacet
  facet normal 0 0 1
    outer loop
      vertex -12.4594 -36.8872 1.51
      vertex -20 -43 1.51
      vertex -12.192 -37.192 1.51
    endloop
  endfacet
  facet normal 0 0 1
    outer loop
      vertex -12.6847 -36.55 1.51
      vertex -20 -43 1.51
      vertex -12.4594 -36.8872 1.51
    endloop
  endfacet
  facet normal 0 0 1
    outer loop
      vertex -12.864 -36.1863 1.51
      vertex -20 -43 1.51
      vertex -12.6847 -36.55 1.51
    endloop
  endfacet
  facet normal 0 0 1
    outer loop
      vertex -12.9944 -35.8023 1.51
      vertex -20 -43 1.51
      vertex -12.864 -36.1863 1.51
    endloop
  endfacet
  facet normal 0 0 1
    outer loop
      vertex -13.0735 -35.4046 1.51
      vertex -20 -43 1.51
      vertex -12.9944 -35.8023 1.51
    endloop
  endfacet
  facet normal 0 0 1
    outer loop
      vertex -13.1 -35 1.51
      vertex -20 -43 1.51
      vertex -13.0735 -35.4046 1.51
    endloop
  endfacet
  facet normal 0 0 1
    outer loop
      vertex 27.5954 26.9265 1.51
      vertex 12.8058 20.9645 1.51
      vertex 10.3413 5.39412 1.51
    endloop
  endfacet
  facet normal 0 0 1
    outer loop
      vertex 16.8155 -18.9645 1.51
      vertex 11.308 -4.39661 1.51
      vertex 16.0336 -18.0643 1.51
    endloop
  endfacet
  facet normal 0 0 1
    outer loop
      vertex 11.797 20.0961 1.51
      vertex 12.8058 20.9645 1.51
      vertex 11.9383 21.0861 1.51
    endloop
  endfacet
  facet normal 0 0 1
    outer loop
      vertex 11.308 19.1852 1.51
      vertex 12.8058 20.9645 1.51
      vertex 11.797 20.0961 1.51
    endloop
  endfacet
  facet normal 0 0 1
    outer loop
      vertex 14.707 -18.2503 1.51
      vertex 11.4133 -19.7219 1.51
      vertex 14.8482 -19.2403 1.51
    endloop
  endfacet
  facet normal 0 0 1
    outer loop
      vertex 16.0336 -18.0643 1.51
      vertex 11.308 -4.39661 1.51
      vertex 14.707 -18.2503 1.51
    endloop
  endfacet
  facet normal 0 0 1
    outer loop
      vertex 11.308 19.1852 1.51
      vertex 11.797 20.0961 1.51
      vertex 11.308 20.1646 1.51
    endloop
  endfacet
  facet normal 0 0 1
    outer loop
      vertex 12.8058 20.9645 1.51
      vertex 11.308 19.1852 1.51
      vertex 10.3413 5.39412 1.51
    endloop
  endfacet
  facet normal -0 0 1
    outer loop
      vertex 11.308 -18.2202 1.51
      vertex 14.707 -18.2503 1.51
      vertex 11.308 -4.39661 1.51
    endloop
  endfacet
  facet normal 0 0 1
    outer loop
      vertex 14.707 -18.2503 1.51
      vertex 11.308 -18.2202 1.51
      vertex 11.4133 -19.7219 1.51
    endloop
  endfacet
  facet normal 0 0 1
    outer loop
      vertex 28.8023 27.0056 1.51
      vertex 10.3413 5.39412 1.51
      vertex 11.308 -4.39661 1.51
    endloop
  endfacet
  facet normal 0 0 1
    outer loop
      vertex 8.98771 -4.55846 1.51
      vertex 10.3413 5.39412 1.51
      vertex 8.98771 5.48854 1.51
    endloop
  endfacet
  facet normal 0 0 1
    outer loop
      vertex 10.3413 5.39412 1.51
      vertex 8.98771 -4.55846 1.51
      vertex 11.308 -4.39661 1.51
    endloop
  endfacet
  facet normal 0 0 1
    outer loop
      vertex 15.038 36.8088 1.51
      vertex 14.3393 37.9165 1.51
      vertex 14.1981 36.9265 1.51
    endloop
  endfacet
  facet normal 0 0 1
    outer loop
      vertex 2.59233 -37.1158 1.51
      vertex -2.91441 -37.8878 1.51
      vertex -2.81423 -38.8836 1.51
    endloop
  endfacet
  facet normal 0 0 1
    outer loop
      vertex 1.20783 -23.1451 1.51
      vertex 2.59233 -37.1158 1.51
      vertex 3.16477 -37.0355 1.51
    endloop
  endfacet
  facet normal 0 0 1
    outer loop
      vertex 2.59233 -37.1158 1.51
      vertex 1.20783 -23.1451 1.51
      vertex 0.605266 -23.1871 1.51
    endloop
  endfacet
  facet normal 0 0 1
    outer loop
      vertex -9.95343 -21.7076 1.51
      vertex -6.11908 -13.3133 1.51
      vertex -6.65628 -5.64973 1.51
    endloop
  endfacet
  facet normal 0 0 1
    outer loop
      vertex -12.4594 28.1128 1.51
      vertex -7.32825 11.3642 1.51
      vertex -12.192 27.808 1.51
    endloop
  endfacet
  facet normal 0 0 1
    outer loop
      vertex -7.32825 11.3642 1.51
      vertex -12.6847 28.45 1.51
      vertex -7.32825 6.62668 1.51
    endloop
  endfacet
  facet normal -0 0 1
    outer loop
      vertex -9.19766 27.0056 1.51
      vertex -8.79021 22.9824 1.51
      vertex -8.81368 27.136 1.51
    endloop
  endfacet
  facet normal -0 0 1
    outer loop
      vertex -9.59537 26.9265 1.51
      vertex -8.79021 22.9824 1.51
      vertex -9.19766 27.0056 1.51
    endloop
  endfacet
  facet normal -0 0 1
    outer loop
      vertex -10 26.9 1.51
      vertex -8.79021 22.9824 1.51
      vertex -9.59537 26.9265 1.51
    endloop
  endfacet
  facet normal 0 0 1
    outer loop
      vertex -10.4046 26.9265 1.51
      vertex -8.79021 22.9824 1.51
      vertex -10 26.9 1.51
    endloop
  endfacet
  facet normal 0 0 1
    outer loop
      vertex -6.11908 -13.3133 1.51
      vertex -9.95343 -21.7076 1.51
      vertex -5.72776 -21.1152 1.51
    endloop
  endfacet
  facet normal 0 0 1
    outer loop
      vertex -9.95343 -21.7076 1.51
      vertex -9.19766 -32.0056 1.51
      vertex -8.90757 -32.1041 1.51
    endloop
  endfacet
  facet normal 0 0 1
    outer loop
      vertex -9.95343 -21.7076 1.51
      vertex -9.59537 -31.9265 1.51
      vertex -9.19766 -32.0056 1.51
    endloop
  endfacet
  facet normal 0 0 1
    outer loop
      vertex -9.95343 -21.7076 1.51
      vertex -10 -31.9 1.51
      vertex -9.59537 -31.9265 1.51
    endloop
  endfacet
  facet normal 0 0 1
    outer loop
      vertex -10.8023 27.0056 1.51
      vertex -8.79021 22.9824 1.51
      vertex -10.4046 26.9265 1.51
    endloop
  endfacet
  facet normal 0 0 1
    outer loop
      vertex -11.1863 27.136 1.51
      vertex -8.79021 22.9824 1.51
      vertex -10.8023 27.0056 1.51
    endloop
  endfacet
  facet normal 0 0 1
    outer loop
      vertex -9.95343 -21.7076 1.51
      vertex -10.4046 -31.9265 1.51
      vertex -10 -31.9 1.51
    endloop
  endfacet
  facet normal 0 0 1
    outer loop
      vertex -11.55 27.3153 1.51
      vertex -8.79021 22.9824 1.51
      vertex -11.1863 27.136 1.51
    endloop
  endfacet
  facet normal 0 0 1
    outer loop
      vertex -9.95343 -21.7076 1.51
      vertex -10.8023 -32.0056 1.51
      vertex -10.4046 -31.9265 1.51
    endloop
  endfacet
  facet normal 0 0 1
    outer loop
      vertex -11.8872 27.5406 1.51
      vertex -8.79021 22.9824 1.51
      vertex -11.55 27.3153 1.51
    endloop
  endfacet
  facet normal 0 0 1
    outer loop
      vertex -9.95343 -21.7076 1.51
      vertex -11.1863 -32.136 1.51
      vertex -10.8023 -32.0056 1.51
    endloop
  endfacet
  facet normal 0 0 1
    outer loop
      vertex -12.192 27.808 1.51
      vertex -8.79021 22.9824 1.51
      vertex -11.8872 27.5406 1.51
    endloop
  endfacet
  facet normal 0 0 1
    outer loop
      vertex -9.95343 -21.7076 1.51
      vertex -11.55 -32.3153 1.51
      vertex -11.1863 -32.136 1.51
    endloop
  endfacet
  facet normal 0 0 1
    outer loop
      vertex -12.6847 28.45 1.51
      vertex -7.32825 11.3642 1.51
      vertex -12.4594 28.1128 1.51
    endloop
  endfacet
  facet normal 0 0 1
    outer loop
      vertex -9.95343 -21.7076 1.51
      vertex -11.8872 -32.5406 1.51
      vertex -11.55 -32.3153 1.51
    endloop
  endfacet
  facet normal 0 0 1
    outer loop
      vertex -20 38 1.51
      vertex -12.6847 28.45 1.51
      vertex -12.864 28.8137 1.51
    endloop
  endfacet
  facet normal 0 0 1
    outer loop
      vertex -9.95343 -21.7076 1.51
      vertex -12.192 -32.808 1.51
      vertex -11.8872 -32.5406 1.51
    endloop
  endfacet
  facet normal 0 0 1
    outer loop
      vertex -12.6847 28.45 1.51
      vertex -20 38 1.51
      vertex -7.32825 6.62668 1.51
    endloop
  endfacet
  facet normal 0 0 1
    outer loop
      vertex -9.95343 -21.7076 1.51
      vertex -12.4594 -33.1128 1.51
      vertex -12.192 -32.808 1.51
    endloop
  endfacet
  facet normal 0 0 1
    outer loop
      vertex -7.32825 6.62668 1.51
      vertex -9.95343 -21.7076 1.51
      vertex -6.65628 -5.64973 1.51
    endloop
  endfacet
  facet normal 0 0 1
    outer loop
      vertex -9.95343 -21.7076 1.51
      vertex -12.6847 -33.45 1.51
      vertex -12.4594 -33.1128 1.51
    endloop
  endfacet
  facet normal 0 0 1
    outer loop
      vertex -20 38 1.51
      vertex -12.864 28.8137 1.51
      vertex -12.9944 29.1977 1.51
    endloop
  endfacet
  facet normal 0 0 1
    outer loop
      vertex -9.95343 -21.7076 1.51
      vertex -12.864 -33.8137 1.51
      vertex -12.6847 -33.45 1.51
    endloop
  endfacet
  facet normal 0 0 1
    outer loop
      vertex -7.32825 6.62668 1.51
      vertex -20 38 1.51
      vertex -9.95343 -21.7076 1.51
    endloop
  endfacet
  facet normal 0 0 1
    outer loop
      vertex -20 -43 1.51
      vertex -12.864 -33.8137 1.51
      vertex -9.95343 -21.7076 1.51
    endloop
  endfacet
  facet normal 0 0 1
    outer loop
      vertex -20 38 1.51
      vertex -12.9944 29.1977 1.51
      vertex -13.0735 29.5954 1.51
    endloop
  endfacet
  facet normal 0 0 1
    outer loop
      vertex -20 -43 1.51
      vertex -9.95343 -21.7076 1.51
      vertex -20 38 1.51
    endloop
  endfacet
  facet normal 0 0 1
    outer loop
      vertex -20 38 1.51
      vertex -13.0735 29.5954 1.51
      vertex -13.1 30 1.51
    endloop
  endfacet
  facet normal 0 0 1
    outer loop
      vertex -12.864 -33.8137 1.51
      vertex -20 -43 1.51
      vertex -12.9944 -34.1977 1.51
    endloop
  endfacet
  facet normal 0 0 1
    outer loop
      vertex -2.01216 36.5683 1.51
      vertex -0.990888 38 1.51
      vertex -1.80792 38 1.51
    endloop
  endfacet
  facet normal 0 0 1
    outer loop
      vertex -3.02759 26.4744 1.51
      vertex -0.990888 38 1.51
      vertex -2.01216 36.5683 1.51
    endloop
  endfacet
  facet normal 0 0 1
    outer loop
      vertex -0.990888 38 1.51
      vertex -3.02759 26.4744 1.51
      vertex -2.91218 24.3626 1.51
    endloop
  endfacet
  facet normal 0 0 1
    outer loop
      vertex -2.91218 24.3626 1.51
      vertex -3.02759 26.4744 1.51
      vertex -3.02759 24.3706 1.51
    endloop
  endfacet
  facet normal 0 0 1
    outer loop
      vertex 6.69102 5.64874 1.51
      vertex 7.00734 -4.69661 1.51
      vertex 7.00734 5.62668 1.51
    endloop
  endfacet
  facet normal 0 0 1
    outer loop
      vertex 7.00734 -4.69661 1.51
      vertex 6.69102 5.64874 1.51
      vertex 6.69102 -4.71867 1.51
    endloop
  endfacet
  facet normal 0 -0 1
    outer loop
      vertex 12.8715 37.1125 1.51
      vertex 12.9981 38 1.51
      vertex 6.54117 38 1.51
    endloop
  endfacet
  facet normal 1 0 0
    outer loop
      vertex -20 -42.3604 22
      vertex -20 -43 22
      vertex -20 -42.3604 19.9
    endloop
  endfacet
  facet normal 1 0 0
    outer loop
      vertex -20 7.52989 5.46149
      vertex -20 -6.59699 4.88092
      vertex -20 7.52618 4.70151
    endloop
  endfacet
  facet normal 1 0 -0
    outer loop
      vertex -20 -6.59699 4.88092
      vertex -20 7.52989 5.46149
      vertex -20 -6.59982 5.46149
    endloop
  endfacet
  facet normal 1 0 0
    outer loop
      vertex -20 24.5873 4.91449
      vertex -20 7.52618 4.70151
      vertex -20 24.5816 4.32493
    endloop
  endfacet
  facet normal 1 0 0
    outer loop
      vertex -20 24.5954 10.3767
      vertex -20 32.6396 19.9
      vertex -20 32.6396 22
    endloop
  endfacet
  facet normal 1 0 0
    outer loop
      vertex -20 32.6396 19.9
      vertex -20 24.5954 10.3767
      vertex -20 29.3502 4.44368
    endloop
  endfacet
  facet normal 1 0 0
    outer loop
      vertex -20 29.3502 4.44368
      vertex -20 24.5954 10.3767
      vertex -20 27.0912 5.72706
    endloop
  endfacet
  facet normal 1 0 0
    outer loop
      vertex -20 27.0912 5.72706
      vertex -20 24.5954 10.3767
      vertex -20 25.5778 6.26661
    endloop
  endfacet
  facet normal 1 -0 0
    outer loop
      vertex -20 8 10.9237
      vertex -20 24.5954 10.3767
      vertex -20 32.6396 22
    endloop
  endfacet
  facet normal 1 0 0
    outer loop
      vertex -20 8 6.80129
      vertex -20 8.55533 10.1764
      vertex -20 8 10.9237
    endloop
  endfacet
  facet normal 1 0 0
    outer loop
      vertex -20 24.5954 10.3767
      vertex -20 8 10.9237
      vertex -20 8.55533 10.1764
    endloop
  endfacet
  facet normal 1 0 0
    outer loop
      vertex -20 32.6396 22
      vertex -20 -8 10.9237
      vertex -20 8 10.9237
    endloop
  endfacet
  facet normal 1 0 0
    outer loop
      vertex -20 -8 10.9237
      vertex -20 -19.5162 10.5043
      vertex -20 -8 10.3605
    endloop
  endfacet
  facet normal 1 -0 0
    outer loop
      vertex -20 -37.6396 22
      vertex -20 -8 10.9237
      vertex -20 32.6396 22
    endloop
  endfacet
  facet normal 1 -0 0
    outer loop
      vertex -20 -37.6396 19.9
      vertex -20 -23.6602 9.32674
      vertex -20 -37.6396 22
    endloop
  endfacet
  facet normal 1 0 0
    outer loop
      vertex -20 -19.5162 10.5043
      vertex -20 -37.6396 22
      vertex -20 -23.6602 9.32674
    endloop
  endfacet
  facet normal 1 0 0
    outer loop
      vertex -20 -8 10.9237
      vertex -20 -37.6396 22
      vertex -20 -19.5162 10.5043
    endloop
  endfacet
  facet normal 1 0 0
    outer loop
      vertex -20 37.3604 19.9
      vertex -20 38 22
      vertex -20 37.3604 22
    endloop
  endfacet
  facet normal 1 0 0
    outer loop
      vertex -20 38 22
      vertex -20 37.3604 19.9
      vertex -20 38 1.51
    endloop
  endfacet
  facet normal 1 0 0
    outer loop
      vertex -20 29.3502 4.44368
      vertex -20 37.3604 19.9
      vertex -20 32.6396 19.9
    endloop
  endfacet
  facet normal 1 0 0
    outer loop
      vertex -20 37.3604 19.9
      vertex -20 29.3502 4.44368
      vertex -20 38 1.51
    endloop
  endfacet
  facet normal 1 -0 0
    outer loop
      vertex -20 24.5816 4.32493
      vertex -20 38 1.51
      vertex -20 29.3502 4.44368
    endloop
  endfacet
  facet normal 1 0 0
    outer loop
      vertex -20 7.52618 4.70151
      vertex -20 38 1.51
      vertex -20 24.5816 4.32493
    endloop
  endfacet
  facet normal 1 0 0
    outer loop
      vertex -20 -6.59699 4.88092
      vertex -20 38 1.51
      vertex -20 7.52618 4.70151
    endloop
  endfacet
  facet normal 1 0 0
    outer loop
      vertex -20 -43 1.51
      vertex -20 -6.59699 4.88092
      vertex -20 -24.642 5.10618
    endloop
  endfacet
  facet normal 1 0 0
    outer loop
      vertex -20 -23.6602 9.32674
      vertex -20 -37.6396 19.9
      vertex -20 -24.6486 6.44602
    endloop
  endfacet
  facet normal 1 0 0
    outer loop
      vertex -20 -43 1.51
      vertex -20 -24.6486 6.44602
      vertex -20 -37.6396 19.9
    endloop
  endfacet
  facet normal 1 0 0
    outer loop
      vertex -20 -43 1.51
      vertex -20 -37.6396 19.9
      vertex -20 -42.3604 19.9
    endloop
  endfacet
  facet normal 1 0 0
    outer loop
      vertex -20 -6.59699 4.88092
      vertex -20 -43 1.51
      vertex -20 38 1.51
    endloop
  endfacet
  facet normal 1 0 0
    outer loop
      vertex -20 -24.6486 6.44602
      vertex -20 -43 1.51
      vertex -20 -24.642 5.10618
    endloop
  endfacet
  facet normal 1 0 0
    outer loop
      vertex -20 -43 1.51
      vertex -20 -42.3604 19.9
      vertex -20 -43 22
    endloop
  endfacet
  facet normal 1 0 0
    outer loop
      vertex -20 27.0912 5.72706
      vertex -20 25.5778 6.26661
      vertex -20 25.575 5.6893
    endloop
  endfacet
  facet normal 1 0 0
    outer loop
      vertex -20 25.5778 6.26661
      vertex -20 24.5954 10.3767
      vertex -20 24.5753 6.2541
    endloop
  endfacet
  facet normal 1 0 0
    outer loop
      vertex -20 8.55533 10.1764
      vertex -20 8 6.80129
      vertex -20 8.53887 6.80129
    endloop
  endfacet
  facet normal 1 0 0
    outer loop
      vertex -20 -23.6461 6.4335
      vertex -20 -23.6602 9.32674
      vertex -20 -24.6486 6.44602
    endloop
  endfacet
  facet normal 0 -1 0
    outer loop
      vertex -0.990888 38 1.51
      vertex -0.836944 38 5.37667
      vertex -1.80792 38 1.51
    endloop
  endfacet
  facet normal 0 -1 -0
    outer loop
      vertex -0.836944 38 5.37667
      vertex -0.990888 38 1.51
      vertex -0.721773 38 5.35853
    endloop
  endfacet
  facet normal 0 -1 -0
    outer loop
      vertex 29.226 38 22
      vertex 14.0319 38 5.62692
      vertex 29.226 38 19.9
    endloop
  endfacet
  facet normal 0 -1 0
    outer loop
      vertex -17.226 38 22
      vertex 6.77363 38 4.8344
      vertex 29.226 38 22
    endloop
  endfacet
  facet normal 0 -1 0
    outer loop
      vertex 29.226 38 22
      vertex 6.77363 38 4.8344
      vertex 14.0319 38 5.62692
    endloop
  endfacet
  facet normal 0 -1 0
    outer loop
      vertex 12.9981 38 1.51
      vertex 6.77363 38 4.8344
      vertex 6.54117 38 1.51
    endloop
  endfacet
  facet normal 0 -1 0
    outer loop
      vertex 6.77363 38 4.8344
      vertex 12.9981 38 1.51
      vertex 14.0319 38 5.62692
    endloop
  endfacet
  facet normal 0 -1 0
    outer loop
      vertex -20 38 22
      vertex -18.774 38 19.9
      vertex -18.774 38 22
    endloop
  endfacet
  facet normal 0 -1 0
    outer loop
      vertex -16.5162 38 9.25822
      vertex -17.226 38 19.9
      vertex -18.774 38 19.9
    endloop
  endfacet
  facet normal 0 -1 0
    outer loop
      vertex 6.77363 38 4.8344
      vertex -17.226 38 22
      vertex -0.721773 38 5.35853
    endloop
  endfacet
  facet normal 0 -1 0
    outer loop
      vertex -0.836944 38 5.37667
      vertex -17.226 38 19.9
      vertex -16.5162 38 9.25822
    endloop
  endfacet
  facet normal 0 -1 0
    outer loop
      vertex -18.4706 38 5.62011
      vertex -18.774 38 19.9
      vertex -20 38 22
    endloop
  endfacet
  facet normal 0 -1 0
    outer loop
      vertex -18.774 38 19.9
      vertex -18.4706 38 5.62011
      vertex -16.5162 38 9.25822
    endloop
  endfacet
  facet normal 0 -1 0
    outer loop
      vertex -20 38 1.51
      vertex -18.4706 38 5.62011
      vertex -20 38 22
    endloop
  endfacet
  facet normal 0 -1 0
    outer loop
      vertex -18.4706 38 5.62011
      vertex -20 38 1.51
      vertex -18.7873 38 4.35888
    endloop
  endfacet
  facet normal 0 -1 -0
    outer loop
      vertex -18.7873 38 4.35888
      vertex -20 38 1.51
      vertex -7.27948 38 1.51
    endloop
  endfacet
  facet normal 0 -1 0
    outer loop
      vertex -0.836944 38 5.37667
      vertex -17.226 38 22
      vertex -17.226 38 19.9
    endloop
  endfacet
  facet normal 0 -1 0
    outer loop
      vertex -0.721773 38 5.35853
      vertex -17.226 38 22
      vertex -0.836944 38 5.37667
    endloop
  endfacet
  facet normal 0 -1 0
    outer loop
      vertex 30.774 38 19.9
      vertex 36 38 22
      vertex 30.774 38 22
    endloop
  endfacet
  facet normal 0 -1 0
    outer loop
      vertex 36 38 1.51
      vertex 29.226 38 19.9
      vertex 14.0319 38 5.62692
    endloop
  endfacet
  facet normal 0 -1 0
    outer loop
      vertex 29.226 38 19.9
      vertex 36 38 1.51
      vertex 30.774 38 19.9
    endloop
  endfacet
  facet normal 0 -1 0
    outer loop
      vertex 36 38 1.51
      vertex 14.0319 38 5.62692
      vertex 13.744 38 1.51
    endloop
  endfacet
  facet normal 0 -1 0
    outer loop
      vertex 30.774 38 19.9
      vertex 36 38 1.51
      vertex 36 38 22
    endloop
  endfacet
  facet normal 0 -1 0
    outer loop
      vertex -16.5162 38 9.25822
      vertex -18.4706 38 5.62011
      vertex -17.4906 38 5.37752
    endloop
  endfacet
  facet normal 0 1 0
    outer loop
      vertex 36 -43 22
      vertex 30.774 -43 19.9
      vertex 30.774 -43 22
    endloop
  endfacet
  facet normal 0 1 0
    outer loop
      vertex 36 -43 1.51
      vertex 29.226 -43 19.9
      vertex 30.774 -43 19.9
    endloop
  endfacet
  facet normal 0 1 0
    outer loop
      vertex 29.226 -43 19.9
      vertex -20 -43 1.51
      vertex -17.226 -43 19.9
    endloop
  endfacet
  facet normal 0 1 0
    outer loop
      vertex 29.226 -43 19.9
      vertex 36 -43 1.51
      vertex -20 -43 1.51
    endloop
  endfacet
  facet normal 0 1 -0
    outer loop
      vertex 36 -43 1.51
      vertex 30.774 -43 19.9
      vertex 36 -43 22
    endloop
  endfacet
  facet normal 0 1 -0
    outer loop
      vertex 29.226 -43 19.9
      vertex -17.226 -43 22
      vertex 29.226 -43 22
    endloop
  endfacet
  facet normal 0 1 0
    outer loop
      vertex -17.226 -43 22
      vertex 29.226 -43 19.9
      vertex -17.226 -43 19.9
    endloop
  endfacet
  facet normal 0 1 -0
    outer loop
      vertex -18.774 -43 19.9
      vertex -20 -43 22
      vertex -18.774 -43 22
    endloop
  endfacet
  facet normal 0 1 0
    outer loop
      vertex -18.774 -43 19.9
      vertex -20 -43 1.51
      vertex -20 -43 22
    endloop
  endfacet
  facet normal 0 1 0
    outer loop
      vertex -17.226 -43 19.9
      vertex -20 -43 1.51
      vertex -18.774 -43 19.9
    endloop
  endfacet
  facet normal 0.896928 -0.442176 0
    outer loop
      vertex 30.6847 28.45 2.1
      vertex 30.864 28.8137 1.51
      vertex 30.864 28.8137 2.1
    endloop
  endfacet
  facet normal 0.896928 -0.442176 0
    outer loop
      vertex 30.864 28.8137 1.51
      vertex 30.6847 28.45 2.1
      vertex 30.6847 28.45 1.51
    endloop
  endfacet
  facet normal 0.980789 0.195073 0
    outer loop
      vertex 31.0735 30.4046 2.1
      vertex 30.9944 30.8023 1.51
      vertex 30.9944 30.8023 2.1
    endloop
  endfacet
  facet normal 0.980789 0.195073 0
    outer loop
      vertex 30.9944 30.8023 1.51
      vertex 31.0735 30.4046 2.1
      vertex 31.0735 30.4046 1.51
    endloop
  endfacet
  facet normal 0.997862 0.0653568 0
    outer loop
      vertex 31.1 30 2.1
      vertex 31.0735 30.4046 1.51
      vertex 31.0735 30.4046 2.1
    endloop
  endfacet
  facet normal 0.997862 0.0653568 0
    outer loop
      vertex 31.0735 30.4046 1.51
      vertex 31.1 30 2.1
      vertex 31.1 30 1.51
    endloop
  endfacet
  facet normal 0.946893 0.321549 0
    outer loop
      vertex 30.9944 30.8023 2.1
      vertex 30.864 31.1863 1.51
      vertex 30.864 31.1863 2.1
    endloop
  endfacet
  facet normal 0.946893 0.321549 0
    outer loop
      vertex 30.864 31.1863 1.51
      vertex 30.9944 30.8023 2.1
      vertex 30.9944 30.8023 1.51
    endloop
  endfacet
  facet normal 0.980789 -0.195073 0
    outer loop
      vertex 30.9944 29.1977 2.1
      vertex 31.0735 29.5954 1.51
      vertex 31.0735 29.5954 2.1
    endloop
  endfacet
  facet normal 0.980789 -0.195073 0
    outer loop
      vertex 31.0735 29.5954 1.51
      vertex 30.9944 29.1977 2.1
      vertex 30.9944 29.1977 1.51
    endloop
  endfacet
  facet normal 0.896928 0.442176 0
    outer loop
      vertex 30.864 31.1863 2.1
      vertex 30.6847 31.55 1.51
      vertex 30.6847 31.55 2.1
    endloop
  endfacet
  facet normal 0.896928 0.442176 0
    outer loop
      vertex 30.6847 31.55 1.51
      vertex 30.864 31.1863 2.1
      vertex 30.864 31.1863 1.51
    endloop
  endfacet
  facet normal -0.946893 0.321549 0
    outer loop
      vertex 25.0056 30.8023 1.51
      vertex 25.136 31.1863 2.1
      vertex 25.136 31.1863 1.51
    endloop
  endfacet
  facet normal -0.946893 0.321549 0
    outer loop
      vertex 25.136 31.1863 2.1
      vertex 25.0056 30.8023 1.51
      vertex 25.0056 30.8023 2.1
    endloop
  endfacet
  facet normal 0.831481 -0.555553 0
    outer loop
      vertex 30.4594 28.1128 2.1
      vertex 30.6847 28.45 1.51
      vertex 30.6847 28.45 2.1
    endloop
  endfacet
  facet normal 0.831481 -0.555553 0
    outer loop
      vertex 30.6847 28.45 1.51
      vertex 30.4594 28.1128 2.1
      vertex 30.4594 28.1128 1.51
    endloop
  endfacet
  facet normal 0.321549 0.946893 -0
    outer loop
      vertex 29.1863 32.864 1.51
      vertex 28.8023 32.9944 2.1
      vertex 29.1863 32.864 2.1
    endloop
  endfacet
  facet normal 0.321549 0.946893 0
    outer loop
      vertex 28.8023 32.9944 2.1
      vertex 29.1863 32.864 1.51
      vertex 28.8023 32.9944 1.51
    endloop
  endfacet
  facet normal -0.555553 0.831481 0
    outer loop
      vertex 26.45 32.6847 1.51
      vertex 26.1128 32.4594 2.1
      vertex 26.45 32.6847 2.1
    endloop
  endfacet
  facet normal -0.555553 0.831481 0
    outer loop
      vertex 26.1128 32.4594 2.1
      vertex 26.45 32.6847 1.51
      vertex 26.1128 32.4594 1.51
    endloop
  endfacet
  facet normal -0.896928 0.442176 0
    outer loop
      vertex 25.136 31.1863 1.51
      vertex 25.3153 31.55 2.1
      vertex 25.3153 31.55 1.51
    endloop
  endfacet
  facet normal -0.896928 0.442176 0
    outer loop
      vertex 25.3153 31.55 2.1
      vertex 25.136 31.1863 1.51
      vertex 25.136 31.1863 2.1
    endloop
  endfacet
  facet normal 0.442176 0.896928 -0
    outer loop
      vertex 29.55 32.6847 1.51
      vertex 29.1863 32.864 2.1
      vertex 29.55 32.6847 2.1
    endloop
  endfacet
  facet normal 0.442176 0.896928 0
    outer loop
      vertex 29.1863 32.864 2.1
      vertex 29.55 32.6847 1.51
      vertex 29.1863 32.864 1.51
    endloop
  endfacet
  facet normal 0.659482 0.751721 -0
    outer loop
      vertex 30.192 32.192 1.51
      vertex 29.8872 32.4594 2.1
      vertex 30.192 32.192 2.1
    endloop
  endfacet
  facet normal 0.659482 0.751721 0
    outer loop
      vertex 29.8872 32.4594 2.1
      vertex 30.192 32.192 1.51
      vertex 29.8872 32.4594 1.51
    endloop
  endfacet
  facet normal -0.896928 -0.442176 0
    outer loop
      vertex 25.3153 28.45 1.51
      vertex 25.136 28.8137 2.1
      vertex 25.136 28.8137 1.51
    endloop
  endfacet
  facet normal -0.896928 -0.442176 0
    outer loop
      vertex 25.136 28.8137 2.1
      vertex 25.3153 28.45 1.51
      vertex 25.3153 28.45 2.1
    endloop
  endfacet
  facet normal -0.997862 0.0653568 0
    outer loop
      vertex 24.9 30 1.51
      vertex 24.9265 30.4046 2.1
      vertex 24.9265 30.4046 1.51
    endloop
  endfacet
  facet normal -0.997862 0.0653568 0
    outer loop
      vertex 24.9265 30.4046 2.1
      vertex 24.9 30 1.51
      vertex 24.9 30 2.1
    endloop
  endfacet
  facet normal -0.659482 -0.751721 0
    outer loop
      vertex 25.808 27.808 1.51
      vertex 26.1128 27.5406 2.1
      vertex 25.808 27.808 2.1
    endloop
  endfacet
  facet normal -0.659482 -0.751721 -0
    outer loop
      vertex 26.1128 27.5406 2.1
      vertex 25.808 27.808 1.51
      vertex 26.1128 27.5406 1.51
    endloop
  endfacet
  facet normal -0.751721 0.659482 0
    outer loop
      vertex 25.5406 31.8872 1.51
      vertex 25.808 32.192 2.1
      vertex 25.808 32.192 1.51
    endloop
  endfacet
  facet normal -0.751721 0.659482 0
    outer loop
      vertex 25.808 32.192 2.1
      vertex 25.5406 31.8872 1.51
      vertex 25.5406 31.8872 2.1
    endloop
  endfacet
  facet normal -0.442176 0.896928 0
    outer loop
      vertex 26.8137 32.864 1.51
      vertex 26.45 32.6847 2.1
      vertex 26.8137 32.864 2.1
    endloop
  endfacet
  facet normal -0.442176 0.896928 0
    outer loop
      vertex 26.45 32.6847 2.1
      vertex 26.8137 32.864 1.51
      vertex 26.45 32.6847 1.51
    endloop
  endfacet
  facet normal 0.195073 0.980789 -0
    outer loop
      vertex 28.8023 32.9944 1.51
      vertex 28.4046 33.0735 2.1
      vertex 28.8023 32.9944 2.1
    endloop
  endfacet
  facet normal 0.195073 0.980789 0
    outer loop
      vertex 28.4046 33.0735 2.1
      vertex 28.8023 32.9944 1.51
      vertex 28.4046 33.0735 1.51
    endloop
  endfacet
  facet normal 0.442176 -0.896928 0
    outer loop
      vertex 29.1863 27.136 1.51
      vertex 29.55 27.3153 2.1
      vertex 29.1863 27.136 2.1
    endloop
  endfacet
  facet normal 0.442176 -0.896928 0
    outer loop
      vertex 29.55 27.3153 2.1
      vertex 29.1863 27.136 1.51
      vertex 29.55 27.3153 1.51
    endloop
  endfacet
  facet normal 0.997862 -0.0653568 0
    outer loop
      vertex 31.0735 29.5954 2.1
      vertex 31.1 30 1.51
      vertex 31.1 30 2.1
    endloop
  endfacet
  facet normal 0.997862 -0.0653568 0
    outer loop
      vertex 31.1 30 1.51
      vertex 31.0735 29.5954 2.1
      vertex 31.0735 29.5954 1.51
    endloop
  endfacet
  facet normal 0.321549 -0.946893 0
    outer loop
      vertex 28.8023 27.0056 1.51
      vertex 29.1863 27.136 2.1
      vertex 28.8023 27.0056 2.1
    endloop
  endfacet
  facet normal 0.321549 -0.946893 0
    outer loop
      vertex 29.1863 27.136 2.1
      vertex 28.8023 27.0056 1.51
      vertex 29.1863 27.136 1.51
    endloop
  endfacet
  facet normal 0.555553 0.831481 -0
    outer loop
      vertex 29.8872 32.4594 1.51
      vertex 29.55 32.6847 2.1
      vertex 29.8872 32.4594 2.1
    endloop
  endfacet
  facet normal 0.555553 0.831481 0
    outer loop
      vertex 29.55 32.6847 2.1
      vertex 29.8872 32.4594 1.51
      vertex 29.55 32.6847 1.51
    endloop
  endfacet
  facet normal 0 0 1
    outer loop
      vertex 31.0735 30.4046 2.1
      vertex 31.0735 29.5954 2.1
      vertex 31.1 30 2.1
    endloop
  endfacet
  facet normal 0 0 1
    outer loop
      vertex 30.9944 30.8023 2.1
      vertex 31.0735 29.5954 2.1
      vertex 31.0735 30.4046 2.1
    endloop
  endfacet
  facet normal 0 0 1
    outer loop
      vertex 30.9944 30.8023 2.1
      vertex 30.9944 29.1977 2.1
      vertex 31.0735 29.5954 2.1
    endloop
  endfacet
  facet normal 0 0 1
    outer loop
      vertex 30.864 31.1863 2.1
      vertex 30.9944 29.1977 2.1
      vertex 30.9944 30.8023 2.1
    endloop
  endfacet
  facet normal 0 0 1
    outer loop
      vertex 30.864 31.1863 2.1
      vertex 30.864 28.8137 2.1
      vertex 30.9944 29.1977 2.1
    endloop
  endfacet
  facet normal 0 0 1
    outer loop
      vertex 30.6847 31.55 2.1
      vertex 30.864 28.8137 2.1
      vertex 30.864 31.1863 2.1
    endloop
  endfacet
  facet normal 0 0 1
    outer loop
      vertex 30.6847 31.55 2.1
      vertex 30.6847 28.45 2.1
      vertex 30.864 28.8137 2.1
    endloop
  endfacet
  facet normal 0 0 1
    outer loop
      vertex 30.4594 31.8872 2.1
      vertex 30.6847 28.45 2.1
      vertex 30.6847 31.55 2.1
    endloop
  endfacet
  facet normal 0 0 1
    outer loop
      vertex 30.4594 31.8872 2.1
      vertex 30.4594 28.1128 2.1
      vertex 30.6847 28.45 2.1
    endloop
  endfacet
  facet normal 0 0 1
    outer loop
      vertex 30.192 32.192 2.1
      vertex 30.4594 28.1128 2.1
      vertex 30.4594 31.8872 2.1
    endloop
  endfacet
  facet normal 0 0 1
    outer loop
      vertex 30.192 32.192 2.1
      vertex 30.192 27.808 2.1
      vertex 30.4594 28.1128 2.1
    endloop
  endfacet
  facet normal 0 0 1
    outer loop
      vertex 29.8872 32.4594 2.1
      vertex 30.192 27.808 2.1
      vertex 30.192 32.192 2.1
    endloop
  endfacet
  facet normal 0 0 1
    outer loop
      vertex 29.8872 32.4594 2.1
      vertex 29.8872 27.5406 2.1
      vertex 30.192 27.808 2.1
    endloop
  endfacet
  facet normal 0 0 1
    outer loop
      vertex 29.55 32.6847 2.1
      vertex 29.8872 27.5406 2.1
      vertex 29.8872 32.4594 2.1
    endloop
  endfacet
  facet normal 0 0 1
    outer loop
      vertex 29.55 32.6847 2.1
      vertex 29.55 27.3153 2.1
      vertex 29.8872 27.5406 2.1
    endloop
  endfacet
  facet normal 0 0 1
    outer loop
      vertex 29.1863 32.864 2.1
      vertex 29.55 27.3153 2.1
      vertex 29.55 32.6847 2.1
    endloop
  endfacet
  facet normal 0 0 1
    outer loop
      vertex 29.1863 32.864 2.1
      vertex 29.1863 27.136 2.1
      vertex 29.55 27.3153 2.1
    endloop
  endfacet
  facet normal 0 0 1
    outer loop
      vertex 28.8023 32.9944 2.1
      vertex 29.1863 27.136 2.1
      vertex 29.1863 32.864 2.1
    endloop
  endfacet
  facet normal 0 0 1
    outer loop
      vertex 28.8023 32.9944 2.1
      vertex 28.8023 27.0056 2.1
      vertex 29.1863 27.136 2.1
    endloop
  endfacet
  facet normal 0 0 1
    outer loop
      vertex 28.4046 33.0735 2.1
      vertex 28.8023 27.0056 2.1
      vertex 28.8023 32.9944 2.1
    endloop
  endfacet
  facet normal 0 0 1
    outer loop
      vertex 28.4046 33.0735 2.1
      vertex 28.4046 26.9265 2.1
      vertex 28.8023 27.0056 2.1
    endloop
  endfacet
  facet normal 0 0 1
    outer loop
      vertex 28 33.1 2.1
      vertex 28.4046 26.9265 2.1
      vertex 28.4046 33.0735 2.1
    endloop
  endfacet
  facet normal 0 0 1
    outer loop
      vertex 28 33.1 2.1
      vertex 28 26.9 2.1
      vertex 28.4046 26.9265 2.1
    endloop
  endfacet
  facet normal -0 0 1
    outer loop
      vertex 27.5954 33.0735 2.1
      vertex 28 26.9 2.1
      vertex 28 33.1 2.1
    endloop
  endfacet
  facet normal 0 0 1
    outer loop
      vertex 27.5954 33.0735 2.1
      vertex 27.5954 26.9265 2.1
      vertex 28 26.9 2.1
    endloop
  endfacet
  facet normal -0 0 1
    outer loop
      vertex 27.1977 32.9944 2.1
      vertex 27.5954 26.9265 2.1
      vertex 27.5954 33.0735 2.1
    endloop
  endfacet
  facet normal 0 0 1
    outer loop
      vertex 27.1977 32.9944 2.1
      vertex 27.1977 27.0056 2.1
      vertex 27.5954 26.9265 2.1
    endloop
  endfacet
  facet normal -0 0 1
    outer loop
      vertex 26.8137 32.864 2.1
      vertex 27.1977 27.0056 2.1
      vertex 27.1977 32.9944 2.1
    endloop
  endfacet
  facet normal 0 0 1
    outer loop
      vertex 26.8137 32.864 2.1
      vertex 26.8137 27.136 2.1
      vertex 27.1977 27.0056 2.1
    endloop
  endfacet
  facet normal -0 0 1
    outer loop
      vertex 26.45 32.6847 2.1
      vertex 26.8137 27.136 2.1
      vertex 26.8137 32.864 2.1
    endloop
  endfacet
  facet normal 0 0 1
    outer loop
      vertex 26.45 32.6847 2.1
      vertex 26.45 27.3153 2.1
      vertex 26.8137 27.136 2.1
    endloop
  endfacet
  facet normal -0 0 1
    outer loop
      vertex 26.1128 32.4594 2.1
      vertex 26.45 27.3153 2.1
      vertex 26.45 32.6847 2.1
    endloop
  endfacet
  facet normal 0 0 1
    outer loop
      vertex 26.1128 32.4594 2.1
      vertex 26.1128 27.5406 2.1
      vertex 26.45 27.3153 2.1
    endloop
  endfacet
  facet normal -0 0 1
    outer loop
      vertex 25.808 32.192 2.1
      vertex 26.1128 27.5406 2.1
      vertex 26.1128 32.4594 2.1
    endloop
  endfacet
  facet normal 0 0 1
    outer loop
      vertex 25.808 32.192 2.1
      vertex 25.808 27.808 2.1
      vertex 26.1128 27.5406 2.1
    endloop
  endfacet
  facet normal -0 0 1
    outer loop
      vertex 25.5406 31.8872 2.1
      vertex 25.808 27.808 2.1
      vertex 25.808 32.192 2.1
    endloop
  endfacet
  facet normal 0 0 1
    outer loop
      vertex 25.5406 31.8872 2.1
      vertex 25.5406 28.1128 2.1
      vertex 25.808 27.808 2.1
    endloop
  endfacet
  facet normal -0 0 1
    outer loop
      vertex 25.3153 31.55 2.1
      vertex 25.5406 28.1128 2.1
      vertex 25.5406 31.8872 2.1
    endloop
  endfacet
  facet normal 0 0 1
    outer loop
      vertex 25.3153 31.55 2.1
      vertex 25.3153 28.45 2.1
      vertex 25.5406 28.1128 2.1
    endloop
  endfacet
  facet normal -0 0 1
    outer loop
      vertex 25.136 31.1863 2.1
      vertex 25.3153 28.45 2.1
      vertex 25.3153 31.55 2.1
    endloop
  endfacet
  facet normal 0 0 1
    outer loop
      vertex 25.136 31.1863 2.1
      vertex 25.136 28.8137 2.1
      vertex 25.3153 28.45 2.1
    endloop
  endfacet
  facet normal -0 0 1
    outer loop
      vertex 25.0056 30.8023 2.1
      vertex 25.136 28.8137 2.1
      vertex 25.136 31.1863 2.1
    endloop
  endfacet
  facet normal 0 0 1
    outer loop
      vertex 25.0056 30.8023 2.1
      vertex 25.0056 29.1977 2.1
      vertex 25.136 28.8137 2.1
    endloop
  endfacet
  facet normal -0 0 1
    outer loop
      vertex 24.9265 30.4046 2.1
      vertex 25.0056 29.1977 2.1
      vertex 25.0056 30.8023 2.1
    endloop
  endfacet
  facet normal 0 0 1
    outer loop
      vertex 24.9265 30.4046 2.1
      vertex 24.9265 29.5954 2.1
      vertex 25.0056 29.1977 2.1
    endloop
  endfacet
  facet normal 0 -0 1
    outer loop
      vertex 24.9265 29.5954 2.1
      vertex 24.9265 30.4046 2.1
      vertex 24.9 30 2.1
    endloop
  endfacet
  facet normal 0.831481 0.555553 0
    outer loop
      vertex 30.6847 31.55 2.1
      vertex 30.4594 31.8872 1.51
      vertex 30.4594 31.8872 2.1
    endloop
  endfacet
  facet normal 0.831481 0.555553 0
    outer loop
      vertex 30.4594 31.8872 1.51
      vertex 30.6847 31.55 2.1
      vertex 30.6847 31.55 1.51
    endloop
  endfacet
  facet normal -0.195073 0.980789 0
    outer loop
      vertex 27.5954 33.0735 1.51
      vertex 27.1977 32.9944 2.1
      vertex 27.5954 33.0735 2.1
    endloop
  endfacet
  facet normal -0.195073 0.980789 0
    outer loop
      vertex 27.1977 32.9944 2.1
      vertex 27.5954 33.0735 1.51
      vertex 27.1977 32.9944 1.51
    endloop
  endfacet
  facet normal 0.751721 -0.659482 0
    outer loop
      vertex 30.192 27.808 2.1
      vertex 30.4594 28.1128 1.51
      vertex 30.4594 28.1128 2.1
    endloop
  endfacet
  facet normal 0.751721 -0.659482 0
    outer loop
      vertex 30.4594 28.1128 1.51
      vertex 30.192 27.808 2.1
      vertex 30.192 27.808 1.51
    endloop
  endfacet
  facet normal 0.0653568 -0.997862 0
    outer loop
      vertex 28 26.9 1.51
      vertex 28.4046 26.9265 2.1
      vertex 28 26.9 2.1
    endloop
  endfacet
  facet normal 0.0653568 -0.997862 0
    outer loop
      vertex 28.4046 26.9265 2.1
      vertex 28 26.9 1.51
      vertex 28.4046 26.9265 1.51
    endloop
  endfacet
  facet normal 0.946893 -0.321549 0
    outer loop
      vertex 30.864 28.8137 2.1
      vertex 30.9944 29.1977 1.51
      vertex 30.9944 29.1977 2.1
    endloop
  endfacet
  facet normal 0.946893 -0.321549 0
    outer loop
      vertex 30.9944 29.1977 1.51
      vertex 30.864 28.8137 2.1
      vertex 30.864 28.8137 1.51
    endloop
  endfacet
  facet normal -0.751721 -0.659482 0
    outer loop
      vertex 25.808 27.808 1.51
      vertex 25.5406 28.1128 2.1
      vertex 25.5406 28.1128 1.51
    endloop
  endfacet
  facet normal -0.751721 -0.659482 0
    outer loop
      vertex 25.5406 28.1128 2.1
      vertex 25.808 27.808 1.51
      vertex 25.808 27.808 2.1
    endloop
  endfacet
  facet normal -0.321549 0.946893 0
    outer loop
      vertex 27.1977 32.9944 1.51
      vertex 26.8137 32.864 2.1
      vertex 27.1977 32.9944 2.1
    endloop
  endfacet
  facet normal -0.321549 0.946893 0
    outer loop
      vertex 26.8137 32.864 2.1
      vertex 27.1977 32.9944 1.51
      vertex 26.8137 32.864 1.51
    endloop
  endfacet
  facet normal -0.659482 0.751721 0
    outer loop
      vertex 26.1128 32.4594 1.51
      vertex 25.808 32.192 2.1
      vertex 26.1128 32.4594 2.1
    endloop
  endfacet
  facet normal -0.659482 0.751721 0
    outer loop
      vertex 25.808 32.192 2.1
      vertex 26.1128 32.4594 1.51
      vertex 25.808 32.192 1.51
    endloop
  endfacet
  facet normal -0.195073 -0.980789 0
    outer loop
      vertex 27.1977 27.0056 1.51
      vertex 27.5954 26.9265 2.1
      vertex 27.1977 27.0056 2.1
    endloop
  endfacet
  facet normal -0.195073 -0.980789 -0
    outer loop
      vertex 27.5954 26.9265 2.1
      vertex 27.1977 27.0056 1.51
      vertex 27.5954 26.9265 1.51
    endloop
  endfacet
  facet normal 0.751721 0.659482 0
    outer loop
      vertex 30.4594 31.8872 2.1
      vertex 30.192 32.192 1.51
      vertex 30.192 32.192 2.1
    endloop
  endfacet
  facet normal 0.751721 0.659482 0
    outer loop
      vertex 30.192 32.192 1.51
      vertex 30.4594 31.8872 2.1
      vertex 30.4594 31.8872 1.51
    endloop
  endfacet
  facet normal -0.442176 -0.896928 0
    outer loop
      vertex 26.45 27.3153 1.51
      vertex 26.8137 27.136 2.1
      vertex 26.45 27.3153 2.1
    endloop
  endfacet
  facet normal -0.442176 -0.896928 -0
    outer loop
      vertex 26.8137 27.136 2.1
      vertex 26.45 27.3153 1.51
      vertex 26.8137 27.136 1.51
    endloop
  endfacet
  facet normal 0.195073 -0.980789 0
    outer loop
      vertex 28.4046 26.9265 1.51
      vertex 28.8023 27.0056 2.1
      vertex 28.4046 26.9265 2.1
    endloop
  endfacet
  facet normal 0.195073 -0.980789 0
    outer loop
      vertex 28.8023 27.0056 2.1
      vertex 28.4046 26.9265 1.51
      vertex 28.8023 27.0056 1.51
    endloop
  endfacet
  facet normal -0.321549 -0.946893 0
    outer loop
      vertex 26.8137 27.136 1.51
      vertex 27.1977 27.0056 2.1
      vertex 26.8137 27.136 2.1
    endloop
  endfacet
  facet normal -0.321549 -0.946893 -0
    outer loop
      vertex 27.1977 27.0056 2.1
      vertex 26.8137 27.136 1.51
      vertex 27.1977 27.0056 1.51
    endloop
  endfacet
  facet normal 0.659482 -0.751721 0
    outer loop
      vertex 29.8872 27.5406 1.51
      vertex 30.192 27.808 2.1
      vertex 29.8872 27.5406 2.1
    endloop
  endfacet
  facet normal 0.659482 -0.751721 0
    outer loop
      vertex 30.192 27.808 2.1
      vertex 29.8872 27.5406 1.51
      vertex 30.192 27.808 1.51
    endloop
  endfacet
  facet normal -0.555553 -0.831481 0
    outer loop
      vertex 26.1128 27.5406 1.51
      vertex 26.45 27.3153 2.1
      vertex 26.1128 27.5406 2.1
    endloop
  endfacet
  facet normal -0.555553 -0.831481 -0
    outer loop
      vertex 26.45 27.3153 2.1
      vertex 26.1128 27.5406 1.51
      vertex 26.45 27.3153 1.51
    endloop
  endfacet
  facet normal -0.946893 -0.321549 0
    outer loop
      vertex 25.136 28.8137 1.51
      vertex 25.0056 29.1977 2.1
      vertex 25.0056 29.1977 1.51
    endloop
  endfacet
  facet normal -0.946893 -0.321549 0
    outer loop
      vertex 25.0056 29.1977 2.1
      vertex 25.136 28.8137 1.51
      vertex 25.136 28.8137 2.1
    endloop
  endfacet
  facet normal 0.555553 -0.831481 0
    outer loop
      vertex 29.55 27.3153 1.51
      vertex 29.8872 27.5406 2.1
      vertex 29.55 27.3153 2.1
    endloop
  endfacet
  facet normal 0.555553 -0.831481 0
    outer loop
      vertex 29.8872 27.5406 2.1
      vertex 29.55 27.3153 1.51
      vertex 29.8872 27.5406 1.51
    endloop
  endfacet
  facet normal -0.980789 0.195073 0
    outer loop
      vertex 24.9265 30.4046 1.51
      vertex 25.0056 30.8023 2.1
      vertex 25.0056 30.8023 1.51
    endloop
  endfacet
  facet normal -0.980789 0.195073 0
    outer loop
      vertex 25.0056 30.8023 2.1
      vertex 24.9265 30.4046 1.51
      vertex 24.9265 30.4046 2.1
    endloop
  endfacet
  facet normal -0.980789 -0.195073 0
    outer loop
      vertex 25.0056 29.1977 1.51
      vertex 24.9265 29.5954 2.1
      vertex 24.9265 29.5954 1.51
    endloop
  endfacet
  facet normal -0.980789 -0.195073 0
    outer loop
      vertex 24.9265 29.5954 2.1
      vertex 25.0056 29.1977 1.51
      vertex 25.0056 29.1977 2.1
    endloop
  endfacet
  facet normal 0.0653568 0.997862 -0
    outer loop
      vertex 28.4046 33.0735 1.51
      vertex 28 33.1 2.1
      vertex 28.4046 33.0735 2.1
    endloop
  endfacet
  facet normal 0.0653568 0.997862 0
    outer loop
      vertex 28 33.1 2.1
      vertex 28.4046 33.0735 1.51
      vertex 28 33.1 1.51
    endloop
  endfacet
  facet normal -0.997862 -0.0653568 0
    outer loop
      vertex 24.9265 29.5954 1.51
      vertex 24.9 30 2.1
      vertex 24.9 30 1.51
    endloop
  endfacet
  facet normal -0.997862 -0.0653568 0
    outer loop
      vertex 24.9 30 2.1
      vertex 24.9265 29.5954 1.51
      vertex 24.9265 29.5954 2.1
    endloop
  endfacet
  facet normal -0.831481 0.555553 0
    outer loop
      vertex 25.3153 31.55 1.51
      vertex 25.5406 31.8872 2.1
      vertex 25.5406 31.8872 1.51
    endloop
  endfacet
  facet normal -0.831481 0.555553 0
    outer loop
      vertex 25.5406 31.8872 2.1
      vertex 25.3153 31.55 1.51
      vertex 25.3153 31.55 2.1
    endloop
  endfacet
  facet normal -0.0653568 0.997862 0
    outer loop
      vertex 28 33.1 1.51
      vertex 27.5954 33.0735 2.1
      vertex 28 33.1 2.1
    endloop
  endfacet
  facet normal -0.0653568 0.997862 0
    outer loop
      vertex 27.5954 33.0735 2.1
      vertex 28 33.1 1.51
      vertex 27.5954 33.0735 1.51
    endloop
  endfacet
  facet normal -0.831481 -0.555553 0
    outer loop
      vertex 25.5406 28.1128 1.51
      vertex 25.3153 28.45 2.1
      vertex 25.3153 28.45 1.51
    endloop
  endfacet
  facet normal -0.831481 -0.555553 0
    outer loop
      vertex 25.3153 28.45 2.1
      vertex 25.5406 28.1128 1.51
      vertex 25.5406 28.1128 2.1
    endloop
  endfacet
  facet normal -0.0653568 -0.997862 0
    outer loop
      vertex 27.5954 26.9265 1.51
      vertex 28 26.9 2.1
      vertex 27.5954 26.9265 2.1
    endloop
  endfacet
  facet normal -0.0653568 -0.997862 -0
    outer loop
      vertex 28 26.9 2.1
      vertex 27.5954 26.9265 1.51
      vertex 28 26.9 1.51
    endloop
  endfacet
  facet normal -0.896928 -0.442176 0
    outer loop
      vertex 25.3153 -36.55 1.51
      vertex 25.136 -36.1863 2.1
      vertex 25.136 -36.1863 1.51
    endloop
  endfacet
  facet normal -0.896928 -0.442176 0
    outer loop
      vertex 25.136 -36.1863 2.1
      vertex 25.3153 -36.55 1.51
      vertex 25.3153 -36.55 2.1
    endloop
  endfacet
  facet normal 0.442176 -0.896928 0
    outer loop
      vertex 29.1863 -37.864 1.51
      vertex 29.55 -37.6847 2.1
      vertex 29.1863 -37.864 2.1
    endloop
  endfacet
  facet normal 0.442176 -0.896928 0
    outer loop
      vertex 29.55 -37.6847 2.1
      vertex 29.1863 -37.864 1.51
      vertex 29.55 -37.6847 1.51
    endloop
  endfacet
  facet normal 0.980789 0.195073 0
    outer loop
      vertex 31.0735 -34.5954 2.1
      vertex 30.9944 -34.1977 1.51
      vertex 30.9944 -34.1977 2.1
    endloop
  endfacet
  facet normal 0.980789 0.195073 0
    outer loop
      vertex 30.9944 -34.1977 1.51
      vertex 31.0735 -34.5954 2.1
      vertex 31.0735 -34.5954 1.51
    endloop
  endfacet
  facet normal 0.997862 0.0653568 0
    outer loop
      vertex 31.1 -35 2.1
      vertex 31.0735 -34.5954 1.51
      vertex 31.0735 -34.5954 2.1
    endloop
  endfacet
  facet normal 0.997862 0.0653568 0
    outer loop
      vertex 31.0735 -34.5954 1.51
      vertex 31.1 -35 2.1
      vertex 31.1 -35 1.51
    endloop
  endfacet
  facet normal 0.946893 0.321549 0
    outer loop
      vertex 30.9944 -34.1977 2.1
      vertex 30.864 -33.8137 1.51
      vertex 30.864 -33.8137 2.1
    endloop
  endfacet
  facet normal 0.946893 0.321549 0
    outer loop
      vertex 30.864 -33.8137 1.51
      vertex 30.9944 -34.1977 2.1
      vertex 30.9944 -34.1977 1.51
    endloop
  endfacet
  facet normal 0.751721 -0.659482 0
    outer loop
      vertex 30.192 -37.192 2.1
      vertex 30.4594 -36.8872 1.51
      vertex 30.4594 -36.8872 2.1
    endloop
  endfacet
  facet normal 0.751721 -0.659482 0
    outer loop
      vertex 30.4594 -36.8872 1.51
      vertex 30.192 -37.192 2.1
      vertex 30.192 -37.192 1.51
    endloop
  endfacet
  facet normal 0.321549 0.946893 -0
    outer loop
      vertex 29.1863 -32.136 1.51
      vertex 28.8023 -32.0056 2.1
      vertex 29.1863 -32.136 2.1
    endloop
  endfacet
  facet normal 0.321549 0.946893 0
    outer loop
      vertex 28.8023 -32.0056 2.1
      vertex 29.1863 -32.136 1.51
      vertex 28.8023 -32.0056 1.51
    endloop
  endfacet
  facet normal 0.555553 0.831481 -0
    outer loop
      vertex 29.8872 -32.5406 1.51
      vertex 29.55 -32.3153 2.1
      vertex 29.8872 -32.5406 2.1
    endloop
  endfacet
  facet normal 0.555553 0.831481 0
    outer loop
      vertex 29.55 -32.3153 2.1
      vertex 29.8872 -32.5406 1.51
      vertex 29.55 -32.3153 1.51
    endloop
  endfacet
  facet normal 0.896928 -0.442176 0
    outer loop
      vertex 30.6847 -36.55 2.1
      vertex 30.864 -36.1863 1.51
      vertex 30.864 -36.1863 2.1
    endloop
  endfacet
  facet normal 0.896928 -0.442176 0
    outer loop
      vertex 30.864 -36.1863 1.51
      vertex 30.6847 -36.55 2.1
      vertex 30.6847 -36.55 1.51
    endloop
  endfacet
  facet normal 0.321549 -0.946893 0
    outer loop
      vertex 28.8023 -37.9944 1.51
      vertex 29.1863 -37.864 2.1
      vertex 28.8023 -37.9944 2.1
    endloop
  endfacet
  facet normal 0.321549 -0.946893 0
    outer loop
      vertex 29.1863 -37.864 2.1
      vertex 28.8023 -37.9944 1.51
      vertex 29.1863 -37.864 1.51
    endloop
  endfacet
  facet normal 0.896928 0.442176 0
    outer loop
      vertex 30.864 -33.8137 2.1
      vertex 30.6847 -33.45 1.51
      vertex 30.6847 -33.45 2.1
    endloop
  endfacet
  facet normal 0.896928 0.442176 0
    outer loop
      vertex 30.6847 -33.45 1.51
      vertex 30.864 -33.8137 2.1
      vertex 30.864 -33.8137 1.51
    endloop
  endfacet
  facet normal -0.195073 0.980789 0
    outer loop
      vertex 27.5954 -31.9265 1.51
      vertex 27.1977 -32.0056 2.1
      vertex 27.5954 -31.9265 2.1
    endloop
  endfacet
  facet normal -0.195073 0.980789 0
    outer loop
      vertex 27.1977 -32.0056 2.1
      vertex 27.5954 -31.9265 1.51
      vertex 27.1977 -32.0056 1.51
    endloop
  endfacet
  facet normal -0.0653568 -0.997862 0
    outer loop
      vertex 27.5954 -38.0735 1.51
      vertex 28 -38.1 2.1
      vertex 27.5954 -38.0735 2.1
    endloop
  endfacet
  facet normal -0.0653568 -0.997862 -0
    outer loop
      vertex 28 -38.1 2.1
      vertex 27.5954 -38.0735 1.51
      vertex 28 -38.1 1.51
    endloop
  endfacet
  facet normal -0.555553 0.831481 0
    outer loop
      vertex 26.45 -32.3153 1.51
      vertex 26.1128 -32.5406 2.1
      vertex 26.45 -32.3153 2.1
    endloop
  endfacet
  facet normal -0.555553 0.831481 0
    outer loop
      vertex 26.1128 -32.5406 2.1
      vertex 26.45 -32.3153 1.51
      vertex 26.1128 -32.5406 1.51
    endloop
  endfacet
  facet normal -0.321549 -0.946893 0
    outer loop
      vertex 26.8137 -37.864 1.51
      vertex 27.1977 -37.9944 2.1
      vertex 26.8137 -37.864 2.1
    endloop
  endfacet
  facet normal -0.321549 -0.946893 -0
    outer loop
      vertex 27.1977 -37.9944 2.1
      vertex 26.8137 -37.864 1.51
      vertex 27.1977 -37.9944 1.51
    endloop
  endfacet
  facet normal 0.946893 -0.321549 0
    outer loop
      vertex 30.864 -36.1863 2.1
      vertex 30.9944 -35.8023 1.51
      vertex 30.9944 -35.8023 2.1
    endloop
  endfacet
  facet normal 0.946893 -0.321549 0
    outer loop
      vertex 30.9944 -35.8023 1.51
      vertex 30.864 -36.1863 2.1
      vertex 30.864 -36.1863 1.51
    endloop
  endfacet
  facet normal -0.831481 -0.555553 0
    outer loop
      vertex 25.5406 -36.8872 1.51
      vertex 25.3153 -36.55 2.1
      vertex 25.3153 -36.55 1.51
    endloop
  endfacet
  facet normal -0.831481 -0.555553 0
    outer loop
      vertex 25.3153 -36.55 2.1
      vertex 25.5406 -36.8872 1.51
      vertex 25.5406 -36.8872 2.1
    endloop
  endfacet
  facet normal -0.659482 -0.751721 0
    outer loop
      vertex 25.808 -37.192 1.51
      vertex 26.1128 -37.4594 2.1
      vertex 25.808 -37.192 2.1
    endloop
  endfacet
  facet normal -0.659482 -0.751721 -0
    outer loop
      vertex 26.1128 -37.4594 2.1
      vertex 25.808 -37.192 1.51
      vertex 26.1128 -37.4594 1.51
    endloop
  endfacet
  facet normal -0.659482 0.751721 0
    outer loop
      vertex 26.1128 -32.5406 1.51
      vertex 25.808 -32.808 2.1
      vertex 26.1128 -32.5406 2.1
    endloop
  endfacet
  facet normal -0.659482 0.751721 0
    outer loop
      vertex 25.808 -32.808 2.1
      vertex 26.1128 -32.5406 1.51
      vertex 25.808 -32.808 1.51
    endloop
  endfacet
  facet normal -0.946893 0.321549 0
    outer loop
      vertex 25.0056 -34.1977 1.51
      vertex 25.136 -33.8137 2.1
      vertex 25.136 -33.8137 1.51
    endloop
  endfacet
  facet normal -0.946893 0.321549 0
    outer loop
      vertex 25.136 -33.8137 2.1
      vertex 25.0056 -34.1977 1.51
      vertex 25.0056 -34.1977 2.1
    endloop
  endfacet
  facet normal -0.442176 0.896928 0
    outer loop
      vertex 26.8137 -32.136 1.51
      vertex 26.45 -32.3153 2.1
      vertex 26.8137 -32.136 2.1
    endloop
  endfacet
  facet normal -0.442176 0.896928 0
    outer loop
      vertex 26.45 -32.3153 2.1
      vertex 26.8137 -32.136 1.51
      vertex 26.45 -32.3153 1.51
    endloop
  endfacet
  facet normal -0.980789 0.195073 0
    outer loop
      vertex 24.9265 -34.5954 1.51
      vertex 25.0056 -34.1977 2.1
      vertex 25.0056 -34.1977 1.51
    endloop
  endfacet
  facet normal -0.980789 0.195073 0
    outer loop
      vertex 25.0056 -34.1977 2.1
      vertex 24.9265 -34.5954 1.51
      vertex 24.9265 -34.5954 2.1
    endloop
  endfacet
  facet normal -0.321549 0.946893 0
    outer loop
      vertex 27.1977 -32.0056 1.51
      vertex 26.8137 -32.136 2.1
      vertex 27.1977 -32.0056 2.1
    endloop
  endfacet
  facet normal -0.321549 0.946893 0
    outer loop
      vertex 26.8137 -32.136 2.1
      vertex 27.1977 -32.0056 1.51
      vertex 26.8137 -32.136 1.51
    endloop
  endfacet
  facet normal 0.659482 -0.751721 0
    outer loop
      vertex 29.8872 -37.4594 1.51
      vertex 30.192 -37.192 2.1
      vertex 29.8872 -37.4594 2.1
    endloop
  endfacet
  facet normal 0.659482 -0.751721 0
    outer loop
      vertex 30.192 -37.192 2.1
      vertex 29.8872 -37.4594 1.51
      vertex 30.192 -37.192 1.51
    endloop
  endfacet
  facet normal 0.0653568 0.997862 -0
    outer loop
      vertex 28.4046 -31.9265 1.51
      vertex 28 -31.9 2.1
      vertex 28.4046 -31.9265 2.1
    endloop
  endfacet
  facet normal 0.0653568 0.997862 0
    outer loop
      vertex 28 -31.9 2.1
      vertex 28.4046 -31.9265 1.51
      vertex 28 -31.9 1.51
    endloop
  endfacet
  facet normal 0.831481 0.555553 0
    outer loop
      vertex 30.6847 -33.45 2.1
      vertex 30.4594 -33.1128 1.51
      vertex 30.4594 -33.1128 2.1
    endloop
  endfacet
  facet normal 0.831481 0.555553 0
    outer loop
      vertex 30.4594 -33.1128 1.51
      vertex 30.6847 -33.45 2.1
      vertex 30.6847 -33.45 1.51
    endloop
  endfacet
  facet normal 0.195073 -0.980789 0
    outer loop
      vertex 28.4046 -38.0735 1.51
      vertex 28.8023 -37.9944 2.1
      vertex 28.4046 -38.0735 2.1
    endloop
  endfacet
  facet normal 0.195073 -0.980789 0
    outer loop
      vertex 28.8023 -37.9944 2.1
      vertex 28.4046 -38.0735 1.51
      vertex 28.8023 -37.9944 1.51
    endloop
  endfacet
  facet normal -0.980789 -0.195073 0
    outer loop
      vertex 25.0056 -35.8023 1.51
      vertex 24.9265 -35.4046 2.1
      vertex 24.9265 -35.4046 1.51
    endloop
  endfacet
  facet normal -0.980789 -0.195073 0
    outer loop
      vertex 24.9265 -35.4046 2.1
      vertex 25.0056 -35.8023 1.51
      vertex 25.0056 -35.8023 2.1
    endloop
  endfacet
  facet normal -0.751721 0.659482 0
    outer loop
      vertex 25.5406 -33.1128 1.51
      vertex 25.808 -32.808 2.1
      vertex 25.808 -32.808 1.51
    endloop
  endfacet
  facet normal -0.751721 0.659482 0
    outer loop
      vertex 25.808 -32.808 2.1
      vertex 25.5406 -33.1128 1.51
      vertex 25.5406 -33.1128 2.1
    endloop
  endfacet
  facet normal 0.659482 0.751721 -0
    outer loop
      vertex 30.192 -32.808 1.51
      vertex 29.8872 -32.5406 2.1
      vertex 30.192 -32.808 2.1
    endloop
  endfacet
  facet normal 0.659482 0.751721 0
    outer loop
      vertex 29.8872 -32.5406 2.1
      vertex 30.192 -32.808 1.51
      vertex 29.8872 -32.5406 1.51
    endloop
  endfacet
  facet normal 0.997862 -0.0653568 0
    outer loop
      vertex 31.0735 -35.4046 2.1
      vertex 31.1 -35 1.51
      vertex 31.1 -35 2.1
    endloop
  endfacet
  facet normal 0.997862 -0.0653568 0
    outer loop
      vertex 31.1 -35 1.51
      vertex 31.0735 -35.4046 2.1
      vertex 31.0735 -35.4046 1.51
    endloop
  endfacet
  facet normal 0.980789 -0.195073 0
    outer loop
      vertex 30.9944 -35.8023 2.1
      vertex 31.0735 -35.4046 1.51
      vertex 31.0735 -35.4046 2.1
    endloop
  endfacet
  facet normal 0.980789 -0.195073 0
    outer loop
      vertex 31.0735 -35.4046 1.51
      vertex 30.9944 -35.8023 2.1
      vertex 30.9944 -35.8023 1.51
    endloop
  endfacet
  facet normal 0.555553 -0.831481 0
    outer loop
      vertex 29.55 -37.6847 1.51
      vertex 29.8872 -37.4594 2.1
      vertex 29.55 -37.6847 2.1
    endloop
  endfacet
  facet normal 0.555553 -0.831481 0
    outer loop
      vertex 29.8872 -37.4594 2.1
      vertex 29.55 -37.6847 1.51
      vertex 29.8872 -37.4594 1.51
    endloop
  endfacet
  facet normal 0.195073 0.980789 -0
    outer loop
      vertex 28.8023 -32.0056 1.51
      vertex 28.4046 -31.9265 2.1
      vertex 28.8023 -32.0056 2.1
    endloop
  endfacet
  facet normal 0.195073 0.980789 0
    outer loop
      vertex 28.4046 -31.9265 2.1
      vertex 28.8023 -32.0056 1.51
      vertex 28.4046 -31.9265 1.51
    endloop
  endfacet
  facet normal 0.751721 0.659482 0
    outer loop
      vertex 30.4594 -33.1128 2.1
      vertex 30.192 -32.808 1.51
      vertex 30.192 -32.808 2.1
    endloop
  endfacet
  facet normal 0.751721 0.659482 0
    outer loop
      vertex 30.192 -32.808 1.51
      vertex 30.4594 -33.1128 2.1
      vertex 30.4594 -33.1128 1.51
    endloop
  endfacet
  facet normal 0.442176 0.896928 -0
    outer loop
      vertex 29.55 -32.3153 1.51
      vertex 29.1863 -32.136 2.1
      vertex 29.55 -32.3153 2.1
    endloop
  endfacet
  facet normal 0.442176 0.896928 0
    outer loop
      vertex 29.1863 -32.136 2.1
      vertex 29.55 -32.3153 1.51
      vertex 29.1863 -32.136 1.51
    endloop
  endfacet
  facet normal -0.997862 -0.0653568 0
    outer loop
      vertex 24.9265 -35.4046 1.51
      vertex 24.9 -35 2.1
      vertex 24.9 -35 1.51
    endloop
  endfacet
  facet normal -0.997862 -0.0653568 0
    outer loop
      vertex 24.9 -35 2.1
      vertex 24.9265 -35.4046 1.51
      vertex 24.9265 -35.4046 2.1
    endloop
  endfacet
  facet normal 0.831481 -0.555553 0
    outer loop
      vertex 30.4594 -36.8872 2.1
      vertex 30.6847 -36.55 1.51
      vertex 30.6847 -36.55 2.1
    endloop
  endfacet
  facet normal 0.831481 -0.555553 0
    outer loop
      vertex 30.6847 -36.55 1.51
      vertex 30.4594 -36.8872 2.1
      vertex 30.4594 -36.8872 1.51
    endloop
  endfacet
  facet normal -0.751721 -0.659482 0
    outer loop
      vertex 25.808 -37.192 1.51
      vertex 25.5406 -36.8872 2.1
      vertex 25.5406 -36.8872 1.51
    endloop
  endfacet
  facet normal -0.751721 -0.659482 0
    outer loop
      vertex 25.5406 -36.8872 2.1
      vertex 25.808 -37.192 1.51
      vertex 25.808 -37.192 2.1
    endloop
  endfacet
  facet normal -0.997862 0.0653568 0
    outer loop
      vertex 24.9 -35 1.51
      vertex 24.9265 -34.5954 2.1
      vertex 24.9265 -34.5954 1.51
    endloop
  endfacet
  facet normal -0.997862 0.0653568 0
    outer loop
      vertex 24.9265 -34.5954 2.1
      vertex 24.9 -35 1.51
      vertex 24.9 -35 2.1
    endloop
  endfacet
  facet normal -0.442176 -0.896928 0
    outer loop
      vertex 26.45 -37.6847 1.51
      vertex 26.8137 -37.864 2.1
      vertex 26.45 -37.6847 2.1
    endloop
  endfacet
  facet normal -0.442176 -0.896928 -0
    outer loop
      vertex 26.8137 -37.864 2.1
      vertex 26.45 -37.6847 1.51
      vertex 26.8137 -37.864 1.51
    endloop
  endfacet
  facet normal -0.946893 -0.321549 0
    outer loop
      vertex 25.136 -36.1863 1.51
      vertex 25.0056 -35.8023 2.1
      vertex 25.0056 -35.8023 1.51
    endloop
  endfacet
  facet normal -0.946893 -0.321549 0
    outer loop
      vertex 25.0056 -35.8023 2.1
      vertex 25.136 -36.1863 1.51
      vertex 25.136 -36.1863 2.1
    endloop
  endfacet
  facet normal -0.195073 -0.980789 0
    outer loop
      vertex 27.1977 -37.9944 1.51
      vertex 27.5954 -38.0735 2.1
      vertex 27.1977 -37.9944 2.1
    endloop
  endfacet
  facet normal -0.195073 -0.980789 -0
    outer loop
      vertex 27.5954 -38.0735 2.1
      vertex 27.1977 -37.9944 1.51
      vertex 27.5954 -38.0735 1.51
    endloop
  endfacet
  facet normal 0.0653568 -0.997862 0
    outer loop
      vertex 28 -38.1 1.51
      vertex 28.4046 -38.0735 2.1
      vertex 28 -38.1 2.1
    endloop
  endfacet
  facet normal 0.0653568 -0.997862 0
    outer loop
      vertex 28.4046 -38.0735 2.1
      vertex 28 -38.1 1.51
      vertex 28.4046 -38.0735 1.51
    endloop
  endfacet
  facet normal -0.0653568 0.997862 0
    outer loop
      vertex 28 -31.9 1.51
      vertex 27.5954 -31.9265 2.1
      vertex 28 -31.9 2.1
    endloop
  endfacet
  facet normal -0.0653568 0.997862 0
    outer loop
      vertex 27.5954 -31.9265 2.1
      vertex 28 -31.9 1.51
      vertex 27.5954 -31.9265 1.51
    endloop
  endfacet
  facet normal -0.896928 0.442176 0
    outer loop
      vertex 25.136 -33.8137 1.51
      vertex 25.3153 -33.45 2.1
      vertex 25.3153 -33.45 1.51
    endloop
  endfacet
  facet normal -0.896928 0.442176 0
    outer loop
      vertex 25.3153 -33.45 2.1
      vertex 25.136 -33.8137 1.51
      vertex 25.136 -33.8137 2.1
    endloop
  endfacet
  facet normal -0.831481 0.555553 0
    outer loop
      vertex 25.3153 -33.45 1.51
      vertex 25.5406 -33.1128 2.1
      vertex 25.5406 -33.1128 1.51
    endloop
  endfacet
  facet normal -0.831481 0.555553 0
    outer loop
      vertex 25.5406 -33.1128 2.1
      vertex 25.3153 -33.45 1.51
      vertex 25.3153 -33.45 2.1
    endloop
  endfacet
  facet normal -0.555553 -0.831481 0
    outer loop
      vertex 26.1128 -37.4594 1.51
      vertex 26.45 -37.6847 2.1
      vertex 26.1128 -37.4594 2.1
    endloop
  endfacet
  facet normal -0.555553 -0.831481 -0
    outer loop
      vertex 26.45 -37.6847 2.1
      vertex 26.1128 -37.4594 1.51
      vertex 26.45 -37.6847 1.51
    endloop
  endfacet
  facet normal 0 0 1
    outer loop
      vertex 31.0735 -34.5954 2.1
      vertex 31.0735 -35.4046 2.1
      vertex 31.1 -35 2.1
    endloop
  endfacet
  facet normal 0 0 1
    outer loop
      vertex 30.9944 -34.1977 2.1
      vertex 31.0735 -35.4046 2.1
      vertex 31.0735 -34.5954 2.1
    endloop
  endfacet
  facet normal 0 0 1
    outer loop
      vertex 30.9944 -34.1977 2.1
      vertex 30.9944 -35.8023 2.1
      vertex 31.0735 -35.4046 2.1
    endloop
  endfacet
  facet normal 0 0 1
    outer loop
      vertex 30.864 -33.8137 2.1
      vertex 30.9944 -35.8023 2.1
      vertex 30.9944 -34.1977 2.1
    endloop
  endfacet
  facet normal 0 0 1
    outer loop
      vertex 30.864 -33.8137 2.1
      vertex 30.864 -36.1863 2.1
      vertex 30.9944 -35.8023 2.1
    endloop
  endfacet
  facet normal 0 0 1
    outer loop
      vertex 30.6847 -33.45 2.1
      vertex 30.864 -36.1863 2.1
      vertex 30.864 -33.8137 2.1
    endloop
  endfacet
  facet normal 0 0 1
    outer loop
      vertex 30.6847 -33.45 2.1
      vertex 30.6847 -36.55 2.1
      vertex 30.864 -36.1863 2.1
    endloop
  endfacet
  facet normal 0 0 1
    outer loop
      vertex 30.4594 -33.1128 2.1
      vertex 30.6847 -36.55 2.1
      vertex 30.6847 -33.45 2.1
    endloop
  endfacet
  facet normal 0 0 1
    outer loop
      vertex 30.4594 -33.1128 2.1
      vertex 30.4594 -36.8872 2.1
      vertex 30.6847 -36.55 2.1
    endloop
  endfacet
  facet normal 0 0 1
    outer loop
      vertex 30.192 -32.808 2.1
      vertex 30.4594 -36.8872 2.1
      vertex 30.4594 -33.1128 2.1
    endloop
  endfacet
  facet normal 0 0 1
    outer loop
      vertex 30.192 -32.808 2.1
      vertex 30.192 -37.192 2.1
      vertex 30.4594 -36.8872 2.1
    endloop
  endfacet
  facet normal 0 0 1
    outer loop
      vertex 29.8872 -32.5406 2.1
      vertex 30.192 -37.192 2.1
      vertex 30.192 -32.808 2.1
    endloop
  endfacet
  facet normal 0 0 1
    outer loop
      vertex 29.8872 -32.5406 2.1
      vertex 29.8872 -37.4594 2.1
      vertex 30.192 -37.192 2.1
    endloop
  endfacet
  facet normal 0 0 1
    outer loop
      vertex 29.55 -32.3153 2.1
      vertex 29.8872 -37.4594 2.1
      vertex 29.8872 -32.5406 2.1
    endloop
  endfacet
  facet normal 0 0 1
    outer loop
      vertex 29.55 -32.3153 2.1
      vertex 29.55 -37.6847 2.1
      vertex 29.8872 -37.4594 2.1
    endloop
  endfacet
  facet normal 0 0 1
    outer loop
      vertex 29.1863 -32.136 2.1
      vertex 29.55 -37.6847 2.1
      vertex 29.55 -32.3153 2.1
    endloop
  endfacet
  facet normal 0 0 1
    outer loop
      vertex 29.1863 -32.136 2.1
      vertex 29.1863 -37.864 2.1
      vertex 29.55 -37.6847 2.1
    endloop
  endfacet
  facet normal 0 0 1
    outer loop
      vertex 28.8023 -32.0056 2.1
      vertex 29.1863 -37.864 2.1
      vertex 29.1863 -32.136 2.1
    endloop
  endfacet
  facet normal 0 0 1
    outer loop
      vertex 28.8023 -32.0056 2.1
      vertex 28.8023 -37.9944 2.1
      vertex 29.1863 -37.864 2.1
    endloop
  endfacet
  facet normal 0 0 1
    outer loop
      vertex 28.4046 -31.9265 2.1
      vertex 28.8023 -37.9944 2.1
      vertex 28.8023 -32.0056 2.1
    endloop
  endfacet
  facet normal 0 0 1
    outer loop
      vertex 28.4046 -31.9265 2.1
      vertex 28.4046 -38.0735 2.1
      vertex 28.8023 -37.9944 2.1
    endloop
  endfacet
  facet normal 0 0 1
    outer loop
      vertex 28 -31.9 2.1
      vertex 28.4046 -38.0735 2.1
      vertex 28.4046 -31.9265 2.1
    endloop
  endfacet
  facet normal 0 0 1
    outer loop
      vertex 28 -31.9 2.1
      vertex 28 -38.1 2.1
      vertex 28.4046 -38.0735 2.1
    endloop
  endfacet
  facet normal -0 0 1
    outer loop
      vertex 27.5954 -31.9265 2.1
      vertex 28 -38.1 2.1
      vertex 28 -31.9 2.1
    endloop
  endfacet
  facet normal 0 0 1
    outer loop
      vertex 27.5954 -31.9265 2.1
      vertex 27.5954 -38.0735 2.1
      vertex 28 -38.1 2.1
    endloop
  endfacet
  facet normal -0 0 1
    outer loop
      vertex 27.1977 -32.0056 2.1
      vertex 27.5954 -38.0735 2.1
      vertex 27.5954 -31.9265 2.1
    endloop
  endfacet
  facet normal 0 0 1
    outer loop
      vertex 27.1977 -32.0056 2.1
      vertex 27.1977 -37.9944 2.1
      vertex 27.5954 -38.0735 2.1
    endloop
  endfacet
  facet normal -0 0 1
    outer loop
      vertex 26.8137 -32.136 2.1
      vertex 27.1977 -37.9944 2.1
      vertex 27.1977 -32.0056 2.1
    endloop
  endfacet
  facet normal 0 0 1
    outer loop
      vertex 26.8137 -32.136 2.1
      vertex 26.8137 -37.864 2.1
      vertex 27.1977 -37.9944 2.1
    endloop
  endfacet
  facet normal -0 0 1
    outer loop
      vertex 26.45 -32.3153 2.1
      vertex 26.8137 -37.864 2.1
      vertex 26.8137 -32.136 2.1
    endloop
  endfacet
  facet normal 0 0 1
    outer loop
      vertex 26.45 -32.3153 2.1
      vertex 26.45 -37.6847 2.1
      vertex 26.8137 -37.864 2.1
    endloop
  endfacet
  facet normal -0 0 1
    outer loop
      vertex 26.1128 -32.5406 2.1
      vertex 26.45 -37.6847 2.1
      vertex 26.45 -32.3153 2.1
    endloop
  endfacet
  facet normal 0 0 1
    outer loop
      vertex 26.1128 -32.5406 2.1
      vertex 26.1128 -37.4594 2.1
      vertex 26.45 -37.6847 2.1
    endloop
  endfacet
  facet normal -0 0 1
    outer loop
      vertex 25.808 -32.808 2.1
      vertex 26.1128 -37.4594 2.1
      vertex 26.1128 -32.5406 2.1
    endloop
  endfacet
  facet normal 0 0 1
    outer loop
      vertex 25.808 -32.808 2.1
      vertex 25.808 -37.192 2.1
      vertex 26.1128 -37.4594 2.1
    endloop
  endfacet
  facet normal -0 0 1
    outer loop
      vertex 25.5406 -33.1128 2.1
      vertex 25.808 -37.192 2.1
      vertex 25.808 -32.808 2.1
    endloop
  endfacet
  facet normal 0 0 1
    outer loop
      vertex 25.5406 -33.1128 2.1
      vertex 25.5406 -36.8872 2.1
      vertex 25.808 -37.192 2.1
    endloop
  endfacet
  facet normal -0 0 1
    outer loop
      vertex 25.3153 -33.45 2.1
      vertex 25.5406 -36.8872 2.1
      vertex 25.5406 -33.1128 2.1
    endloop
  endfacet
  facet normal 0 0 1
    outer loop
      vertex 25.3153 -33.45 2.1
      vertex 25.3153 -36.55 2.1
      vertex 25.5406 -36.8872 2.1
    endloop
  endfacet
  facet normal -0 0 1
    outer loop
      vertex 25.136 -33.8137 2.1
      vertex 25.3153 -36.55 2.1
      vertex 25.3153 -33.45 2.1
    endloop
  endfacet
  facet normal 0 0 1
    outer loop
      vertex 25.136 -33.8137 2.1
      vertex 25.136 -36.1863 2.1
      vertex 25.3153 -36.55 2.1
    endloop
  endfacet
  facet normal -0 0 1
    outer loop
      vertex 25.0056 -34.1977 2.1
      vertex 25.136 -36.1863 2.1
      vertex 25.136 -33.8137 2.1
    endloop
  endfacet
  facet normal 0 0 1
    outer loop
      vertex 25.0056 -34.1977 2.1
      vertex 25.0056 -35.8023 2.1
      vertex 25.136 -36.1863 2.1
    endloop
  endfacet
  facet normal -0 0 1
    outer loop
      vertex 24.9265 -34.5954 2.1
      vertex 25.0056 -35.8023 2.1
      vertex 25.0056 -34.1977 2.1
    endloop
  endfacet
  facet normal 0 0 1
    outer loop
      vertex 24.9265 -34.5954 2.1
      vertex 24.9265 -35.4046 2.1
      vertex 25.0056 -35.8023 2.1
    endloop
  endfacet
  facet normal 0 -0 1
    outer loop
      vertex 24.9265 -35.4046 2.1
      vertex 24.9265 -34.5954 2.1
      vertex 24.9 -35 2.1
    endloop
  endfacet
  facet normal -0.946893 0.321549 0
    outer loop
      vertex -12.9944 30.8023 1.51
      vertex -12.864 31.1863 2.1
      vertex -12.864 31.1863 1.51
    endloop
  endfacet
  facet normal -0.946893 0.321549 0
    outer loop
      vertex -12.864 31.1863 2.1
      vertex -12.9944 30.8023 1.51
      vertex -12.9944 30.8023 2.1
    endloop
  endfacet
  facet normal 0.321564 0.946888 0
    outer loop
      vertex -9.19766 32.9944 1.51
      vertex -8.81368 32.864 1.7619
      vertex -8.81368 32.864 1.51
    endloop
  endfacet
  facet normal 0.321564 0.946888 0
    outer loop
      vertex -8.81368 32.864 1.7619
      vertex -9.19766 32.9944 1.51
      vertex -9.19766 32.9944 1.86021
    endloop
  endfacet
  facet normal -0.555553 0.831481 0
    outer loop
      vertex -11.55 32.6847 1.51
      vertex -11.8872 32.4594 2.1
      vertex -11.55 32.6847 2.1
    endloop
  endfacet
  facet normal -0.555553 0.831481 0
    outer loop
      vertex -11.8872 32.4594 2.1
      vertex -11.55 32.6847 1.51
      vertex -11.8872 32.4594 1.51
    endloop
  endfacet
  facet normal -0.896928 0.442176 0
    outer loop
      vertex -12.864 31.1863 1.51
      vertex -12.6847 31.55 2.1
      vertex -12.6847 31.55 1.51
    endloop
  endfacet
  facet normal -0.896928 0.442176 0
    outer loop
      vertex -12.6847 31.55 2.1
      vertex -12.864 31.1863 1.51
      vertex -12.864 31.1863 2.1
    endloop
  endfacet
  facet normal 0.442195 0.896919 0
    outer loop
      vertex -8.81368 32.864 1.51
      vertex -8.45 32.6847 1.6674
      vertex -8.45 32.6847 1.51
    endloop
  endfacet
  facet normal 0.442195 0.896919 0
    outer loop
      vertex -8.45 32.6847 1.6674
      vertex -8.81368 32.864 1.51
      vertex -8.81368 32.864 1.7619
    endloop
  endfacet
  facet normal 0.659314 0.751867 0
    outer loop
      vertex -7.85922 32.237 1.51
      vertex -8.11284 32.4594 1.51
      vertex -8.11284 32.4594 1.57832
    endloop
  endfacet
  facet normal -0.896928 -0.442176 0
    outer loop
      vertex -12.6847 28.45 1.51
      vertex -12.864 28.8137 2.1
      vertex -12.864 28.8137 1.51
    endloop
  endfacet
  facet normal -0.896928 -0.442176 0
    outer loop
      vertex -12.864 28.8137 2.1
      vertex -12.6847 28.45 1.51
      vertex -12.6847 28.45 2.1
    endloop
  endfacet
  facet normal -0.997862 0.0653568 0
    outer loop
      vertex -13.1 30 1.51
      vertex -13.0735 30.4046 2.1
      vertex -13.0735 30.4046 1.51
    endloop
  endfacet
  facet normal -0.997862 0.0653568 0
    outer loop
      vertex -13.0735 30.4046 2.1
      vertex -13.1 30 1.51
      vertex -13.1 30 2.1
    endloop
  endfacet
  facet normal -0.659482 -0.751721 0
    outer loop
      vertex -12.192 27.808 1.51
      vertex -11.8872 27.5406 2.1
      vertex -12.192 27.808 2.1
    endloop
  endfacet
  facet normal -0.659482 -0.751721 -0
    outer loop
      vertex -11.8872 27.5406 2.1
      vertex -12.192 27.808 1.51
      vertex -11.8872 27.5406 1.51
    endloop
  endfacet
  facet normal -0.751721 0.659482 0
    outer loop
      vertex -12.4594 31.8872 1.51
      vertex -12.192 32.192 2.1
      vertex -12.192 32.192 1.51
    endloop
  endfacet
  facet normal -0.751721 0.659482 0
    outer loop
      vertex -12.192 32.192 2.1
      vertex -12.4594 31.8872 1.51
      vertex -12.4594 31.8872 2.1
    endloop
  endfacet
  facet normal -0.442176 0.896928 0
    outer loop
      vertex -11.1863 32.864 1.51
      vertex -11.55 32.6847 2.1
      vertex -11.1863 32.864 2.1
    endloop
  endfacet
  facet normal -0.442176 0.896928 0
    outer loop
      vertex -11.55 32.6847 2.1
      vertex -11.1863 32.864 1.51
      vertex -11.55 32.6847 1.51
    endloop
  endfacet
  facet normal 0.195068 0.98079 0
    outer loop
      vertex -9.59537 33.0735 1.51
      vertex -9.19766 32.9944 1.86021
      vertex -9.19766 32.9944 1.51
    endloop
  endfacet
  facet normal 0.195068 0.98079 0
    outer loop
      vertex -9.19766 32.9944 1.86021
      vertex -9.59537 33.0735 1.51
      vertex -9.59537 33.0735 1.96063
    endloop
  endfacet
  facet normal 0.442195 -0.896919 0
    outer loop
      vertex -8.81368 27.136 1.51
      vertex -8.45 27.3153 1.53368
      vertex -8.81368 27.136 1.61925
    endloop
  endfacet
  facet normal 0.442195 -0.896919 0
    outer loop
      vertex -8.45 27.3153 1.53368
      vertex -8.81368 27.136 1.51
      vertex -8.45 27.3153 1.51
    endloop
  endfacet
  facet normal 0.321564 -0.946888 0
    outer loop
      vertex -9.19766 27.0056 1.51
      vertex -8.81368 27.136 1.61925
      vertex -9.19766 27.0056 1.71106
    endloop
  endfacet
  facet normal 0.321564 -0.946888 0
    outer loop
      vertex -8.81368 27.136 1.61925
      vertex -9.19766 27.0056 1.51
      vertex -8.81368 27.136 1.51
    endloop
  endfacet
  facet normal 0.555599 0.83145 0
    outer loop
      vertex -8.45 32.6847 1.51
      vertex -8.11284 32.4594 1.57832
      vertex -8.11284 32.4594 1.51
    endloop
  endfacet
  facet normal 0.555599 0.83145 0
    outer loop
      vertex -8.11284 32.4594 1.57832
      vertex -8.45 32.6847 1.51
      vertex -8.45 32.6847 1.6674
    endloop
  endfacet
  facet normal 0 0 1
    outer loop
      vertex -10.8023 32.9944 2.1
      vertex -10.1567 33.0897 2.1
      vertex -10.4046 33.0735 2.1
    endloop
  endfacet
  facet normal 0 0 1
    outer loop
      vertex -10.1567 33.0897 2.1
      vertex -10.8023 32.9944 2.1
      vertex -10.7694 26.9991 2.1
    endloop
  endfacet
  facet normal -0 0 1
    outer loop
      vertex -11.1863 32.864 2.1
      vertex -10.7694 26.9991 2.1
      vertex -10.8023 32.9944 2.1
    endloop
  endfacet
  facet normal -0 0 1
    outer loop
      vertex -11.1863 27.136 2.1
      vertex -10.7694 26.9991 2.1
      vertex -11.1863 32.864 2.1
    endloop
  endfacet
  facet normal 0 0 1
    outer loop
      vertex -10.7694 26.9991 2.1
      vertex -11.1863 27.136 2.1
      vertex -10.8023 27.0056 2.1
    endloop
  endfacet
  facet normal -0 0 1
    outer loop
      vertex -11.55 32.6847 2.1
      vertex -11.1863 27.136 2.1
      vertex -11.1863 32.864 2.1
    endloop
  endfacet
  facet normal 0 0 1
    outer loop
      vertex -11.55 32.6847 2.1
      vertex -11.55 27.3153 2.1
      vertex -11.1863 27.136 2.1
    endloop
  endfacet
  facet normal -0 0 1
    outer loop
      vertex -11.8872 32.4594 2.1
      vertex -11.55 27.3153 2.1
      vertex -11.55 32.6847 2.1
    endloop
  endfacet
  facet normal 0 0 1
    outer loop
      vertex -11.8872 32.4594 2.1
      vertex -11.8872 27.5406 2.1
      vertex -11.55 27.3153 2.1
    endloop
  endfacet
  facet normal -0 0 1
    outer loop
      vertex -12.192 32.192 2.1
      vertex -11.8872 27.5406 2.1
      vertex -11.8872 32.4594 2.1
    endloop
  endfacet
  facet normal 0 0 1
    outer loop
      vertex -12.192 32.192 2.1
      vertex -12.192 27.808 2.1
      vertex -11.8872 27.5406 2.1
    endloop
  endfacet
  facet normal -0 0 1
    outer loop
      vertex -12.4594 31.8872 2.1
      vertex -12.192 27.808 2.1
      vertex -12.192 32.192 2.1
    endloop
  endfacet
  facet normal 0 0 1
    outer loop
      vertex -12.4594 31.8872 2.1
      vertex -12.4594 28.1128 2.1
      vertex -12.192 27.808 2.1
    endloop
  endfacet
  facet normal -0 0 1
    outer loop
      vertex -12.6847 31.55 2.1
      vertex -12.4594 28.1128 2.1
      vertex -12.4594 31.8872 2.1
    endloop
  endfacet
  facet normal 0 0 1
    outer loop
      vertex -12.6847 31.55 2.1
      vertex -12.6847 28.45 2.1
      vertex -12.4594 28.1128 2.1
    endloop
  endfacet
  facet normal -0 0 1
    outer loop
      vertex -12.864 31.1863 2.1
      vertex -12.6847 28.45 2.1
      vertex -12.6847 31.55 2.1
    endloop
  endfacet
  facet normal 0 0 1
    outer loop
      vertex -12.864 31.1863 2.1
      vertex -12.864 28.8137 2.1
      vertex -12.6847 28.45 2.1
    endloop
  endfacet
  facet normal -0 0 1
    outer loop
      vertex -12.9944 30.8023 2.1
      vertex -12.864 28.8137 2.1
      vertex -12.864 31.1863 2.1
    endloop
  endfacet
  facet normal 0 0 1
    outer loop
      vertex -12.9944 30.8023 2.1
      vertex -12.9944 29.1977 2.1
      vertex -12.864 28.8137 2.1
    endloop
  endfacet
  facet normal -0 0 1
    outer loop
      vertex -13.0735 30.4046 2.1
      vertex -12.9944 29.1977 2.1
      vertex -12.9944 30.8023 2.1
    endloop
  endfacet
  facet normal 0 0 1
    outer loop
      vertex -13.0735 30.4046 2.1
      vertex -13.0735 29.5954 2.1
      vertex -12.9944 29.1977 2.1
    endloop
  endfacet
  facet normal 0 -0 1
    outer loop
      vertex -13.0735 29.5954 2.1
      vertex -13.0735 30.4046 2.1
      vertex -13.1 30 2.1
    endloop
  endfacet
  facet normal 0.0653519 -0.997862 0
    outer loop
      vertex -10 26.9 1.51
      vertex -9.59537 26.9265 1.80755
      vertex -10 26.9 1.90706
    endloop
  endfacet
  facet normal 0.0653519 -0.997862 0
    outer loop
      vertex -9.59537 26.9265 1.80755
      vertex -10 26.9 1.51
      vertex -9.59537 26.9265 1.51
    endloop
  endfacet
  facet normal -0.751721 -0.659482 0
    outer loop
      vertex -12.192 27.808 1.51
      vertex -12.4594 28.1128 2.1
      vertex -12.4594 28.1128 1.51
    endloop
  endfacet
  facet normal -0.751721 -0.659482 0
    outer loop
      vertex -12.4594 28.1128 2.1
      vertex -12.192 27.808 1.51
      vertex -12.192 27.808 2.1
    endloop
  endfacet
  facet normal -0.321549 0.946893 0
    outer loop
      vertex -10.8023 32.9944 1.51
      vertex -11.1863 32.864 2.1
      vertex -10.8023 32.9944 2.1
    endloop
  endfacet
  facet normal -0.321549 0.946893 0
    outer loop
      vertex -11.1863 32.864 2.1
      vertex -10.8023 32.9944 1.51
      vertex -11.1863 32.864 1.51
    endloop
  endfacet
  facet normal -0.193822 -0.981037 0
    outer loop
      vertex -10.8023 27.0056 1.51
      vertex -10.7694 26.9991 2.1
      vertex -10.8023 27.0056 2.1
    endloop
  endfacet
  facet normal -0.195166 -0.98077 7.79179e-05
    outer loop
      vertex -10.7694 26.9991 2.1
      vertex -10.8023 27.0056 1.51
      vertex -10.4046 26.9265 2.00789
    endloop
  endfacet
  facet normal -0.195073 -0.980789 -0
    outer loop
      vertex -10.4046 26.9265 2.00789
      vertex -10.8023 27.0056 1.51
      vertex -10.4046 26.9265 1.51
    endloop
  endfacet
  facet normal -0.442176 -0.896928 0
    outer loop
      vertex -11.55 27.3153 1.51
      vertex -11.1863 27.136 2.1
      vertex -11.55 27.3153 2.1
    endloop
  endfacet
  facet normal -0.442176 -0.896928 -0
    outer loop
      vertex -11.1863 27.136 2.1
      vertex -11.55 27.3153 1.51
      vertex -11.1863 27.136 1.51
    endloop
  endfacet
  facet normal 0.195068 -0.98079 0
    outer loop
      vertex -9.59537 26.9265 1.51
      vertex -9.19766 27.0056 1.71106
      vertex -9.59537 26.9265 1.80755
    endloop
  endfacet
  facet normal 0.195068 -0.98079 0
    outer loop
      vertex -9.19766 27.0056 1.71106
      vertex -9.59537 26.9265 1.51
      vertex -9.19766 27.0056 1.51
    endloop
  endfacet
  facet normal -0.321549 -0.946893 0
    outer loop
      vertex -11.1863 27.136 1.51
      vertex -10.8023 27.0056 2.1
      vertex -11.1863 27.136 2.1
    endloop
  endfacet
  facet normal -0.321549 -0.946893 -0
    outer loop
      vertex -10.8023 27.0056 2.1
      vertex -11.1863 27.136 1.51
      vertex -10.8023 27.0056 1.51
    endloop
  endfacet
  facet normal -0.555553 -0.831481 0
    outer loop
      vertex -11.8872 27.5406 1.51
      vertex -11.55 27.3153 2.1
      vertex -11.8872 27.5406 2.1
    endloop
  endfacet
  facet normal -0.555553 -0.831481 -0
    outer loop
      vertex -11.55 27.3153 2.1
      vertex -11.8872 27.5406 1.51
      vertex -11.55 27.3153 1.51
    endloop
  endfacet
  facet normal -0.946893 -0.321549 0
    outer loop
      vertex -12.864 28.8137 1.51
      vertex -12.9944 29.1977 2.1
      vertex -12.9944 29.1977 1.51
    endloop
  endfacet
  facet normal -0.946893 -0.321549 0
    outer loop
      vertex -12.9944 29.1977 2.1
      vertex -12.864 28.8137 1.51
      vertex -12.864 28.8137 2.1
    endloop
  endfacet
  facet normal 0.555971 -0.831201 0
    outer loop
      vertex -8.45 27.3153 1.53368
      vertex -8.45 27.3153 1.51
      vertex -8.34744 27.3839 1.51
    endloop
  endfacet
  facet normal -0.195073 0.980789 0
    outer loop
      vertex -10.4046 33.0735 1.51
      vertex -10.8023 32.9944 2.1
      vertex -10.4046 33.0735 2.1
    endloop
  endfacet
  facet normal -0.195073 0.980789 0
    outer loop
      vertex -10.8023 32.9944 2.1
      vertex -10.4046 33.0735 1.51
      vertex -10.8023 32.9944 1.51
    endloop
  endfacet
  facet normal -0.980789 0.195073 0
    outer loop
      vertex -13.0735 30.4046 1.51
      vertex -12.9944 30.8023 2.1
      vertex -12.9944 30.8023 1.51
    endloop
  endfacet
  facet normal -0.980789 0.195073 0
    outer loop
      vertex -12.9944 30.8023 2.1
      vertex -13.0735 30.4046 1.51
      vertex -13.0735 30.4046 2.1
    endloop
  endfacet
  facet normal -0.659482 0.751721 0
    outer loop
      vertex -11.8872 32.4594 1.51
      vertex -12.192 32.192 2.1
      vertex -11.8872 32.4594 2.1
    endloop
  endfacet
  facet normal -0.659482 0.751721 0
    outer loop
      vertex -12.192 32.192 2.1
      vertex -11.8872 32.4594 1.51
      vertex -12.192 32.192 1.51
    endloop
  endfacet
  facet normal -0.980789 -0.195073 0
    outer loop
      vertex -12.9944 29.1977 1.51
      vertex -13.0735 29.5954 2.1
      vertex -13.0735 29.5954 1.51
    endloop
  endfacet
  facet normal -0.980789 -0.195073 0
    outer loop
      vertex -13.0735 29.5954 2.1
      vertex -12.9944 29.1977 1.51
      vertex -12.9944 29.1977 2.1
    endloop
  endfacet
  facet normal 0.0653519 0.997862 0
    outer loop
      vertex -10 33.1 1.51
      vertex -9.59537 33.0735 1.96063
      vertex -9.59537 33.0735 1.51
    endloop
  endfacet
  facet normal 0.0653519 0.997862 0
    outer loop
      vertex -9.59537 33.0735 1.96063
      vertex -10 33.1 1.51
      vertex -10 33.1 2.06146
    endloop
  endfacet
  facet normal -0.997862 -0.0653568 0
    outer loop
      vertex -13.0735 29.5954 1.51
      vertex -13.1 30 2.1
      vertex -13.1 30 1.51
    endloop
  endfacet
  facet normal -0.997862 -0.0653568 0
    outer loop
      vertex -13.1 30 2.1
      vertex -13.0735 29.5954 1.51
      vertex -13.0735 29.5954 2.1
    endloop
  endfacet
  facet normal -0.0655892 0.997847 0
    outer loop
      vertex -10 33.1 1.51
      vertex -10.1567 33.0897 2.1
      vertex -10 33.1 2.06146
    endloop
  endfacet
  facet normal -0.0653568 0.997862 6.19917e-05
    outer loop
      vertex -10.1567 33.0897 2.1
      vertex -10 33.1 1.51
      vertex -10.4046 33.0735 1.51
    endloop
  endfacet
  facet normal -0.0652098 0.997872 0
    outer loop
      vertex -10.1567 33.0897 2.1
      vertex -10.4046 33.0735 1.51
      vertex -10.4046 33.0735 2.1
    endloop
  endfacet
  facet normal -0.831481 -0.555553 0
    outer loop
      vertex -12.4594 28.1128 1.51
      vertex -12.6847 28.45 2.1
      vertex -12.6847 28.45 1.51
    endloop
  endfacet
  facet normal -0.831481 -0.555553 0
    outer loop
      vertex -12.6847 28.45 2.1
      vertex -12.4594 28.1128 1.51
      vertex -12.4594 28.1128 2.1
    endloop
  endfacet
  facet normal -0.0653568 -0.997862 0
    outer loop
      vertex -10.4046 26.9265 1.51
      vertex -10 26.9 1.90706
      vertex -10.4046 26.9265 2.00789
    endloop
  endfacet
  facet normal -0.0653568 -0.997862 -0
    outer loop
      vertex -10 26.9 1.90706
      vertex -10.4046 26.9265 1.51
      vertex -10 26.9 1.51
    endloop
  endfacet
  facet normal -0.831481 0.555553 0
    outer loop
      vertex -12.6847 31.55 1.51
      vertex -12.4594 31.8872 2.1
      vertex -12.4594 31.8872 1.51
    endloop
  endfacet
  facet normal -0.831481 0.555553 0
    outer loop
      vertex -12.4594 31.8872 2.1
      vertex -12.6847 31.55 1.51
      vertex -12.6847 31.55 2.1
    endloop
  endfacet
  facet normal -0.896928 -0.442176 0
    outer loop
      vertex -12.6847 -36.55 1.51
      vertex -12.864 -36.1863 2.1
      vertex -12.864 -36.1863 1.51
    endloop
  endfacet
  facet normal -0.896928 -0.442176 0
    outer loop
      vertex -12.864 -36.1863 2.1
      vertex -12.6847 -36.55 1.51
      vertex -12.6847 -36.55 2.1
    endloop
  endfacet
  facet normal 0.442195 -0.896919 0
    outer loop
      vertex -8.81368 -37.864 1.51
      vertex -8.45 -37.6847 1.5357
      vertex -8.81368 -37.864 1.6302
    endloop
  endfacet
  facet normal 0.442195 -0.896919 0
    outer loop
      vertex -8.45 -37.6847 1.5357
      vertex -8.81368 -37.864 1.51
      vertex -8.45 -37.6847 1.51
    endloop
  endfacet
  facet normal 0.321521 0.946903 0
    outer loop
      vertex -8.90757 -32.1041 1.51
      vertex -9.19766 -32.0056 1.51
      vertex -9.19766 -32.0056 1.57936
    endloop
  endfacet
  facet normal 0.321564 -0.946888 0
    outer loop
      vertex -9.19766 -37.9944 1.51
      vertex -8.81368 -37.864 1.6302
      vertex -9.19766 -37.9944 1.7285
    endloop
  endfacet
  facet normal 0.321564 -0.946888 0
    outer loop
      vertex -8.81368 -37.864 1.6302
      vertex -9.19766 -37.9944 1.51
      vertex -8.81368 -37.864 1.51
    endloop
  endfacet
  facet normal -0.195073 0.980789 0
    outer loop
      vertex -10.8023 -32.0056 1.51
      vertex -10.4046 -31.9265 1.87619
      vertex -10.4046 -31.9265 1.51
    endloop
  endfacet
  facet normal -0.195073 0.980789 0
    outer loop
      vertex -10.4046 -31.9265 1.87619
      vertex -10.8023 -32.0056 1.51
      vertex -10.8023 -32.0056 1.97662
    endloop
  endfacet
  facet normal -0.0653568 -0.997862 0
    outer loop
      vertex -10.4046 -38.0735 1.51
      vertex -10 -38.1 1.92976
      vertex -10.4046 -38.0735 2.02927
    endloop
  endfacet
  facet normal -0.0653568 -0.997862 -0
    outer loop
      vertex -10 -38.1 1.92976
      vertex -10.4046 -38.0735 1.51
      vertex -10 -38.1 1.51
    endloop
  endfacet
  facet normal -0.555553 0.831481 0
    outer loop
      vertex -11.55 -32.3153 1.51
      vertex -11.8872 -32.5406 2.1
      vertex -11.55 -32.3153 2.1
    endloop
  endfacet
  facet normal -0.555553 0.831481 0
    outer loop
      vertex -11.8872 -32.5406 2.1
      vertex -11.55 -32.3153 1.51
      vertex -11.8872 -32.5406 1.51
    endloop
  endfacet
  facet normal -0.321549 -0.946893 0
    outer loop
      vertex -11.1863 -37.864 1.51
      vertex -10.8023 -37.9944 2.1
      vertex -11.1863 -37.864 2.1
    endloop
  endfacet
  facet normal -0.321549 -0.946893 -0
    outer loop
      vertex -10.8023 -37.9944 2.1
      vertex -11.1863 -37.864 1.51
      vertex -10.8023 -37.9944 1.51
    endloop
  endfacet
  facet normal -0.831481 -0.555553 0
    outer loop
      vertex -12.4594 -36.8872 1.51
      vertex -12.6847 -36.55 2.1
      vertex -12.6847 -36.55 1.51
    endloop
  endfacet
  facet normal -0.831481 -0.555553 0
    outer loop
      vertex -12.6847 -36.55 2.1
      vertex -12.4594 -36.8872 1.51
      vertex -12.4594 -36.8872 2.1
    endloop
  endfacet
  facet normal -0.659482 -0.751721 0
    outer loop
      vertex -12.192 -37.192 1.51
      vertex -11.8872 -37.4594 2.1
      vertex -12.192 -37.192 2.1
    endloop
  endfacet
  facet normal -0.659482 -0.751721 -0
    outer loop
      vertex -11.8872 -37.4594 2.1
      vertex -12.192 -37.192 1.51
      vertex -11.8872 -37.4594 1.51
    endloop
  endfacet
  facet normal -0.659482 0.751721 0
    outer loop
      vertex -11.8872 -32.5406 1.51
      vertex -12.192 -32.808 2.1
      vertex -11.8872 -32.5406 2.1
    endloop
  endfacet
  facet normal -0.659482 0.751721 0
    outer loop
      vertex -12.192 -32.808 2.1
      vertex -11.8872 -32.5406 1.51
      vertex -12.192 -32.808 1.51
    endloop
  endfacet
  facet normal -0.946893 0.321549 0
    outer loop
      vertex -12.9944 -34.1977 1.51
      vertex -12.864 -33.8137 2.1
      vertex -12.864 -33.8137 1.51
    endloop
  endfacet
  facet normal -0.946893 0.321549 0
    outer loop
      vertex -12.864 -33.8137 2.1
      vertex -12.9944 -34.1977 1.51
      vertex -12.9944 -34.1977 2.1
    endloop
  endfacet
  facet normal -0.442374 0.89683 0
    outer loop
      vertex -11.1863 -32.136 1.51
      vertex -11.2828 -32.1836 2.1
      vertex -11.1863 -32.136 2.07492
    endloop
  endfacet
  facet normal -0.442176 0.896928 4.04193e-05
    outer loop
      vertex -11.2828 -32.1836 2.1
      vertex -11.1863 -32.136 1.51
      vertex -11.55 -32.3153 1.51
    endloop
  endfacet
  facet normal -0.442104 0.896964 0
    outer loop
      vertex -11.2828 -32.1836 2.1
      vertex -11.55 -32.3153 1.51
      vertex -11.55 -32.3153 2.1
    endloop
  endfacet
  facet normal -0.980789 0.195073 0
    outer loop
      vertex -13.0735 -34.5954 1.51
      vertex -12.9944 -34.1977 2.1
      vertex -12.9944 -34.1977 1.51
    endloop
  endfacet
  facet normal -0.980789 0.195073 0
    outer loop
      vertex -12.9944 -34.1977 2.1
      vertex -13.0735 -34.5954 1.51
      vertex -13.0735 -34.5954 2.1
    endloop
  endfacet
  facet normal -0.321549 0.946893 0
    outer loop
      vertex -11.1863 -32.136 1.51
      vertex -10.8023 -32.0056 1.97662
      vertex -10.8023 -32.0056 1.51
    endloop
  endfacet
  facet normal -0.321549 0.946893 0
    outer loop
      vertex -10.8023 -32.0056 1.97662
      vertex -11.1863 -32.136 1.51
      vertex -11.1863 -32.136 2.07492
    endloop
  endfacet
  facet normal 0.0653519 0.997862 0
    outer loop
      vertex -10 -31.9 1.51
      vertex -9.59537 -31.9265 1.67585
      vertex -9.59537 -31.9265 1.51
    endloop
  endfacet
  facet normal 0.0653519 0.997862 0
    outer loop
      vertex -9.59537 -31.9265 1.67585
      vertex -10 -31.9 1.51
      vertex -10 -31.9 1.77536
    endloop
  endfacet
  facet normal 0.195068 -0.98079 0
    outer loop
      vertex -9.59537 -38.0735 1.51
      vertex -9.19766 -37.9944 1.7285
      vertex -9.59537 -38.0735 1.82893
    endloop
  endfacet
  facet normal 0.195068 -0.98079 0
    outer loop
      vertex -9.19766 -37.9944 1.7285
      vertex -9.59537 -38.0735 1.51
      vertex -9.19766 -37.9944 1.51
    endloop
  endfacet
  facet normal -0.980789 -0.195073 0
    outer loop
      vertex -12.9944 -35.8023 1.51
      vertex -13.0735 -35.4046 2.1
      vertex -13.0735 -35.4046 1.51
    endloop
  endfacet
  facet normal -0.980789 -0.195073 0
    outer loop
      vertex -13.0735 -35.4046 2.1
      vertex -12.9944 -35.8023 1.51
      vertex -12.9944 -35.8023 2.1
    endloop
  endfacet
  facet normal -0.751721 0.659482 0
    outer loop
      vertex -12.4594 -33.1128 1.51
      vertex -12.192 -32.808 2.1
      vertex -12.192 -32.808 1.51
    endloop
  endfacet
  facet normal -0.751721 0.659482 0
    outer loop
      vertex -12.192 -32.808 2.1
      vertex -12.4594 -33.1128 1.51
      vertex -12.4594 -33.1128 2.1
    endloop
  endfacet
  facet normal 0.555568 -0.831471 0
    outer loop
      vertex -8.45 -37.6847 1.5357
      vertex -8.45 -37.6847 1.51
      vertex -8.35272 -37.6197 1.51
    endloop
  endfacet
  facet normal 0.195068 0.98079 0
    outer loop
      vertex -9.59537 -31.9265 1.51
      vertex -9.19766 -32.0056 1.57936
      vertex -9.19766 -32.0056 1.51
    endloop
  endfacet
  facet normal 0.195068 0.98079 0
    outer loop
      vertex -9.19766 -32.0056 1.57936
      vertex -9.59537 -31.9265 1.51
      vertex -9.59537 -31.9265 1.67585
    endloop
  endfacet
  facet normal -0.997862 -0.0653568 0
    outer loop
      vertex -13.0735 -35.4046 1.51
      vertex -13.1 -35 2.1
      vertex -13.1 -35 1.51
    endloop
  endfacet
  facet normal -0.997862 -0.0653568 0
    outer loop
      vertex -13.1 -35 2.1
      vertex -13.0735 -35.4046 1.51
      vertex -13.0735 -35.4046 2.1
    endloop
  endfacet
  facet normal -0.751721 -0.659482 0
    outer loop
      vertex -12.192 -37.192 1.51
      vertex -12.4594 -36.8872 2.1
      vertex -12.4594 -36.8872 1.51
    endloop
  endfacet
  facet normal -0.751721 -0.659482 0
    outer loop
      vertex -12.4594 -36.8872 2.1
      vertex -12.192 -37.192 1.51
      vertex -12.192 -37.192 2.1
    endloop
  endfacet
  facet normal -0.997862 0.0653568 0
    outer loop
      vertex -13.1 -35 1.51
      vertex -13.0735 -34.5954 2.1
      vertex -13.0735 -34.5954 1.51
    endloop
  endfacet
  facet normal -0.997862 0.0653568 0
    outer loop
      vertex -13.0735 -34.5954 2.1
      vertex -13.1 -35 1.51
      vertex -13.1 -35 2.1
    endloop
  endfacet
  facet normal -0.442176 -0.896928 0
    outer loop
      vertex -11.55 -37.6847 1.51
      vertex -11.1863 -37.864 2.1
      vertex -11.55 -37.6847 2.1
    endloop
  endfacet
  facet normal -0.442176 -0.896928 -0
    outer loop
      vertex -11.1863 -37.864 2.1
      vertex -11.55 -37.6847 1.51
      vertex -11.1863 -37.864 1.51
    endloop
  endfacet
  facet normal -0.946893 -0.321549 0
    outer loop
      vertex -12.864 -36.1863 1.51
      vertex -12.9944 -35.8023 2.1
      vertex -12.9944 -35.8023 1.51
    endloop
  endfacet
  facet normal -0.946893 -0.321549 0
    outer loop
      vertex -12.9944 -35.8023 2.1
      vertex -12.864 -36.1863 1.51
      vertex -12.864 -36.1863 2.1
    endloop
  endfacet
  facet normal -0.195049 -0.980793 0
    outer loop
      vertex -10.8023 -37.9944 1.51
      vertex -10.6962 -38.0155 2.1
      vertex -10.8023 -37.9944 2.1
    endloop
  endfacet
  facet normal -0.19508 -0.980787 5.68102e-06
    outer loop
      vertex -10.6962 -38.0155 2.1
      vertex -10.8023 -37.9944 1.51
      vertex -10.4046 -38.0735 2.02927
    endloop
  endfacet
  facet normal -0.195073 -0.980789 -0
    outer loop
      vertex -10.4046 -38.0735 2.02927
      vertex -10.8023 -37.9944 1.51
      vertex -10.4046 -38.0735 1.51
    endloop
  endfacet
  facet normal 0.0653519 -0.997862 0
    outer loop
      vertex -10 -38.1 1.51
      vertex -9.59537 -38.0735 1.82893
      vertex -10 -38.1 1.92976
    endloop
  endfacet
  facet normal 0.0653519 -0.997862 0
    outer loop
      vertex -9.59537 -38.0735 1.82893
      vertex -10 -38.1 1.51
      vertex -9.59537 -38.0735 1.51
    endloop
  endfacet
  facet normal -0.0653568 0.997862 0
    outer loop
      vertex -10.4046 -31.9265 1.51
      vertex -10 -31.9 1.77536
      vertex -10 -31.9 1.51
    endloop
  endfacet
  facet normal -0.0653568 0.997862 0
    outer loop
      vertex -10 -31.9 1.77536
      vertex -10.4046 -31.9265 1.51
      vertex -10.4046 -31.9265 1.87619
    endloop
  endfacet
  facet normal -0.896928 0.442176 0
    outer loop
      vertex -12.864 -33.8137 1.51
      vertex -12.6847 -33.45 2.1
      vertex -12.6847 -33.45 1.51
    endloop
  endfacet
  facet normal -0.896928 0.442176 0
    outer loop
      vertex -12.6847 -33.45 2.1
      vertex -12.864 -33.8137 1.51
      vertex -12.864 -33.8137 2.1
    endloop
  endfacet
  facet normal -0.831481 0.555553 0
    outer loop
      vertex -12.6847 -33.45 1.51
      vertex -12.4594 -33.1128 2.1
      vertex -12.4594 -33.1128 1.51
    endloop
  endfacet
  facet normal -0.831481 0.555553 0
    outer loop
      vertex -12.4594 -33.1128 2.1
      vertex -12.6847 -33.45 1.51
      vertex -12.6847 -33.45 2.1
    endloop
  endfacet
  facet normal -0.555553 -0.831481 0
    outer loop
      vertex -11.8872 -37.4594 1.51
      vertex -11.55 -37.6847 2.1
      vertex -11.8872 -37.4594 2.1
    endloop
  endfacet
  facet normal -0.555553 -0.831481 -0
    outer loop
      vertex -11.55 -37.6847 2.1
      vertex -11.8872 -37.4594 1.51
      vertex -11.55 -37.6847 1.51
    endloop
  endfacet
  facet normal 0 0 1
    outer loop
      vertex -10.6962 -38.0155 2.1
      vertex -11.1863 -37.864 2.1
      vertex -10.8023 -37.9944 2.1
    endloop
  endfacet
  facet normal 0 0 1
    outer loop
      vertex -11.2828 -32.1836 2.1
      vertex -11.1863 -37.864 2.1
      vertex -10.6962 -38.0155 2.1
    endloop
  endfacet
  facet normal 0 0 1
    outer loop
      vertex -11.8872 -32.5406 2.1
      vertex -11.2828 -32.1836 2.1
      vertex -11.55 -32.3153 2.1
    endloop
  endfacet
  facet normal 0 0 1
    outer loop
      vertex -11.2828 -32.1836 2.1
      vertex -11.55 -37.6847 2.1
      vertex -11.1863 -37.864 2.1
    endloop
  endfacet
  facet normal 0 0 1
    outer loop
      vertex -11.2828 -32.1836 2.1
      vertex -11.8872 -32.5406 2.1
      vertex -11.55 -37.6847 2.1
    endloop
  endfacet
  facet normal 0 0 1
    outer loop
      vertex -11.8872 -32.5406 2.1
      vertex -11.8872 -37.4594 2.1
      vertex -11.55 -37.6847 2.1
    endloop
  endfacet
  facet normal -0 0 1
    outer loop
      vertex -12.192 -32.808 2.1
      vertex -11.8872 -37.4594 2.1
      vertex -11.8872 -32.5406 2.1
    endloop
  endfacet
  facet normal 0 0 1
    outer loop
      vertex -12.192 -32.808 2.1
      vertex -12.192 -37.192 2.1
      vertex -11.8872 -37.4594 2.1
    endloop
  endfacet
  facet normal -0 0 1
    outer loop
      vertex -12.4594 -33.1128 2.1
      vertex -12.192 -37.192 2.1
      vertex -12.192 -32.808 2.1
    endloop
  endfacet
  facet normal 0 0 1
    outer loop
      vertex -12.4594 -33.1128 2.1
      vertex -12.4594 -36.8872 2.1
      vertex -12.192 -37.192 2.1
    endloop
  endfacet
  facet normal -0 0 1
    outer loop
      vertex -12.6847 -33.45 2.1
      vertex -12.4594 -36.8872 2.1
      vertex -12.4594 -33.1128 2.1
    endloop
  endfacet
  facet normal 0 0 1
    outer loop
      vertex -12.6847 -33.45 2.1
      vertex -12.6847 -36.55 2.1
      vertex -12.4594 -36.8872 2.1
    endloop
  endfacet
  facet normal -0 0 1
    outer loop
      vertex -12.864 -33.8137 2.1
      vertex -12.6847 -36.55 2.1
      vertex -12.6847 -33.45 2.1
    endloop
  endfacet
  facet normal 0 0 1
    outer loop
      vertex -12.864 -33.8137 2.1
      vertex -12.864 -36.1863 2.1
      vertex -12.6847 -36.55 2.1
    endloop
  endfacet
  facet normal -0 0 1
    outer loop
      vertex -12.9944 -34.1977 2.1
      vertex -12.864 -36.1863 2.1
      vertex -12.864 -33.8137 2.1
    endloop
  endfacet
  facet normal 0 0 1
    outer loop
      vertex -12.9944 -34.1977 2.1
      vertex -12.9944 -35.8023 2.1
      vertex -12.864 -36.1863 2.1
    endloop
  endfacet
  facet normal -0 0 1
    outer loop
      vertex -13.0735 -34.5954 2.1
      vertex -12.9944 -35.8023 2.1
      vertex -12.9944 -34.1977 2.1
    endloop
  endfacet
  facet normal 0 0 1
    outer loop
      vertex -13.0735 -34.5954 2.1
      vertex -13.0735 -35.4046 2.1
      vertex -12.9944 -35.8023 2.1
    endloop
  endfacet
  facet normal 0 -0 1
    outer loop
      vertex -13.0735 -35.4046 2.1
      vertex -13.0735 -34.5954 2.1
      vertex -13.1 -35 2.1
    endloop
  endfacet
  facet normal 0.896928 -0.442176 0
    outer loop
      vertex 32.6847 33.45 22
      vertex 32.864 33.8137 19.9
      vertex 32.864 33.8137 22
    endloop
  endfacet
  facet normal 0.896928 -0.442176 0
    outer loop
      vertex 32.864 33.8137 19.9
      vertex 32.6847 33.45 22
      vertex 32.6847 33.45 19.9
    endloop
  endfacet
  facet normal 0.980789 0.195073 0
    outer loop
      vertex 33.0735 35.4046 22
      vertex 32.9944 35.8023 19.9
      vertex 32.9944 35.8023 22
    endloop
  endfacet
  facet normal 0.980789 0.195073 0
    outer loop
      vertex 32.9944 35.8023 19.9
      vertex 33.0735 35.4046 22
      vertex 33.0735 35.4046 19.9
    endloop
  endfacet
  facet normal 0.997862 0.0653568 0
    outer loop
      vertex 33.1 35 22
      vertex 33.0735 35.4046 19.9
      vertex 33.0735 35.4046 22
    endloop
  endfacet
  facet normal 0.997862 0.0653568 0
    outer loop
      vertex 33.0735 35.4046 19.9
      vertex 33.1 35 22
      vertex 33.1 35 19.9
    endloop
  endfacet
  facet normal 0.946893 0.321549 0
    outer loop
      vertex 32.9944 35.8023 22
      vertex 32.864 36.1863 19.9
      vertex 32.864 36.1863 22
    endloop
  endfacet
  facet normal 0.946893 0.321549 0
    outer loop
      vertex 32.864 36.1863 19.9
      vertex 32.9944 35.8023 22
      vertex 32.9944 35.8023 19.9
    endloop
  endfacet
  facet normal 0.980789 -0.195073 0
    outer loop
      vertex 32.9944 34.1977 22
      vertex 33.0735 34.5954 19.9
      vertex 33.0735 34.5954 22
    endloop
  endfacet
  facet normal 0.980789 -0.195073 0
    outer loop
      vertex 33.0735 34.5954 19.9
      vertex 32.9944 34.1977 22
      vertex 32.9944 34.1977 19.9
    endloop
  endfacet
  facet normal 0.896928 0.442176 0
    outer loop
      vertex 32.864 36.1863 22
      vertex 32.6847 36.55 19.9
      vertex 32.6847 36.55 22
    endloop
  endfacet
  facet normal 0.896928 0.442176 0
    outer loop
      vertex 32.6847 36.55 19.9
      vertex 32.864 36.1863 22
      vertex 32.864 36.1863 19.9
    endloop
  endfacet
  facet normal -0.946893 0.321549 0
    outer loop
      vertex 27.0056 35.8023 19.9
      vertex 27.136 36.1863 22
      vertex 27.136 36.1863 19.9
    endloop
  endfacet
  facet normal -0.946893 0.321549 0
    outer loop
      vertex 27.136 36.1863 22
      vertex 27.0056 35.8023 19.9
      vertex 27.0056 35.8023 22
    endloop
  endfacet
  facet normal 0.831481 -0.555553 0
    outer loop
      vertex 32.4594 33.1128 22
      vertex 32.6847 33.45 19.9
      vertex 32.6847 33.45 22
    endloop
  endfacet
  facet normal 0.831481 -0.555553 0
    outer loop
      vertex 32.6847 33.45 19.9
      vertex 32.4594 33.1128 22
      vertex 32.4594 33.1128 19.9
    endloop
  endfacet
  facet normal 0.321549 0.946893 -0
    outer loop
      vertex 31.1863 37.864 19.9
      vertex 30.8023 37.9944 22
      vertex 31.1863 37.864 22
    endloop
  endfacet
  facet normal 0.321549 0.946893 0
    outer loop
      vertex 30.8023 37.9944 22
      vertex 31.1863 37.864 19.9
      vertex 30.8023 37.9944 19.9
    endloop
  endfacet
  facet normal -0.555553 0.831481 0
    outer loop
      vertex 28.45 37.6847 19.9
      vertex 28.1128 37.4594 22
      vertex 28.45 37.6847 22
    endloop
  endfacet
  facet normal -0.555553 0.831481 0
    outer loop
      vertex 28.1128 37.4594 22
      vertex 28.45 37.6847 19.9
      vertex 28.1128 37.4594 19.9
    endloop
  endfacet
  facet normal -0.896928 0.442176 0
    outer loop
      vertex 27.136 36.1863 19.9
      vertex 27.3153 36.55 22
      vertex 27.3153 36.55 19.9
    endloop
  endfacet
  facet normal -0.896928 0.442176 0
    outer loop
      vertex 27.3153 36.55 22
      vertex 27.136 36.1863 19.9
      vertex 27.136 36.1863 22
    endloop
  endfacet
  facet normal 0.442176 0.896928 -0
    outer loop
      vertex 31.55 37.6847 19.9
      vertex 31.1863 37.864 22
      vertex 31.55 37.6847 22
    endloop
  endfacet
  facet normal 0.442176 0.896928 0
    outer loop
      vertex 31.1863 37.864 22
      vertex 31.55 37.6847 19.9
      vertex 31.1863 37.864 19.9
    endloop
  endfacet
  facet normal 0.659482 0.751721 -0
    outer loop
      vertex 32.192 37.192 19.9
      vertex 31.8872 37.4594 22
      vertex 32.192 37.192 22
    endloop
  endfacet
  facet normal 0.659482 0.751721 0
    outer loop
      vertex 31.8872 37.4594 22
      vertex 32.192 37.192 19.9
      vertex 31.8872 37.4594 19.9
    endloop
  endfacet
  facet normal -0.896928 -0.442176 0
    outer loop
      vertex 27.3153 33.45 19.9
      vertex 27.136 33.8137 22
      vertex 27.136 33.8137 19.9
    endloop
  endfacet
  facet normal -0.896928 -0.442176 0
    outer loop
      vertex 27.136 33.8137 22
      vertex 27.3153 33.45 19.9
      vertex 27.3153 33.45 22
    endloop
  endfacet
  facet normal -0.997862 0.0653568 0
    outer loop
      vertex 26.9 35 19.9
      vertex 26.9265 35.4046 22
      vertex 26.9265 35.4046 19.9
    endloop
  endfacet
  facet normal -0.997862 0.0653568 0
    outer loop
      vertex 26.9265 35.4046 22
      vertex 26.9 35 19.9
      vertex 26.9 35 22
    endloop
  endfacet
  facet normal -0.659482 -0.751721 0
    outer loop
      vertex 27.808 32.808 19.9
      vertex 28.1128 32.5406 22
      vertex 27.808 32.808 22
    endloop
  endfacet
  facet normal -0.659482 -0.751721 -0
    outer loop
      vertex 28.1128 32.5406 22
      vertex 27.808 32.808 19.9
      vertex 28.1128 32.5406 19.9
    endloop
  endfacet
  facet normal -0.751721 0.659482 0
    outer loop
      vertex 27.5406 36.8872 19.9
      vertex 27.808 37.192 22
      vertex 27.808 37.192 19.9
    endloop
  endfacet
  facet normal -0.751721 0.659482 0
    outer loop
      vertex 27.808 37.192 22
      vertex 27.5406 36.8872 19.9
      vertex 27.5406 36.8872 22
    endloop
  endfacet
  facet normal -0.442176 0.896928 0
    outer loop
      vertex 28.8137 37.864 19.9
      vertex 28.45 37.6847 22
      vertex 28.8137 37.864 22
    endloop
  endfacet
  facet normal -0.442176 0.896928 0
    outer loop
      vertex 28.45 37.6847 22
      vertex 28.8137 37.864 19.9
      vertex 28.45 37.6847 19.9
    endloop
  endfacet
  facet normal 0.194116 0.980979 -0
    outer loop
      vertex 30.8023 37.9944 19.9
      vertex 30.774 38 22
      vertex 30.8023 37.9944 22
    endloop
  endfacet
  facet normal 0.194116 0.980979 0
    outer loop
      vertex 30.774 38 22
      vertex 30.8023 37.9944 19.9
      vertex 30.774 38 19.9
    endloop
  endfacet
  facet normal 0.442176 -0.896928 0
    outer loop
      vertex 31.1863 32.136 19.9
      vertex 31.55 32.3153 22
      vertex 31.1863 32.136 22
    endloop
  endfacet
  facet normal 0.442176 -0.896928 0
    outer loop
      vertex 31.55 32.3153 22
      vertex 31.1863 32.136 19.9
      vertex 31.55 32.3153 19.9
    endloop
  endfacet
  facet normal 0.997862 -0.0653568 0
    outer loop
      vertex 33.0735 34.5954 22
      vertex 33.1 35 19.9
      vertex 33.1 35 22
    endloop
  endfacet
  facet normal 0.997862 -0.0653568 0
    outer loop
      vertex 33.1 35 19.9
      vertex 33.0735 34.5954 22
      vertex 33.0735 34.5954 19.9
    endloop
  endfacet
  facet normal 0.321549 -0.946893 0
    outer loop
      vertex 30.8023 32.0056 19.9
      vertex 31.1863 32.136 22
      vertex 30.8023 32.0056 22
    endloop
  endfacet
  facet normal 0.321549 -0.946893 0
    outer loop
      vertex 31.1863 32.136 22
      vertex 30.8023 32.0056 19.9
      vertex 31.1863 32.136 19.9
    endloop
  endfacet
  facet normal 0.555553 0.831481 -0
    outer loop
      vertex 31.8872 37.4594 19.9
      vertex 31.55 37.6847 22
      vertex 31.8872 37.4594 22
    endloop
  endfacet
  facet normal 0.555553 0.831481 0
    outer loop
      vertex 31.55 37.6847 22
      vertex 31.8872 37.4594 19.9
      vertex 31.55 37.6847 19.9
    endloop
  endfacet
  facet normal 0.831481 0.555553 0
    outer loop
      vertex 32.6847 36.55 22
      vertex 32.4594 36.8872 19.9
      vertex 32.4594 36.8872 22
    endloop
  endfacet
  facet normal 0.831481 0.555553 0
    outer loop
      vertex 32.4594 36.8872 19.9
      vertex 32.6847 36.55 22
      vertex 32.6847 36.55 19.9
    endloop
  endfacet
  facet normal -0.194116 0.980979 0
    outer loop
      vertex 29.226 38 19.9
      vertex 29.1977 37.9944 22
      vertex 29.226 38 22
    endloop
  endfacet
  facet normal -0.194116 0.980979 0
    outer loop
      vertex 29.1977 37.9944 22
      vertex 29.226 38 19.9
      vertex 29.1977 37.9944 19.9
    endloop
  endfacet
  facet normal 0.751721 -0.659482 0
    outer loop
      vertex 32.192 32.808 22
      vertex 32.4594 33.1128 19.9
      vertex 32.4594 33.1128 22
    endloop
  endfacet
  facet normal 0.751721 -0.659482 0
    outer loop
      vertex 32.4594 33.1128 19.9
      vertex 32.192 32.808 22
      vertex 32.192 32.808 19.9
    endloop
  endfacet
  facet normal 0.0653568 -0.997862 0
    outer loop
      vertex 30 31.9 19.9
      vertex 30.4046 31.9265 22
      vertex 30 31.9 22
    endloop
  endfacet
  facet normal 0.0653568 -0.997862 0
    outer loop
      vertex 30.4046 31.9265 22
      vertex 30 31.9 19.9
      vertex 30.4046 31.9265 19.9
    endloop
  endfacet
  facet normal 0.946893 -0.321549 0
    outer loop
      vertex 32.864 33.8137 22
      vertex 32.9944 34.1977 19.9
      vertex 32.9944 34.1977 22
    endloop
  endfacet
  facet normal 0.946893 -0.321549 0
    outer loop
      vertex 32.9944 34.1977 19.9
      vertex 32.864 33.8137 22
      vertex 32.864 33.8137 19.9
    endloop
  endfacet
  facet normal -0.751721 -0.659482 0
    outer loop
      vertex 27.808 32.808 19.9
      vertex 27.5406 33.1128 22
      vertex 27.5406 33.1128 19.9
    endloop
  endfacet
  facet normal -0.751721 -0.659482 0
    outer loop
      vertex 27.5406 33.1128 22
      vertex 27.808 32.808 19.9
      vertex 27.808 32.808 22
    endloop
  endfacet
  facet normal -0.321549 0.946893 0
    outer loop
      vertex 29.1977 37.9944 19.9
      vertex 28.8137 37.864 22
      vertex 29.1977 37.9944 22
    endloop
  endfacet
  facet normal -0.321549 0.946893 0
    outer loop
      vertex 28.8137 37.864 22
      vertex 29.1977 37.9944 19.9
      vertex 28.8137 37.864 19.9
    endloop
  endfacet
  facet normal -0.659482 0.751721 0
    outer loop
      vertex 28.1128 37.4594 19.9
      vertex 27.808 37.192 22
      vertex 28.1128 37.4594 22
    endloop
  endfacet
  facet normal -0.659482 0.751721 0
    outer loop
      vertex 27.808 37.192 22
      vertex 28.1128 37.4594 19.9
      vertex 27.808 37.192 19.9
    endloop
  endfacet
  facet normal -0.195073 -0.980789 0
    outer loop
      vertex 29.1977 32.0056 19.9
      vertex 29.5954 31.9265 22
      vertex 29.1977 32.0056 22
    endloop
  endfacet
  facet normal -0.195073 -0.980789 -0
    outer loop
      vertex 29.5954 31.9265 22
      vertex 29.1977 32.0056 19.9
      vertex 29.5954 31.9265 19.9
    endloop
  endfacet
  facet normal 0 0 -1
    outer loop
      vertex 33.0735 34.5954 19.9
      vertex 33.0735 35.4046 19.9
      vertex 33.1 35 19.9
    endloop
  endfacet
  facet normal 0 0 -1
    outer loop
      vertex 32.9944 34.1977 19.9
      vertex 33.0735 35.4046 19.9
      vertex 33.0735 34.5954 19.9
    endloop
  endfacet
  facet normal 0 0 -1
    outer loop
      vertex 32.9944 34.1977 19.9
      vertex 32.9944 35.8023 19.9
      vertex 33.0735 35.4046 19.9
    endloop
  endfacet
  facet normal 0 0 -1
    outer loop
      vertex 32.864 33.8137 19.9
      vertex 32.9944 35.8023 19.9
      vertex 32.9944 34.1977 19.9
    endloop
  endfacet
  facet normal 0 0 -1
    outer loop
      vertex 32.864 33.8137 19.9
      vertex 32.864 36.1863 19.9
      vertex 32.9944 35.8023 19.9
    endloop
  endfacet
  facet normal 0 0 -1
    outer loop
      vertex 32.6847 33.45 19.9
      vertex 32.864 36.1863 19.9
      vertex 32.864 33.8137 19.9
    endloop
  endfacet
  facet normal 0 0 -1
    outer loop
      vertex 32.6847 33.45 19.9
      vertex 32.6847 36.55 19.9
      vertex 32.864 36.1863 19.9
    endloop
  endfacet
  facet normal 0 0 -1
    outer loop
      vertex 32.4594 33.1128 19.9
      vertex 32.6847 36.55 19.9
      vertex 32.6847 33.45 19.9
    endloop
  endfacet
  facet normal 0 0 -1
    outer loop
      vertex 32.4594 33.1128 19.9
      vertex 32.4594 36.8872 19.9
      vertex 32.6847 36.55 19.9
    endloop
  endfacet
  facet normal 0 0 -1
    outer loop
      vertex 32.192 32.808 19.9
      vertex 32.4594 36.8872 19.9
      vertex 32.4594 33.1128 19.9
    endloop
  endfacet
  facet normal 0 0 -1
    outer loop
      vertex 32.192 32.808 19.9
      vertex 32.192 37.192 19.9
      vertex 32.4594 36.8872 19.9
    endloop
  endfacet
  facet normal 0 0 -1
    outer loop
      vertex 31.8872 32.5406 19.9
      vertex 32.192 37.192 19.9
      vertex 32.192 32.808 19.9
    endloop
  endfacet
  facet normal 0 0 -1
    outer loop
      vertex 31.8872 32.5406 19.9
      vertex 31.8872 37.4594 19.9
      vertex 32.192 37.192 19.9
    endloop
  endfacet
  facet normal 0 0 -1
    outer loop
      vertex 31.55 32.3153 19.9
      vertex 31.8872 37.4594 19.9
      vertex 31.8872 32.5406 19.9
    endloop
  endfacet
  facet normal 0 0 -1
    outer loop
      vertex 31.55 32.3153 19.9
      vertex 31.55 37.6847 19.9
      vertex 31.8872 37.4594 19.9
    endloop
  endfacet
  facet normal 0 0 -1
    outer loop
      vertex 31.1863 32.136 19.9
      vertex 31.55 37.6847 19.9
      vertex 31.55 32.3153 19.9
    endloop
  endfacet
  facet normal 0 0 -1
    outer loop
      vertex 31.1863 32.136 19.9
      vertex 31.1863 37.864 19.9
      vertex 31.55 37.6847 19.9
    endloop
  endfacet
  facet normal 0 0 -1
    outer loop
      vertex 30.8023 32.0056 19.9
      vertex 31.1863 37.864 19.9
      vertex 31.1863 32.136 19.9
    endloop
  endfacet
  facet normal 0 0 -1
    outer loop
      vertex 30.774 38 19.9
      vertex 31.1863 37.864 19.9
      vertex 30.8023 32.0056 19.9
    endloop
  endfacet
  facet normal 0 0 -1
    outer loop
      vertex 31.1863 37.864 19.9
      vertex 30.774 38 19.9
      vertex 30.8023 37.9944 19.9
    endloop
  endfacet
  facet normal 0 0 -1
    outer loop
      vertex 30.4046 31.9265 19.9
      vertex 30.774 38 19.9
      vertex 30.8023 32.0056 19.9
    endloop
  endfacet
  facet normal 0 0 -1
    outer loop
      vertex 30 31.9 19.9
      vertex 30.774 38 19.9
      vertex 30.4046 31.9265 19.9
    endloop
  endfacet
  facet normal 0 0 -1
    outer loop
      vertex 29.5954 31.9265 19.9
      vertex 30.774 38 19.9
      vertex 30 31.9 19.9
    endloop
  endfacet
  facet normal 0 0 -1
    outer loop
      vertex 29.5954 31.9265 19.9
      vertex 29.226 38 19.9
      vertex 30.774 38 19.9
    endloop
  endfacet
  facet normal 0 0 -1
    outer loop
      vertex 29.1977 32.0056 19.9
      vertex 29.226 38 19.9
      vertex 29.5954 31.9265 19.9
    endloop
  endfacet
  facet normal 0 0 -1
    outer loop
      vertex 28.8137 32.136 19.9
      vertex 29.226 38 19.9
      vertex 29.1977 32.0056 19.9
    endloop
  endfacet
  facet normal 0 0 -1
    outer loop
      vertex 28.8137 37.864 19.9
      vertex 29.226 38 19.9
      vertex 28.8137 32.136 19.9
    endloop
  endfacet
  facet normal 0 0 -1
    outer loop
      vertex 29.226 38 19.9
      vertex 28.8137 37.864 19.9
      vertex 29.1977 37.9944 19.9
    endloop
  endfacet
  facet normal 0 0 -1
    outer loop
      vertex 28.45 32.3153 19.9
      vertex 28.8137 37.864 19.9
      vertex 28.8137 32.136 19.9
    endloop
  endfacet
  facet normal 0 0 -1
    outer loop
      vertex 28.45 32.3153 19.9
      vertex 28.45 37.6847 19.9
      vertex 28.8137 37.864 19.9
    endloop
  endfacet
  facet normal 0 0 -1
    outer loop
      vertex 28.1128 32.5406 19.9
      vertex 28.45 37.6847 19.9
      vertex 28.45 32.3153 19.9
    endloop
  endfacet
  facet normal 0 0 -1
    outer loop
      vertex 28.1128 32.5406 19.9
      vertex 28.1128 37.4594 19.9
      vertex 28.45 37.6847 19.9
    endloop
  endfacet
  facet normal 0 0 -1
    outer loop
      vertex 27.808 32.808 19.9
      vertex 28.1128 37.4594 19.9
      vertex 28.1128 32.5406 19.9
    endloop
  endfacet
  facet normal 0 0 -1
    outer loop
      vertex 27.808 32.808 19.9
      vertex 27.808 37.192 19.9
      vertex 28.1128 37.4594 19.9
    endloop
  endfacet
  facet normal 0 0 -1
    outer loop
      vertex 27.5406 33.1128 19.9
      vertex 27.808 37.192 19.9
      vertex 27.808 32.808 19.9
    endloop
  endfacet
  facet normal 0 0 -1
    outer loop
      vertex 27.5406 33.1128 19.9
      vertex 27.5406 36.8872 19.9
      vertex 27.808 37.192 19.9
    endloop
  endfacet
  facet normal 0 0 -1
    outer loop
      vertex 27.3153 33.45 19.9
      vertex 27.5406 36.8872 19.9
      vertex 27.5406 33.1128 19.9
    endloop
  endfacet
  facet normal 0 0 -1
    outer loop
      vertex 27.3153 33.45 19.9
      vertex 27.3153 36.55 19.9
      vertex 27.5406 36.8872 19.9
    endloop
  endfacet
  facet normal 0 0 -1
    outer loop
      vertex 27.136 33.8137 19.9
      vertex 27.3153 36.55 19.9
      vertex 27.3153 33.45 19.9
    endloop
  endfacet
  facet normal 0 0 -1
    outer loop
      vertex 27.136 33.8137 19.9
      vertex 27.136 36.1863 19.9
      vertex 27.3153 36.55 19.9
    endloop
  endfacet
  facet normal 0 0 -1
    outer loop
      vertex 27.0056 34.1977 19.9
      vertex 27.136 36.1863 19.9
      vertex 27.136 33.8137 19.9
    endloop
  endfacet
  facet normal 0 0 -1
    outer loop
      vertex 27.0056 34.1977 19.9
      vertex 27.0056 35.8023 19.9
      vertex 27.136 36.1863 19.9
    endloop
  endfacet
  facet normal 0 0 -1
    outer loop
      vertex 26.9265 34.5954 19.9
      vertex 27.0056 35.8023 19.9
      vertex 27.0056 34.1977 19.9
    endloop
  endfacet
  facet normal 0 0 -1
    outer loop
      vertex 26.9265 34.5954 19.9
      vertex 26.9265 35.4046 19.9
      vertex 27.0056 35.8023 19.9
    endloop
  endfacet
  facet normal 0 -0 -1
    outer loop
      vertex 26.9265 35.4046 19.9
      vertex 26.9265 34.5954 19.9
      vertex 26.9 35 19.9
    endloop
  endfacet
  facet normal 0.751721 0.659482 0
    outer loop
      vertex 32.4594 36.8872 22
      vertex 32.192 37.192 19.9
      vertex 32.192 37.192 22
    endloop
  endfacet
  facet normal 0.751721 0.659482 0
    outer loop
      vertex 32.192 37.192 19.9
      vertex 32.4594 36.8872 22
      vertex 32.4594 36.8872 19.9
    endloop
  endfacet
  facet normal -0.442176 -0.896928 0
    outer loop
      vertex 28.45 32.3153 19.9
      vertex 28.8137 32.136 22
      vertex 28.45 32.3153 22
    endloop
  endfacet
  facet normal -0.442176 -0.896928 -0
    outer loop
      vertex 28.8137 32.136 22
      vertex 28.45 32.3153 19.9
      vertex 28.8137 32.136 19.9
    endloop
  endfacet
  facet normal 0.195073 -0.980789 0
    outer loop
      vertex 30.4046 31.9265 19.9
      vertex 30.8023 32.0056 22
      vertex 30.4046 31.9265 22
    endloop
  endfacet
  facet normal 0.195073 -0.980789 0
    outer loop
      vertex 30.8023 32.0056 22
      vertex 30.4046 31.9265 19.9
      vertex 30.8023 32.0056 19.9
    endloop
  endfacet
  facet normal -0.321549 -0.946893 0
    outer loop
      vertex 28.8137 32.136 19.9
      vertex 29.1977 32.0056 22
      vertex 28.8137 32.136 22
    endloop
  endfacet
  facet normal -0.321549 -0.946893 -0
    outer loop
      vertex 29.1977 32.0056 22
      vertex 28.8137 32.136 19.9
      vertex 29.1977 32.0056 19.9
    endloop
  endfacet
  facet normal 0.659482 -0.751721 0
    outer loop
      vertex 31.8872 32.5406 19.9
      vertex 32.192 32.808 22
      vertex 31.8872 32.5406 22
    endloop
  endfacet
  facet normal 0.659482 -0.751721 0
    outer loop
      vertex 32.192 32.808 22
      vertex 31.8872 32.5406 19.9
      vertex 32.192 32.808 19.9
    endloop
  endfacet
  facet normal -0.555553 -0.831481 0
    outer loop
      vertex 28.1128 32.5406 19.9
      vertex 28.45 32.3153 22
      vertex 28.1128 32.5406 22
    endloop
  endfacet
  facet normal -0.555553 -0.831481 -0
    outer loop
      vertex 28.45 32.3153 22
      vertex 28.1128 32.5406 19.9
      vertex 28.45 32.3153 19.9
    endloop
  endfacet
  facet normal -0.946893 -0.321549 0
    outer loop
      vertex 27.136 33.8137 19.9
      vertex 27.0056 34.1977 22
      vertex 27.0056 34.1977 19.9
    endloop
  endfacet
  facet normal -0.946893 -0.321549 0
    outer loop
      vertex 27.0056 34.1977 22
      vertex 27.136 33.8137 19.9
      vertex 27.136 33.8137 22
    endloop
  endfacet
  facet normal 0.555553 -0.831481 0
    outer loop
      vertex 31.55 32.3153 19.9
      vertex 31.8872 32.5406 22
      vertex 31.55 32.3153 22
    endloop
  endfacet
  facet normal 0.555553 -0.831481 0
    outer loop
      vertex 31.8872 32.5406 22
      vertex 31.55 32.3153 19.9
      vertex 31.8872 32.5406 19.9
    endloop
  endfacet
  facet normal -0.980789 0.195073 0
    outer loop
      vertex 26.9265 35.4046 19.9
      vertex 27.0056 35.8023 22
      vertex 27.0056 35.8023 19.9
    endloop
  endfacet
  facet normal -0.980789 0.195073 0
    outer loop
      vertex 27.0056 35.8023 22
      vertex 26.9265 35.4046 19.9
      vertex 26.9265 35.4046 22
    endloop
  endfacet
  facet normal -0.980789 -0.195073 0
    outer loop
      vertex 27.0056 34.1977 19.9
      vertex 26.9265 34.5954 22
      vertex 26.9265 34.5954 19.9
    endloop
  endfacet
  facet normal -0.980789 -0.195073 0
    outer loop
      vertex 26.9265 34.5954 22
      vertex 27.0056 34.1977 19.9
      vertex 27.0056 34.1977 22
    endloop
  endfacet
  facet normal -0.997862 -0.0653568 0
    outer loop
      vertex 26.9265 34.5954 19.9
      vertex 26.9 35 22
      vertex 26.9 35 19.9
    endloop
  endfacet
  facet normal -0.997862 -0.0653568 0
    outer loop
      vertex 26.9 35 22
      vertex 26.9265 34.5954 19.9
      vertex 26.9265 34.5954 22
    endloop
  endfacet
  facet normal -0.831481 0.555553 0
    outer loop
      vertex 27.3153 36.55 19.9
      vertex 27.5406 36.8872 22
      vertex 27.5406 36.8872 19.9
    endloop
  endfacet
  facet normal -0.831481 0.555553 0
    outer loop
      vertex 27.5406 36.8872 22
      vertex 27.3153 36.55 19.9
      vertex 27.3153 36.55 22
    endloop
  endfacet
  facet normal -0.831481 -0.555553 0
    outer loop
      vertex 27.5406 33.1128 19.9
      vertex 27.3153 33.45 22
      vertex 27.3153 33.45 19.9
    endloop
  endfacet
  facet normal -0.831481 -0.555553 0
    outer loop
      vertex 27.3153 33.45 22
      vertex 27.5406 33.1128 19.9
      vertex 27.5406 33.1128 22
    endloop
  endfacet
  facet normal -0.0653568 -0.997862 0
    outer loop
      vertex 29.5954 31.9265 19.9
      vertex 30 31.9 22
      vertex 29.5954 31.9265 22
    endloop
  endfacet
  facet normal -0.0653568 -0.997862 -0
    outer loop
      vertex 30 31.9 22
      vertex 29.5954 31.9265 19.9
      vertex 30 31.9 19.9
    endloop
  endfacet
  facet normal 0.442176 -0.896928 0
    outer loop
      vertex 31.1863 -42.864 19.9
      vertex 31.55 -42.6847 22
      vertex 31.1863 -42.864 22
    endloop
  endfacet
  facet normal 0.442176 -0.896928 0
    outer loop
      vertex 31.55 -42.6847 22
      vertex 31.1863 -42.864 19.9
      vertex 31.55 -42.6847 19.9
    endloop
  endfacet
  facet normal 0.980789 0.195073 0
    outer loop
      vertex 33.0735 -39.5954 22
      vertex 32.9944 -39.1977 19.9
      vertex 32.9944 -39.1977 22
    endloop
  endfacet
  facet normal 0.980789 0.195073 0
    outer loop
      vertex 32.9944 -39.1977 19.9
      vertex 33.0735 -39.5954 22
      vertex 33.0735 -39.5954 19.9
    endloop
  endfacet
  facet normal 0.997862 0.0653568 0
    outer loop
      vertex 33.1 -40 22
      vertex 33.0735 -39.5954 19.9
      vertex 33.0735 -39.5954 22
    endloop
  endfacet
  facet normal 0.997862 0.0653568 0
    outer loop
      vertex 33.0735 -39.5954 19.9
      vertex 33.1 -40 22
      vertex 33.1 -40 19.9
    endloop
  endfacet
  facet normal 0.946893 0.321549 0
    outer loop
      vertex 32.9944 -39.1977 22
      vertex 32.864 -38.8137 19.9
      vertex 32.864 -38.8137 22
    endloop
  endfacet
  facet normal 0.946893 0.321549 0
    outer loop
      vertex 32.864 -38.8137 19.9
      vertex 32.9944 -39.1977 22
      vertex 32.9944 -39.1977 19.9
    endloop
  endfacet
  facet normal 0.751721 -0.659482 0
    outer loop
      vertex 32.192 -42.192 22
      vertex 32.4594 -41.8872 19.9
      vertex 32.4594 -41.8872 22
    endloop
  endfacet
  facet normal 0.751721 -0.659482 0
    outer loop
      vertex 32.4594 -41.8872 19.9
      vertex 32.192 -42.192 22
      vertex 32.192 -42.192 19.9
    endloop
  endfacet
  facet normal 0.321549 0.946893 -0
    outer loop
      vertex 31.1863 -37.136 19.9
      vertex 30.8023 -37.0056 22
      vertex 31.1863 -37.136 22
    endloop
  endfacet
  facet normal 0.321549 0.946893 0
    outer loop
      vertex 30.8023 -37.0056 22
      vertex 31.1863 -37.136 19.9
      vertex 30.8023 -37.0056 19.9
    endloop
  endfacet
  facet normal 0.555553 0.831481 -0
    outer loop
      vertex 31.8872 -37.5406 19.9
      vertex 31.55 -37.3153 22
      vertex 31.8872 -37.5406 22
    endloop
  endfacet
  facet normal 0.555553 0.831481 0
    outer loop
      vertex 31.55 -37.3153 22
      vertex 31.8872 -37.5406 19.9
      vertex 31.55 -37.3153 19.9
    endloop
  endfacet
  facet normal 0.896928 -0.442176 0
    outer loop
      vertex 32.6847 -41.55 22
      vertex 32.864 -41.1863 19.9
      vertex 32.864 -41.1863 22
    endloop
  endfacet
  facet normal 0.896928 -0.442176 0
    outer loop
      vertex 32.864 -41.1863 19.9
      vertex 32.6847 -41.55 22
      vertex 32.6847 -41.55 19.9
    endloop
  endfacet
  facet normal 0.321549 -0.946893 0
    outer loop
      vertex 30.8023 -42.9944 19.9
      vertex 31.1863 -42.864 22
      vertex 30.8023 -42.9944 22
    endloop
  endfacet
  facet normal 0.321549 -0.946893 0
    outer loop
      vertex 31.1863 -42.864 22
      vertex 30.8023 -42.9944 19.9
      vertex 31.1863 -42.864 19.9
    endloop
  endfacet
  facet normal 0.896928 0.442176 0
    outer loop
      vertex 32.864 -38.8137 22
      vertex 32.6847 -38.45 19.9
      vertex 32.6847 -38.45 22
    endloop
  endfacet
  facet normal 0.896928 0.442176 0
    outer loop
      vertex 32.6847 -38.45 19.9
      vertex 32.864 -38.8137 22
      vertex 32.864 -38.8137 19.9
    endloop
  endfacet
  facet normal -0.195073 0.980789 0
    outer loop
      vertex 29.5954 -36.9265 19.9
      vertex 29.1977 -37.0056 22
      vertex 29.5954 -36.9265 22
    endloop
  endfacet
  facet normal -0.195073 0.980789 0
    outer loop
      vertex 29.1977 -37.0056 22
      vertex 29.5954 -36.9265 19.9
      vertex 29.1977 -37.0056 19.9
    endloop
  endfacet
  facet normal -0.555553 0.831481 0
    outer loop
      vertex 28.45 -37.3153 19.9
      vertex 28.1128 -37.5406 22
      vertex 28.45 -37.3153 22
    endloop
  endfacet
  facet normal -0.555553 0.831481 0
    outer loop
      vertex 28.1128 -37.5406 22
      vertex 28.45 -37.3153 19.9
      vertex 28.1128 -37.5406 19.9
    endloop
  endfacet
  facet normal -0.321549 -0.946893 0
    outer loop
      vertex 28.8137 -42.864 19.9
      vertex 29.1977 -42.9944 22
      vertex 28.8137 -42.864 22
    endloop
  endfacet
  facet normal -0.321549 -0.946893 -0
    outer loop
      vertex 29.1977 -42.9944 22
      vertex 28.8137 -42.864 19.9
      vertex 29.1977 -42.9944 19.9
    endloop
  endfacet
  facet normal 0.946893 -0.321549 0
    outer loop
      vertex 32.864 -41.1863 22
      vertex 32.9944 -40.8023 19.9
      vertex 32.9944 -40.8023 22
    endloop
  endfacet
  facet normal 0.946893 -0.321549 0
    outer loop
      vertex 32.9944 -40.8023 19.9
      vertex 32.864 -41.1863 22
      vertex 32.864 -41.1863 19.9
    endloop
  endfacet
  facet normal -0.831481 -0.555553 0
    outer loop
      vertex 27.5406 -41.8872 19.9
      vertex 27.3153 -41.55 22
      vertex 27.3153 -41.55 19.9
    endloop
  endfacet
  facet normal -0.831481 -0.555553 0
    outer loop
      vertex 27.3153 -41.55 22
      vertex 27.5406 -41.8872 19.9
      vertex 27.5406 -41.8872 22
    endloop
  endfacet
  facet normal -0.659482 -0.751721 0
    outer loop
      vertex 27.808 -42.192 19.9
      vertex 28.1128 -42.4594 22
      vertex 27.808 -42.192 22
    endloop
  endfacet
  facet normal -0.659482 -0.751721 -0
    outer loop
      vertex 28.1128 -42.4594 22
      vertex 27.808 -42.192 19.9
      vertex 28.1128 -42.4594 19.9
    endloop
  endfacet
  facet normal -0.659482 0.751721 0
    outer loop
      vertex 28.1128 -37.5406 19.9
      vertex 27.808 -37.808 22
      vertex 28.1128 -37.5406 22
    endloop
  endfacet
  facet normal -0.659482 0.751721 0
    outer loop
      vertex 27.808 -37.808 22
      vertex 28.1128 -37.5406 19.9
      vertex 27.808 -37.808 19.9
    endloop
  endfacet
  facet normal -0.946893 0.321549 0
    outer loop
      vertex 27.0056 -39.1977 19.9
      vertex 27.136 -38.8137 22
      vertex 27.136 -38.8137 19.9
    endloop
  endfacet
  facet normal -0.946893 0.321549 0
    outer loop
      vertex 27.136 -38.8137 22
      vertex 27.0056 -39.1977 19.9
      vertex 27.0056 -39.1977 22
    endloop
  endfacet
  facet normal -0.442176 0.896928 0
    outer loop
      vertex 28.8137 -37.136 19.9
      vertex 28.45 -37.3153 22
      vertex 28.8137 -37.136 22
    endloop
  endfacet
  facet normal -0.442176 0.896928 0
    outer loop
      vertex 28.45 -37.3153 22
      vertex 28.8137 -37.136 19.9
      vertex 28.45 -37.3153 19.9
    endloop
  endfacet
  facet normal -0.980789 0.195073 0
    outer loop
      vertex 26.9265 -39.5954 19.9
      vertex 27.0056 -39.1977 22
      vertex 27.0056 -39.1977 19.9
    endloop
  endfacet
  facet normal -0.980789 0.195073 0
    outer loop
      vertex 27.0056 -39.1977 22
      vertex 26.9265 -39.5954 19.9
      vertex 26.9265 -39.5954 22
    endloop
  endfacet
  facet normal -0.321549 0.946893 0
    outer loop
      vertex 29.1977 -37.0056 19.9
      vertex 28.8137 -37.136 22
      vertex 29.1977 -37.0056 22
    endloop
  endfacet
  facet normal -0.321549 0.946893 0
    outer loop
      vertex 28.8137 -37.136 22
      vertex 29.1977 -37.0056 19.9
      vertex 28.8137 -37.136 19.9
    endloop
  endfacet
  facet normal 0.659482 -0.751721 0
    outer loop
      vertex 31.8872 -42.4594 19.9
      vertex 32.192 -42.192 22
      vertex 31.8872 -42.4594 22
    endloop
  endfacet
  facet normal 0.659482 -0.751721 0
    outer loop
      vertex 32.192 -42.192 22
      vertex 31.8872 -42.4594 19.9
      vertex 32.192 -42.192 19.9
    endloop
  endfacet
  facet normal 0.0653568 0.997862 -0
    outer loop
      vertex 30.4046 -36.9265 19.9
      vertex 30 -36.9 22
      vertex 30.4046 -36.9265 22
    endloop
  endfacet
  facet normal 0.0653568 0.997862 0
    outer loop
      vertex 30 -36.9 22
      vertex 30.4046 -36.9265 19.9
      vertex 30 -36.9 19.9
    endloop
  endfacet
  facet normal 0.831481 0.555553 0
    outer loop
      vertex 32.6847 -38.45 22
      vertex 32.4594 -38.1128 19.9
      vertex 32.4594 -38.1128 22
    endloop
  endfacet
  facet normal 0.831481 0.555553 0
    outer loop
      vertex 32.4594 -38.1128 19.9
      vertex 32.6847 -38.45 22
      vertex 32.6847 -38.45 19.9
    endloop
  endfacet
  facet normal 0.194116 -0.980979 0
    outer loop
      vertex 30.774 -43 19.9
      vertex 30.8023 -42.9944 22
      vertex 30.774 -43 22
    endloop
  endfacet
  facet normal 0.194116 -0.980979 0
    outer loop
      vertex 30.8023 -42.9944 22
      vertex 30.774 -43 19.9
      vertex 30.8023 -42.9944 19.9
    endloop
  endfacet
  facet normal -0.980789 -0.195073 0
    outer loop
      vertex 27.0056 -40.8023 19.9
      vertex 26.9265 -40.4046 22
      vertex 26.9265 -40.4046 19.9
    endloop
  endfacet
  facet normal -0.980789 -0.195073 0
    outer loop
      vertex 26.9265 -40.4046 22
      vertex 27.0056 -40.8023 19.9
      vertex 27.0056 -40.8023 22
    endloop
  endfacet
  facet normal -0.751721 0.659482 0
    outer loop
      vertex 27.5406 -38.1128 19.9
      vertex 27.808 -37.808 22
      vertex 27.808 -37.808 19.9
    endloop
  endfacet
  facet normal -0.751721 0.659482 0
    outer loop
      vertex 27.808 -37.808 22
      vertex 27.5406 -38.1128 19.9
      vertex 27.5406 -38.1128 22
    endloop
  endfacet
  facet normal 0.659482 0.751721 -0
    outer loop
      vertex 32.192 -37.808 19.9
      vertex 31.8872 -37.5406 22
      vertex 32.192 -37.808 22
    endloop
  endfacet
  facet normal 0.659482 0.751721 0
    outer loop
      vertex 31.8872 -37.5406 22
      vertex 32.192 -37.808 19.9
      vertex 31.8872 -37.5406 19.9
    endloop
  endfacet
  facet normal 0.997862 -0.0653568 0
    outer loop
      vertex 33.0735 -40.4046 22
      vertex 33.1 -40 19.9
      vertex 33.1 -40 22
    endloop
  endfacet
  facet normal 0.997862 -0.0653568 0
    outer loop
      vertex 33.1 -40 19.9
      vertex 33.0735 -40.4046 22
      vertex 33.0735 -40.4046 19.9
    endloop
  endfacet
  facet normal 0.980789 -0.195073 0
    outer loop
      vertex 32.9944 -40.8023 22
      vertex 33.0735 -40.4046 19.9
      vertex 33.0735 -40.4046 22
    endloop
  endfacet
  facet normal 0.980789 -0.195073 0
    outer loop
      vertex 33.0735 -40.4046 19.9
      vertex 32.9944 -40.8023 22
      vertex 32.9944 -40.8023 19.9
    endloop
  endfacet
  facet normal 0.555553 -0.831481 0
    outer loop
      vertex 31.55 -42.6847 19.9
      vertex 31.8872 -42.4594 22
      vertex 31.55 -42.6847 22
    endloop
  endfacet
  facet normal 0.555553 -0.831481 0
    outer loop
      vertex 31.8872 -42.4594 22
      vertex 31.55 -42.6847 19.9
      vertex 31.8872 -42.4594 19.9
    endloop
  endfacet
  facet normal 0.195073 0.980789 -0
    outer loop
      vertex 30.8023 -37.0056 19.9
      vertex 30.4046 -36.9265 22
      vertex 30.8023 -37.0056 22
    endloop
  endfacet
  facet normal 0.195073 0.980789 0
    outer loop
      vertex 30.4046 -36.9265 22
      vertex 30.8023 -37.0056 19.9
      vertex 30.4046 -36.9265 19.9
    endloop
  endfacet
  facet normal 0.751721 0.659482 0
    outer loop
      vertex 32.4594 -38.1128 22
      vertex 32.192 -37.808 19.9
      vertex 32.192 -37.808 22
    endloop
  endfacet
  facet normal 0.751721 0.659482 0
    outer loop
      vertex 32.192 -37.808 19.9
      vertex 32.4594 -38.1128 22
      vertex 32.4594 -38.1128 19.9
    endloop
  endfacet
  facet normal 0.442176 0.896928 -0
    outer loop
      vertex 31.55 -37.3153 19.9
      vertex 31.1863 -37.136 22
      vertex 31.55 -37.3153 22
    endloop
  endfacet
  facet normal 0.442176 0.896928 0
    outer loop
      vertex 31.1863 -37.136 22
      vertex 31.55 -37.3153 19.9
      vertex 31.1863 -37.136 19.9
    endloop
  endfacet
  facet normal -0.997862 -0.0653568 0
    outer loop
      vertex 26.9265 -40.4046 19.9
      vertex 26.9 -40 22
      vertex 26.9 -40 19.9
    endloop
  endfacet
  facet normal -0.997862 -0.0653568 0
    outer loop
      vertex 26.9 -40 22
      vertex 26.9265 -40.4046 19.9
      vertex 26.9265 -40.4046 22
    endloop
  endfacet
  facet normal 0.831481 -0.555553 0
    outer loop
      vertex 32.4594 -41.8872 22
      vertex 32.6847 -41.55 19.9
      vertex 32.6847 -41.55 22
    endloop
  endfacet
  facet normal 0.831481 -0.555553 0
    outer loop
      vertex 32.6847 -41.55 19.9
      vertex 32.4594 -41.8872 22
      vertex 32.4594 -41.8872 19.9
    endloop
  endfacet
  facet normal -0.751721 -0.659482 0
    outer loop
      vertex 27.808 -42.192 19.9
      vertex 27.5406 -41.8872 22
      vertex 27.5406 -41.8872 19.9
    endloop
  endfacet
  facet normal -0.751721 -0.659482 0
    outer loop
      vertex 27.5406 -41.8872 22
      vertex 27.808 -42.192 19.9
      vertex 27.808 -42.192 22
    endloop
  endfacet
  facet normal -0.997862 0.0653568 0
    outer loop
      vertex 26.9 -40 19.9
      vertex 26.9265 -39.5954 22
      vertex 26.9265 -39.5954 19.9
    endloop
  endfacet
  facet normal -0.997862 0.0653568 0
    outer loop
      vertex 26.9265 -39.5954 22
      vertex 26.9 -40 19.9
      vertex 26.9 -40 22
    endloop
  endfacet
  facet normal -0.442176 -0.896928 0
    outer loop
      vertex 28.45 -42.6847 19.9
      vertex 28.8137 -42.864 22
      vertex 28.45 -42.6847 22
    endloop
  endfacet
  facet normal -0.442176 -0.896928 -0
    outer loop
      vertex 28.8137 -42.864 22
      vertex 28.45 -42.6847 19.9
      vertex 28.8137 -42.864 19.9
    endloop
  endfacet
  facet normal -0.946893 -0.321549 0
    outer loop
      vertex 27.136 -41.1863 19.9
      vertex 27.0056 -40.8023 22
      vertex 27.0056 -40.8023 19.9
    endloop
  endfacet
  facet normal -0.946893 -0.321549 0
    outer loop
      vertex 27.0056 -40.8023 22
      vertex 27.136 -41.1863 19.9
      vertex 27.136 -41.1863 22
    endloop
  endfacet
  facet normal -0.194116 -0.980979 0
    outer loop
      vertex 29.1977 -42.9944 19.9
      vertex 29.226 -43 22
      vertex 29.1977 -42.9944 22
    endloop
  endfacet
  facet normal -0.194116 -0.980979 -0
    outer loop
      vertex 29.226 -43 22
      vertex 29.1977 -42.9944 19.9
      vertex 29.226 -43 19.9
    endloop
  endfacet
  facet normal -0.0653568 0.997862 0
    outer loop
      vertex 30 -36.9 19.9
      vertex 29.5954 -36.9265 22
      vertex 30 -36.9 22
    endloop
  endfacet
  facet normal -0.0653568 0.997862 0
    outer loop
      vertex 29.5954 -36.9265 22
      vertex 30 -36.9 19.9
      vertex 29.5954 -36.9265 19.9
    endloop
  endfacet
  facet normal 0 0 -1
    outer loop
      vertex 33.0735 -40.4046 19.9
      vertex 33.0735 -39.5954 19.9
      vertex 33.1 -40 19.9
    endloop
  endfacet
  facet normal 0 0 -1
    outer loop
      vertex 32.9944 -40.8023 19.9
      vertex 33.0735 -39.5954 19.9
      vertex 33.0735 -40.4046 19.9
    endloop
  endfacet
  facet normal 0 0 -1
    outer loop
      vertex 32.9944 -40.8023 19.9
      vertex 32.9944 -39.1977 19.9
      vertex 33.0735 -39.5954 19.9
    endloop
  endfacet
  facet normal 0 0 -1
    outer loop
      vertex 32.864 -41.1863 19.9
      vertex 32.9944 -39.1977 19.9
      vertex 32.9944 -40.8023 19.9
    endloop
  endfacet
  facet normal 0 0 -1
    outer loop
      vertex 32.864 -41.1863 19.9
      vertex 32.864 -38.8137 19.9
      vertex 32.9944 -39.1977 19.9
    endloop
  endfacet
  facet normal 0 0 -1
    outer loop
      vertex 32.6847 -41.55 19.9
      vertex 32.864 -38.8137 19.9
      vertex 32.864 -41.1863 19.9
    endloop
  endfacet
  facet normal 0 0 -1
    outer loop
      vertex 32.6847 -41.55 19.9
      vertex 32.6847 -38.45 19.9
      vertex 32.864 -38.8137 19.9
    endloop
  endfacet
  facet normal 0 0 -1
    outer loop
      vertex 32.4594 -41.8872 19.9
      vertex 32.6847 -38.45 19.9
      vertex 32.6847 -41.55 19.9
    endloop
  endfacet
  facet normal 0 0 -1
    outer loop
      vertex 32.4594 -41.8872 19.9
      vertex 32.4594 -38.1128 19.9
      vertex 32.6847 -38.45 19.9
    endloop
  endfacet
  facet normal 0 0 -1
    outer loop
      vertex 32.192 -42.192 19.9
      vertex 32.4594 -38.1128 19.9
      vertex 32.4594 -41.8872 19.9
    endloop
  endfacet
  facet normal 0 0 -1
    outer loop
      vertex 32.192 -42.192 19.9
      vertex 32.192 -37.808 19.9
      vertex 32.4594 -38.1128 19.9
    endloop
  endfacet
  facet normal 0 0 -1
    outer loop
      vertex 31.8872 -42.4594 19.9
      vertex 32.192 -37.808 19.9
      vertex 32.192 -42.192 19.9
    endloop
  endfacet
  facet normal 0 0 -1
    outer loop
      vertex 31.8872 -42.4594 19.9
      vertex 31.8872 -37.5406 19.9
      vertex 32.192 -37.808 19.9
    endloop
  endfacet
  facet normal 0 0 -1
    outer loop
      vertex 31.55 -42.6847 19.9
      vertex 31.8872 -37.5406 19.9
      vertex 31.8872 -42.4594 19.9
    endloop
  endfacet
  facet normal 0 0 -1
    outer loop
      vertex 31.55 -42.6847 19.9
      vertex 31.55 -37.3153 19.9
      vertex 31.8872 -37.5406 19.9
    endloop
  endfacet
  facet normal 0 0 -1
    outer loop
      vertex 31.1863 -42.864 19.9
      vertex 31.55 -37.3153 19.9
      vertex 31.55 -42.6847 19.9
    endloop
  endfacet
  facet normal 0 0 -1
    outer loop
      vertex 31.1863 -42.864 19.9
      vertex 31.1863 -37.136 19.9
      vertex 31.55 -37.3153 19.9
    endloop
  endfacet
  facet normal 0 0 -1
    outer loop
      vertex 30.774 -43 19.9
      vertex 31.1863 -42.864 19.9
      vertex 30.8023 -42.9944 19.9
    endloop
  endfacet
  facet normal -0 0 -1
    outer loop
      vertex 31.1863 -42.864 19.9
      vertex 30.774 -43 19.9
      vertex 31.1863 -37.136 19.9
    endloop
  endfacet
  facet normal -0 0 -1
    outer loop
      vertex 31.1863 -37.136 19.9
      vertex 30.774 -43 19.9
      vertex 30.8023 -37.0056 19.9
    endloop
  endfacet
  facet normal 0 0 -1
    outer loop
      vertex 30.774 -43 19.9
      vertex 30.4046 -36.9265 19.9
      vertex 30.8023 -37.0056 19.9
    endloop
  endfacet
  facet normal 0 0 -1
    outer loop
      vertex 30.774 -43 19.9
      vertex 30 -36.9 19.9
      vertex 30.4046 -36.9265 19.9
    endloop
  endfacet
  facet normal 0 0 -1
    outer loop
      vertex 30.774 -43 19.9
      vertex 29.5954 -36.9265 19.9
      vertex 30 -36.9 19.9
    endloop
  endfacet
  facet normal 0 0 -1
    outer loop
      vertex 29.226 -43 19.9
      vertex 29.5954 -36.9265 19.9
      vertex 30.774 -43 19.9
    endloop
  endfacet
  facet normal 0 0 -1
    outer loop
      vertex 28.8137 -42.864 19.9
      vertex 29.226 -43 19.9
      vertex 29.1977 -42.9944 19.9
    endloop
  endfacet
  facet normal 0 0 -1
    outer loop
      vertex 29.226 -43 19.9
      vertex 29.1977 -37.0056 19.9
      vertex 29.5954 -36.9265 19.9
    endloop
  endfacet
  facet normal 0 0 -1
    outer loop
      vertex 29.226 -43 19.9
      vertex 28.8137 -42.864 19.9
      vertex 29.1977 -37.0056 19.9
    endloop
  endfacet
  facet normal 0 0 -1
    outer loop
      vertex 28.8137 -42.864 19.9
      vertex 28.8137 -37.136 19.9
      vertex 29.1977 -37.0056 19.9
    endloop
  endfacet
  facet normal 0 0 -1
    outer loop
      vertex 28.45 -42.6847 19.9
      vertex 28.8137 -37.136 19.9
      vertex 28.8137 -42.864 19.9
    endloop
  endfacet
  facet normal 0 0 -1
    outer loop
      vertex 28.45 -42.6847 19.9
      vertex 28.45 -37.3153 19.9
      vertex 28.8137 -37.136 19.9
    endloop
  endfacet
  facet normal 0 0 -1
    outer loop
      vertex 28.1128 -42.4594 19.9
      vertex 28.45 -37.3153 19.9
      vertex 28.45 -42.6847 19.9
    endloop
  endfacet
  facet normal 0 0 -1
    outer loop
      vertex 28.1128 -42.4594 19.9
      vertex 28.1128 -37.5406 19.9
      vertex 28.45 -37.3153 19.9
    endloop
  endfacet
  facet normal 0 0 -1
    outer loop
      vertex 27.808 -42.192 19.9
      vertex 28.1128 -37.5406 19.9
      vertex 28.1128 -42.4594 19.9
    endloop
  endfacet
  facet normal 0 0 -1
    outer loop
      vertex 27.808 -42.192 19.9
      vertex 27.808 -37.808 19.9
      vertex 28.1128 -37.5406 19.9
    endloop
  endfacet
  facet normal 0 0 -1
    outer loop
      vertex 27.5406 -41.8872 19.9
      vertex 27.808 -37.808 19.9
      vertex 27.808 -42.192 19.9
    endloop
  endfacet
  facet normal 0 0 -1
    outer loop
      vertex 27.5406 -41.8872 19.9
      vertex 27.5406 -38.1128 19.9
      vertex 27.808 -37.808 19.9
    endloop
  endfacet
  facet normal 0 0 -1
    outer loop
      vertex 27.3153 -41.55 19.9
      vertex 27.5406 -38.1128 19.9
      vertex 27.5406 -41.8872 19.9
    endloop
  endfacet
  facet normal 0 0 -1
    outer loop
      vertex 27.3153 -41.55 19.9
      vertex 27.3153 -38.45 19.9
      vertex 27.5406 -38.1128 19.9
    endloop
  endfacet
  facet normal 0 0 -1
    outer loop
      vertex 27.136 -41.1863 19.9
      vertex 27.3153 -38.45 19.9
      vertex 27.3153 -41.55 19.9
    endloop
  endfacet
  facet normal 0 0 -1
    outer loop
      vertex 27.136 -41.1863 19.9
      vertex 27.136 -38.8137 19.9
      vertex 27.3153 -38.45 19.9
    endloop
  endfacet
  facet normal 0 0 -1
    outer loop
      vertex 27.0056 -40.8023 19.9
      vertex 27.136 -38.8137 19.9
      vertex 27.136 -41.1863 19.9
    endloop
  endfacet
  facet normal 0 0 -1
    outer loop
      vertex 27.0056 -40.8023 19.9
      vertex 27.0056 -39.1977 19.9
      vertex 27.136 -38.8137 19.9
    endloop
  endfacet
  facet normal 0 0 -1
    outer loop
      vertex 26.9265 -40.4046 19.9
      vertex 27.0056 -39.1977 19.9
      vertex 27.0056 -40.8023 19.9
    endloop
  endfacet
  facet normal 0 0 -1
    outer loop
      vertex 26.9265 -40.4046 19.9
      vertex 26.9265 -39.5954 19.9
      vertex 27.0056 -39.1977 19.9
    endloop
  endfacet
  facet normal 0 -0 -1
    outer loop
      vertex 26.9265 -39.5954 19.9
      vertex 26.9265 -40.4046 19.9
      vertex 26.9 -40 19.9
    endloop
  endfacet
  facet normal -0.896928 -0.442176 0
    outer loop
      vertex 27.3153 -41.55 19.9
      vertex 27.136 -41.1863 22
      vertex 27.136 -41.1863 19.9
    endloop
  endfacet
  facet normal -0.896928 -0.442176 0
    outer loop
      vertex 27.136 -41.1863 22
      vertex 27.3153 -41.55 19.9
      vertex 27.3153 -41.55 22
    endloop
  endfacet
  facet normal -0.896928 0.442176 0
    outer loop
      vertex 27.136 -38.8137 19.9
      vertex 27.3153 -38.45 22
      vertex 27.3153 -38.45 19.9
    endloop
  endfacet
  facet normal -0.896928 0.442176 0
    outer loop
      vertex 27.3153 -38.45 22
      vertex 27.136 -38.8137 19.9
      vertex 27.136 -38.8137 22
    endloop
  endfacet
  facet normal -0.831481 0.555553 0
    outer loop
      vertex 27.3153 -38.45 19.9
      vertex 27.5406 -38.1128 22
      vertex 27.5406 -38.1128 19.9
    endloop
  endfacet
  facet normal -0.831481 0.555553 0
    outer loop
      vertex 27.5406 -38.1128 22
      vertex 27.3153 -38.45 19.9
      vertex 27.3153 -38.45 22
    endloop
  endfacet
  facet normal -0.555553 -0.831481 0
    outer loop
      vertex 28.1128 -42.4594 19.9
      vertex 28.45 -42.6847 22
      vertex 28.1128 -42.4594 22
    endloop
  endfacet
  facet normal -0.555553 -0.831481 -0
    outer loop
      vertex 28.45 -42.6847 22
      vertex 28.1128 -42.4594 19.9
      vertex 28.45 -42.6847 19.9
    endloop
  endfacet
  facet normal 0.896928 -0.442176 0
    outer loop
      vertex -15.3153 33.45 22
      vertex -15.136 33.8137 19.9
      vertex -15.136 33.8137 22
    endloop
  endfacet
  facet normal 0.896928 -0.442176 0
    outer loop
      vertex -15.136 33.8137 19.9
      vertex -15.3153 33.45 22
      vertex -15.3153 33.45 19.9
    endloop
  endfacet
  facet normal 0.980789 0.195073 0
    outer loop
      vertex -14.9265 35.4046 22
      vertex -15.0056 35.8023 19.9
      vertex -15.0056 35.8023 22
    endloop
  endfacet
  facet normal 0.980789 0.195073 0
    outer loop
      vertex -15.0056 35.8023 19.9
      vertex -14.9265 35.4046 22
      vertex -14.9265 35.4046 19.9
    endloop
  endfacet
  facet normal 0.997862 0.0653568 0
    outer loop
      vertex -14.9 35 22
      vertex -14.9265 35.4046 19.9
      vertex -14.9265 35.4046 22
    endloop
  endfacet
  facet normal 0.997862 0.0653568 0
    outer loop
      vertex -14.9265 35.4046 19.9
      vertex -14.9 35 22
      vertex -14.9 35 19.9
    endloop
  endfacet
  facet normal 0.946893 0.321549 0
    outer loop
      vertex -15.0056 35.8023 22
      vertex -15.136 36.1863 19.9
      vertex -15.136 36.1863 22
    endloop
  endfacet
  facet normal 0.946893 0.321549 0
    outer loop
      vertex -15.136 36.1863 19.9
      vertex -15.0056 35.8023 22
      vertex -15.0056 35.8023 19.9
    endloop
  endfacet
  facet normal 0.980789 -0.195073 0
    outer loop
      vertex -15.0056 34.1977 22
      vertex -14.9265 34.5954 19.9
      vertex -14.9265 34.5954 22
    endloop
  endfacet
  facet normal 0.980789 -0.195073 0
    outer loop
      vertex -14.9265 34.5954 19.9
      vertex -15.0056 34.1977 22
      vertex -15.0056 34.1977 19.9
    endloop
  endfacet
  facet normal 0.896928 0.442176 0
    outer loop
      vertex -15.136 36.1863 22
      vertex -15.3153 36.55 19.9
      vertex -15.3153 36.55 22
    endloop
  endfacet
  facet normal 0.896928 0.442176 0
    outer loop
      vertex -15.3153 36.55 19.9
      vertex -15.136 36.1863 22
      vertex -15.136 36.1863 19.9
    endloop
  endfacet
  facet normal 0.831481 -0.555553 0
    outer loop
      vertex -15.5406 33.1128 22
      vertex -15.3153 33.45 19.9
      vertex -15.3153 33.45 22
    endloop
  endfacet
  facet normal 0.831481 -0.555553 0
    outer loop
      vertex -15.3153 33.45 19.9
      vertex -15.5406 33.1128 22
      vertex -15.5406 33.1128 19.9
    endloop
  endfacet
  facet normal 0.321549 0.946893 -0
    outer loop
      vertex -16.8137 37.864 19.9
      vertex -17.1977 37.9944 22
      vertex -16.8137 37.864 22
    endloop
  endfacet
  facet normal 0.321549 0.946893 0
    outer loop
      vertex -17.1977 37.9944 22
      vertex -16.8137 37.864 19.9
      vertex -17.1977 37.9944 19.9
    endloop
  endfacet
  facet normal -0.555553 0.831481 0
    outer loop
      vertex -19.55 37.6847 19.9
      vertex -19.8872 37.4594 22
      vertex -19.55 37.6847 22
    endloop
  endfacet
  facet normal -0.555553 0.831481 0
    outer loop
      vertex -19.8872 37.4594 22
      vertex -19.55 37.6847 19.9
      vertex -19.8872 37.4594 19.9
    endloop
  endfacet
  facet normal 0.442176 0.896928 -0
    outer loop
      vertex -16.45 37.6847 19.9
      vertex -16.8137 37.864 22
      vertex -16.45 37.6847 22
    endloop
  endfacet
  facet normal 0.442176 0.896928 0
    outer loop
      vertex -16.8137 37.864 22
      vertex -16.45 37.6847 19.9
      vertex -16.8137 37.864 19.9
    endloop
  endfacet
  facet normal 0.659482 0.751721 -0
    outer loop
      vertex -15.808 37.192 19.9
      vertex -16.1128 37.4594 22
      vertex -15.808 37.192 22
    endloop
  endfacet
  facet normal 0.659482 0.751721 0
    outer loop
      vertex -16.1128 37.4594 22
      vertex -15.808 37.192 19.9
      vertex -16.1128 37.4594 19.9
    endloop
  endfacet
  facet normal -0.659636 -0.751585 0
    outer loop
      vertex -20 32.6396 19.9
      vertex -19.8872 32.5406 22
      vertex -20 32.6396 22
    endloop
  endfacet
  facet normal -0.659636 -0.751585 -0
    outer loop
      vertex -19.8872 32.5406 22
      vertex -20 32.6396 19.9
      vertex -19.8872 32.5406 19.9
    endloop
  endfacet
  facet normal -0.442176 0.896928 0
    outer loop
      vertex -19.1863 37.864 19.9
      vertex -19.55 37.6847 22
      vertex -19.1863 37.864 22
    endloop
  endfacet
  facet normal -0.442176 0.896928 0
    outer loop
      vertex -19.55 37.6847 22
      vertex -19.1863 37.864 19.9
      vertex -19.55 37.6847 19.9
    endloop
  endfacet
  facet normal 0.194116 0.980979 -0
    outer loop
      vertex -17.1977 37.9944 19.9
      vertex -17.226 38 22
      vertex -17.1977 37.9944 22
    endloop
  endfacet
  facet normal 0.194116 0.980979 0
    outer loop
      vertex -17.226 38 22
      vertex -17.1977 37.9944 19.9
      vertex -17.226 38 19.9
    endloop
  endfacet
  facet normal 0.442176 -0.896928 0
    outer loop
      vertex -16.8137 32.136 19.9
      vertex -16.45 32.3153 22
      vertex -16.8137 32.136 22
    endloop
  endfacet
  facet normal 0.442176 -0.896928 0
    outer loop
      vertex -16.45 32.3153 22
      vertex -16.8137 32.136 19.9
      vertex -16.45 32.3153 19.9
    endloop
  endfacet
  facet normal 0.997862 -0.0653568 0
    outer loop
      vertex -14.9265 34.5954 22
      vertex -14.9 35 19.9
      vertex -14.9 35 22
    endloop
  endfacet
  facet normal 0.997862 -0.0653568 0
    outer loop
      vertex -14.9 35 19.9
      vertex -14.9265 34.5954 22
      vertex -14.9265 34.5954 19.9
    endloop
  endfacet
  facet normal 0.321549 -0.946893 0
    outer loop
      vertex -17.1977 32.0056 19.9
      vertex -16.8137 32.136 22
      vertex -17.1977 32.0056 22
    endloop
  endfacet
  facet normal 0.321549 -0.946893 0
    outer loop
      vertex -16.8137 32.136 22
      vertex -17.1977 32.0056 19.9
      vertex -16.8137 32.136 19.9
    endloop
  endfacet
  facet normal 0.555553 0.831481 -0
    outer loop
      vertex -16.1128 37.4594 19.9
      vertex -16.45 37.6847 22
      vertex -16.1128 37.4594 22
    endloop
  endfacet
  facet normal 0.555553 0.831481 0
    outer loop
      vertex -16.45 37.6847 22
      vertex -16.1128 37.4594 19.9
      vertex -16.45 37.6847 19.9
    endloop
  endfacet
  facet normal 0.831481 0.555553 0
    outer loop
      vertex -15.3153 36.55 22
      vertex -15.5406 36.8872 19.9
      vertex -15.5406 36.8872 22
    endloop
  endfacet
  facet normal 0.831481 0.555553 0
    outer loop
      vertex -15.5406 36.8872 19.9
      vertex -15.3153 36.55 22
      vertex -15.3153 36.55 19.9
    endloop
  endfacet
  facet normal -0.194116 0.980979 0
    outer loop
      vertex -18.774 38 19.9
      vertex -18.8023 37.9944 22
      vertex -18.774 38 22
    endloop
  endfacet
  facet normal -0.194116 0.980979 0
    outer loop
      vertex -18.8023 37.9944 22
      vertex -18.774 38 19.9
      vertex -18.8023 37.9944 19.9
    endloop
  endfacet
  facet normal 0.751721 -0.659482 0
    outer loop
      vertex -15.808 32.808 22
      vertex -15.5406 33.1128 19.9
      vertex -15.5406 33.1128 22
    endloop
  endfacet
  facet normal 0.751721 -0.659482 0
    outer loop
      vertex -15.5406 33.1128 19.9
      vertex -15.808 32.808 22
      vertex -15.808 32.808 19.9
    endloop
  endfacet
  facet normal 0.0653568 -0.997862 0
    outer loop
      vertex -18 31.9 19.9
      vertex -17.5954 31.9265 22
      vertex -18 31.9 22
    endloop
  endfacet
  facet normal 0.0653568 -0.997862 0
    outer loop
      vertex -17.5954 31.9265 22
      vertex -18 31.9 19.9
      vertex -17.5954 31.9265 19.9
    endloop
  endfacet
  facet normal 0.946893 -0.321549 0
    outer loop
      vertex -15.136 33.8137 22
      vertex -15.0056 34.1977 19.9
      vertex -15.0056 34.1977 22
    endloop
  endfacet
  facet normal 0.946893 -0.321549 0
    outer loop
      vertex -15.0056 34.1977 19.9
      vertex -15.136 33.8137 22
      vertex -15.136 33.8137 19.9
    endloop
  endfacet
  facet normal -0.321549 0.946893 0
    outer loop
      vertex -18.8023 37.9944 19.9
      vertex -19.1863 37.864 22
      vertex -18.8023 37.9944 22
    endloop
  endfacet
  facet normal -0.321549 0.946893 0
    outer loop
      vertex -19.1863 37.864 22
      vertex -18.8023 37.9944 19.9
      vertex -19.1863 37.864 19.9
    endloop
  endfacet
  facet normal -0.195073 -0.980789 0
    outer loop
      vertex -18.8023 32.0056 19.9
      vertex -18.4046 31.9265 22
      vertex -18.8023 32.0056 22
    endloop
  endfacet
  facet normal -0.195073 -0.980789 -0
    outer loop
      vertex -18.4046 31.9265 22
      vertex -18.8023 32.0056 19.9
      vertex -18.4046 31.9265 19.9
    endloop
  endfacet
  facet normal 0 0 -1
    outer loop
      vertex -14.9265 34.5954 19.9
      vertex -14.9265 35.4046 19.9
      vertex -14.9 35 19.9
    endloop
  endfacet
  facet normal 0 0 -1
    outer loop
      vertex -15.0056 34.1977 19.9
      vertex -14.9265 35.4046 19.9
      vertex -14.9265 34.5954 19.9
    endloop
  endfacet
  facet normal 0 0 -1
    outer loop
      vertex -15.0056 34.1977 19.9
      vertex -15.0056 35.8023 19.9
      vertex -14.9265 35.4046 19.9
    endloop
  endfacet
  facet normal 0 0 -1
    outer loop
      vertex -15.136 33.8137 19.9
      vertex -15.0056 35.8023 19.9
      vertex -15.0056 34.1977 19.9
    endloop
  endfacet
  facet normal 0 0 -1
    outer loop
      vertex -15.136 33.8137 19.9
      vertex -15.136 36.1863 19.9
      vertex -15.0056 35.8023 19.9
    endloop
  endfacet
  facet normal 0 0 -1
    outer loop
      vertex -15.3153 33.45 19.9
      vertex -15.136 36.1863 19.9
      vertex -15.136 33.8137 19.9
    endloop
  endfacet
  facet normal 0 0 -1
    outer loop
      vertex -15.3153 33.45 19.9
      vertex -15.3153 36.55 19.9
      vertex -15.136 36.1863 19.9
    endloop
  endfacet
  facet normal 0 0 -1
    outer loop
      vertex -15.5406 33.1128 19.9
      vertex -15.3153 36.55 19.9
      vertex -15.3153 33.45 19.9
    endloop
  endfacet
  facet normal 0 0 -1
    outer loop
      vertex -15.5406 33.1128 19.9
      vertex -15.5406 36.8872 19.9
      vertex -15.3153 36.55 19.9
    endloop
  endfacet
  facet normal 0 0 -1
    outer loop
      vertex -15.808 32.808 19.9
      vertex -15.5406 36.8872 19.9
      vertex -15.5406 33.1128 19.9
    endloop
  endfacet
  facet normal 0 0 -1
    outer loop
      vertex -15.808 32.808 19.9
      vertex -15.808 37.192 19.9
      vertex -15.5406 36.8872 19.9
    endloop
  endfacet
  facet normal 0 0 -1
    outer loop
      vertex -16.1128 32.5406 19.9
      vertex -15.808 37.192 19.9
      vertex -15.808 32.808 19.9
    endloop
  endfacet
  facet normal 0 0 -1
    outer loop
      vertex -16.1128 32.5406 19.9
      vertex -16.1128 37.4594 19.9
      vertex -15.808 37.192 19.9
    endloop
  endfacet
  facet normal 0 0 -1
    outer loop
      vertex -16.45 32.3153 19.9
      vertex -16.1128 37.4594 19.9
      vertex -16.1128 32.5406 19.9
    endloop
  endfacet
  facet normal 0 0 -1
    outer loop
      vertex -16.45 32.3153 19.9
      vertex -16.45 37.6847 19.9
      vertex -16.1128 37.4594 19.9
    endloop
  endfacet
  facet normal 0 0 -1
    outer loop
      vertex -16.8137 32.136 19.9
      vertex -16.45 37.6847 19.9
      vertex -16.45 32.3153 19.9
    endloop
  endfacet
  facet normal 0 0 -1
    outer loop
      vertex -16.8137 32.136 19.9
      vertex -16.8137 37.864 19.9
      vertex -16.45 37.6847 19.9
    endloop
  endfacet
  facet normal 0 0 -1
    outer loop
      vertex -17.1977 32.0056 19.9
      vertex -16.8137 37.864 19.9
      vertex -16.8137 32.136 19.9
    endloop
  endfacet
  facet normal 0 0 -1
    outer loop
      vertex -17.226 38 19.9
      vertex -16.8137 37.864 19.9
      vertex -17.1977 32.0056 19.9
    endloop
  endfacet
  facet normal 0 0 -1
    outer loop
      vertex -16.8137 37.864 19.9
      vertex -17.226 38 19.9
      vertex -17.1977 37.9944 19.9
    endloop
  endfacet
  facet normal 0 0 -1
    outer loop
      vertex -17.5954 31.9265 19.9
      vertex -17.226 38 19.9
      vertex -17.1977 32.0056 19.9
    endloop
  endfacet
  facet normal 0 0 -1
    outer loop
      vertex -18 31.9 19.9
      vertex -17.226 38 19.9
      vertex -17.5954 31.9265 19.9
    endloop
  endfacet
  facet normal 0 0 -1
    outer loop
      vertex -18.4046 31.9265 19.9
      vertex -17.226 38 19.9
      vertex -18 31.9 19.9
    endloop
  endfacet
  facet normal 0 0 -1
    outer loop
      vertex -18.4046 31.9265 19.9
      vertex -18.774 38 19.9
      vertex -17.226 38 19.9
    endloop
  endfacet
  facet normal 0 0 -1
    outer loop
      vertex -18.8023 32.0056 19.9
      vertex -18.774 38 19.9
      vertex -18.4046 31.9265 19.9
    endloop
  endfacet
  facet normal 0 0 -1
    outer loop
      vertex -19.1863 32.136 19.9
      vertex -18.774 38 19.9
      vertex -18.8023 32.0056 19.9
    endloop
  endfacet
  facet normal 0 0 -1
    outer loop
      vertex -20 32.6396 19.9
      vertex -18.774 38 19.9
      vertex -19.1863 32.136 19.9
    endloop
  endfacet
  facet normal 0 0 -1
    outer loop
      vertex -18.774 38 19.9
      vertex -19.1863 37.864 19.9
      vertex -18.8023 37.9944 19.9
    endloop
  endfacet
  facet normal 0 0 -1
    outer loop
      vertex -20 32.6396 19.9
      vertex -19.1863 32.136 19.9
      vertex -19.55 32.3153 19.9
    endloop
  endfacet
  facet normal 0 0 -1
    outer loop
      vertex -20 37.3604 19.9
      vertex -18.774 38 19.9
      vertex -20 32.6396 19.9
    endloop
  endfacet
  facet normal 0 0 -1
    outer loop
      vertex -20 32.6396 19.9
      vertex -19.55 32.3153 19.9
      vertex -19.8872 32.5406 19.9
    endloop
  endfacet
  facet normal 0 0 -1
    outer loop
      vertex -18.774 38 19.9
      vertex -20 37.3604 19.9
      vertex -19.1863 37.864 19.9
    endloop
  endfacet
  facet normal 0 0 -1
    outer loop
      vertex -19.1863 37.864 19.9
      vertex -20 37.3604 19.9
      vertex -19.55 37.6847 19.9
    endloop
  endfacet
  facet normal 0 0 -1
    outer loop
      vertex -19.55 37.6847 19.9
      vertex -20 37.3604 19.9
      vertex -19.8872 37.4594 19.9
    endloop
  endfacet
  facet normal 0.751721 0.659482 0
    outer loop
      vertex -15.5406 36.8872 22
      vertex -15.808 37.192 19.9
      vertex -15.808 37.192 22
    endloop
  endfacet
  facet normal 0.751721 0.659482 0
    outer loop
      vertex -15.808 37.192 19.9
      vertex -15.5406 36.8872 22
      vertex -15.5406 36.8872 19.9
    endloop
  endfacet
  facet normal -0.442176 -0.896928 0
    outer loop
      vertex -19.55 32.3153 19.9
      vertex -19.1863 32.136 22
      vertex -19.55 32.3153 22
    endloop
  endfacet
  facet normal -0.442176 -0.896928 -0
    outer loop
      vertex -19.1863 32.136 22
      vertex -19.55 32.3153 19.9
      vertex -19.1863 32.136 19.9
    endloop
  endfacet
  facet normal 0.195073 -0.980789 0
    outer loop
      vertex -17.5954 31.9265 19.9
      vertex -17.1977 32.0056 22
      vertex -17.5954 31.9265 22
    endloop
  endfacet
  facet normal 0.195073 -0.980789 0
    outer loop
      vertex -17.1977 32.0056 22
      vertex -17.5954 31.9265 19.9
      vertex -17.1977 32.0056 19.9
    endloop
  endfacet
  facet normal -0.321549 -0.946893 0
    outer loop
      vertex -19.1863 32.136 19.9
      vertex -18.8023 32.0056 22
      vertex -19.1863 32.136 22
    endloop
  endfacet
  facet normal -0.321549 -0.946893 -0
    outer loop
      vertex -18.8023 32.0056 22
      vertex -19.1863 32.136 19.9
      vertex -18.8023 32.0056 19.9
    endloop
  endfacet
  facet normal 0.659482 -0.751721 0
    outer loop
      vertex -16.1128 32.5406 19.9
      vertex -15.808 32.808 22
      vertex -16.1128 32.5406 22
    endloop
  endfacet
  facet normal 0.659482 -0.751721 0
    outer loop
      vertex -15.808 32.808 22
      vertex -16.1128 32.5406 19.9
      vertex -15.808 32.808 19.9
    endloop
  endfacet
  facet normal -0.555553 -0.831481 0
    outer loop
      vertex -19.8872 32.5406 19.9
      vertex -19.55 32.3153 22
      vertex -19.8872 32.5406 22
    endloop
  endfacet
  facet normal -0.555553 -0.831481 -0
    outer loop
      vertex -19.55 32.3153 22
      vertex -19.8872 32.5406 19.9
      vertex -19.55 32.3153 19.9
    endloop
  endfacet
  facet normal 0.555553 -0.831481 0
    outer loop
      vertex -16.45 32.3153 19.9
      vertex -16.1128 32.5406 22
      vertex -16.45 32.3153 22
    endloop
  endfacet
  facet normal 0.555553 -0.831481 0
    outer loop
      vertex -16.1128 32.5406 22
      vertex -16.45 32.3153 19.9
      vertex -16.1128 32.5406 19.9
    endloop
  endfacet
  facet normal -0.659636 0.751585 0
    outer loop
      vertex -19.8872 37.4594 19.9
      vertex -20 37.3604 22
      vertex -19.8872 37.4594 22
    endloop
  endfacet
  facet normal -0.659636 0.751585 0
    outer loop
      vertex -20 37.3604 22
      vertex -19.8872 37.4594 19.9
      vertex -20 37.3604 19.9
    endloop
  endfacet
  facet normal -0.0653568 -0.997862 0
    outer loop
      vertex -18.4046 31.9265 19.9
      vertex -18 31.9 22
      vertex -18.4046 31.9265 22
    endloop
  endfacet
  facet normal -0.0653568 -0.997862 -0
    outer loop
      vertex -18 31.9 22
      vertex -18.4046 31.9265 19.9
      vertex -18 31.9 19.9
    endloop
  endfacet
  facet normal 0.442176 -0.896928 0
    outer loop
      vertex -16.8137 -42.864 19.9
      vertex -16.45 -42.6847 22
      vertex -16.8137 -42.864 22
    endloop
  endfacet
  facet normal 0.442176 -0.896928 0
    outer loop
      vertex -16.45 -42.6847 22
      vertex -16.8137 -42.864 19.9
      vertex -16.45 -42.6847 19.9
    endloop
  endfacet
  facet normal 0.980789 0.195073 0
    outer loop
      vertex -14.9265 -39.5954 22
      vertex -15.0056 -39.1977 19.9
      vertex -15.0056 -39.1977 22
    endloop
  endfacet
  facet normal 0.980789 0.195073 0
    outer loop
      vertex -15.0056 -39.1977 19.9
      vertex -14.9265 -39.5954 22
      vertex -14.9265 -39.5954 19.9
    endloop
  endfacet
  facet normal 0.997862 0.0653568 0
    outer loop
      vertex -14.9 -40 22
      vertex -14.9265 -39.5954 19.9
      vertex -14.9265 -39.5954 22
    endloop
  endfacet
  facet normal 0.997862 0.0653568 0
    outer loop
      vertex -14.9265 -39.5954 19.9
      vertex -14.9 -40 22
      vertex -14.9 -40 19.9
    endloop
  endfacet
  facet normal 0.946893 0.321549 0
    outer loop
      vertex -15.0056 -39.1977 22
      vertex -15.136 -38.8137 19.9
      vertex -15.136 -38.8137 22
    endloop
  endfacet
  facet normal 0.946893 0.321549 0
    outer loop
      vertex -15.136 -38.8137 19.9
      vertex -15.0056 -39.1977 22
      vertex -15.0056 -39.1977 19.9
    endloop
  endfacet
  facet normal 0.751721 -0.659482 0
    outer loop
      vertex -15.808 -42.192 22
      vertex -15.5406 -41.8872 19.9
      vertex -15.5406 -41.8872 22
    endloop
  endfacet
  facet normal 0.751721 -0.659482 0
    outer loop
      vertex -15.5406 -41.8872 19.9
      vertex -15.808 -42.192 22
      vertex -15.808 -42.192 19.9
    endloop
  endfacet
  facet normal 0.321549 0.946893 -0
    outer loop
      vertex -16.8137 -37.136 19.9
      vertex -17.1977 -37.0056 22
      vertex -16.8137 -37.136 22
    endloop
  endfacet
  facet normal 0.321549 0.946893 0
    outer loop
      vertex -17.1977 -37.0056 22
      vertex -16.8137 -37.136 19.9
      vertex -17.1977 -37.0056 19.9
    endloop
  endfacet
  facet normal 0.555553 0.831481 -0
    outer loop
      vertex -16.1128 -37.5406 19.9
      vertex -16.45 -37.3153 22
      vertex -16.1128 -37.5406 22
    endloop
  endfacet
  facet normal 0.555553 0.831481 0
    outer loop
      vertex -16.45 -37.3153 22
      vertex -16.1128 -37.5406 19.9
      vertex -16.45 -37.3153 19.9
    endloop
  endfacet
  facet normal 0.896928 -0.442176 0
    outer loop
      vertex -15.3153 -41.55 22
      vertex -15.136 -41.1863 19.9
      vertex -15.136 -41.1863 22
    endloop
  endfacet
  facet normal 0.896928 -0.442176 0
    outer loop
      vertex -15.136 -41.1863 19.9
      vertex -15.3153 -41.55 22
      vertex -15.3153 -41.55 19.9
    endloop
  endfacet
  facet normal 0.321549 -0.946893 0
    outer loop
      vertex -17.1977 -42.9944 19.9
      vertex -16.8137 -42.864 22
      vertex -17.1977 -42.9944 22
    endloop
  endfacet
  facet normal 0.321549 -0.946893 0
    outer loop
      vertex -16.8137 -42.864 22
      vertex -17.1977 -42.9944 19.9
      vertex -16.8137 -42.864 19.9
    endloop
  endfacet
  facet normal 0.896928 0.442176 0
    outer loop
      vertex -15.136 -38.8137 22
      vertex -15.3153 -38.45 19.9
      vertex -15.3153 -38.45 22
    endloop
  endfacet
  facet normal 0.896928 0.442176 0
    outer loop
      vertex -15.3153 -38.45 19.9
      vertex -15.136 -38.8137 22
      vertex -15.136 -38.8137 19.9
    endloop
  endfacet
  facet normal -0.195073 0.980789 0
    outer loop
      vertex -18.4046 -36.9265 19.9
      vertex -18.8023 -37.0056 22
      vertex -18.4046 -36.9265 22
    endloop
  endfacet
  facet normal -0.195073 0.980789 0
    outer loop
      vertex -18.8023 -37.0056 22
      vertex -18.4046 -36.9265 19.9
      vertex -18.8023 -37.0056 19.9
    endloop
  endfacet
  facet normal -0.555553 0.831481 0
    outer loop
      vertex -19.55 -37.3153 19.9
      vertex -19.8872 -37.5406 22
      vertex -19.55 -37.3153 22
    endloop
  endfacet
  facet normal -0.555553 0.831481 0
    outer loop
      vertex -19.8872 -37.5406 22
      vertex -19.55 -37.3153 19.9
      vertex -19.8872 -37.5406 19.9
    endloop
  endfacet
  facet normal -0.321549 -0.946893 0
    outer loop
      vertex -19.1863 -42.864 19.9
      vertex -18.8023 -42.9944 22
      vertex -19.1863 -42.864 22
    endloop
  endfacet
  facet normal -0.321549 -0.946893 -0
    outer loop
      vertex -18.8023 -42.9944 22
      vertex -19.1863 -42.864 19.9
      vertex -18.8023 -42.9944 19.9
    endloop
  endfacet
  facet normal 0.946893 -0.321549 0
    outer loop
      vertex -15.136 -41.1863 22
      vertex -15.0056 -40.8023 19.9
      vertex -15.0056 -40.8023 22
    endloop
  endfacet
  facet normal 0.946893 -0.321549 0
    outer loop
      vertex -15.0056 -40.8023 19.9
      vertex -15.136 -41.1863 22
      vertex -15.136 -41.1863 19.9
    endloop
  endfacet
  facet normal -0.659636 -0.751585 0
    outer loop
      vertex -20 -42.3604 19.9
      vertex -19.8872 -42.4594 22
      vertex -20 -42.3604 22
    endloop
  endfacet
  facet normal -0.659636 -0.751585 -0
    outer loop
      vertex -19.8872 -42.4594 22
      vertex -20 -42.3604 19.9
      vertex -19.8872 -42.4594 19.9
    endloop
  endfacet
  facet normal -0.659636 0.751585 0
    outer loop
      vertex -19.8872 -37.5406 19.9
      vertex -20 -37.6396 22
      vertex -19.8872 -37.5406 22
    endloop
  endfacet
  facet normal -0.659636 0.751585 0
    outer loop
      vertex -20 -37.6396 22
      vertex -19.8872 -37.5406 19.9
      vertex -20 -37.6396 19.9
    endloop
  endfacet
  facet normal -0.442176 0.896928 0
    outer loop
      vertex -19.1863 -37.136 19.9
      vertex -19.55 -37.3153 22
      vertex -19.1863 -37.136 22
    endloop
  endfacet
  facet normal -0.442176 0.896928 0
    outer loop
      vertex -19.55 -37.3153 22
      vertex -19.1863 -37.136 19.9
      vertex -19.55 -37.3153 19.9
    endloop
  endfacet
  facet normal -0.321549 0.946893 0
    outer loop
      vertex -18.8023 -37.0056 19.9
      vertex -19.1863 -37.136 22
      vertex -18.8023 -37.0056 22
    endloop
  endfacet
  facet normal -0.321549 0.946893 0
    outer loop
      vertex -19.1863 -37.136 22
      vertex -18.8023 -37.0056 19.9
      vertex -19.1863 -37.136 19.9
    endloop
  endfacet
  facet normal 0.659482 -0.751721 0
    outer loop
      vertex -16.1128 -42.4594 19.9
      vertex -15.808 -42.192 22
      vertex -16.1128 -42.4594 22
    endloop
  endfacet
  facet normal 0.659482 -0.751721 0
    outer loop
      vertex -15.808 -42.192 22
      vertex -16.1128 -42.4594 19.9
      vertex -15.808 -42.192 19.9
    endloop
  endfacet
  facet normal 0.0653568 0.997862 -0
    outer loop
      vertex -17.5954 -36.9265 19.9
      vertex -18 -36.9 22
      vertex -17.5954 -36.9265 22
    endloop
  endfacet
  facet normal 0.0653568 0.997862 0
    outer loop
      vertex -18 -36.9 22
      vertex -17.5954 -36.9265 19.9
      vertex -18 -36.9 19.9
    endloop
  endfacet
  facet normal 0.831481 0.555553 0
    outer loop
      vertex -15.3153 -38.45 22
      vertex -15.5406 -38.1128 19.9
      vertex -15.5406 -38.1128 22
    endloop
  endfacet
  facet normal 0.831481 0.555553 0
    outer loop
      vertex -15.5406 -38.1128 19.9
      vertex -15.3153 -38.45 22
      vertex -15.3153 -38.45 19.9
    endloop
  endfacet
  facet normal 0.194116 -0.980979 0
    outer loop
      vertex -17.226 -43 19.9
      vertex -17.1977 -42.9944 22
      vertex -17.226 -43 22
    endloop
  endfacet
  facet normal 0.194116 -0.980979 0
    outer loop
      vertex -17.1977 -42.9944 22
      vertex -17.226 -43 19.9
      vertex -17.1977 -42.9944 19.9
    endloop
  endfacet
  facet normal 0.659482 0.751721 -0
    outer loop
      vertex -15.808 -37.808 19.9
      vertex -16.1128 -37.5406 22
      vertex -15.808 -37.808 22
    endloop
  endfacet
  facet normal 0.659482 0.751721 0
    outer loop
      vertex -16.1128 -37.5406 22
      vertex -15.808 -37.808 19.9
      vertex -16.1128 -37.5406 19.9
    endloop
  endfacet
  facet normal 0.997862 -0.0653568 0
    outer loop
      vertex -14.9265 -40.4046 22
      vertex -14.9 -40 19.9
      vertex -14.9 -40 22
    endloop
  endfacet
  facet normal 0.997862 -0.0653568 0
    outer loop
      vertex -14.9 -40 19.9
      vertex -14.9265 -40.4046 22
      vertex -14.9265 -40.4046 19.9
    endloop
  endfacet
  facet normal 0.980789 -0.195073 0
    outer loop
      vertex -15.0056 -40.8023 22
      vertex -14.9265 -40.4046 19.9
      vertex -14.9265 -40.4046 22
    endloop
  endfacet
  facet normal 0.980789 -0.195073 0
    outer loop
      vertex -14.9265 -40.4046 19.9
      vertex -15.0056 -40.8023 22
      vertex -15.0056 -40.8023 19.9
    endloop
  endfacet
  facet normal 0.555553 -0.831481 0
    outer loop
      vertex -16.45 -42.6847 19.9
      vertex -16.1128 -42.4594 22
      vertex -16.45 -42.6847 22
    endloop
  endfacet
  facet normal 0.555553 -0.831481 0
    outer loop
      vertex -16.1128 -42.4594 22
      vertex -16.45 -42.6847 19.9
      vertex -16.1128 -42.4594 19.9
    endloop
  endfacet
  facet normal 0.195073 0.980789 -0
    outer loop
      vertex -17.1977 -37.0056 19.9
      vertex -17.5954 -36.9265 22
      vertex -17.1977 -37.0056 22
    endloop
  endfacet
  facet normal 0.195073 0.980789 0
    outer loop
      vertex -17.5954 -36.9265 22
      vertex -17.1977 -37.0056 19.9
      vertex -17.5954 -36.9265 19.9
    endloop
  endfacet
  facet normal 0.751721 0.659482 0
    outer loop
      vertex -15.5406 -38.1128 22
      vertex -15.808 -37.808 19.9
      vertex -15.808 -37.808 22
    endloop
  endfacet
  facet normal 0.751721 0.659482 0
    outer loop
      vertex -15.808 -37.808 19.9
      vertex -15.5406 -38.1128 22
      vertex -15.5406 -38.1128 19.9
    endloop
  endfacet
  facet normal 0.442176 0.896928 -0
    outer loop
      vertex -16.45 -37.3153 19.9
      vertex -16.8137 -37.136 22
      vertex -16.45 -37.3153 22
    endloop
  endfacet
  facet normal 0.442176 0.896928 0
    outer loop
      vertex -16.8137 -37.136 22
      vertex -16.45 -37.3153 19.9
      vertex -16.8137 -37.136 19.9
    endloop
  endfacet
  facet normal 0.831481 -0.555553 0
    outer loop
      vertex -15.5406 -41.8872 22
      vertex -15.3153 -41.55 19.9
      vertex -15.3153 -41.55 22
    endloop
  endfacet
  facet normal 0.831481 -0.555553 0
    outer loop
      vertex -15.3153 -41.55 19.9
      vertex -15.5406 -41.8872 22
      vertex -15.5406 -41.8872 19.9
    endloop
  endfacet
  facet normal -0.442176 -0.896928 0
    outer loop
      vertex -19.55 -42.6847 19.9
      vertex -19.1863 -42.864 22
      vertex -19.55 -42.6847 22
    endloop
  endfacet
  facet normal -0.442176 -0.896928 -0
    outer loop
      vertex -19.1863 -42.864 22
      vertex -19.55 -42.6847 19.9
      vertex -19.1863 -42.864 19.9
    endloop
  endfacet
  facet normal -0.194116 -0.980979 0
    outer loop
      vertex -18.8023 -42.9944 19.9
      vertex -18.774 -43 22
      vertex -18.8023 -42.9944 22
    endloop
  endfacet
  facet normal -0.194116 -0.980979 -0
    outer loop
      vertex -18.774 -43 22
      vertex -18.8023 -42.9944 19.9
      vertex -18.774 -43 19.9
    endloop
  endfacet
  facet normal -0.0653568 0.997862 0
    outer loop
      vertex -18 -36.9 19.9
      vertex -18.4046 -36.9265 22
      vertex -18 -36.9 22
    endloop
  endfacet
  facet normal -0.0653568 0.997862 0
    outer loop
      vertex -18.4046 -36.9265 22
      vertex -18 -36.9 19.9
      vertex -18.4046 -36.9265 19.9
    endloop
  endfacet
  facet normal 0 0 -1
    outer loop
      vertex -14.9265 -40.4046 19.9
      vertex -14.9265 -39.5954 19.9
      vertex -14.9 -40 19.9
    endloop
  endfacet
  facet normal 0 0 -1
    outer loop
      vertex -15.0056 -40.8023 19.9
      vertex -14.9265 -39.5954 19.9
      vertex -14.9265 -40.4046 19.9
    endloop
  endfacet
  facet normal 0 0 -1
    outer loop
      vertex -15.0056 -40.8023 19.9
      vertex -15.0056 -39.1977 19.9
      vertex -14.9265 -39.5954 19.9
    endloop
  endfacet
  facet normal 0 0 -1
    outer loop
      vertex -15.136 -41.1863 19.9
      vertex -15.0056 -39.1977 19.9
      vertex -15.0056 -40.8023 19.9
    endloop
  endfacet
  facet normal 0 0 -1
    outer loop
      vertex -15.136 -41.1863 19.9
      vertex -15.136 -38.8137 19.9
      vertex -15.0056 -39.1977 19.9
    endloop
  endfacet
  facet normal 0 0 -1
    outer loop
      vertex -15.3153 -41.55 19.9
      vertex -15.136 -38.8137 19.9
      vertex -15.136 -41.1863 19.9
    endloop
  endfacet
  facet normal 0 0 -1
    outer loop
      vertex -15.3153 -41.55 19.9
      vertex -15.3153 -38.45 19.9
      vertex -15.136 -38.8137 19.9
    endloop
  endfacet
  facet normal 0 0 -1
    outer loop
      vertex -15.5406 -41.8872 19.9
      vertex -15.3153 -38.45 19.9
      vertex -15.3153 -41.55 19.9
    endloop
  endfacet
  facet normal 0 0 -1
    outer loop
      vertex -15.5406 -41.8872 19.9
      vertex -15.5406 -38.1128 19.9
      vertex -15.3153 -38.45 19.9
    endloop
  endfacet
  facet normal 0 0 -1
    outer loop
      vertex -15.808 -42.192 19.9
      vertex -15.5406 -38.1128 19.9
      vertex -15.5406 -41.8872 19.9
    endloop
  endfacet
  facet normal 0 0 -1
    outer loop
      vertex -15.808 -42.192 19.9
      vertex -15.808 -37.808 19.9
      vertex -15.5406 -38.1128 19.9
    endloop
  endfacet
  facet normal 0 0 -1
    outer loop
      vertex -16.1128 -42.4594 19.9
      vertex -15.808 -37.808 19.9
      vertex -15.808 -42.192 19.9
    endloop
  endfacet
  facet normal 0 0 -1
    outer loop
      vertex -16.1128 -42.4594 19.9
      vertex -16.1128 -37.5406 19.9
      vertex -15.808 -37.808 19.9
    endloop
  endfacet
  facet normal 0 0 -1
    outer loop
      vertex -16.45 -42.6847 19.9
      vertex -16.1128 -37.5406 19.9
      vertex -16.1128 -42.4594 19.9
    endloop
  endfacet
  facet normal 0 0 -1
    outer loop
      vertex -16.45 -42.6847 19.9
      vertex -16.45 -37.3153 19.9
      vertex -16.1128 -37.5406 19.9
    endloop
  endfacet
  facet normal 0 0 -1
    outer loop
      vertex -16.8137 -42.864 19.9
      vertex -16.45 -37.3153 19.9
      vertex -16.45 -42.6847 19.9
    endloop
  endfacet
  facet normal 0 0 -1
    outer loop
      vertex -16.8137 -42.864 19.9
      vertex -16.8137 -37.136 19.9
      vertex -16.45 -37.3153 19.9
    endloop
  endfacet
  facet normal 0 0 -1
    outer loop
      vertex -17.226 -43 19.9
      vertex -16.8137 -42.864 19.9
      vertex -17.1977 -42.9944 19.9
    endloop
  endfacet
  facet normal -0 0 -1
    outer loop
      vertex -16.8137 -42.864 19.9
      vertex -17.226 -43 19.9
      vertex -16.8137 -37.136 19.9
    endloop
  endfacet
  facet normal -0 0 -1
    outer loop
      vertex -16.8137 -37.136 19.9
      vertex -17.226 -43 19.9
      vertex -17.1977 -37.0056 19.9
    endloop
  endfacet
  facet normal 0 0 -1
    outer loop
      vertex -17.226 -43 19.9
      vertex -17.5954 -36.9265 19.9
      vertex -17.1977 -37.0056 19.9
    endloop
  endfacet
  facet normal 0 0 -1
    outer loop
      vertex -17.226 -43 19.9
      vertex -18 -36.9 19.9
      vertex -17.5954 -36.9265 19.9
    endloop
  endfacet
  facet normal 0 0 -1
    outer loop
      vertex -17.226 -43 19.9
      vertex -18.4046 -36.9265 19.9
      vertex -18 -36.9 19.9
    endloop
  endfacet
  facet normal 0 0 -1
    outer loop
      vertex -18.774 -43 19.9
      vertex -18.4046 -36.9265 19.9
      vertex -17.226 -43 19.9
    endloop
  endfacet
  facet normal 0 0 -1
    outer loop
      vertex -19.1863 -42.864 19.9
      vertex -18.774 -43 19.9
      vertex -18.8023 -42.9944 19.9
    endloop
  endfacet
  facet normal 0 0 -1
    outer loop
      vertex -18.774 -43 19.9
      vertex -18.8023 -37.0056 19.9
      vertex -18.4046 -36.9265 19.9
    endloop
  endfacet
  facet normal 0 0 -1
    outer loop
      vertex -18.774 -43 19.9
      vertex -19.1863 -42.864 19.9
      vertex -18.8023 -37.0056 19.9
    endloop
  endfacet
  facet normal 0 0 -1
    outer loop
      vertex -19.1863 -42.864 19.9
      vertex -19.1863 -37.136 19.9
      vertex -18.8023 -37.0056 19.9
    endloop
  endfacet
  facet normal 0 0 -1
    outer loop
      vertex -20 -42.3604 19.9
      vertex -19.1863 -42.864 19.9
      vertex -19.55 -42.6847 19.9
    endloop
  endfacet
  facet normal 0 0 -1
    outer loop
      vertex -19.1863 -42.864 19.9
      vertex -20 -42.3604 19.9
      vertex -19.1863 -37.136 19.9
    endloop
  endfacet
  facet normal 0 0 -1
    outer loop
      vertex -20 -42.3604 19.9
      vertex -19.55 -42.6847 19.9
      vertex -19.8872 -42.4594 19.9
    endloop
  endfacet
  facet normal 0 0 -1
    outer loop
      vertex -20 -37.6396 19.9
      vertex -19.1863 -37.136 19.9
      vertex -20 -42.3604 19.9
    endloop
  endfacet
  facet normal 0 0 -1
    outer loop
      vertex -19.1863 -37.136 19.9
      vertex -20 -37.6396 19.9
      vertex -19.55 -37.3153 19.9
    endloop
  endfacet
  facet normal 0 0 -1
    outer loop
      vertex -19.55 -37.3153 19.9
      vertex -20 -37.6396 19.9
      vertex -19.8872 -37.5406 19.9
    endloop
  endfacet
  facet normal -0.555553 -0.831481 0
    outer loop
      vertex -19.8872 -42.4594 19.9
      vertex -19.55 -42.6847 22
      vertex -19.8872 -42.4594 22
    endloop
  endfacet
  facet normal -0.555553 -0.831481 -0
    outer loop
      vertex -19.55 -42.6847 22
      vertex -19.8872 -42.4594 19.9
      vertex -19.55 -42.6847 19.9
    endloop
  endfacet
  facet normal 0.96074 -0.137024 -0.241254
    outer loop
      vertex -0.860907 40 0
      vertex -0.842939 40.0308 0.0540602
      vertex -0.847256 40 0.0543621
    endloop
  endfacet
  facet normal 0.96074 -0.137138 -0.241189
    outer loop
      vertex -0.842939 40.0308 0.0540602
      vertex -0.860907 40 0
      vertex -0.863202 40.0328 -0.0277915
    endloop
  endfacet
  facet normal 0.960772 -0.137064 -0.241105
    outer loop
      vertex -0.863202 40.0328 -0.0277915
      vertex -0.860907 40 0
      vertex -1.26064 37.198 0
    endloop
  endfacet
  facet normal 0.240236 -0.0241634 0.970414
    outer loop
      vertex -1.11974 40.0826 1.37659
      vertex -7.62125 40 2.98405
      vertex -1.13132 40 1.3774
    endloop
  endfacet
  facet normal 0.240236 -0.0241711 0.970414
    outer loop
      vertex -17.8441 42.4685 5.57631
      vertex -7.62125 40 2.98405
      vertex -1.11974 40.0826 1.37659
    endloop
  endfacet
  facet normal 0.240236 -0.0241697 0.970413
    outer loop
      vertex -7.62125 40 2.98405
      vertex -17.8441 42.4685 5.57631
      vertex -17.0222 41.3411 5.34476
    endloop
  endfacet
  facet normal 0.240237 -0.0241693 0.970413
    outer loop
      vertex -18.1902 40 5.60051
      vertex -17.0222 41.3411 5.34476
      vertex -17.8441 42.4685 5.57631
    endloop
  endfacet
  facet normal 0.24025 -0.0241818 0.97041
    outer loop
      vertex -17.0222 41.3411 5.34476
      vertex -18.1902 40 5.60051
      vertex -17.2103 40 5.35791
    endloop
  endfacet
  facet normal 0.240229 -0.0241666 0.970415
    outer loop
      vertex -3.71545 24.4192 1.6291
      vertex -3.02759 26.4744 1.51
      vertex -2.01216 36.5683 1.51
    endloop
  endfacet
  facet normal 0.240232 -0.0241678 0.970415
    outer loop
      vertex -3.02759 26.4744 1.51
      vertex -3.71545 24.4192 1.6291
      vertex -3.31966 24.3911 1.53042
    endloop
  endfacet
  facet normal 0.240218 -0.0241643 0.970418
    outer loop
      vertex -20 27.0912 5.72706
      vertex -17.4906 38 5.37752
      vertex -18.4706 38 5.62011
    endloop
  endfacet
  facet normal 0.240234 -0.024168 0.970414
    outer loop
      vertex -17.4906 38 5.37752
      vertex -20 27.0912 5.72706
      vertex -19.2402 25.521 5.49986
    endloop
  endfacet
  facet normal 0.240235 -0.0241675 0.970414
    outer loop
      vertex -19.2402 25.521 5.49986
      vertex -20 27.0912 5.72706
      vertex -20 25.575 5.6893
    endloop
  endfacet
  facet normal -0.240228 0.0241662 -0.970416
    outer loop
      vertex -0.863202 40.0328 -0.0277915
      vertex -1.26064 37.198 0
      vertex -0.978767 40 0
    endloop
  endfacet
  facet normal -0.240231 0.0241777 -0.970415
    outer loop
      vertex -0.978767 40 0
      vertex -1.32278 40.0984 0.0876138
      vertex -0.863202 40.0328 -0.0277915
    endloop
  endfacet
  facet normal -0.240237 0.0241546 -0.970414
    outer loop
      vertex -1.32278 40.0984 0.0876138
      vertex -0.978767 40 0
      vertex -1.33657 40 0.0885784
    endloop
  endfacet
  facet normal -0.240237 0.024161 -0.970413
    outer loop
      vertex -1.81257 40 0.206417
      vertex -18.1564 42.4999 4.31477
      vertex -1.78944 40.165 0.204799
    endloop
  endfacet
  facet normal -0.240236 0.0241682 -0.970414
    outer loop
      vertex -18.1564 42.4999 4.31477
      vertex -1.81257 40 0.206417
      vertex -18.5069 40 4.33928
    endloop
  endfacet
  facet normal -0.240222 0.0241652 -0.970417
    outer loop
      vertex -8.79021 22.9824 1.51
      vertex -8.45 27.3153 1.53368
      vertex -8.34744 27.3839 1.51
    endloop
  endfacet
  facet normal -0.240242 0.0241668 -0.970412
    outer loop
      vertex -8.79021 22.9824 1.51
      vertex -8.81368 27.136 1.61925
      vertex -8.45 27.3153 1.53368
    endloop
  endfacet
  facet normal -0.240234 0.0241669 -0.970414
    outer loop
      vertex -8.79021 22.9824 1.51
      vertex -9.19766 27.0056 1.71106
      vertex -8.81368 27.136 1.61925
    endloop
  endfacet
  facet normal -0.240242 0.024166 -0.970412
    outer loop
      vertex -8.79021 22.9824 1.51
      vertex -9.59537 26.9265 1.80755
      vertex -9.19766 27.0056 1.71106
    endloop
  endfacet
  facet normal -0.240235 0.0241675 -0.970414
    outer loop
      vertex -8.79021 22.9824 1.51
      vertex -10 26.9 1.90706
      vertex -9.59537 26.9265 1.80755
    endloop
  endfacet
  facet normal -0.240252 0.0241617 -0.97041
    outer loop
      vertex -8.79021 22.9824 1.51
      vertex -10.4046 26.9265 2.00789
      vertex -10 26.9 1.90706
    endloop
  endfacet
  facet normal -0.240214 0.0241788 -0.970419
    outer loop
      vertex -8.79021 22.9824 1.51
      vertex -10.7694 26.9991 2.1
      vertex -10.4046 26.9265 2.00789
    endloop
  endfacet
  facet normal -0.240236 0.0241668 -0.970414
    outer loop
      vertex -20 24.5816 4.32493
      vertex -10.7694 26.9991 2.1
      vertex -8.79021 22.9824 1.51
    endloop
  endfacet
  facet normal -0.240236 0.0241657 -0.970414
    outer loop
      vertex -10.7694 26.9991 2.1
      vertex -20 24.5816 4.32493
      vertex -20 29.3502 4.44368
    endloop
  endfacet
  facet normal -0.240236 0.0241673 -0.970414
    outer loop
      vertex -10.7694 26.9991 2.1
      vertex -20 29.3502 4.44368
      vertex -18.7873 38 4.35888
    endloop
  endfacet
  facet normal -0.24022 0.0241654 -0.970418
    outer loop
      vertex -8.11284 32.4594 1.57832
      vertex -7.27948 38 1.51
      vertex -7.85922 32.237 1.51
    endloop
  endfacet
  facet normal -0.24024 0.0241684 -0.970413
    outer loop
      vertex -8.45 32.6847 1.6674
      vertex -7.27948 38 1.51
      vertex -8.11284 32.4594 1.57832
    endloop
  endfacet
  facet normal -0.24024 0.0241685 -0.970413
    outer loop
      vertex -8.81368 32.864 1.7619
      vertex -7.27948 38 1.51
      vertex -8.45 32.6847 1.6674
    endloop
  endfacet
  facet normal -0.240245 0.0241701 -0.970411
    outer loop
      vertex -9.19766 32.9944 1.86021
      vertex -7.27948 38 1.51
      vertex -8.81368 32.864 1.7619
    endloop
  endfacet
  facet normal -0.240221 0.0241603 -0.970418
    outer loop
      vertex -9.59537 33.0735 1.96063
      vertex -7.27948 38 1.51
      vertex -9.19766 32.9944 1.86021
    endloop
  endfacet
  facet normal -0.240235 0.0241674 -0.970414
    outer loop
      vertex -10 33.1 2.06146
      vertex -7.27948 38 1.51
      vertex -9.59537 33.0735 1.96063
    endloop
  endfacet
  facet normal -0.240259 0.0241813 -0.970408
    outer loop
      vertex -10.1567 33.0897 2.1
      vertex -7.27948 38 1.51
      vertex -10 33.1 2.06146
    endloop
  endfacet
  facet normal -0.240236 0.0241671 -0.970414
    outer loop
      vertex -10.1567 33.0897 2.1
      vertex -18.7873 38 4.35888
      vertex -7.27948 38 1.51
    endloop
  endfacet
  facet normal -0.240236 0.0241672 -0.970414
    outer loop
      vertex -18.7873 38 4.35888
      vertex -10.1567 33.0897 2.1
      vertex -10.7694 26.9991 2.1
    endloop
  endfacet
  facet normal -0.960736 0.137066 0.241246
    outer loop
      vertex -18.5069 40 4.33928
      vertex -17.8441 42.4685 5.57631
      vertex -18.1564 42.4999 4.31477
    endloop
  endfacet
  facet normal -0.960736 0.137067 0.241245
    outer loop
      vertex -17.8441 42.4685 5.57631
      vertex -18.5069 40 4.33928
      vertex -18.1902 40 5.60051
    endloop
  endfacet
  facet normal -0.960737 0.13706 0.241245
    outer loop
      vertex -20 29.3502 4.44368
      vertex -18.4706 38 5.62011
      vertex -18.7873 38 4.35888
    endloop
  endfacet
  facet normal -0.960736 0.137059 0.241251
    outer loop
      vertex -18.4706 38 5.62011
      vertex -20 29.3502 4.44368
      vertex -20 27.0912 5.72706
    endloop
  endfacet
  facet normal 0.138833 0.990268 -0.00974604
    outer loop
      vertex 16.0646 37.6599 0
      vertex 12.4226 38.1619 -0.873559
      vertex -0.0698415 39.9219 0
    endloop
  endfacet
  facet normal 0.138816 0.990271 -0.00967664
    outer loop
      vertex 16.0646 37.6599 0
      vertex 13.7267 37.9782 -0.964745
      vertex 12.4226 38.1619 -0.873559
    endloop
  endfacet
  facet normal 0.138828 0.990269 -0.00970664
    outer loop
      vertex 13.7267 37.9782 -0.964745
      vertex 16.0646 37.6599 0
      vertex 15.9861 37.6599 -1.12274
    endloop
  endfacet
  facet normal 0.138812 0.990271 -0.00973819
    outer loop
      vertex 13.1772 38.0334 -3.18428
      vertex 12.4226 38.1619 -0.873559
      vertex 13.7267 37.9782 -0.964745
    endloop
  endfacet
  facet normal 0.138843 0.990267 -0.00972794
    outer loop
      vertex 12.4226 38.1619 -0.873559
      vertex 13.1772 38.0334 -3.18428
      vertex 11.9282 38.2116 -2.87065
    endloop
  endfacet
  facet normal 0.138858 0.990265 -0.00971273
    outer loop
      vertex 17.5014 37.5984 14.2832
      vertex 14.0319 38 5.62692
      vertex 16.2525 37.7766 14.5968
    endloop
  endfacet
  facet normal 0.138865 0.990264 -0.00971594
    outer loop
      vertex 14.3393 37.9165 1.51
      vertex 14.0319 38 5.62692
      vertex 17.5014 37.5984 14.2832
    endloop
  endfacet
  facet normal 0.138899 0.990259 -0.00971334
    outer loop
      vertex 14.0319 38 5.62692
      vertex 14.3393 37.9165 1.51
      vertex 13.744 38 1.51
    endloop
  endfacet
  facet normal 0.138833 0.990268 -0.00971046
    outer loop
      vertex -1.78944 40.165 0.204799
      vertex -17.8441 42.4685 5.57631
      vertex -1.11974 40.0826 1.37659
    endloop
  endfacet
  facet normal 0.13883 0.990268 -0.00972006
    outer loop
      vertex -17.8441 42.4685 5.57631
      vertex -1.78944 40.165 0.204799
      vertex -18.1564 42.4999 4.31477
    endloop
  endfacet
  facet normal 0.138888 0.99026 -0.00971718
    outer loop
      vertex -0.842939 40.0308 0.0540602
      vertex -1.11974 40.0826 1.37659
      vertex -0.533674 40 1.33561
    endloop
  endfacet
  facet normal 0.138881 0.990261 -0.00973818
    outer loop
      vertex -1.11974 40.0826 1.37659
      vertex -1.32278 40.0984 0.0876138
      vertex -1.78944 40.165 0.204799
    endloop
  endfacet
  facet normal 0.138889 0.99026 -0.00970594
    outer loop
      vertex -1.78944 40.165 0.204799
      vertex -1.32278 40.0984 0.0876138
      vertex -1.79532 40.165 0.120658
    endloop
  endfacet
  facet normal 0.138829 0.990269 -0.00972984
    outer loop
      vertex -1.11974 40.0826 1.37659
      vertex -0.842939 40.0308 0.0540602
      vertex -1.32278 40.0984 0.0876138
    endloop
  endfacet
  facet normal 0.138857 0.990265 -0.00970981
    outer loop
      vertex -0.842939 40.0308 0.0540602
      vertex -0.533674 40 1.33561
      vertex -0.624357 40 0.0387755
    endloop
  endfacet
  facet normal 0.138798 0.990269 -0.0101639
    outer loop
      vertex -1.32278 40.0984 0.0876138
      vertex -0.842939 40.0308 0.0540602
      vertex -0.863202 40.0328 -0.0277915
    endloop
  endfacet
  facet normal -0.138845 -0.990266 0.00972847
    outer loop
      vertex 10.6782 20.2086 -3.00953
      vertex 9.92362 20.3371 -0.698811
      vertex 9.42922 20.3868 -2.6959
    endloop
  endfacet
  facet normal -0.138901 -0.990259 0.00970966
    outer loop
      vertex 9.92362 20.3371 -0.698811
      vertex 10.6782 20.2086 -3.00953
      vertex 11.2276 20.1533 -0.789997
    endloop
  endfacet
  facet normal -0.138816 -0.990272 0.00961167
    outer loop
      vertex 9.92362 20.3371 -0.698811
      vertex 8.92906 20.4833 0
      vertex 8.77566 20.4988 -0.618538
    endloop
  endfacet
  facet normal -0.138918 -0.990259 0.00946365
    outer loop
      vertex 11.2276 20.1533 -0.789997
      vertex 8.92906 20.4833 0
      vertex 9.92362 20.3371 -0.698811
    endloop
  endfacet
  facet normal -0.138829 -0.990269 0.00972827
    outer loop
      vertex 8.92906 20.4833 0
      vertex 11.2276 20.1533 -0.789997
      vertex 13.5534 19.835 0
    endloop
  endfacet
  facet normal -0.138822 -0.99027 0.00970886
    outer loop
      vertex 13.5534 19.835 0
      vertex 11.2276 20.1533 -0.789997
      vertex 13.4871 19.835 -0.947991
    endloop
  endfacet
  facet normal -0.138846 -0.990266 0.00971372
    outer loop
      vertex 11.308 20.1646 1.51
      vertex 13.7535 19.9518 14.7715
      vertex 10.4847 20.2806 1.56757
    endloop
  endfacet
  facet normal -0.138721 -0.990284 0.0096904
    outer loop
      vertex 11.797 20.0961 1.51
      vertex 13.7535 19.9518 14.7715
      vertex 11.308 20.1646 1.51
    endloop
  endfacet
  facet normal -0.138858 -0.990265 0.00971086
    outer loop
      vertex 13.7535 19.9518 14.7715
      vertex 11.797 20.0961 1.51
      vertex 15.0024 19.7736 14.4579
    endloop
  endfacet
  facet normal -0.138868 -0.990265 0.0095741
    outer loop
      vertex -8.79021 22.9824 1.51
      vertex -20 24.5873 4.91449
      vertex -20 24.5816 4.32493
    endloop
  endfacet
  facet normal -0.13886 -0.990265 0.00960081
    outer loop
      vertex -20 24.5873 4.91449
      vertex -8.79021 22.9824 1.51
      vertex -6.53397 22.6663 1.53901
    endloop
  endfacet
  facet normal -0.138861 -0.990264 0.00971694
    outer loop
      vertex -6.53397 22.6663 1.53901
      vertex -8.79021 22.9824 1.51
      vertex -6.536 22.6663 1.51
    endloop
  endfacet
  facet normal -0.138833 -0.990267 0.00983442
    outer loop
      vertex 5.19058 21.0075 0
      vertex -0.0698415 21.745 0
      vertex 7.2258 20.7171 -0.510161
    endloop
  endfacet
  facet normal 0.960735 -0.137054 -0.241254
    outer loop
      vertex -0.836944 38 5.37667
      vertex -2.01216 36.5683 1.51
      vertex -1.80792 38 1.51
    endloop
  endfacet
  facet normal 0.960735 -0.137059 -0.241253
    outer loop
      vertex -3.4872 24.4077 2.54458
      vertex -2.01216 36.5683 1.51
      vertex -0.836944 38 5.37667
    endloop
  endfacet
  facet normal 0.960735 -0.137059 -0.241255
    outer loop
      vertex -2.01216 36.5683 1.51
      vertex -3.4872 24.4077 2.54458
      vertex -3.71545 24.4192 1.6291
    endloop
  endfacet
  facet normal 0.960734 -0.137058 -0.241256
    outer loop
      vertex -2.88693 23.3779 5.52002
      vertex -3.4872 24.4077 2.54458
      vertex -0.836944 38 5.37667
    endloop
  endfacet
  facet normal 0.960733 -0.137067 -0.241259
    outer loop
      vertex -3.4872 24.4077 2.54458
      vertex -2.88693 23.3779 5.52002
      vertex -3.62637 23.4151 2.55431
    endloop
  endfacet
  facet normal 0.240236 -0.0241642 0.970414
    outer loop
      vertex -16.0613 41.2445 9.22641
      vertex -16.2358 40 9.23862
      vertex -7.33792 40 7.03586
    endloop
  endfacet
  facet normal 0.240235 -0.0241668 0.970414
    outer loop
      vertex -0.836944 38 5.37667
      vertex -5.1501 23.5386 6.08429
      vertex -2.88693 23.3779 5.52002
    endloop
  endfacet
  facet normal 0.240235 -0.0241669 0.970414
    outer loop
      vertex -16.5162 38 9.25822
      vertex -5.1501 23.5386 6.08429
      vertex -0.836944 38 5.37667
    endloop
  endfacet
  facet normal 0.240237 -0.0241654 0.970413
    outer loop
      vertex -18.2826 25.4002 9.38175
      vertex -5.1501 23.5386 6.08429
      vertex -16.5162 38 9.25822
    endloop
  endfacet
  facet normal 0.240219 -0.0242982 0.970415
    outer loop
      vertex -5.1501 23.5386 6.08429
      vertex -18.2826 25.4002 9.38175
      vertex -5.15093 23.5268 6.0842
    endloop
  endfacet
  facet normal -0.96073 0.137116 0.24124
    outer loop
      vertex -17.2103 40 5.35791
      vertex -16.0613 41.2445 9.22641
      vertex -17.0222 41.3411 5.34476
    endloop
  endfacet
  facet normal -0.960732 0.137078 0.241253
    outer loop
      vertex -16.0613 41.2445 9.22641
      vertex -17.2103 40 5.35791
      vertex -16.2358 40 9.23862
    endloop
  endfacet
  facet normal -0.960743 0.137064 0.241216
    outer loop
      vertex -19.1048 25.5142 6.04301
      vertex -17.4906 38 5.37752
      vertex -19.2402 25.521 5.49986
    endloop
  endfacet
  facet normal -0.96074 0.137065 0.241231
    outer loop
      vertex -17.4906 38 5.37752
      vertex -19.1048 25.5142 6.04301
      vertex -16.5162 38 9.25822
    endloop
  endfacet
  facet normal -0.960904 0.13584 0.241271
    outer loop
      vertex -18.2826 25.4002 9.38175
      vertex -19.1048 25.5142 6.04301
      vertex -19.109 25.4833 6.04368
    endloop
  endfacet
  facet normal -0.960732 0.137053 0.24127
    outer loop
      vertex -19.1048 25.5142 6.04301
      vertex -18.2826 25.4002 9.38175
      vertex -16.5162 38 9.25822
    endloop
  endfacet
  facet normal 0.138832 0.990268 -0.00972375
    outer loop
      vertex -7.33792 40 7.03586
      vertex -17.0222 41.3411 5.34476
      vertex -16.0613 41.2445 9.22641
    endloop
  endfacet
  facet normal 0.13883 0.990269 -0.00970792
    outer loop
      vertex -17.0222 41.3411 5.34476
      vertex -7.33792 40 7.03586
      vertex -7.62125 40 2.98405
    endloop
  endfacet
  facet normal -0.138834 -0.990268 0.00971851
    outer loop
      vertex -19.109 25.4833 6.04368
      vertex -5.15093 23.5268 6.0842
      vertex -18.2826 25.4002 9.38175
    endloop
  endfacet
  facet normal -0.138834 -0.990268 0.00971055
    outer loop
      vertex -5.79308 23.5837 2.70582
      vertex -5.15093 23.5268 6.0842
      vertex -19.109 25.4833 6.04368
    endloop
  endfacet
  facet normal -0.138813 -0.990271 0.00970662
    outer loop
      vertex -5.15093 23.5268 6.0842
      vertex -5.79308 23.5837 2.70582
      vertex -5.38914 23.5268 2.67758
    endloop
  endfacet
  facet normal 0.987857 -0.139171 -0.0690692
    outer loop
      vertex 13.5534 19.835 0
      vertex 15.9861 37.6599 -1.12274
      vertex 16.0646 37.6599 0
    endloop
  endfacet
  facet normal 0.987855 -0.139172 -0.069088
    outer loop
      vertex 15.9861 37.6599 -1.12274
      vertex 13.5534 19.835 0
      vertex 13.4871 19.835 -0.947991
    endloop
  endfacet
  facet normal 0.069754 3.33548e-06 0.997564
    outer loop
      vertex -1.11974 40.0826 1.37659
      vertex -1.13132 40 1.3774
      vertex -0.533674 40 1.33561
    endloop
  endfacet
  facet normal 0.0697445 0 0.997565
    outer loop
      vertex -3.02759 26.4744 1.51
      vertex -3.31966 24.3911 1.53042
      vertex -3.02759 24.3706 1.51
    endloop
  endfacet
  facet normal -0.0697575 3.92137e-08 -0.997564
    outer loop
      vertex 13.4871 19.835 -0.947991
      vertex 13.7267 37.9782 -0.964745
      vertex 15.9861 37.6599 -1.12274
    endloop
  endfacet
  facet normal -0.069754 -7.30124e-09 -0.997564
    outer loop
      vertex 13.7267 37.9782 -0.964745
      vertex 13.4871 19.835 -0.947991
      vertex 11.2276 20.1533 -0.789997
    endloop
  endfacet
  facet normal -0.0697589 -2.78898e-06 -0.997564
    outer loop
      vertex -1.33657 40 0.0885784
      vertex -1.79532 40.165 0.120658
      vertex -1.32278 40.0984 0.0876138
    endloop
  endfacet
  facet normal -0.069757 2.53936e-06 -0.997564
    outer loop
      vertex -1.79532 40.165 0.120658
      vertex -1.33657 40 0.0885784
      vertex -1.81845 40 0.122275
    endloop
  endfacet
  facet normal -0.0697564 -8.50894e-07 -0.997564
    outer loop
      vertex -0.624357 40 0.0387755
      vertex -0.847256 40 0.0543621
      vertex -0.842939 40.0308 0.0540602
    endloop
  endfacet
  facet normal -0.0697561 3.65675e-07 -0.997564
    outer loop
      vertex 7.2258 20.7171 -0.510161
      vertex 6.05007 21.8926 -0.427946
      vertex 7.29555 21.7171 -0.515038
    endloop
  endfacet
  facet normal -0.0697565 -5.7763e-08 -0.997564
    outer loop
      vertex 6.05007 21.8926 -0.427946
      vertex 7.2258 20.7171 -0.510161
      vertex -0.0698415 21.745 0
    endloop
  endfacet
  facet normal -0.0697568 -2.13024e-06 -0.997564
    outer loop
      vertex 8.27142 37.7369 -0.583278
      vertex 12.4226 38.1619 -0.873559
      vertex 12.2838 37.1716 -0.863851
    endloop
  endfacet
  facet normal -0.0697565 -2.53957e-09 -0.997564
    outer loop
      vertex -0.0698415 21.745 0
      vertex 8.27142 37.7369 -0.583278
      vertex 6.05007 21.8926 -0.427946
    endloop
  endfacet
  facet normal -0.0697569 -1.40449e-06 -0.997564
    outer loop
      vertex 8.27142 37.7369 -0.583278
      vertex -0.0698415 39.9219 0
      vertex 12.4226 38.1619 -0.873559
    endloop
  endfacet
  facet normal -0.0697565 -0 -0.997564
    outer loop
      vertex -0.0698415 39.9219 0
      vertex 8.27142 37.7369 -0.583278
      vertex -0.0698415 21.745 0
    endloop
  endfacet
  facet normal -0.0697558 3.37226e-06 -0.997564
    outer loop
      vertex 8.77566 20.4988 -0.618538
      vertex 10.0625 21.3273 -0.708519
      vertex 9.92362 20.3371 -0.698811
    endloop
  endfacet
  facet normal -0.0697536 -1.06295e-07 -0.997564
    outer loop
      vertex 10.0625 21.3273 -0.708519
      vertex 8.77566 20.4988 -0.618538
      vertex 8.84542 21.4988 -0.623416
    endloop
  endfacet
  facet normal -0.987861 0.139157 0.0690344
    outer loop
      vertex -1.81845 40 0.122275
      vertex -1.78944 40.165 0.204799
      vertex -1.79532 40.165 0.120658
    endloop
  endfacet
  facet normal -0.987861 0.139157 0.0690336
    outer loop
      vertex -1.78944 40.165 0.204799
      vertex -1.81845 40 0.122275
      vertex -1.81257 40 0.206417
    endloop
  endfacet
  facet normal 0.987857 -0.13917 -0.0690708
    outer loop
      vertex 13.0078 20.9645 4.39847
      vertex 15.038 36.8088 1.51
      vertex 15.2291 36.8088 4.24313
    endloop
  endfacet
  facet normal 0.987855 -0.139173 -0.0690839
    outer loop
      vertex 15.038 36.8088 1.51
      vertex 13.0078 20.9645 4.39847
      vertex 12.8058 20.9645 1.51
    endloop
  endfacet
  facet normal 0.0697553 7.65363e-08 0.997564
    outer loop
      vertex 6.77363 38 4.8344
      vertex 7.46767 22.6521 4.78587
      vertex 9.56431 37.6068 4.63926
    endloop
  endfacet
  facet normal 0.0697565 1.32481e-07 0.997564
    outer loop
      vertex -0.721773 38 5.35853
      vertex 7.46767 22.6521 4.78587
      vertex 6.77363 38 4.8344
    endloop
  endfacet
  facet normal 0.0697565 1.26256e-07 0.997564
    outer loop
      vertex 7.46767 22.6521 4.78587
      vertex -0.721773 38 5.35853
      vertex -2.77289 23.3699 5.50196
    endloop
  endfacet
  facet normal 0.0697775 -2.23738e-06 0.997563
    outer loop
      vertex 14.8807 36.8578 4.2675
      vertex 13.0078 20.9645 4.39847
      vertex 15.2291 36.8088 4.24313
    endloop
  endfacet
  facet normal 0.0697495 1.08171e-06 0.997565
    outer loop
      vertex 13.0078 20.9645 4.39847
      vertex 14.8807 36.8578 4.2675
      vertex 12.6594 21.0136 4.42283
    endloop
  endfacet
  facet normal -0.987856 0.139173 0.069073
    outer loop
      vertex -2.84299 24.3626 2.49953
      vertex -0.990888 38 1.51
      vertex -2.91218 24.3626 1.51
    endloop
  endfacet
  facet normal -0.987856 0.139173 0.0690775
    outer loop
      vertex -0.990888 38 1.51
      vertex -2.84299 24.3626 2.49953
      vertex -0.721773 38 5.35853
    endloop
  endfacet
  facet normal -0.987857 0.139168 0.0690777
    outer loop
      vertex -2.77289 23.3699 5.50196
      vertex -2.84299 24.3626 2.49953
      vertex -2.98216 23.3699 2.50926
    endloop
  endfacet
  facet normal -0.987856 0.139173 0.0690793
    outer loop
      vertex -2.84299 24.3626 2.49953
      vertex -2.77289 23.3699 5.50196
      vertex -0.721773 38 5.35853
    endloop
  endfacet
  facet normal 0.138841 0.990267 -0.00968406
    outer loop
      vertex 12.0296 37.1972 -1.89053
      vertex 8.27142 37.7369 -0.583278
      vertex 12.2838 37.1716 -0.863851
    endloop
  endfacet
  facet normal 0.138811 0.990271 -0.00977143
    outer loop
      vertex 8.27142 37.7369 -0.583278
      vertex 12.0296 37.1972 -1.89053
      vertex 8.18669 37.7454 -0.925513
    endloop
  endfacet
  facet normal 0.138827 0.990269 -0.0097059
    outer loop
      vertex 15.8734 36.8105 13.6361
      vertex 9.56431 37.6068 4.63926
      vertex 12.0305 37.3587 14.6011
    endloop
  endfacet
  facet normal 0.138825 0.990269 -0.00970457
    outer loop
      vertex 9.56431 37.6068 4.63926
      vertex 15.8734 36.8105 13.6361
      vertex 12.8715 37.1125 1.51
    endloop
  endfacet
  facet normal 0.138834 0.990268 -0.00969565
    outer loop
      vertex 6.54117 38 1.51
      vertex 9.56431 37.6068 4.63926
      vertex 12.8715 37.1125 1.51
    endloop
  endfacet
  facet normal 0.138847 0.990266 -0.00970895
    outer loop
      vertex 9.56431 37.6068 4.63926
      vertex 6.54117 38 1.51
      vertex 6.77363 38 4.8344
    endloop
  endfacet
  facet normal 0.138601 0.990301 -0.00969096
    outer loop
      vertex 15.038 36.8088 1.51
      vertex 14.8807 36.8578 4.2675
      vertex 15.2291 36.8088 4.24313
    endloop
  endfacet
  facet normal 0.138773 0.990277 -0.00968071
    outer loop
      vertex 14.8807 36.8578 4.2675
      vertex 15.038 36.8088 1.51
      vertex 14.1981 36.9265 1.51
    endloop
  endfacet
  facet normal -0.138854 -0.990265 0.00977822
    outer loop
      vertex 5.96535 21.9011 -0.770182
      vertex 7.29555 21.7171 -0.515038
      vertex 6.05007 21.8926 -0.427946
    endloop
  endfacet
  facet normal -0.138839 -0.990268 0.00969561
    outer loop
      vertex 7.29555 21.7171 -0.515038
      vertex 5.96535 21.9011 -0.770182
      vertex 7.3904 21.6978 -1.12803
    endloop
  endfacet
  facet normal -0.138593 -0.990302 0.00973463
    outer loop
      vertex 7.29555 21.7171 -0.515038
      vertex 7.3904 21.6978 -1.12803
      vertex 7.52797 21.684 -0.573298
    endloop
  endfacet
  facet normal -0.138805 -0.990272 0.00969721
    outer loop
      vertex 10.7342 21.2946 5.55989
      vertex 12.4925 21.1316 14.0826
      vertex 10.3849 21.3438 5.58431
    endloop
  endfacet
  facet normal -0.138812 -0.990271 0.0096987
    outer loop
      vertex 12.4925 21.1316 14.0826
      vertex 10.7342 21.2946 5.55989
      vertex 13.6521 20.9662 13.7914
    endloop
  endfacet
  facet normal -0.138691 -0.990288 0.00970081
    outer loop
      vertex 10.6235 21.2709 1.55786
      vertex 10.7342 21.2946 5.55989
      vertex 10.4551 21.2946 1.56964
    endloop
  endfacet
  facet normal -0.138828 -0.990269 0.00970449
    outer loop
      vertex 10.7342 21.2946 5.55989
      vertex 10.6235 21.2709 1.55786
      vertex 13.6521 20.9662 13.7914
    endloop
  endfacet
  facet normal -0.13879 -0.990274 0.00975367
    outer loop
      vertex 9.80829 21.3529 -1.7352
      vertex 8.84542 21.4988 -0.623416
      vertex 8.64231 21.5192 -1.4424
    endloop
  endfacet
  facet normal -0.138862 -0.990264 0.00969067
    outer loop
      vertex 8.84542 21.4988 -0.623416
      vertex 9.80829 21.3529 -1.7352
      vertex 10.0625 21.3273 -0.708519
    endloop
  endfacet
  facet normal -0.138809 -0.990271 0.00971586
    outer loop
      vertex 12.8058 20.9645 1.51
      vertex 12.6594 21.0136 4.42283
      vertex 11.9383 21.0861 1.51
    endloop
  endfacet
  facet normal -0.138878 -0.990262 0.00971222
    outer loop
      vertex 12.6594 21.0136 4.42283
      vertex 12.8058 20.9645 1.51
      vertex 13.0078 20.9645 4.39847
    endloop
  endfacet
  facet normal 0.240224 -0.0241679 0.970417
    outer loop
      vertex 16.2525 37.7766 14.5968
      vertex 15.0024 19.7736 14.4579
      vertex 17.5014 37.5984 14.2832
    endloop
  endfacet
  facet normal 0.240224 -0.0241679 0.970417
    outer loop
      vertex 15.0024 19.7736 14.4579
      vertex 16.2525 37.7766 14.5968
      vertex 13.7535 19.9518 14.7715
    endloop
  endfacet
  facet normal -0.960735 0.137062 0.241251
    outer loop
      vertex 11.9282 38.2116 -2.87065
      vertex 12.0296 37.1972 -1.89053
      vertex 12.4226 38.1619 -0.873559
    endloop
  endfacet
  facet normal -0.960737 0.137057 0.241246
    outer loop
      vertex 9.42922 20.3868 -2.6959
      vertex 12.0296 37.1972 -1.89053
      vertex 11.9282 38.2116 -2.87065
    endloop
  endfacet
  facet normal -0.960734 0.137056 0.241257
    outer loop
      vertex 12.0296 37.1972 -1.89053
      vertex 9.42922 20.3868 -2.6959
      vertex 9.80829 21.3529 -1.7352
    endloop
  endfacet
  facet normal -0.960735 0.137063 0.241251
    outer loop
      vertex 9.92362 20.3371 -0.698811
      vertex 9.80829 21.3529 -1.7352
      vertex 9.42922 20.3868 -2.6959
    endloop
  endfacet
  facet normal -0.960717 0.137111 0.241296
    outer loop
      vertex 9.80829 21.3529 -1.7352
      vertex 9.92362 20.3371 -0.698811
      vertex 10.0625 21.3273 -0.708519
    endloop
  endfacet
  facet normal -0.960732 0.137021 0.241288
    outer loop
      vertex 12.4226 38.1619 -0.873559
      vertex 12.0296 37.1972 -1.89053
      vertex 12.2838 37.1716 -0.863851
    endloop
  endfacet
  facet normal -0.960739 0.137022 0.241258
    outer loop
      vertex 10.6235 21.2709 1.55786
      vertex 10.4847 20.2806 1.56757
      vertex 13.6521 20.9662 13.7914
    endloop
  endfacet
  facet normal -0.960737 0.137047 0.241251
    outer loop
      vertex 12.8715 37.1125 1.51
      vertex 14.0319 38 5.62692
      vertex 12.9981 38 1.51
    endloop
  endfacet
  facet normal -0.960737 0.137049 0.24125
    outer loop
      vertex 14.0319 38 5.62692
      vertex 12.8715 37.1125 1.51
      vertex 15.8734 36.8105 13.6361
    endloop
  endfacet
  facet normal -0.960731 0.137087 0.241254
    outer loop
      vertex 14.0319 38 5.62692
      vertex 15.8734 36.8105 13.6361
      vertex 16.2525 37.7766 14.5968
    endloop
  endfacet
  facet normal -0.960727 0.137055 0.241286
    outer loop
      vertex 13.6521 20.9662 13.7914
      vertex 16.2525 37.7766 14.5968
      vertex 15.8734 36.8105 13.6361
    endloop
  endfacet
  facet normal -0.960736 0.137058 0.241251
    outer loop
      vertex 13.6521 20.9662 13.7914
      vertex 13.7535 19.9518 14.7715
      vertex 16.2525 37.7766 14.5968
    endloop
  endfacet
  facet normal -0.960734 0.137062 0.241255
    outer loop
      vertex 13.7535 19.9518 14.7715
      vertex 13.6521 20.9662 13.7914
      vertex 10.4847 20.2806 1.56757
    endloop
  endfacet
  facet normal 0.960735 -0.137061 -0.24125
    outer loop
      vertex 14.8807 36.8578 4.2675
      vertex 14.3393 37.9165 1.51
      vertex 17.5014 37.5984 14.2832
    endloop
  endfacet
  facet normal 0.960743 -0.137027 -0.241239
    outer loop
      vertex 14.3393 37.9165 1.51
      vertex 14.8807 36.8578 4.2675
      vertex 14.1981 36.9265 1.51
    endloop
  endfacet
  facet normal 0.960736 -0.137057 -0.241251
    outer loop
      vertex 17.5014 37.5984 14.2832
      vertex 12.6594 21.0136 4.42283
      vertex 14.8807 36.8578 4.2675
    endloop
  endfacet
  facet normal 0.960727 -0.137111 -0.241254
    outer loop
      vertex 12.6594 21.0136 4.42283
      vertex 15.0024 19.7736 14.4579
      vertex 11.797 20.0961 1.51
    endloop
  endfacet
  facet normal 0.960736 -0.137058 -0.24125
    outer loop
      vertex 15.0024 19.7736 14.4579
      vertex 12.6594 21.0136 4.42283
      vertex 17.5014 37.5984 14.2832
    endloop
  endfacet
  facet normal 0.960727 -0.137122 -0.24125
    outer loop
      vertex 11.9383 21.0861 1.51
      vertex 12.6594 21.0136 4.42283
      vertex 11.797 20.0961 1.51
    endloop
  endfacet
  facet normal 0.960733 -0.137058 -0.241262
    outer loop
      vertex 13.7267 37.9782 -0.964745
      vertex 10.6782 20.2086 -3.00953
      vertex 13.1772 38.0334 -3.18428
    endloop
  endfacet
  facet normal 0.960741 -0.137063 -0.241227
    outer loop
      vertex 10.6782 20.2086 -3.00953
      vertex 13.7267 37.9782 -0.964745
      vertex 11.2276 20.1533 -0.789997
    endloop
  endfacet
  facet normal -0.240228 0.0241658 -0.970416
    outer loop
      vertex 10.6782 20.2086 -3.00953
      vertex 11.9282 38.2116 -2.87065
      vertex 13.1772 38.0334 -3.18428
    endloop
  endfacet
  facet normal -0.240232 0.024166 -0.970415
    outer loop
      vertex 11.9282 38.2116 -2.87065
      vertex 10.6782 20.2086 -3.00953
      vertex 9.42922 20.3868 -2.6959
    endloop
  endfacet
  facet normal 0.24021 -0.0241647 0.97042
    outer loop
      vertex 15.8734 36.8105 13.6361
      vertex 12.6529 23.3382 14.0978
      vertex 13.6521 20.9662 13.7914
    endloop
  endfacet
  facet normal 0.240235 -0.0241708 0.970414
    outer loop
      vertex 12.0305 37.3587 14.6011
      vertex 12.6529 23.3382 14.0978
      vertex 15.8734 36.8105 13.6361
    endloop
  endfacet
  facet normal 0.240269 -0.024169 0.970405
    outer loop
      vertex 12.0305 37.3587 14.6011
      vertex 11.3945 23.4275 14.4116
      vertex 12.6529 23.3382 14.0978
    endloop
  endfacet
  facet normal 0.240234 -0.0241675 0.970414
    outer loop
      vertex 9.95114 22.5274 14.7465
      vertex 11.3945 23.4275 14.4116
      vertex 12.0305 37.3587 14.6011
    endloop
  endfacet
  facet normal 0.240239 -0.0241761 0.970413
    outer loop
      vertex 11.3945 23.4275 14.4116
      vertex 9.95114 22.5274 14.7465
      vertex 11.322 22.4301 14.4047
    endloop
  endfacet
  facet normal 0.240246 -0.0241484 0.970412
    outer loop
      vertex 13.6521 20.9662 13.7914
      vertex 12.6529 23.3382 14.0978
      vertex 12.4925 21.1316 14.0826
    endloop
  endfacet
  facet normal -0.960733 0.137058 0.241261
    outer loop
      vertex 5.96535 21.9011 -0.770182
      vertex 8.27142 37.7369 -0.583278
      vertex 8.18669 37.7454 -0.925513
    endloop
  endfacet
  facet normal -0.96074 0.137059 0.241234
    outer loop
      vertex 8.27142 37.7369 -0.583278
      vertex 5.96535 21.9011 -0.770182
      vertex 6.05007 21.8926 -0.427946
    endloop
  endfacet
  facet normal -0.960734 0.13706 0.241256
    outer loop
      vertex 7.46767 22.6521 4.78587
      vertex 12.0305 37.3587 14.6011
      vertex 9.56431 37.6068 4.63926
    endloop
  endfacet
  facet normal -0.960734 0.137061 0.241254
    outer loop
      vertex 12.0305 37.3587 14.6011
      vertex 7.46767 22.6521 4.78587
      vertex 9.95114 22.5274 14.7465
    endloop
  endfacet
  facet normal -0.240242 0.024167 -0.970412
    outer loop
      vertex 9.80829 21.3529 -1.7352
      vertex 8.64231 21.5192 -1.4424
      vertex 8.78864 23.532 -1.4285
    endloop
  endfacet
  facet normal -0.240241 0.0241675 -0.970412
    outer loop
      vertex 8.78864 23.532 -1.4285
      vertex 12.0296 37.1972 -1.89053
      vertex 9.80829 21.3529 -1.7352
    endloop
  endfacet
  facet normal -0.240239 0.0241669 -0.970413
    outer loop
      vertex 8.78864 23.532 -1.4285
      vertex 8.18669 37.7454 -0.925513
      vertex 12.0296 37.1972 -1.89053
    endloop
  endfacet
  facet normal -0.240231 0.0241672 -0.970415
    outer loop
      vertex 7.53024 23.6214 -1.11475
      vertex 8.18669 37.7454 -0.925513
      vertex 8.78864 23.532 -1.4285
    endloop
  endfacet
  facet normal -0.240236 0.0241639 -0.970414
    outer loop
      vertex 5.96535 21.9011 -0.770182
      vertex 7.53024 23.6214 -1.11475
      vertex 7.3904 21.6978 -1.12803
    endloop
  endfacet
  facet normal -0.24024 0.0241676 -0.970413
    outer loop
      vertex 7.53024 23.6214 -1.11475
      vertex 5.96535 21.9011 -0.770182
      vertex 8.18669 37.7454 -0.925513
    endloop
  endfacet
  facet normal 0.241502 -0.0121143 0.970325
    outer loop
      vertex -22.5738 25.7604 6.90948
      vertex -22 20.0424 6.69528
      vertex -22 25.7197 6.76616
    endloop
  endfacet
  facet normal 0.241505 -0.0121139 0.970324
    outer loop
      vertex -23.743 9 6.99124
      vertex -22 20.0424 6.69528
      vertex -22.5738 25.7604 6.90948
    endloop
  endfacet
  facet normal 0.241499 -0.0121129 0.970325
    outer loop
      vertex -22 20.0424 6.69528
      vertex -23.743 9 6.99124
      vertex -22.7703 9 6.74915
    endloop
  endfacet
  facet normal 0.241526 -0.0117895 0.970323
    outer loop
      vertex -19.1048 25.5142 6.04301
      vertex -20 25.5778 6.26661
      vertex -19.109 25.4833 6.04368
    endloop
  endfacet
  facet normal 0.241515 -0.0120046 0.970323
    outer loop
      vertex -19.109 25.4833 6.04368
      vertex -6.18906 23.595 2.80452
      vertex -5.79308 23.5837 2.70582
    endloop
  endfacet
  facet normal 0.241494 -0.0121085 0.970327
    outer loop
      vertex -20 24.5753 6.2541
      vertex -19.109 25.4833 6.04368
      vertex -20 25.5778 6.26661
    endloop
  endfacet
  facet normal 0.2415 -0.012115 0.970325
    outer loop
      vertex -19.109 25.4833 6.04368
      vertex -20 24.5753 6.2541
      vertex -6.18906 23.595 2.80452
    endloop
  endfacet
  facet normal 0.241512 -0.0121138 0.970322
    outer loop
      vertex -6.18906 23.595 2.80452
      vertex -6.81039 9 2.77696
      vertex -5.79308 23.5837 2.70582
    endloop
  endfacet
  facet normal 0.241499 -0.0121132 0.970325
    outer loop
      vertex -6.81039 9 2.77696
      vertex -6.18906 23.595 2.80452
      vertex -7.20716 9 2.87571
    endloop
  endfacet
  facet normal -0.241506 0.0121133 -0.970324
    outer loop
      vertex -24.1403 7.82004 5.73565
      vertex -22 25.7132 5.42632
      vertex -22 7.66813 5.20105
    endloop
  endfacet
  facet normal -0.241493 0.0121117 -0.970327
    outer loop
      vertex -22 25.7132 5.42632
      vertex -24.1403 7.82004 5.73565
      vertex -22.8878 25.7762 5.64806
    endloop
  endfacet
  facet normal -0.2415 0.0121129 -0.970325
    outer loop
      vertex -20 7.52618 4.70151
      vertex -6.53397 22.6663 1.53901
      vertex -7.65123 6.64973 1.61714
    endloop
  endfacet
  facet normal -0.2415 0.0121129 -0.970325
    outer loop
      vertex -6.53397 22.6663 1.53901
      vertex -20 7.52618 4.70151
      vertex -20 24.5873 4.91449
    endloop
  endfacet
  facet normal -0.967893 0.0686946 0.241794
    outer loop
      vertex -22.8878 25.7762 5.64806
      vertex -23.8832 9 6.42969
      vertex -22.5738 25.7604 6.90948
    endloop
  endfacet
  facet normal -0.967901 0.0686935 0.241761
    outer loop
      vertex -24.1403 7.82004 5.73565
      vertex -23.8832 9 6.42969
      vertex -22.8878 25.7762 5.64806
    endloop
  endfacet
  facet normal -0.967919 0.0687499 0.241672
    outer loop
      vertex -23.8832 9 6.42969
      vertex -24.1403 7.82004 5.73565
      vertex -23.9627 7.81113 6.44949
    endloop
  endfacet
  facet normal -0.967926 0.0687011 0.241658
    outer loop
      vertex -22.5738 25.7604 6.90948
      vertex -23.8832 9 6.42969
      vertex -23.743 9 6.99124
    endloop
  endfacet
  facet normal 0.0696137 0.997561 -0.00503622
    outer loop
      vertex 8.78864 23.532 -1.4285
      vertex 7.42115 23.6268 -1.55304
      vertex 7.53024 23.6214 -1.11475
    endloop
  endfacet
  facet normal 0.069594 0.997564 -0.00481851
    outer loop
      vertex 7.42115 23.6268 -1.55304
      vertex 8.78864 23.532 -1.4285
      vertex 8.67942 23.5375 -1.86732
    endloop
  endfacet
  facet normal 0.069579 0.997564 -0.00489422
    outer loop
      vertex 13.0264 23.3195 15.5985
      vertex 11.3945 23.4275 14.4116
      vertex 11.7682 23.4088 15.9128
    endloop
  endfacet
  facet normal 0.0695722 0.997565 -0.00488489
    outer loop
      vertex 11.3945 23.4275 14.4116
      vertex 13.0264 23.3195 15.5985
      vertex 12.6529 23.3382 14.0978
    endloop
  endfacet
  facet normal 0.0695544 0.997567 -0.0048188
    outer loop
      vertex -22 25.7197 6.76616
      vertex -22.8878 25.7762 5.64806
      vertex -22.5738 25.7604 6.90948
    endloop
  endfacet
  facet normal 0.0695804 0.997565 -0.00483951
    outer loop
      vertex -22.8878 25.7762 5.64806
      vertex -22 25.7197 6.76616
      vertex -22 25.7132 5.42632
    endloop
  endfacet
  facet normal 0.0696637 0.997559 -0.00483824
    outer loop
      vertex -19.1048 25.5142 6.04301
      vertex -20 25.575 5.6893
      vertex -20 25.5778 6.26661
    endloop
  endfacet
  facet normal 0.0696806 0.997557 -0.00488147
    outer loop
      vertex -20 25.575 5.6893
      vertex -19.1048 25.5142 6.04301
      vertex -19.2402 25.521 5.49986
    endloop
  endfacet
  facet normal 0.0694992 0.99757 -0.00484714
    outer loop
      vertex -3.31966 24.3911 1.53042
      vertex -3.4872 24.4077 2.54458
      vertex -2.84299 24.3626 2.49953
    endloop
  endfacet
  facet normal 0.0696207 0.997562 -0.00482693
    outer loop
      vertex -3.4872 24.4077 2.54458
      vertex -3.31966 24.3911 1.53042
      vertex -3.71545 24.4192 1.6291
    endloop
  endfacet
  facet normal 0.0691513 0.997594 -0.00483521
    outer loop
      vertex -3.02759 24.3706 1.51
      vertex -2.84299 24.3626 2.49953
      vertex -2.91218 24.3626 1.51
    endloop
  endfacet
  facet normal 0.0696724 0.997558 -0.0049327
    outer loop
      vertex -2.84299 24.3626 2.49953
      vertex -3.02759 24.3706 1.51
      vertex -3.31966 24.3911 1.53042
    endloop
  endfacet
  facet normal -0.0695813 -0.997564 0.00486741
    outer loop
      vertex 7.42687 5.58137 -1.77973
      vertex 6.53332 5.65238 0
      vertex 6.16859 5.67067 -1.46545
    endloop
  endfacet
  facet normal -0.0695869 -0.997564 0.00486458
    outer loop
      vertex 6.53332 5.65238 0
      vertex 7.42687 5.58137 -1.77973
      vertex 7.86982 5.55915 0
    endloop
  endfacet
  facet normal -0.0695853 -0.997564 0.00486572
    outer loop
      vertex 10.3413 5.39412 1.51
      vertex 8.999 5.48854 1.67146
      vertex 8.98771 5.48854 1.51
    endloop
  endfacet
  facet normal -0.0695858 -0.997564 0.0048618
    outer loop
      vertex 8.999 5.48854 1.67146
      vertex 10.3413 5.39412 1.51
      vertex 10.346 5.39412 1.57727
    endloop
  endfacet
  facet normal -0.0695697 -0.997565 0.00495516
    outer loop
      vertex 6.69644 5.64847 1.53174
      vertex 6.69102 5.64874 1.51
      vertex 7.00734 5.62668 1.51
    endloop
  endfacet
  facet normal -0.0695681 -0.997565 0.00486217
    outer loop
      vertex 8.35022 5.55846 6.72904
      vertex 10.5156 5.45264 16.0004
      vertex 8.21052 5.56825 6.73881
    endloop
  endfacet
  facet normal -0.0695882 -0.997564 0.00486688
    outer loop
      vertex 10.5156 5.45264 16.0004
      vertex 8.35022 5.55846 6.72904
      vertex 11.7739 5.36333 15.6861
    endloop
  endfacet
  facet normal -0.0695889 -0.997564 0.00486603
    outer loop
      vertex 8.54324 5.52537 2.70577
      vertex 8.35022 5.55846 6.72904
      vertex 8.0712 5.55846 2.73878
    endloop
  endfacet
  facet normal -0.0695863 -0.997564 0.00486615
    outer loop
      vertex 8.35022 5.55846 6.72904
      vertex 8.54324 5.52537 2.70577
      vertex 11.7739 5.36333 15.6861
    endloop
  endfacet
  facet normal -0.0695838 -0.997564 0.00486074
    outer loop
      vertex -24.1403 7.82004 5.73565
      vertex -22 7.67184 5.96015
      vertex -23.9627 7.81113 6.44949
    endloop
  endfacet
  facet normal -0.0695854 -0.997564 0.00487546
    outer loop
      vertex -22 7.67184 5.96015
      vertex -24.1403 7.82004 5.73565
      vertex -22 7.66813 5.20105
    endloop
  endfacet
  facet normal -0.0695853 -0.997564 0.00486982
    outer loop
      vertex -20 7.52618 4.70151
      vertex -8.97219 6.74722 2.71195
      vertex -20 7.52989 5.46149
    endloop
  endfacet
  facet normal -0.0695851 -0.997564 0.00487112
    outer loop
      vertex -20 7.52618 4.70151
      vertex -8.97808 6.74722 2.62781
      vertex -8.97219 6.74722 2.71195
    endloop
  endfacet
  facet normal -0.0695866 -0.997564 0.00486961
    outer loop
      vertex -7.65123 6.64973 1.61714
      vertex -8.50089 6.71377 2.59444
      vertex -8.97808 6.74722 2.62781
    endloop
  endfacet
  facet normal -0.069585 -0.997564 0.00487172
    outer loop
      vertex -7.65123 6.64973 1.61714
      vertex -8.97808 6.74722 2.62781
      vertex -20 7.52618 4.70151
    endloop
  endfacet
  facet normal -0.06958 -0.997564 0.00487538
    outer loop
      vertex -8.50089 6.71377 2.59444
      vertex -7.65123 6.64973 1.61714
      vertex -8.03674 6.68083 2.47871
    endloop
  endfacet
  facet normal -0.0695775 -0.997565 0.00486954
    outer loop
      vertex -7.32825 6.62668 1.51
      vertex -8.01633 6.6798 2.56056
      vertex -7.65123 6.64973 1.61714
    endloop
  endfacet
  facet normal -0.0695867 -0.997564 0.00486348
    outer loop
      vertex -8.01633 6.6798 2.56056
      vertex -7.32825 6.62668 1.51
      vertex 1.32779 6.0248 1.90715
    endloop
  endfacet
  facet normal -0.0695798 -0.997565 0.00486248
    outer loop
      vertex -7.32825 6.62668 1.51
      vertex -7.65123 6.64973 1.61714
      vertex -7.65711 6.64973 1.533
    endloop
  endfacet
  facet normal -0.0695871 -0.997564 0.00487127
    outer loop
      vertex 1.32779 6.0248 1.90715
      vertex -7.32825 6.62668 1.51
      vertex 1.24248 6.02908 1.56496
    endloop
  endfacet
  facet normal -0.0695866 -0.997564 0.00479667
    outer loop
      vertex 1.24248 6.02908 1.56496
      vertex -7.32825 6.62668 1.51
      vertex 1.4629 6.01344 1.51
    endloop
  endfacet
  facet normal -0.0696919 -0.997557 0.00482502
    outer loop
      vertex -7.65123 6.64973 1.61714
      vertex -8.01633 6.6798 2.56056
      vertex -8.03674 6.68083 2.47871
    endloop
  endfacet
  facet normal 0.967903 -0.0686969 -0.241755
    outer loop
      vertex -6.30754 8 6.76165
      vertex -6.97851 9 3.79116
      vertex -5.22306 23.5466 6.68582
    endloop
  endfacet
  facet normal 0.967903 -0.068691 -0.241753
    outer loop
      vertex -6.97851 9 3.79116
      vertex -6.30754 8 6.76165
      vertex -7.04826 8 3.79604
    endloop
  endfacet
  facet normal 0.967903 -0.0686971 -0.241754
    outer loop
      vertex -6.97851 9 3.79116
      vertex -6.18906 23.595 2.80452
      vertex -5.22306 23.5466 6.68582
    endloop
  endfacet
  facet normal 0.967903 -0.068697 -0.241751
    outer loop
      vertex -6.18906 23.595 2.80452
      vertex -6.97851 9 3.79116
      vertex -7.20716 9 2.87571
    endloop
  endfacet
  facet normal 0.2415 -0.0121134 0.970325
    outer loop
      vertex -5.22306 23.5466 6.68582
      vertex -7.66298 8 7.099
      vertex -6.30754 8 6.76165
    endloop
  endfacet
  facet normal 0.241499 -0.0120875 0.970326
    outer loop
      vertex -7.90152 7.69664 7.15459
      vertex -7.66298 8 7.099
      vertex -7.90064 8 7.15815
    endloop
  endfacet
  facet normal 0.241499 -0.0121133 0.970325
    outer loop
      vertex -5.22306 23.5466 6.68582
      vertex -7.90064 8 7.15815
      vertex -7.66298 8 7.099
    endloop
  endfacet
  facet normal 0.241498 -0.012113 0.970326
    outer loop
      vertex -5.22306 23.5466 6.68582
      vertex -12.1757 8 8.22214
      vertex -7.90064 8 7.15815
    endloop
  endfacet
  facet normal 0.241501 -0.0121146 0.970325
    outer loop
      vertex -20 24.5954 10.3767
      vertex -12.1757 8 8.22214
      vertex -5.22306 23.5466 6.68582
    endloop
  endfacet
  facet normal 0.241496 -0.0121169 0.970326
    outer loop
      vertex -12.1757 8 8.22214
      vertex -20 24.5954 10.3767
      vertex -20 8.55533 10.1764
    endloop
  endfacet
  facet normal 0.241527 -0.0121103 0.970319
    outer loop
      vertex -7.66298 8 7.099
      vertex -7.90152 7.69664 7.15459
      vertex -7.66325 7.67973 7.09507
    endloop
  endfacet
  facet normal -0.967891 0.0686981 0.2418
    outer loop
      vertex -22.5956 9 7.44845
      vertex -22 20.0424 6.69528
      vertex -22.7703 9 6.74915
    endloop
  endfacet
  facet normal -0.967904 0.0686955 0.241751
    outer loop
      vertex -22.5956 9 7.44845
      vertex -22 8.69359 9.92014
      vertex -22 20.0424 6.69528
    endloop
  endfacet
  facet normal -0.967909 0.0686446 0.241745
    outer loop
      vertex -22 8.69359 9.92014
      vertex -22.5956 9 7.44845
      vertex -22.614 8.72439 7.45304
    endloop
  endfacet
  facet normal 0.0695877 0.997564 -0.00486369
    outer loop
      vertex -5.22306 23.5466 6.68582
      vertex -20 24.5753 6.2541
      vertex -20 24.5954 10.3767
    endloop
  endfacet
  facet normal 0.0695882 0.997564 -0.00487984
    outer loop
      vertex -20 24.5753 6.2541
      vertex -5.22306 23.5466 6.68582
      vertex -6.18906 23.595 2.80452
    endloop
  endfacet
  facet normal -0.069591 -0.997564 0.00486561
    outer loop
      vertex -22 8.69359 9.92014
      vertex -22.614 8.72439 7.45304
      vertex -22 8.68081 7.29994
    endloop
  endfacet
  facet normal -0.069587 -0.997564 0.004865
    outer loop
      vertex -20 8.53887 6.80129
      vertex -12.1757 8 8.22214
      vertex -20 8.55533 10.1764
    endloop
  endfacet
  facet normal -0.0695871 -0.997564 0.00486536
    outer loop
      vertex -12.1757 8 8.22214
      vertex -20 8.53887 6.80129
      vertex -12.4074 8 4.90824
    endloop
  endfacet
  facet normal -0.0695824 -0.997564 0.00486264
    outer loop
      vertex -8.69253 7.73635 3.98202
      vertex -7.66325 7.67973 7.09507
      vertex -7.90152 7.69664 7.15459
    endloop
  endfacet
  facet normal -0.0695864 -0.997564 0.00486398
    outer loop
      vertex -8.29674 7.70826 3.88334
      vertex -7.66325 7.67973 7.09507
      vertex -8.69253 7.73635 3.98202
    endloop
  endfacet
  facet normal -0.0696025 -0.997563 0.00486716
    outer loop
      vertex -7.66325 7.67973 7.09507
      vertex -8.29674 7.70826 3.88334
      vertex -7.88983 7.67973 3.85488
    endloop
  endfacet
  facet normal 0.995138 -0.0697552 -0.069528
    outer loop
      vertex 10.346 5.39412 1.57727
      vertex 10.3413 5.39412 1.51
      vertex 11.308 19.1852 1.51
    endloop
  endfacet
  facet normal 0.0697821 5.86608e-07 0.997562
    outer loop
      vertex 10.6235 21.2709 1.55786
      vertex 10.4551 21.2946 1.56964
      vertex 10.4847 20.2806 1.56757
    endloop
  endfacet
  facet normal 0.0697556 0 0.997564
    outer loop
      vertex 10.4847 20.2806 1.56757
      vertex 11.308 19.1852 1.51
      vertex 11.308 20.1646 1.51
    endloop
  endfacet
  facet normal 0.0697556 -3.01422e-09 0.997564
    outer loop
      vertex 9.42043 6.46144 1.64199
      vertex 11.308 19.1852 1.51
      vertex 10.4847 20.2806 1.56757
    endloop
  endfacet
  facet normal 0.0697573 -1.38687e-07 0.997564
    outer loop
      vertex 9.42043 6.46144 1.64199
      vertex 10.4847 20.2806 1.56757
      vertex 10.4551 21.2946 1.56964
    endloop
  endfacet
  facet normal 0.0697544 1.77497e-07 0.997564
    outer loop
      vertex 11.308 19.1852 1.51
      vertex 9.42043 6.46144 1.64199
      vertex 10.346 5.39412 1.57727
    endloop
  endfacet
  facet normal 0.0697582 -0 0.997564
    outer loop
      vertex 8.999 5.48854 1.67146
      vertex 9.42043 6.46144 1.64199
      vertex 8.999 6.49098 1.67146
    endloop
  endfacet
  facet normal 0.0697555 1.18079e-06 0.997564
    outer loop
      vertex 9.42043 6.46144 1.64199
      vertex 8.999 5.48854 1.67146
      vertex 10.346 5.39412 1.57727
    endloop
  endfacet
  facet normal 0.0697601 -2.23245e-06 0.997564
    outer loop
      vertex -3.4872 24.4077 2.54458
      vertex -2.98216 23.3699 2.50926
      vertex -2.84299 24.3626 2.49953
    endloop
  endfacet
  facet normal 0.0697601 -2.23262e-06 0.997564
    outer loop
      vertex -2.98216 23.3699 2.50926
      vertex -3.4872 24.4077 2.54458
      vertex -3.62637 23.4151 2.55431
    endloop
  endfacet
  facet normal 0.0697413 1.08867e-06 0.997565
    outer loop
      vertex -5.79308 23.5837 2.70582
      vertex -6.40248 9 2.74844
      vertex -5.38914 23.5268 2.67758
    endloop
  endfacet
  facet normal 0.0697471 8.44524e-07 0.997565
    outer loop
      vertex -6.40248 9 2.74844
      vertex -5.79308 23.5837 2.70582
      vertex -6.81039 9 2.77696
    endloop
  endfacet
  facet normal -0.0697682 0 -0.997563
    outer loop
      vertex -7.32825 6.62668 1.51
      vertex -7.65711 6.64973 1.533
      vertex -7.32825 11.3642 1.51
    endloop
  endfacet
  facet normal -0.995131 0.0697563 0.0696351
    outer loop
      vertex -7.32825 11.3642 1.51
      vertex -6.53397 22.6663 1.53901
      vertex -6.536 22.6663 1.51
    endloop
  endfacet
  facet normal -0.995137 0.0697555 0.0695437
    outer loop
      vertex -7.65123 6.64973 1.61714
      vertex -7.32825 11.3642 1.51
      vertex -7.65711 6.64973 1.533
    endloop
  endfacet
  facet normal -0.995133 0.0697565 0.0696001
    outer loop
      vertex -7.32825 11.3642 1.51
      vertex -7.65123 6.64973 1.61714
      vertex -6.53397 22.6663 1.53901
    endloop
  endfacet
  facet normal 0.995133 -0.0697586 -0.069605
    outer loop
      vertex 9.69946 6.46144 5.63225
      vertex 10.4551 21.2946 1.56964
      vertex 10.7342 21.2946 5.55989
    endloop
  endfacet
  facet normal 0.995134 -0.0697539 -0.0695875
    outer loop
      vertex 10.4551 21.2946 1.56964
      vertex 9.69946 6.46144 5.63225
      vertex 9.42043 6.46144 1.64199
    endloop
  endfacet
  facet normal 0.0697569 -1.31119e-07 0.997564
    outer loop
      vertex -5.1093 23.5386 6.66778
      vertex 4.07236 8 6.02573
      vertex 5.10632 22.8225 5.95343
    endloop
  endfacet
  facet normal 0.0697566 -2.90203e-07 0.997564
    outer loop
      vertex 4.07236 8 6.02573
      vertex -5.1093 23.5386 6.66778
      vertex -6.19321 8 6.74357
    endloop
  endfacet
  facet normal 0.0697413 1.64082e-06 0.997565
    outer loop
      vertex 9.34851 6.48604 5.65679
      vertex 10.7342 21.2946 5.55989
      vertex 10.3849 21.3438 5.58431
    endloop
  endfacet
  facet normal 0.0697542 4.23805e-07 0.997564
    outer loop
      vertex 10.7342 21.2946 5.55989
      vertex 9.34851 6.48604 5.65679
      vertex 9.69946 6.46144 5.63225
    endloop
  endfacet
  facet normal -0.995134 0.0697566 0.0695804
    outer loop
      vertex -6.33273 9 3.746
      vertex -5.38914 23.5268 2.67758
      vertex -6.40248 9 2.74844
    endloop
  endfacet
  facet normal -0.995154 0.0694674 0.0695852
    outer loop
      vertex -5.15093 23.5268 6.0842
      vertex -5.1093 23.5386 6.66778
      vertex -5.1501 23.5386 6.08429
    endloop
  endfacet
  facet normal -0.995134 0.0697569 0.0695854
    outer loop
      vertex -5.38914 23.5268 2.67758
      vertex -6.33273 9 3.746
      vertex -5.15093 23.5268 6.0842
    endloop
  endfacet
  facet normal -0.995135 0.0697582 0.069578
    outer loop
      vertex -5.15093 23.5268 6.0842
      vertex -6.33273 9 3.746
      vertex -5.1093 23.5386 6.66778
    endloop
  endfacet
  facet normal -0.995134 0.0697502 0.0695868
    outer loop
      vertex -6.19321 8 6.74357
      vertex -6.33273 9 3.746
      vertex -6.40248 8 3.75088
    endloop
  endfacet
  facet normal -0.995134 0.0697559 0.0695887
    outer loop
      vertex -6.33273 9 3.746
      vertex -6.19321 8 6.74357
      vertex -5.1093 23.5386 6.66778
    endloop
  endfacet
  facet normal 0.0696008 0.997563 -0.00482706
    outer loop
      vertex 11.4571 22.4233 14.9474
      vertex 11.322 22.4301 14.4047
      vertex 9.95114 22.5274 14.7465
    endloop
  endfacet
  facet normal 0.0696002 0.997563 -0.004822
    outer loop
      vertex 9.95114 22.5274 14.7465
      vertex 7.58545 22.6981 15.9144
      vertex 11.4571 22.4233 14.9474
    endloop
  endfacet
  facet normal 0.0695818 0.997564 -0.00485949
    outer loop
      vertex 9.95114 22.5274 14.7465
      vertex 5.10632 22.8225 5.95343
      vertex 7.58545 22.6981 15.9144
    endloop
  endfacet
  facet normal 0.0690295 0.997596 -0.00601571
    outer loop
      vertex -5.1093 23.5386 6.66778
      vertex -2.77289 23.3699 5.50196
      vertex -2.88693 23.3779 5.52002
    endloop
  endfacet
  facet normal 0.0695832 0.997564 -0.0048602
    outer loop
      vertex 5.10632 22.8225 5.95343
      vertex 7.46767 22.6521 4.78587
      vertex -2.77289 23.3699 5.50196
    endloop
  endfacet
  facet normal 0.0695832 0.997564 -0.00486029
    outer loop
      vertex 7.46767 22.6521 4.78587
      vertex 5.10632 22.8225 5.95343
      vertex 9.95114 22.5274 14.7465
    endloop
  endfacet
  facet normal 0.0695853 0.997564 -0.00489714
    outer loop
      vertex -2.77289 23.3699 5.50196
      vertex -5.1093 23.5386 6.66778
      vertex 5.10632 22.8225 5.95343
    endloop
  endfacet
  facet normal 0.0696197 0.997562 -0.00486809
    outer loop
      vertex -5.1093 23.5386 6.66778
      vertex -2.88693 23.3779 5.52002
      vertex -5.1501 23.5386 6.08429
    endloop
  endfacet
  facet normal 0.0692153 0.99759 -0.00484
    outer loop
      vertex -2.98216 23.3699 2.50926
      vertex -2.88693 23.3779 5.52002
      vertex -2.77289 23.3699 5.50196
    endloop
  endfacet
  facet normal 0.0696528 0.997559 -0.00485376
    outer loop
      vertex -2.88693 23.3779 5.52002
      vertex -2.98216 23.3699 2.50926
      vertex -3.62637 23.4151 2.55431
    endloop
  endfacet
  facet normal -0.0695867 -0.997564 0.00488426
    outer loop
      vertex 4.97474 6.76354 0
      vertex 4.47787 6.7982 0
      vertex 4.94561 6.765 -0.116828
    endloop
  endfacet
  facet normal -0.0696012 -0.997563 0.00486893
    outer loop
      vertex 8.2801 6.56582 6.73394
      vertex 10.0773 6.48122 15.0917
      vertex 7.99841 6.58557 6.75364
    endloop
  endfacet
  facet normal -0.0695601 -0.997566 0.00486007
    outer loop
      vertex 10.0773 6.48122 15.0917
      vertex 8.2801 6.56582 6.73394
      vertex 10.3437 6.46232 15.0252
    endloop
  endfacet
  facet normal -0.0696149 -0.997562 0.00485958
    outer loop
      vertex 6.47968 6.65612 -0.499994
      vertex 6.31454 6.67008 0
      vertex 6.20687 6.67549 -0.431853
    endloop
  endfacet
  facet normal -0.0695863 -0.997564 0.00486909
    outer loop
      vertex 6.31454 6.67008 0
      vertex 6.47968 6.65612 -0.499994
      vertex 6.60412 6.64988 0
    endloop
  endfacet
  facet normal -0.0695874 -0.997564 0.0048662
    outer loop
      vertex 9.06876 6.49098 2.66902
      vertex 9.34851 6.48604 5.65679
      vertex 8.61283 6.52294 2.70091
    endloop
  endfacet
  facet normal -0.0695845 -0.997564 0.00486593
    outer loop
      vertex 9.34851 6.48604 5.65679
      vertex 9.06876 6.49098 2.66902
      vertex 9.69946 6.46144 5.63225
    endloop
  endfacet
  facet normal -0.0695837 -0.997564 0.00486603
    outer loop
      vertex 9.42043 6.46144 1.64199
      vertex 9.06876 6.49098 2.66902
      vertex 8.999 6.49098 1.67146
    endloop
  endfacet
  facet normal -0.0695841 -0.997564 0.00486586
    outer loop
      vertex 9.06876 6.49098 2.66902
      vertex 9.42043 6.46144 1.64199
      vertex 9.69946 6.46144 5.63225
    endloop
  endfacet
  facet normal 0.241527 -0.0121135 0.970318
    outer loop
      vertex 11.7682 23.4088 15.9128
      vertex 11.7739 5.36333 15.6861
      vertex 13.0264 23.3195 15.5985
    endloop
  endfacet
  facet normal 0.241509 -0.0121136 0.970323
    outer loop
      vertex 11.7739 5.36333 15.6861
      vertex 11.7682 23.4088 15.9128
      vertex 10.5156 5.45264 16.0004
    endloop
  endfacet
  facet normal -0.967902 0.0686946 0.241756
    outer loop
      vertex 7.42115 23.6268 -1.55304
      vertex 7.3904 21.6978 -1.12803
      vertex 7.53024 23.6214 -1.11475
    endloop
  endfacet
  facet normal -0.967905 0.0686967 0.241743
    outer loop
      vertex 7.3904 21.6978 -1.12803
      vertex 6.47968 6.65612 -0.499994
      vertex 7.52797 21.684 -0.573298
    endloop
  endfacet
  facet normal -0.9679 0.0686968 0.241767
    outer loop
      vertex 6.16859 5.67067 -1.46545
      vertex 7.3904 21.6978 -1.12803
      vertex 7.42115 23.6268 -1.55304
    endloop
  endfacet
  facet normal -0.967902 0.0686971 0.241758
    outer loop
      vertex 7.3904 21.6978 -1.12803
      vertex 6.16859 5.67067 -1.46545
      vertex 6.47968 6.65612 -0.499994
    endloop
  endfacet
  facet normal -0.967902 0.0687007 0.241755
    outer loop
      vertex 6.53332 5.65238 0
      vertex 6.47968 6.65612 -0.499994
      vertex 6.16859 5.67067 -1.46545
    endloop
  endfacet
  facet normal -0.967903 0.0686993 0.241752
    outer loop
      vertex 6.47968 6.65612 -0.499994
      vertex 6.53332 5.65238 0
      vertex 6.60412 6.64988 0
    endloop
  endfacet
  facet normal -0.967902 0.0686909 0.241757
    outer loop
      vertex 8.2801 6.56582 6.73394
      vertex 8.21052 5.56825 6.73881
      vertex 10.3437 6.46232 15.0252
    endloop
  endfacet
  facet normal -0.96789 0.0686822 0.241808
    outer loop
      vertex 11.4571 22.4233 14.9474
      vertex 11.3945 23.4275 14.4116
      vertex 11.322 22.4301 14.4047
    endloop
  endfacet
  facet normal -0.967893 0.0686764 0.241797
    outer loop
      vertex 11.3945 23.4275 14.4116
      vertex 11.4571 22.4233 14.9474
      vertex 11.7682 23.4088 15.9128
    endloop
  endfacet
  facet normal -0.967897 0.0686967 0.241778
    outer loop
      vertex 10.3437 6.46232 15.0252
      vertex 11.7682 23.4088 15.9128
      vertex 11.4571 22.4233 14.9474
    endloop
  endfacet
  facet normal -0.967905 0.0686993 0.241742
    outer loop
      vertex 10.3437 6.46232 15.0252
      vertex 10.5156 5.45264 16.0004
      vertex 11.7682 23.4088 15.9128
    endloop
  endfacet
  facet normal -0.967901 0.0687119 0.241755
    outer loop
      vertex 10.5156 5.45264 16.0004
      vertex 10.3437 6.46232 15.0252
      vertex 8.21052 5.56825 6.73881
    endloop
  endfacet
  facet normal 0.967904 -0.0686926 -0.241752
    outer loop
      vertex 13.0264 23.3195 15.5985
      vertex 12.4925 21.1316 14.0826
      vertex 12.6529 23.3382 14.0978
    endloop
  endfacet
  facet normal 0.967904 -0.0686938 -0.24175
    outer loop
      vertex 11.7739 5.36333 15.6861
      vertex 12.4925 21.1316 14.0826
      vertex 13.0264 23.3195 15.5985
    endloop
  endfacet
  facet normal 0.967902 -0.0686927 -0.241758
    outer loop
      vertex 9.34851 6.48604 5.65679
      vertex 11.7739 5.36333 15.6861
      vertex 8.54324 5.52537 2.70577
    endloop
  endfacet
  facet normal 0.967902 -0.0686945 -0.241758
    outer loop
      vertex 12.4925 21.1316 14.0826
      vertex 11.7739 5.36333 15.6861
      vertex 9.34851 6.48604 5.65679
    endloop
  endfacet
  facet normal 0.967902 -0.0686945 -0.241758
    outer loop
      vertex 10.3849 21.3438 5.58431
      vertex 12.4925 21.1316 14.0826
      vertex 9.34851 6.48604 5.65679
    endloop
  endfacet
  facet normal 0.967902 -0.0686982 -0.241756
    outer loop
      vertex 8.61283 6.52294 2.70091
      vertex 9.34851 6.48604 5.65679
      vertex 8.54324 5.52537 2.70577
    endloop
  endfacet
  facet normal 0.9679 -0.0686965 -0.241766
    outer loop
      vertex 8.64231 21.5192 -1.4424
      vertex 8.67942 23.5375 -1.86732
      vertex 8.78864 23.532 -1.4285
    endloop
  endfacet
  facet normal 0.967903 -0.0687002 -0.241753
    outer loop
      vertex 8.77566 20.4988 -0.618538
      vertex 8.64231 21.5192 -1.4424
      vertex 8.84542 21.4988 -0.623416
    endloop
  endfacet
  facet normal 0.9679 -0.0686963 -0.241765
    outer loop
      vertex 8.64231 21.5192 -1.4424
      vertex 7.42687 5.58137 -1.77973
      vertex 8.67942 23.5375 -1.86732
    endloop
  endfacet
  facet normal 0.967904 -0.0686969 -0.24175
    outer loop
      vertex 8.77566 20.4988 -0.618538
      vertex 7.42687 5.58137 -1.77973
      vertex 8.64231 21.5192 -1.4424
    endloop
  endfacet
  facet normal 0.9679 -0.0686966 -0.241765
    outer loop
      vertex 7.86982 5.55915 0
      vertex 8.77566 20.4988 -0.618538
      vertex 8.92906 20.4833 0
    endloop
  endfacet
  facet normal 0.967903 -0.0686964 -0.241755
    outer loop
      vertex 8.77566 20.4988 -0.618538
      vertex 7.86982 5.55915 0
      vertex 7.42687 5.58137 -1.77973
    endloop
  endfacet
  facet normal -0.2415 0.0121129 -0.970325
    outer loop
      vertex 7.42687 5.58137 -1.77973
      vertex 7.42115 23.6268 -1.55304
      vertex 8.67942 23.5375 -1.86732
    endloop
  endfacet
  facet normal -0.241498 0.0121129 -0.970326
    outer loop
      vertex 7.42115 23.6268 -1.55304
      vertex 7.42687 5.58137 -1.77973
      vertex 6.16859 5.67067 -1.46545
    endloop
  endfacet
  facet normal 0.241395 -0.0121093 0.970351
    outer loop
      vertex 11.4571 22.4233 14.9474
      vertex 10.0847 9 15.1213
      vertex 10.3437 6.46232 15.0252
    endloop
  endfacet
  facet normal 0.241522 -0.0121227 0.97032
    outer loop
      vertex 11.4571 22.4233 14.9474
      vertex 8.8232 9 15.4353
      vertex 10.0847 9 15.1213
    endloop
  endfacet
  facet normal 0.241493 -0.0121167 0.970327
    outer loop
      vertex 7.58545 22.6981 15.9144
      vertex 8.8232 9 15.4353
      vertex 11.4571 22.4233 14.9474
    endloop
  endfacet
  facet normal 0.241519 -0.0121141 0.970321
    outer loop
      vertex 6.56016 8 15.9861
      vertex 8.8232 9 15.4353
      vertex 7.58545 22.6981 15.9144
    endloop
  endfacet
  facet normal 0.241497 -0.0120604 0.970327
    outer loop
      vertex 8.8232 9 15.4353
      vertex 6.56016 8 15.9861
      vertex 8.82027 8 15.4236
    endloop
  endfacet
  facet normal 0.241366 -0.0121125 0.970359
    outer loop
      vertex 10.3437 6.46232 15.0252
      vertex 10.0847 9 15.1213
      vertex 10.0773 6.48122 15.0917
    endloop
  endfacet
  facet normal -0.967903 0.0686963 0.241754
    outer loop
      vertex 4.07236 8 6.02573
      vertex 7.58545 22.6981 15.9144
      vertex 5.10632 22.8225 5.95343
    endloop
  endfacet
  facet normal -0.967903 0.068697 0.241753
    outer loop
      vertex 7.58545 22.6981 15.9144
      vertex 4.07236 8 6.02573
      vertex 6.56016 8 15.9861
    endloop
  endfacet
  facet normal -0.241502 0.0121126 -0.970325
    outer loop
      vertex 6.47968 6.65612 -0.499994
      vertex 6.20687 6.67549 -0.431853
      vertex 6.21368 9 -0.404531
    endloop
  endfacet
  facet normal -0.241503 0.0121126 -0.970324
    outer loop
      vertex 7.52797 21.684 -0.573298
      vertex 7.2258 20.7171 -0.510161
      vertex 7.29555 21.7171 -0.515038
    endloop
  endfacet
  facet normal -0.241499 0.012113 -0.970325
    outer loop
      vertex 6.21368 9 -0.404531
      vertex 7.52797 21.684 -0.573298
      vertex 6.47968 6.65612 -0.499994
    endloop
  endfacet
  facet normal -0.241507 0.0121138 -0.970323
    outer loop
      vertex 7.52797 21.684 -0.573298
      vertex 6.21368 9 -0.404531
      vertex 7.2258 20.7171 -0.510161
    endloop
  endfacet
  facet normal -0.241499 0.0121131 -0.970325
    outer loop
      vertex 4.95216 9 -0.090558
      vertex 7.2258 20.7171 -0.510161
      vertex 6.21368 9 -0.404531
    endloop
  endfacet
  facet normal -0.241499 0.0121132 -0.970325
    outer loop
      vertex 7.2258 20.7171 -0.510161
      vertex 4.95216 9 -0.090558
      vertex 5.19058 21.0075 0
    endloop
  endfacet
  facet normal -0.241501 0.0121132 -0.970325
    outer loop
      vertex 4.95216 9 -0.090558
      vertex 4.47787 6.7982 0
      vertex 5.19058 21.0075 0
    endloop
  endfacet
  facet normal -0.2415 0.0121129 -0.970325
    outer loop
      vertex 4.47787 6.7982 0
      vertex 4.95216 9 -0.090558
      vertex 4.94561 6.765 -0.116828
    endloop
  endfacet
  facet normal 0.970289 0 -0.24195
    outer loop
      vertex -8.01633 -5.74973 2.56056
      vertex -8.03674 6.68083 2.47871
      vertex -8.01633 6.6798 2.56056
    endloop
  endfacet
  facet normal 0.970289 0 -0.24195
    outer loop
      vertex -8.03674 6.68083 2.47871
      vertex -8.01633 -5.74973 2.56056
      vertex -8.03674 -5.75075 2.47871
    endloop
  endfacet
  facet normal 0.241908 9.31681e-06 0.970299
    outer loop
      vertex -22.5956 9 7.44845
      vertex -24.2173 8 7.85277
      vertex -22.614 8.72439 7.45304
    endloop
  endfacet
  facet normal 0.241919 0 0.970296
    outer loop
      vertex -24.2173 8 7.85277
      vertex -25.1876 9 8.09469
      vertex -24.2173 -8 7.85277
    endloop
  endfacet
  facet normal 0.241915 -3.73145e-06 0.970297
    outer loop
      vertex -25.1876 9 8.09469
      vertex -24.2173 8 7.85277
      vertex -22.5956 9 7.44845
    endloop
  endfacet
  facet normal 0.241941 0 0.970291
    outer loop
      vertex -22.614 8.72439 7.45304
      vertex -22 8 7.29994
      vertex -22 8.68081 7.29994
    endloop
  endfacet
  facet normal 0.24192 -1.87331e-05 0.970296
    outer loop
      vertex -22 8 7.29994
      vertex -22.614 8.72439 7.45304
      vertex -24.2173 8 7.85277
    endloop
  endfacet
  facet normal 0.24192 0 0.970296
    outer loop
      vertex -24.2173 -8 7.85277
      vertex -22 -9 7.29994
      vertex -22 -8 7.29994
    endloop
  endfacet
  facet normal 0.24192 -5.2752e-07 0.970296
    outer loop
      vertex -24.2173 -8 7.85277
      vertex -25.1876 -9 8.09469
      vertex -22 -9 7.29994
    endloop
  endfacet
  facet normal 0.241919 -0 0.970296
    outer loop
      vertex -25.1876 -9 8.09469
      vertex -24.2173 -8 7.85277
      vertex -25.1876 9 8.09469
    endloop
  endfacet
  facet normal 0.241922 0 0.970296
    outer loop
      vertex -20 8.53887 6.80129
      vertex -20 8 6.80129
      vertex -12.4074 8 4.90824
    endloop
  endfacet
  facet normal 0.241918 0 0.970297
    outer loop
      vertex -8.69253 7.73635 3.98202
      vertex -8.29674 -6.77818 3.88334
      vertex -8.29674 7.70826 3.88334
    endloop
  endfacet
  facet normal 0.241918 0 0.970297
    outer loop
      vertex -8.29674 -6.77818 3.88334
      vertex -8.69253 7.73635 3.98202
      vertex -8.69253 -6.80627 3.98202
    endloop
  endfacet
  facet normal -0.241914 -9.89182e-07 -0.970298
    outer loop
      vertex -23.007 -6.81323 6.21123
      vertex -25.5021 -9 6.83331
      vertex -23.9627 7.81113 6.44949
    endloop
  endfacet
  facet normal -0.241917 1.7816e-06 -0.970297
    outer loop
      vertex -25.5021 -9 6.83331
      vertex -23.007 -6.81323 6.21123
      vertex -22.8609 -9 6.1748
    endloop
  endfacet
  facet normal -0.241928 0 -0.970294
    outer loop
      vertex -23.007 -6.81323 6.21123
      vertex -22 7.67184 5.96015
      vertex -22 -6.74176 5.96015
    endloop
  endfacet
  facet normal -0.241914 -9.96309e-07 -0.970298
    outer loop
      vertex -22 7.67184 5.96015
      vertex -23.007 -6.81323 6.21123
      vertex -23.9627 7.81113 6.44949
    endloop
  endfacet
  facet normal -0.241925 -0 -0.970295
    outer loop
      vertex -25.5021 9 6.83331
      vertex -23.9627 7.81113 6.44949
      vertex -25.5021 -9 6.83331
    endloop
  endfacet
  facet normal -0.241912 1.6924e-05 -0.970298
    outer loop
      vertex -23.9627 7.81113 6.44949
      vertex -25.5021 9 6.83331
      vertex -23.8832 9 6.42969
    endloop
  endfacet
  facet normal -0.241922 0 -0.970296
    outer loop
      vertex -20 -6.59982 5.46149
      vertex -8.97219 6.74722 2.71195
      vertex -8.97219 -5.81714 2.71195
    endloop
  endfacet
  facet normal -0.241922 0 -0.970296
    outer loop
      vertex -8.97219 6.74722 2.71195
      vertex -20 -6.59982 5.46149
      vertex -20 7.52989 5.46149
    endloop
  endfacet
  facet normal -0.241931 0 -0.970294
    outer loop
      vertex -8.50089 -5.78369 2.59444
      vertex -8.03674 6.68083 2.47871
      vertex -8.03674 -5.75075 2.47871
    endloop
  endfacet
  facet normal -0.241931 0 -0.970294
    outer loop
      vertex -8.03674 6.68083 2.47871
      vertex -8.50089 -5.78369 2.59444
      vertex -8.50089 6.71377 2.59444
    endloop
  endfacet
  facet normal -0.970295 0 0.241924
    outer loop
      vertex -25.5021 -9 6.83331
      vertex -25.1876 9 8.09469
      vertex -25.5021 9 6.83331
    endloop
  endfacet
  facet normal -0.970295 0 0.241924
    outer loop
      vertex -25.1876 9 8.09469
      vertex -25.5021 -9 6.83331
      vertex -25.1876 -9 8.09469
    endloop
  endfacet
  facet normal 0 1 0
    outer loop
      vertex 6.21368 9 -0.404531
      vertex 4.88174 9 -0.373026
      vertex 4.95216 9 -0.090558
    endloop
  endfacet
  facet normal 0 1 0
    outer loop
      vertex 4.88174 9 -0.373026
      vertex 6.21368 9 -0.404531
      vertex 6.14312 9 -0.687524
    endloop
  endfacet
  facet normal 0 1 0
    outer loop
      vertex 10.4977 9 16.7778
      vertex 8.8232 9 15.4353
      vertex 9.23633 9 17.0923
    endloop
  endfacet
  facet normal -0 1 0
    outer loop
      vertex 8.8232 9 15.4353
      vertex 10.4977 9 16.7778
      vertex 10.0847 9 15.1213
    endloop
  endfacet
  facet normal 0 1 0
    outer loop
      vertex -22.5956 9 7.44845
      vertex -22.7703 9 6.74915
      vertex -23.743 9 6.99124
    endloop
  endfacet
  facet normal 0 1 -0
    outer loop
      vertex -23.743 9 6.99124
      vertex -25.1876 9 8.09469
      vertex -22.5956 9 7.44845
    endloop
  endfacet
  facet normal 0 1 0
    outer loop
      vertex -23.743 9 6.99124
      vertex -25.5021 9 6.83331
      vertex -25.1876 9 8.09469
    endloop
  endfacet
  facet normal -0 1 0
    outer loop
      vertex -25.5021 9 6.83331
      vertex -23.743 9 6.99124
      vertex -23.8832 9 6.42969
    endloop
  endfacet
  facet normal 0 1 -0
    outer loop
      vertex -6.81039 9 2.77696
      vertex -6.97851 9 3.79116
      vertex -6.33273 9 3.746
    endloop
  endfacet
  facet normal 0 1 0
    outer loop
      vertex -6.97851 9 3.79116
      vertex -6.81039 9 2.77696
      vertex -7.20716 9 2.87571
    endloop
  endfacet
  facet normal -0 1 0
    outer loop
      vertex -6.81039 9 2.77696
      vertex -6.33273 9 3.746
      vertex -6.40248 9 2.74844
    endloop
  endfacet
  facet normal 0 -1 0
    outer loop
      vertex 4.88174 -9 -0.373026
      vertex 5.35576 -9 0
      vertex 4.97474 -9 0
    endloop
  endfacet
  facet normal 0 -1 -0
    outer loop
      vertex 5.35576 -9 0
      vertex 4.88174 -9 -0.373026
      vertex 6.14312 -9 -0.687524
    endloop
  endfacet
  facet normal 0 -1 0
    outer loop
      vertex 5.35576 -9 0
      vertex 6.14312 -9 -0.687524
      vertex 6.25852 -9 -0.224685
    endloop
  endfacet
  facet normal 0 -1 0
    outer loop
      vertex 8.86804 -9 15.6152
      vertex 10.4977 -9 16.7778
      vertex 9.23633 -9 17.0923
    endloop
  endfacet
  facet normal 0 -1 0
    outer loop
      vertex 10.4977 -9 16.7778
      vertex 8.86804 -9 15.6152
      vertex 10.1296 -9 15.3012
    endloop
  endfacet
  facet normal 0 -1 0
    outer loop
      vertex -25.1876 -9 8.09469
      vertex -22.6756 -9 6.9166
      vertex -22 -9 7.29994
    endloop
  endfacet
  facet normal 0 -1 0
    outer loop
      vertex -25.5021 -9 6.83331
      vertex -22.6756 -9 6.9166
      vertex -25.1876 -9 8.09469
    endloop
  endfacet
  facet normal 0 -1 0
    outer loop
      vertex -22.6756 -9 6.9166
      vertex -25.5021 -9 6.83331
      vertex -22.8609 -9 6.1748
    endloop
  endfacet
  facet normal 0 -1 -0
    outer loop
      vertex -22 -9 7.29994
      vertex -22.6756 -9 6.9166
      vertex -22 -9 6.74844
    endloop
  endfacet
  facet normal 0 -1 0
    outer loop
      vertex -5.74307 -9 2.70233
      vertex -5.91119 -9 3.71652
      vertex -6.13984 -9 2.80108
    endloop
  endfacet
  facet normal 0 -1 0
    outer loop
      vertex -5.91119 -9 3.71652
      vertex -5.74307 -9 2.70233
      vertex -5.26541 -9 3.67137
    endloop
  endfacet
  facet normal 0 -1 0
    outer loop
      vertex -5.26541 -9 3.67137
      vertex -5.74307 -9 2.70233
      vertex -5.33516 -9 2.6738
    endloop
  endfacet
  facet normal 0.970295 2.4354e-05 -0.241924
    outer loop
      vertex -7.72485 8 7.8632
      vertex -7.90152 7.69664 7.15459
      vertex -7.90064 8 7.15815
    endloop
  endfacet
  facet normal 0.970298 -5.00793e-07 -0.241914
    outer loop
      vertex -7.72485 8 7.8632
      vertex -7.85942 -6.76446 7.32348
      vertex -7.90152 7.69664 7.15459
    endloop
  endfacet
  facet normal 0.970295 0 -0.241926
    outer loop
      vertex -7.72485 -8 7.8632
      vertex -7.85942 -6.76446 7.32348
      vertex -7.72485 8 7.8632
    endloop
  endfacet
  facet normal 0.970299 7.81615e-06 -0.24191
    outer loop
      vertex -7.85942 -6.76446 7.32348
      vertex -7.72485 -8 7.8632
      vertex -7.85579 -8 7.338
    endloop
  endfacet
  facet normal 0.970296 -5.71837e-07 -0.241919
    outer loop
      vertex -8.69253 -6.80627 3.98202
      vertex -7.90152 7.69664 7.15459
      vertex -7.85942 -6.76446 7.32348
    endloop
  endfacet
  facet normal 0.970296 0 -0.241922
    outer loop
      vertex -7.90152 7.69664 7.15459
      vertex -8.69253 -6.80627 3.98202
      vertex -8.69253 7.73635 3.98202
    endloop
  endfacet
  facet normal 0.241951 0 0.970288
    outer loop
      vertex -23.2496 8 11.734
      vertex -22 -8 11.4224
      vertex -22 8 11.4224
    endloop
  endfacet
  facet normal 0.241951 0 0.970288
    outer loop
      vertex -22 -8 11.4224
      vertex -23.2496 8 11.734
      vertex -23.2496 -8 11.734
    endloop
  endfacet
  facet normal 0.241919 0 0.970296
    outer loop
      vertex -20 8 10.9237
      vertex -7.72485 -8 7.8632
      vertex -7.72485 8 7.8632
    endloop
  endfacet
  facet normal 0.241919 0 0.970296
    outer loop
      vertex -7.72485 -8 7.8632
      vertex -20 8 10.9237
      vertex -20 -8 10.9237
    endloop
  endfacet
  facet normal -0.970296 0 0.241922
    outer loop
      vertex -24.2173 -8 7.85277
      vertex -23.2496 8 11.734
      vertex -24.2173 8 7.85277
    endloop
  endfacet
  facet normal -0.970296 0 0.241922
    outer loop
      vertex -23.2496 8 11.734
      vertex -24.2173 -8 7.85277
      vertex -23.2496 -8 11.734
    endloop
  endfacet
  facet normal 0 1 0
    outer loop
      vertex -22 8 11.4224
      vertex -24.2173 8 7.85277
      vertex -23.2496 8 11.734
    endloop
  endfacet
  facet normal -0 1 0
    outer loop
      vertex -24.2173 8 7.85277
      vertex -22 8 11.4224
      vertex -22 8 7.29994
    endloop
  endfacet
  facet normal 0 1 0
    outer loop
      vertex -7.72485 8 7.8632
      vertex -12.1757 8 8.22214
      vertex -20 8 10.9237
    endloop
  endfacet
  facet normal 0 1 0
    outer loop
      vertex -12.1757 8 8.22214
      vertex -7.72485 8 7.8632
      vertex -7.90064 8 7.15815
    endloop
  endfacet
  facet normal 0 1 0
    outer loop
      vertex -12.1757 8 8.22214
      vertex -20 8 6.80129
      vertex -20 8 10.9237
    endloop
  endfacet
  facet normal -0 1 0
    outer loop
      vertex -20 8 6.80129
      vertex -12.1757 8 8.22214
      vertex -12.4074 8 4.90824
    endloop
  endfacet
  facet normal 0 -1 0
    outer loop
      vertex -24.2173 -8 7.85277
      vertex -22 -8 11.4224
      vertex -23.2496 -8 11.734
    endloop
  endfacet
  facet normal 0 -1 -0
    outer loop
      vertex -22 -8 11.4224
      vertex -24.2173 -8 7.85277
      vertex -22 -8 7.29994
    endloop
  endfacet
  facet normal 0 -1 0
    outer loop
      vertex -20 -8 10.3605
      vertex -7.72485 -8 7.8632
      vertex -20 -8 10.9237
    endloop
  endfacet
  facet normal -0 -1 0
    outer loop
      vertex -7.72485 -8 7.8632
      vertex -20 -8 10.3605
      vertex -7.85579 -8 7.338
    endloop
  endfacet
  facet normal 0.997564 0 -0.0697603
    outer loop
      vertex 9.06876 6.49098 2.66902
      vertex 8.999 5.48854 1.67146
      vertex 8.999 6.49098 1.67146
    endloop
  endfacet
  facet normal 0.997564 0 -0.0697603
    outer loop
      vertex 9.06876 -4.55846 2.66902
      vertex 8.999 5.48854 1.67146
      vertex 9.06876 6.49098 2.66902
    endloop
  endfacet
  facet normal 0.997564 8.54271e-08 -0.0697594
    outer loop
      vertex 8.98771 -4.55846 1.51
      vertex 8.999 5.48854 1.67146
      vertex 9.06876 -4.55846 2.66902
    endloop
  endfacet
  facet normal 0.997564 0 -0.0697541
    outer loop
      vertex 8.999 5.48854 1.67146
      vertex 8.98771 -4.55846 1.51
      vertex 8.98771 5.48854 1.51
    endloop
  endfacet
  facet normal 0.069774 -7.43251e-06 0.997563
    outer loop
      vertex 8.54324 5.52537 2.70577
      vertex 9.06876 6.49098 2.66902
      vertex 8.61283 6.52294 2.70091
    endloop
  endfacet
  facet normal 0.0697604 0 0.997564
    outer loop
      vertex 9.06876 6.49098 2.66902
      vertex 8.54324 5.52537 2.70577
      vertex 9.06876 -4.55846 2.66902
    endloop
  endfacet
  facet normal 0.0697577 -1.42068e-07 0.997564
    outer loop
      vertex 8.54324 5.52537 2.70577
      vertex 8.22718 -4.61746 2.72787
      vertex 9.06876 -4.55846 2.66902
    endloop
  endfacet
  facet normal 0.0697601 -2.19667e-07 0.997564
    outer loop
      vertex 8.22718 -4.61746 2.72787
      vertex 8.54324 5.52537 2.70577
      vertex 8.0712 5.55846 2.73878
    endloop
  endfacet
  facet normal 0.0697443 4.65452e-06 0.997565
    outer loop
      vertex 8.22718 -4.61746 2.72787
      vertex 8.0712 -5.63083 2.73878
      vertex 8.29676 -5.61502 2.72301
    endloop
  endfacet
  facet normal 0.0697744 -0 0.997563
    outer loop
      vertex 8.0712 -5.63083 2.73878
      vertex 8.22718 -4.61746 2.72787
      vertex 8.0712 5.55846 2.73878
    endloop
  endfacet
  facet normal 0.0697606 2.31155e-06 0.997564
    outer loop
      vertex -6.97851 9 3.79116
      vertex -6.40248 8 3.75088
      vertex -6.33273 9 3.746
    endloop
  endfacet
  facet normal 0.0697606 2.31155e-06 0.997564
    outer loop
      vertex -6.40248 8 3.75088
      vertex -6.97851 9 3.79116
      vertex -7.04826 8 3.79604
    endloop
  endfacet
  facet normal 0.0697713 0 0.997563
    outer loop
      vertex -8.29674 7.70826 3.88334
      vertex -7.88983 -6.74966 3.85488
      vertex -7.88983 7.67973 3.85488
    endloop
  endfacet
  facet normal 0.0697713 0 0.997563
    outer loop
      vertex -7.88983 -6.74966 3.85488
      vertex -8.29674 7.70826 3.88334
      vertex -8.29674 -6.77818 3.88334
    endloop
  endfacet
  facet normal 0.0697452 6.58663e-06 0.997565
    outer loop
      vertex -5.33516 -8 3.67624
      vertex -5.91119 -9 3.71652
      vertex -5.26541 -9 3.67137
    endloop
  endfacet
  facet normal 0.0697606 -2.31155e-06 0.997564
    outer loop
      vertex -5.91119 -9 3.71652
      vertex -5.33516 -8 3.67624
      vertex -5.98094 -8 3.7214
    endloop
  endfacet
  facet normal -0.0697599 0 -0.997564
    outer loop
      vertex -8.97808 -5.81714 2.62781
      vertex -8.50089 6.71377 2.59444
      vertex -8.50089 -5.78369 2.59444
    endloop
  endfacet
  facet normal -0.0697599 0 -0.997564
    outer loop
      vertex -8.50089 6.71377 2.59444
      vertex -8.97808 -5.81714 2.62781
      vertex -8.97808 6.74722 2.62781
    endloop
  endfacet
  facet normal -0.0697571 0 -0.997564
    outer loop
      vertex -8.01633 -5.74973 2.56056
      vertex 1.32779 6.0248 1.90715
      vertex 1.32779 -5.09473 1.90715
    endloop
  endfacet
  facet normal -0.0697571 0 -0.997564
    outer loop
      vertex 1.32779 6.0248 1.90715
      vertex -8.01633 -5.74973 2.56056
      vertex -8.01633 6.6798 2.56056
    endloop
  endfacet
  facet normal -0.0697557 0 -0.997564
    outer loop
      vertex 6.69644 -4.7184 1.53174
      vertex 7.00734 5.62668 1.51
      vertex 7.00734 -4.69661 1.51
    endloop
  endfacet
  facet normal -0.0697557 0 -0.997564
    outer loop
      vertex 7.00734 5.62668 1.51
      vertex 6.69644 -4.7184 1.53174
      vertex 6.69644 5.64847 1.53174
    endloop
  endfacet
  facet normal -0.997559 0 0.0698315
    outer loop
      vertex -8.97808 -5.81714 2.62781
      vertex -8.97219 6.74722 2.71195
      vertex -8.97808 6.74722 2.62781
    endloop
  endfacet
  facet normal -0.997559 0 0.0698315
    outer loop
      vertex -8.97219 6.74722 2.71195
      vertex -8.97808 -5.81714 2.62781
      vertex -8.97219 -5.81714 2.71195
    endloop
  endfacet
  facet normal 0.997564 0 -0.0697549
    outer loop
      vertex 8.35022 -5.63083 6.72904
      vertex 8.0712 5.55846 2.73878
      vertex 8.35022 5.55846 6.72904
    endloop
  endfacet
  facet normal 0.997564 0 -0.0697549
    outer loop
      vertex 8.0712 5.55846 2.73878
      vertex 8.35022 -5.63083 6.72904
      vertex 8.0712 -5.63083 2.73878
    endloop
  endfacet
  facet normal 0.0697565 0 0.997564
    outer loop
      vertex -7.6108 8 7.84514
      vertex 2.62976 -8 7.12905
      vertex 2.62976 8 7.12905
    endloop
  endfacet
  facet normal 0.0697565 0 0.997564
    outer loop
      vertex 2.62976 -8 7.12905
      vertex -7.6108 8 7.84514
      vertex -7.6108 -8 7.84514
    endloop
  endfacet
  facet normal 0.0697649 3.90116e-06 0.997563
    outer loop
      vertex 8.2801 6.56582 6.73394
      vertex 7.99841 6.58557 6.75364
      vertex 8.21052 5.56825 6.73881
    endloop
  endfacet
  facet normal 0.0697652 0 0.997563
    outer loop
      vertex 8.21052 5.56825 6.73881
      vertex 8.35022 -5.63083 6.72904
      vertex 8.35022 5.55846 6.72904
    endloop
  endfacet
  facet normal 0.0697463 -0 0.997565
    outer loop
      vertex 7.99841 -5.65549 6.75364
      vertex 8.21052 5.56825 6.73881
      vertex 7.99841 6.58557 6.75364
    endloop
  endfacet
  facet normal 0.0697538 -1.426e-07 0.997564
    outer loop
      vertex 8.21052 5.56825 6.73881
      vertex 7.99841 -5.65549 6.75364
      vertex 8.35022 -5.63083 6.72904
    endloop
  endfacet
  facet normal -0.997564 0 0.0697577
    outer loop
      vertex -7.88983 7.67973 3.85488
      vertex -7.88983 -6.74966 3.85488
      vertex -7.66325 7.67973 7.09507
    endloop
  endfacet
  facet normal -0.997564 -1.50683e-05 0.0697629
    outer loop
      vertex -7.66325 7.67973 7.09507
      vertex -7.6108 8 7.84514
      vertex -7.66298 8 7.099
    endloop
  endfacet
  facet normal -0.997564 2.64819e-08 0.0697575
    outer loop
      vertex -7.65092 -6.74966 7.2714
      vertex -7.66325 7.67973 7.09507
      vertex -7.88983 -6.74966 3.85488
    endloop
  endfacet
  facet normal -0.997564 1.3332e-08 0.0697565
    outer loop
      vertex -7.66325 7.67973 7.09507
      vertex -7.65092 -6.74966 7.2714
      vertex -7.6108 8 7.84514
    endloop
  endfacet
  facet normal -0.997564 2.1989e-06 0.0697616
    outer loop
      vertex -7.6108 -8 7.84514
      vertex -7.65092 -6.74966 7.2714
      vertex -7.64985 -8 7.28674
    endloop
  endfacet
  facet normal -0.997564 0 0.0697568
    outer loop
      vertex -7.65092 -6.74966 7.2714
      vertex -7.6108 -8 7.84514
      vertex -7.6108 8 7.84514
    endloop
  endfacet
  facet normal 0 1 0
    outer loop
      vertex 8.99441 8 16.122
      vertex 8.82027 8 15.4236
      vertex 6.56016 8 15.9861
    endloop
  endfacet
  facet normal 0 1 -0
    outer loop
      vertex 6.56016 8 15.9861
      vertex 5.11323 8 17.0897
      vertex 8.99441 8 16.122
    endloop
  endfacet
  facet normal 0 1 0
    outer loop
      vertex 6.56016 8 15.9861
      vertex 2.62976 8 7.12905
      vertex 5.11323 8 17.0897
    endloop
  endfacet
  facet normal 0 1 0
    outer loop
      vertex -7.6108 8 7.84514
      vertex -6.30754 8 6.76165
      vertex -7.66298 8 7.099
    endloop
  endfacet
  facet normal 0 1 0
    outer loop
      vertex -7.6108 8 7.84514
      vertex -6.19321 8 6.74357
      vertex -6.30754 8 6.76165
    endloop
  endfacet
  facet normal 0 1 0
    outer loop
      vertex 2.62976 8 7.12905
      vertex 4.07236 8 6.02573
      vertex -6.19321 8 6.74357
    endloop
  endfacet
  facet normal 0 1 -0
    outer loop
      vertex 4.07236 8 6.02573
      vertex 2.62976 8 7.12905
      vertex 6.56016 8 15.9861
    endloop
  endfacet
  facet normal 0 1 -0
    outer loop
      vertex -6.19321 8 6.74357
      vertex -7.6108 8 7.84514
      vertex 2.62976 8 7.12905
    endloop
  endfacet
  facet normal 0 1 0
    outer loop
      vertex -6.40248 8 3.75088
      vertex -6.30754 8 6.76165
      vertex -6.19321 8 6.74357
    endloop
  endfacet
  facet normal 0 1 0
    outer loop
      vertex -6.30754 8 6.76165
      vertex -6.40248 8 3.75088
      vertex -7.04826 8 3.79604
    endloop
  endfacet
  facet normal 0 -1 0
    outer loop
      vertex -5.24022 -8 6.68702
      vertex -7.6108 -8 7.84514
      vertex -7.64985 -8 7.28674
    endloop
  endfacet
  facet normal 0 -1 0
    outer loop
      vertex -7.6108 -8 7.84514
      vertex -5.24022 -8 6.68702
      vertex -5.12589 -8 6.66894
    endloop
  endfacet
  facet normal 0 -1 0
    outer loop
      vertex 5.11323 -8 17.0897
      vertex 7.62748 -8 15.9114
      vertex 8.99441 -8 16.122
    endloop
  endfacet
  facet normal 0 -1 0
    outer loop
      vertex 2.62976 -8 7.12905
      vertex 7.62748 -8 15.9114
      vertex 5.11323 -8 17.0897
    endloop
  endfacet
  facet normal 0 -1 0
    outer loop
      vertex -7.6108 -8 7.84514
      vertex -5.12589 -8 6.66894
      vertex 2.62976 -8 7.12905
    endloop
  endfacet
  facet normal 0 -1 0
    outer loop
      vertex 2.62976 -8 7.12905
      vertex 5.13968 -8 5.9511
      vertex 7.62748 -8 15.9114
    endloop
  endfacet
  facet normal 0 -1 0
    outer loop
      vertex 5.13968 -8 5.9511
      vertex 2.62976 -8 7.12905
      vertex -5.12589 -8 6.66894
    endloop
  endfacet
  facet normal 0 -1 0
    outer loop
      vertex 8.99441 -8 16.122
      vertex 7.62748 -8 15.9114
      vertex 8.86511 -8 15.6034
    endloop
  endfacet
  facet normal 0 -1 0
    outer loop
      vertex -5.33516 -8 3.67624
      vertex -5.24022 -8 6.68702
      vertex -5.98094 -8 3.7214
    endloop
  endfacet
  facet normal 0 -1 -0
    outer loop
      vertex -5.24022 -8 6.68702
      vertex -5.33516 -8 3.67624
      vertex -5.12589 -8 6.66894
    endloop
  endfacet
  facet normal 0.241926 0 0.970295
    outer loop
      vertex 9.23633 9 17.0923
      vertex 10.4977 -9 16.7778
      vertex 10.4977 9 16.7778
    endloop
  endfacet
  facet normal 0.241926 0 0.970295
    outer loop
      vertex 10.4977 -9 16.7778
      vertex 9.23633 9 17.0923
      vertex 9.23633 -9 17.0923
    endloop
  endfacet
  facet normal -0.970302 3.56573e-07 0.241899
    outer loop
      vertex 4.88174 9 -0.373026
      vertex 4.94561 6.765 -0.116828
      vertex 4.95216 9 -0.090558
    endloop
  endfacet
  facet normal -0.970302 0 0.241896
    outer loop
      vertex 4.88174 -9 -0.373026
      vertex 4.94561 6.765 -0.116828
      vertex 4.88174 9 -0.373026
    endloop
  endfacet
  facet normal -0.970293 -6.54904e-07 0.241934
    outer loop
      vertex 4.88174 -9 -0.373026
      vertex 4.97474 6.76354 0
      vertex 4.94561 6.765 -0.116828
    endloop
  endfacet
  facet normal -0.970299 0 0.241908
    outer loop
      vertex 4.97474 6.76354 0
      vertex 4.88174 -9 -0.373026
      vertex 4.97474 -9 0
    endloop
  endfacet
  facet normal -0.970296 1.16787e-05 0.241919
    outer loop
      vertex 8.86511 -8 15.6034
      vertex 8.86804 -9 15.6152
      vertex 8.99441 -8 16.122
    endloop
  endfacet
  facet normal -0.970293 1.23287e-05 0.241934
    outer loop
      vertex 8.99441 8 16.122
      vertex 8.8232 9 15.4353
      vertex 8.82027 8 15.4236
    endloop
  endfacet
  facet normal -0.970297 8.2039e-07 0.241918
    outer loop
      vertex 8.8232 9 15.4353
      vertex 8.99441 8 16.122
      vertex 9.23633 9 17.0923
    endloop
  endfacet
  facet normal -0.970296 0 0.241919
    outer loop
      vertex 8.99441 -8 16.122
      vertex 9.23633 9 17.0923
      vertex 8.99441 8 16.122
    endloop
  endfacet
  facet normal -0.970296 0 0.241919
    outer loop
      vertex 8.99441 -8 16.122
      vertex 9.23633 -9 17.0923
      vertex 9.23633 9 17.0923
    endloop
  endfacet
  facet normal -0.970295 7.72176e-06 0.241927
    outer loop
      vertex 9.23633 -9 17.0923
      vertex 8.99441 -8 16.122
      vertex 8.86804 -9 15.6152
    endloop
  endfacet
  facet normal 0.970297 -7.74404e-06 -0.241915
    outer loop
      vertex 10.4977 9 16.7778
      vertex 10.0773 6.48122 15.0917
      vertex 10.0847 9 15.1213
    endloop
  endfacet
  facet normal 0.970295 -9.72187e-07 -0.241925
    outer loop
      vertex 10.4977 9 16.7778
      vertex 10.1194 -5.54903 15.2606
      vertex 10.0773 6.48122 15.0917
    endloop
  endfacet
  facet normal 0.970293 0 -0.241934
    outer loop
      vertex 10.4977 -9 16.7778
      vertex 10.1194 -5.54903 15.2606
      vertex 10.4977 9 16.7778
    endloop
  endfacet
  facet normal 0.970305 2.21759e-05 -0.241886
    outer loop
      vertex 10.1194 -5.54903 15.2606
      vertex 10.4977 -9 16.7778
      vertex 10.1296 -9 15.3012
    endloop
  endfacet
  facet normal 0.970297 -8.7395e-07 -0.241918
    outer loop
      vertex 7.99841 -5.65549 6.75364
      vertex 10.0773 6.48122 15.0917
      vertex 10.1194 -5.54903 15.2606
    endloop
  endfacet
  facet normal 0.970296 0 -0.24192
    outer loop
      vertex 10.0773 6.48122 15.0917
      vertex 7.99841 -5.65549 6.75364
      vertex 7.99841 6.58557 6.75364
    endloop
  endfacet
  facet normal 0.970294 9.70545e-07 -0.241928
    outer loop
      vertex 6.20687 6.67549 -0.431853
      vertex 6.14312 9 -0.687524
      vertex 6.21368 9 -0.404531
    endloop
  endfacet
  facet normal 0.970299 0 -0.241907
    outer loop
      vertex 6.24898 -5.7433 -0.262964
      vertex 6.31454 6.67008 0
      vertex 6.31454 -5.74001 0
    endloop
  endfacet
  facet normal 0.970297 1.90217e-07 -0.241915
    outer loop
      vertex 6.31454 6.67008 0
      vertex 6.24898 -5.7433 -0.262964
      vertex 6.20687 6.67549 -0.431853
    endloop
  endfacet
  facet normal 0.970293 -6.13151e-08 -0.241933
    outer loop
      vertex 6.14312 -9 -0.687524
      vertex 6.20687 6.67549 -0.431853
      vertex 6.24898 -5.7433 -0.262964
    endloop
  endfacet
  facet normal 0.970295 -1.23114e-06 -0.241924
    outer loop
      vertex 6.14312 -9 -0.687524
      vertex 6.24898 -5.7433 -0.262964
      vertex 6.25852 -9 -0.224685
    endloop
  endfacet
  facet normal 0.970292 0 -0.241936
    outer loop
      vertex 6.20687 6.67549 -0.431853
      vertex 6.14312 -9 -0.687524
      vertex 6.14312 9 -0.687524
    endloop
  endfacet
  facet normal 0.9703 0 -0.241905
    outer loop
      vertex 6.69644 -4.7184 1.53174
      vertex 6.69102 5.64874 1.51
      vertex 6.69644 5.64847 1.53174
    endloop
  endfacet
  facet normal 0.9703 0 -0.241905
    outer loop
      vertex 6.69102 5.64874 1.51
      vertex 6.69644 -4.7184 1.53174
      vertex 6.69102 -4.71867 1.51
    endloop
  endfacet
  facet normal -0.241922 0 -0.970296
    outer loop
      vertex 4.88174 -9 -0.373026
      vertex 6.14312 9 -0.687524
      vertex 6.14312 -9 -0.687524
    endloop
  endfacet
  facet normal -0.241922 0 -0.970296
    outer loop
      vertex 6.14312 9 -0.687524
      vertex 4.88174 -9 -0.373026
      vertex 4.88174 9 -0.373026
    endloop
  endfacet
  facet normal 0.241925 0 0.970295
    outer loop
      vertex 5.11323 8 17.0897
      vertex 8.99441 -8 16.122
      vertex 8.99441 8 16.122
    endloop
  endfacet
  facet normal 0.241925 0 0.970295
    outer loop
      vertex 8.99441 -8 16.122
      vertex 5.11323 8 17.0897
      vertex 5.11323 -8 17.0897
    endloop
  endfacet
  facet normal -0.970296 0 0.241922
    outer loop
      vertex 2.62976 -8 7.12905
      vertex 5.11323 8 17.0897
      vertex 2.62976 8 7.12905
    endloop
  endfacet
  facet normal -0.970296 0 0.241922
    outer loop
      vertex 5.11323 8 17.0897
      vertex 2.62976 -8 7.12905
      vertex 5.11323 -8 17.0897
    endloop
  endfacet
  facet normal -0.970301 0 0.241902
    outer loop
      vertex 1.24248 6.02908 1.56496
      vertex 1.32779 -5.09473 1.90715
      vertex 1.32779 6.0248 1.90715
    endloop
  endfacet
  facet normal -0.970301 0 0.241902
    outer loop
      vertex 1.32779 -5.09473 1.90715
      vertex 1.24248 6.02908 1.56496
      vertex 1.24248 -5.09901 1.56496
    endloop
  endfacet
  facet normal -0.241935 0 -0.970293
    outer loop
      vertex 1.24248 -5.09901 1.56496
      vertex 1.4629 6.01344 1.51
      vertex 1.4629 -5.08337 1.51
    endloop
  endfacet
  facet normal -0.241935 0 -0.970293
    outer loop
      vertex 1.4629 6.01344 1.51
      vertex 1.24248 -5.09901 1.56496
      vertex 1.24248 6.02908 1.56496
    endloop
  endfacet
  facet normal 0.241502 0.0120519 0.970325
    outer loop
      vertex -12.631 -23.1231 4.59295
      vertex -20 -23.6461 6.4335
      vertex -15.0797 -23.4724 5.20674
    endloop
  endfacet
  facet normal 0.2415 0.0121182 0.970325
    outer loop
      vertex -20 -24.6486 6.44602
      vertex -15.0797 -23.4724 5.20674
      vertex -20 -23.6461 6.4335
    endloop
  endfacet
  facet normal 0.241501 0.0121141 0.970325
    outer loop
      vertex -15.0797 -23.4724 5.20674
      vertex -20 -24.6486 6.44602
      vertex -14.9673 -24.2914 5.18899
    endloop
  endfacet
  facet normal 0.241517 0.0121127 0.970321
    outer loop
      vertex -22 -9 6.74844
      vertex -22.6756 -9 6.9166
      vertex -22 -18.6858 6.86935
    endloop
  endfacet
  facet normal 0.241509 0.0121134 0.970323
    outer loop
      vertex -5.74307 -9 2.70233
      vertex -5.22833 -22.067 2.73734
      vertex -4.83547 -22.011 2.63886
    endloop
  endfacet
  facet normal 0.241499 0.012113 0.970325
    outer loop
      vertex -5.22833 -22.067 2.73734
      vertex -5.74307 -9 2.70233
      vertex -6.13984 -9 2.80108
    endloop
  endfacet
  facet normal -0.241493 -0.0121131 -0.970327
    outer loop
      vertex -22 -23.2022 5.58598
      vertex -23.1428 -6.82004 5.66589
      vertex -22 -6.73893 5.38046
    endloop
  endfacet
  facet normal -0.241498 -0.012109 -0.970326
    outer loop
      vertex -16.2519 -24.376 4.17002
      vertex -20 -24.642 5.10618
      vertex -16.4887 -22.6503 4.20742
    endloop
  endfacet
  facet normal -0.241501 -0.012113 -0.970325
    outer loop
      vertex -16.4887 -22.6503 4.20742
      vertex -6.11908 -13.3133 1.51
      vertex -5.72776 -21.1152 1.51
    endloop
  endfacet
  facet normal -0.2415 -0.0121138 -0.970325
    outer loop
      vertex -20 -6.59699 4.88092
      vertex -6.11908 -13.3133 1.51
      vertex -16.4887 -22.6503 4.20742
    endloop
  endfacet
  facet normal -0.241496 -0.0121128 -0.970326
    outer loop
      vertex -20 -6.59699 4.88092
      vertex -16.4887 -22.6503 4.20742
      vertex -20 -24.642 5.10618
    endloop
  endfacet
  facet normal -0.2415 -0.0121135 -0.970325
    outer loop
      vertex -6.11908 -13.3133 1.51
      vertex -20 -6.59699 4.88092
      vertex -6.65367 -5.64973 1.54738
    endloop
  endfacet
  facet normal -0.967872 -0.0686939 0.241876
    outer loop
      vertex -23.1428 -6.82004 5.66589
      vertex -22.8609 -9 6.1748
      vertex -23.007 -6.81323 6.21123
    endloop
  endfacet
  facet normal -0.967897 -0.0686918 0.241779
    outer loop
      vertex -22.8609 -9 6.1748
      vertex -22 -18.6858 6.86935
      vertex -22.6756 -9 6.9166
    endloop
  endfacet
  facet normal -0.967876 -0.0686976 0.241862
    outer loop
      vertex -22 -23.2022 5.58598
      vertex -22.8609 -9 6.1748
      vertex -23.1428 -6.82004 5.66589
    endloop
  endfacet
  facet normal -0.967904 -0.0686946 0.241748
    outer loop
      vertex -22.8609 -9 6.1748
      vertex -22 -23.2022 5.58598
      vertex -22 -18.6858 6.86935
    endloop
  endfacet
  facet normal -0.0695874 0.997564 0.00486514
    outer loop
      vertex 8.42443 -4.58137 -1.84949
      vertex 7.54825 -4.65151 0
      vertex 8.88474 -4.55828 0
    endloop
  endfacet
  facet normal -0.0695818 0.997564 0.00486784
    outer loop
      vertex 7.54825 -4.65151 0
      vertex 8.42443 -4.58137 -1.84949
      vertex 7.16616 -4.67067 -1.53521
    endloop
  endfacet
  facet normal -0.0695938 0.997564 0.00486787
    outer loop
      vertex 9.06876 -4.55846 2.66902
      vertex 11.5132 -4.45264 15.9306
      vertex 12.7714 -4.36333 15.6164
    endloop
  endfacet
  facet normal -0.069595 0.997563 0.00486809
    outer loop
      vertex 11.5132 -4.45264 15.9306
      vertex 9.06876 -4.55846 2.66902
      vertex 8.22718 -4.61746 2.72787
    endloop
  endfacet
  facet normal -0.0695883 0.997564 0.00486629
    outer loop
      vertex 9.29558 -4.53767 1.65072
      vertex 9.06876 -4.55846 2.66902
      vertex 12.7714 -4.36333 15.6164
    endloop
  endfacet
  facet normal -0.0695883 0.997564 0.00486629
    outer loop
      vertex 9.29558 -4.53767 1.65072
      vertex 8.98771 -4.55846 1.51
      vertex 9.06876 -4.55846 2.66902
    endloop
  endfacet
  facet normal -0.0695843 0.997564 0.00485759
    outer loop
      vertex 8.98771 -4.55846 1.51
      vertex 9.29558 -4.53767 1.65072
      vertex 11.308 -4.39661 1.51
    endloop
  endfacet
  facet normal -0.0695697 0.997565 0.00495516
    outer loop
      vertex 7.00734 -4.69661 1.51
      vertex 6.69102 -4.71867 1.51
      vertex 6.69644 -4.7184 1.53174
    endloop
  endfacet
  facet normal -0.0695858 0.997564 0.00487098
    outer loop
      vertex -22 -6.74176 5.96015
      vertex -23.1428 -6.82004 5.66589
      vertex -23.007 -6.81323 6.21123
    endloop
  endfacet
  facet normal -0.0695856 0.997564 0.00487003
    outer loop
      vertex -23.1428 -6.82004 5.66589
      vertex -22 -6.74176 5.96015
      vertex -22 -6.73893 5.38046
    endloop
  endfacet
  facet normal -0.0695863 0.997564 0.00486979
    outer loop
      vertex -6.65367 -5.64973 1.54738
      vertex -8.01633 -5.74973 2.56056
      vertex 1.32779 -5.09473 1.90715
    endloop
  endfacet
  facet normal -0.069588 0.997564 0.00486265
    outer loop
      vertex -8.97219 -5.81714 2.71195
      vertex -20 -6.59699 4.88092
      vertex -20 -6.59982 5.46149
    endloop
  endfacet
  facet normal -0.0695863 0.997564 0.00487121
    outer loop
      vertex -8.97808 -5.81714 2.62781
      vertex -20 -6.59699 4.88092
      vertex -8.97219 -5.81714 2.71195
    endloop
  endfacet
  facet normal -0.0695886 0.997564 0.00484067
    outer loop
      vertex -8.03674 -5.75075 2.47871
      vertex -8.97808 -5.81714 2.62781
      vertex -8.50089 -5.78369 2.59444
    endloop
  endfacet
  facet normal -0.0695863 0.997564 0.00487108
    outer loop
      vertex -6.65367 -5.64973 1.54738
      vertex 1.32779 -5.09473 1.90715
      vertex 1.24248 -5.09901 1.56496
    endloop
  endfacet
  facet normal -0.069589 0.997564 0.00485805
    outer loop
      vertex -8.97808 -5.81714 2.62781
      vertex -6.65367 -5.64973 1.54738
      vertex -20 -6.59699 4.88092
    endloop
  endfacet
  facet normal -0.0695842 0.997564 0.0048684
    outer loop
      vertex -8.03674 -5.75075 2.47871
      vertex -6.65367 -5.64973 1.54738
      vertex -8.97808 -5.81714 2.62781
    endloop
  endfacet
  facet normal -0.0695546 0.997566 0.00491255
    outer loop
      vertex -8.01633 -5.74973 2.56056
      vertex -6.65367 -5.64973 1.54738
      vertex -8.03674 -5.75075 2.47871
    endloop
  endfacet
  facet normal -0.0695859 0.997564 0.00479949
    outer loop
      vertex -6.65628 -5.64973 1.51
      vertex 1.24248 -5.09901 1.56496
      vertex 1.4629 -5.08337 1.51
    endloop
  endfacet
  facet normal -0.0695863 0.997564 0.00485875
    outer loop
      vertex 1.24248 -5.09901 1.56496
      vertex -6.65628 -5.64973 1.51
      vertex -6.65367 -5.64973 1.54738
    endloop
  endfacet
  facet normal 0.0693291 -0.997576 -0.00588271
    outer loop
      vertex 9.67699 -22.5375 -1.93708
      vertex 8.42527 -22.6265 -1.59648
      vertex 8.41872 -22.6268 -1.6228
    endloop
  endfacet
  facet normal 0.0695983 -0.997563 -0.00489017
    outer loop
      vertex 8.42527 -22.6265 -1.59648
      vertex 9.67699 -22.5375 -1.93708
      vertex 9.7389 -22.5344 -1.68834
    endloop
  endfacet
  facet normal 0.0695991 -0.997563 -0.00487042
    outer loop
      vertex 11.0386 -22.4692 3.53372
      vertex 12.7657 -22.4088 15.8431
      vertex 9.72496 -22.5613 3.62558
    endloop
  endfacet
  facet normal 0.0695801 -0.997564 -0.00486774
    outer loop
      vertex 12.7657 -22.4088 15.8431
      vertex 11.0386 -22.4692 3.53372
      vertex 14.024 -22.3195 15.5288
    endloop
  endfacet
  facet normal 0.0695877 -0.997564 -0.00483914
    outer loop
      vertex -20 -24.642 5.10618
      vertex -16.2519 -24.376 4.17002
      vertex -16.1803 -24.3724 4.45752
    endloop
  endfacet
  facet normal 0.0695751 -0.997565 -0.00491396
    outer loop
      vertex -16.1803 -24.3724 4.45752
      vertex -20 -24.6486 6.44602
      vertex -20 -24.642 5.10618
    endloop
  endfacet
  facet normal 0.0695761 -0.997565 -0.00491207
    outer loop
      vertex -20 -24.6486 6.44602
      vertex -16.1803 -24.3724 4.45752
      vertex -14.9673 -24.2914 5.18899
    endloop
  endfacet
  facet normal 0.0695285 -0.997568 -0.00483279
    outer loop
      vertex -14.9673 -24.2914 5.18899
      vertex -16.1803 -24.3724 4.45752
      vertex -15.21 -24.3036 4.21559
    endloop
  endfacet
  facet normal 0.0695326 -0.997568 -0.00485974
    outer loop
      vertex 1.20783 -23.1451 1.51
      vertex 0.788667 -23.1779 2.24558
      vertex 0.605266 -23.1871 1.51
    endloop
  endfacet
  facet normal 0.0695284 -0.997568 -0.00486216
    outer loop
      vertex 0.788667 -23.1779 2.24558
      vertex 1.20783 -23.1451 1.51
      vertex 1.25698 -23.1451 2.21284
    endloop
  endfacet
  facet normal 0.967904 0.068691 -0.241752
    outer loop
      vertex -5.24022 -8 6.68702
      vertex -5.91119 -9 3.71652
      vertex -5.98094 -8 3.7214
    endloop
  endfacet
  facet normal 0.967903 0.0686968 -0.241752
    outer loop
      vertex -5.22833 -22.067 2.73734
      vertex -5.91119 -9 3.71652
      vertex -4.51063 -21.9948 5.63131
    endloop
  endfacet
  facet normal 0.967903 0.0686965 -0.241754
    outer loop
      vertex -5.24022 -8 6.68702
      vertex -4.51063 -21.9948 5.63131
      vertex -5.91119 -9 3.71652
    endloop
  endfacet
  facet normal 0.967902 0.0686968 -0.241758
    outer loop
      vertex -4.2255 -22.5466 6.61606
      vertex -4.51063 -21.9948 5.63131
      vertex -5.24022 -8 6.68702
    endloop
  endfacet
  facet normal 0.967902 0.0687072 -0.241752
    outer loop
      vertex -4.51063 -21.9948 5.63131
      vertex -4.2255 -22.5466 6.61606
      vertex -4.46962 -22.5588 5.63521
    endloop
  endfacet
  facet normal 0.967903 0.0686969 -0.241754
    outer loop
      vertex -5.91119 -9 3.71652
      vertex -5.22833 -22.067 2.73734
      vertex -6.13984 -9 2.80108
    endloop
  endfacet
  facet normal 0.24152 0.0121127 0.97032
    outer loop
      vertex -7.64985 -8 7.28674
      vertex -7.85942 -6.76446 7.32348
      vertex -7.85579 -8 7.338
    endloop
  endfacet
  facet normal 0.241499 0.0121128 0.970325
    outer loop
      vertex -7.64985 -8 7.28674
      vertex -4.2255 -22.5466 6.61606
      vertex -5.24022 -8 6.68702
    endloop
  endfacet
  facet normal 0.241511 0.0121112 0.970322
    outer loop
      vertex -7.85942 -6.76446 7.32348
      vertex -7.64985 -8 7.28674
      vertex -7.65092 -6.74966 7.2714
    endloop
  endfacet
  facet normal 0.24152 0.0121179 0.97032
    outer loop
      vertex -7.85579 -8 7.338
      vertex -4.2255 -22.5466 6.61606
      vertex -7.64985 -8 7.28674
    endloop
  endfacet
  facet normal 0.241501 0.012113 0.970325
    outer loop
      vertex -20 -19.5162 10.5043
      vertex -4.2255 -22.5466 6.61606
      vertex -7.85579 -8 7.338
    endloop
  endfacet
  facet normal 0.241499 0.0121162 0.970326
    outer loop
      vertex -20 -19.5162 10.5043
      vertex -7.85579 -8 7.338
      vertex -20 -8 10.3605
    endloop
  endfacet
  facet normal 0.241499 0.012102 0.970325
    outer loop
      vertex -4.2255 -22.5466 6.61606
      vertex -20 -19.5162 10.5043
      vertex -19.7119 -23.6457 10.4841
    endloop
  endfacet
  facet normal -0.967891 -0.068709 0.241797
    outer loop
      vertex -20 -19.5162 10.5043
      vertex -20 -23.6602 9.32674
      vertex -19.7119 -23.6457 10.4841
    endloop
  endfacet
  facet normal -0.0695939 0.997564 0.00486951
    outer loop
      vertex -7.65092 -6.74966 7.2714
      vertex -8.69253 -6.80627 3.98202
      vertex -7.85942 -6.76446 7.32348
    endloop
  endfacet
  facet normal -0.0695857 0.997564 0.00486688
    outer loop
      vertex -7.65092 -6.74966 7.2714
      vertex -8.29674 -6.77818 3.88334
      vertex -8.69253 -6.80627 3.98202
    endloop
  endfacet
  facet normal -0.0695782 0.997565 0.00486546
    outer loop
      vertex -8.29674 -6.77818 3.88334
      vertex -7.65092 -6.74966 7.2714
      vertex -7.88983 -6.74966 3.85488
    endloop
  endfacet
  facet normal 0.069584 -0.997564 -0.00486156
    outer loop
      vertex -20 -23.6461 6.4335
      vertex -12.4195 -23.1231 7.61735
      vertex -20 -23.6602 9.32674
    endloop
  endfacet
  facet normal 0.0695847 -0.997564 -0.00486614
    outer loop
      vertex -12.4195 -23.1231 7.61735
      vertex -20 -23.6461 6.4335
      vertex -12.631 -23.1231 4.59295
    endloop
  endfacet
  facet normal 0.0695921 -0.997564 -0.00482547
    outer loop
      vertex -12.4195 -23.1231 7.61735
      vertex -19.7119 -23.6457 10.4841
      vertex -20 -23.6602 9.32674
    endloop
  endfacet
  facet normal 0.0695967 -0.997564 -0.00481368
    outer loop
      vertex -12.4195 -23.1231 7.61735
      vertex -4.2255 -22.5466 6.61606
      vertex -19.7119 -23.6457 10.4841
    endloop
  endfacet
  facet normal 0.0695849 -0.997564 -0.00491082
    outer loop
      vertex -4.2255 -22.5466 6.61606
      vertex -12.4195 -23.1231 7.61735
      vertex -4.46962 -22.5588 5.63521
    endloop
  endfacet
  facet normal 0.069751 0 0.997564
    outer loop
      vertex 11.308 -4.39661 1.51
      vertex 10.418 -5.46144 1.57223
      vertex 11.308 -18.2202 1.51
    endloop
  endfacet
  facet normal 0.0697557 -3.90819e-06 0.997564
    outer loop
      vertex 9.29558 -4.53767 1.65072
      vertex 10.418 -5.46144 1.57223
      vertex 11.308 -4.39661 1.51
    endloop
  endfacet
  facet normal 0.0697644 6.7656e-06 0.997563
    outer loop
      vertex 10.418 -5.46144 1.57223
      vertex 9.29558 -4.53767 1.65072
      vertex 9.36517 -5.53524 1.64586
    endloop
  endfacet
  facet normal 0.0697657 4.8686e-07 0.997563
    outer loop
      vertex -5.33516 -9 2.6738
      vertex -4.83547 -22.011 2.63886
      vertex -4.43153 -21.9541 2.61061
    endloop
  endfacet
  facet normal 0.0697715 7.10545e-07 0.997563
    outer loop
      vertex -4.83547 -22.011 2.63886
      vertex -5.33516 -9 2.6738
      vertex -5.74307 -9 2.70233
    endloop
  endfacet
  facet normal 0.0697403 -5.51822e-07 0.997565
    outer loop
      vertex 1.11781 -22.1524 2.22257
      vertex 0.788667 -23.1779 2.24558
      vertex 1.25698 -23.1451 2.21284
    endloop
  endfacet
  facet normal 0.0697399 -4.05164e-07 0.997565
    outer loop
      vertex 0.788667 -23.1779 2.24558
      vertex 1.11781 -22.1524 2.22257
      vertex 0.649494 -22.1853 2.25531
    endloop
  endfacet
  facet normal -0.995141 -0.0697573 0.0694842
    outer loop
      vertex -6.65367 -5.64973 1.54738
      vertex -6.65628 -5.64973 1.51
      vertex -6.11908 -13.3133 1.51
    endloop
  endfacet
  facet normal 0.995135 0.069756 -0.0695801
    outer loop
      vertex 10.697 -5.46144 5.56249
      vertex 11.308 -18.2202 1.51
      vertex 10.418 -5.46144 1.57223
    endloop
  endfacet
  facet normal 0.995135 0.069756 -0.0695802
    outer loop
      vertex 10.697 -5.46144 5.56249
      vertex 11.6679 -19.7219 5.15179
      vertex 11.308 -18.2202 1.51
    endloop
  endfacet
  facet normal 0.995131 0.0697573 -0.0696337
    outer loop
      vertex 11.8104 -21.4225 5.48463
      vertex 11.6679 -19.7219 5.15179
      vertex 10.697 -5.46144 5.56249
    endloop
  endfacet
  facet normal 0.995133 0.0697665 -0.0695877
    outer loop
      vertex 11.6679 -19.7219 5.15179
      vertex 11.8104 -21.4225 5.48463
      vertex 11.7395 -21.4225 4.47073
    endloop
  endfacet
  facet normal 0.995134 0.0697793 -0.0695705
    outer loop
      vertex 11.308 -18.2202 1.51
      vertex 11.6679 -19.7219 5.15179
      vertex 11.4133 -19.7219 1.51
    endloop
  endfacet
  facet normal 0.0697922 2.28576e-06 0.997562
    outer loop
      vertex 10.697 -5.46144 5.56249
      vertex 11.4595 -21.4471 5.50918
      vertex 11.8104 -21.4225 5.48463
    endloop
  endfacet
  facet normal 0.069764 9.34264e-07 0.997564
    outer loop
      vertex 11.4595 -21.4471 5.50918
      vertex 10.697 -5.46144 5.56249
      vertex 10.3461 -5.48604 5.58703
    endloop
  endfacet
  facet normal 0.069757 -4.38072e-07 0.997564
    outer loop
      vertex 5.13968 -8 5.9511
      vertex -4.11173 -22.5386 6.59802
      vertex 6.10388 -21.8225 5.88367
    endloop
  endfacet
  facet normal 0.0697566 -1.97913e-07 0.997564
    outer loop
      vertex -4.11173 -22.5386 6.59802
      vertex 5.13968 -8 5.9511
      vertex -5.12589 -8 6.66894
    endloop
  endfacet
  facet normal -0.995135 -0.0697495 0.0695866
    outer loop
      vertex -5.26541 -9 3.67137
      vertex -5.12589 -8 6.66894
      vertex -5.33516 -8 3.67624
    endloop
  endfacet
  facet normal -0.995134 -0.0697566 0.0695837
    outer loop
      vertex -4.22532 -21.9541 5.55967
      vertex -5.26541 -9 3.67137
      vertex -4.43153 -21.9541 2.61061
    endloop
  endfacet
  facet normal -0.995134 -0.0697559 0.0695887
    outer loop
      vertex -5.26541 -9 3.67137
      vertex -4.22532 -21.9541 5.55967
      vertex -5.12589 -8 6.66894
    endloop
  endfacet
  facet normal -0.995133 -0.069764 0.0695913
    outer loop
      vertex -4.11173 -22.5386 6.59802
      vertex -4.22532 -21.9541 5.55967
      vertex -4.18404 -22.5386 5.56401
    endloop
  endfacet
  facet normal -0.995133 -0.0697564 0.0695956
    outer loop
      vertex -4.22532 -21.9541 5.55967
      vertex -4.11173 -22.5386 6.59802
      vertex -5.12589 -8 6.66894
    endloop
  endfacet
  facet normal -0.995135 -0.0697563 0.0695797
    outer loop
      vertex -5.33516 -9 2.6738
      vertex -4.43153 -21.9541 2.61061
      vertex -5.26541 -9 3.67137
    endloop
  endfacet
  facet normal -0.0695815 0.997564 0.00486446
    outer loop
      vertex 8.35022 -5.63083 6.72904
      vertex 10.1194 -5.54903 15.2606
      vertex 11.3412 -5.46232 14.9555
    endloop
  endfacet
  facet normal -0.0695837 0.997564 0.00486493
    outer loop
      vertex 10.1194 -5.54903 15.2606
      vertex 8.35022 -5.63083 6.72904
      vertex 7.99841 -5.65549 6.75364
    endloop
  endfacet
  facet normal -0.0695844 0.997564 0.00486553
    outer loop
      vertex 8.29676 -5.61502 2.72301
      vertex 8.35022 -5.63083 6.72904
      vertex 11.3412 -5.46232 14.9555
    endloop
  endfacet
  facet normal -0.0695813 0.997564 0.00486549
    outer loop
      vertex 8.35022 -5.63083 6.72904
      vertex 8.29676 -5.61502 2.72301
      vertex 8.0712 -5.63083 2.73878
    endloop
  endfacet
  facet normal -0.0695881 0.997564 0.00487161
    outer loop
      vertex 7.47724 -5.65612 -0.569751
      vertex 6.31454 -5.74001 0
      vertex 7.61905 -5.64901 0
    endloop
  endfacet
  facet normal -0.0695895 0.997564 0.00486873
    outer loop
      vertex 6.31454 -5.74001 0
      vertex 7.47724 -5.65612 -0.569751
      vertex 6.24898 -5.7433 -0.262964
    endloop
  endfacet
  facet normal -0.0695943 0.997564 0.00486605
    outer loop
      vertex 10.418 -5.46144 1.57223
      vertex 10.3461 -5.48604 5.58703
      vertex 10.697 -5.46144 5.56249
    endloop
  endfacet
  facet normal -0.0695857 0.997564 0.00486621
    outer loop
      vertex 10.3461 -5.48604 5.58703
      vertex 10.418 -5.46144 1.57223
      vertex 9.36517 -5.53524 1.64586
    endloop
  endfacet
  facet normal 0.0695877 -0.997564 -0.00486638
    outer loop
      vertex 1.14327 -22.1605 4.23576
      vertex -4.11173 -22.5386 6.59802
      vertex -4.18404 -22.5386 5.56401
    endloop
  endfacet
  facet normal 0.0695915 -0.997564 -0.004862
    outer loop
      vertex 6.10388 -21.8225 5.88367
      vertex 12.4546 -21.4233 14.8776
      vertex 8.58302 -21.6981 15.8446
    endloop
  endfacet
  facet normal 0.0695875 -0.997564 -0.00486674
    outer loop
      vertex -4.11173 -22.5386 6.59802
      vertex 1.14327 -22.1605 4.23576
      vertex 6.10388 -21.8225 5.88367
    endloop
  endfacet
  facet normal 0.0699176 -0.997536 -0.00586604
    outer loop
      vertex 1.25732 -22.1524 4.2177
      vertex 6.10388 -21.8225 5.88367
      vertex 1.14327 -22.1605 4.23576
    endloop
  endfacet
  facet normal 0.0696033 -0.997563 -0.00487036
    outer loop
      vertex 6.10388 -21.8225 5.88367
      vertex 9.65537 -21.5637 3.63045
      vertex 12.4546 -21.4233 14.8776
    endloop
  endfacet
  facet normal 0.0695864 -0.997564 -0.00489705
    outer loop
      vertex 9.65537 -21.5637 3.63045
      vertex 6.10388 -21.8225 5.88367
      vertex 1.25732 -22.1524 4.2177
    endloop
  endfacet
  facet normal 0.0697376 -0.997553 -0.00489556
    outer loop
      vertex 1.11781 -22.1524 2.22257
      vertex 1.14327 -22.1605 4.23576
      vertex 0.649494 -22.1853 2.25531
    endloop
  endfacet
  facet normal 0.0700702 -0.99753 -0.00489968
    outer loop
      vertex 1.14327 -22.1605 4.23576
      vertex 1.11781 -22.1524 2.22257
      vertex 1.25732 -22.1524 4.2177
    endloop
  endfacet
  facet normal 0.0695942 -0.997564 -0.00486658
    outer loop
      vertex 11.4595 -21.4471 5.50918
      vertex 11.7395 -21.4225 4.47073
      vertex 11.8104 -21.4225 5.48463
    endloop
  endfacet
  facet normal 0.0695885 -0.997564 -0.00486812
    outer loop
      vertex 10.969 -21.4717 3.53859
      vertex 11.7395 -21.4225 4.47073
      vertex 11.4595 -21.4471 5.50918
    endloop
  endfacet
  facet normal 0.0696316 -0.997561 -0.00490394
    outer loop
      vertex 11.7395 -21.4225 4.47073
      vertex 10.969 -21.4717 3.53859
      vertex 11.4979 -21.4346 3.50161
    endloop
  endfacet
  facet normal 0.241509 0.0121136 0.970323
    outer loop
      vertex 12.7714 -4.36333 15.6164
      vertex 12.7657 -22.4088 15.8431
      vertex 14.024 -22.3195 15.5288
    endloop
  endfacet
  facet normal 0.241454 0.0121138 0.970337
    outer loop
      vertex 12.7657 -22.4088 15.8431
      vertex 12.7714 -4.36333 15.6164
      vertex 11.5132 -4.45264 15.9306
    endloop
  endfacet
  facet normal -0.967903 -0.0686918 0.241753
    outer loop
      vertex 7.47724 -5.65612 -0.569751
      vertex 7.54825 -4.65151 0
      vertex 7.16616 -4.67067 -1.53521
    endloop
  endfacet
  facet normal -0.9679 -0.068699 0.241766
    outer loop
      vertex 7.54825 -4.65151 0
      vertex 7.47724 -5.65612 -0.569751
      vertex 7.61905 -5.64901 0
    endloop
  endfacet
  facet normal -0.967904 -0.0686969 0.241749
    outer loop
      vertex 8.1817 -19.1348 -1.57945
      vertex 7.47724 -5.65612 -0.569751
      vertex 7.16616 -4.67067 -1.53521
    endloop
  endfacet
  facet normal -0.967904 -0.0686969 0.241749
    outer loop
      vertex 7.47724 -5.65612 -0.569751
      vertex 8.1817 -19.1348 -1.57945
      vertex 8.41582 -19.1112 -0.635383
    endloop
  endfacet
  facet normal -0.967926 -0.0686981 0.241662
    outer loop
      vertex 8.41872 -22.6268 -1.6228
      vertex 8.1817 -19.1348 -1.57945
      vertex 7.16616 -4.67067 -1.53521
    endloop
  endfacet
  facet normal -0.967926 -0.0686981 0.241661
    outer loop
      vertex 8.1817 -19.1348 -1.57945
      vertex 8.41872 -22.6268 -1.6228
      vertex 8.42527 -22.6265 -1.59648
    endloop
  endfacet
  facet normal -0.967904 -0.0686893 0.241751
    outer loop
      vertex 8.22718 -4.61746 2.72787
      vertex 8.29676 -5.61502 2.72301
      vertex 11.3412 -5.46232 14.9555
    endloop
  endfacet
  facet normal -0.967909 -0.0685945 0.241759
    outer loop
      vertex 11.3412 -5.46232 14.9555
      vertex 11.5132 -4.45264 15.9306
      vertex 8.22718 -4.61746 2.72787
    endloop
  endfacet
  facet normal -0.967903 -0.0686985 0.241753
    outer loop
      vertex 12.7657 -22.4088 15.8431
      vertex 11.3412 -5.46232 14.9555
      vertex 12.4546 -21.4233 14.8776
    endloop
  endfacet
  facet normal -0.967878 -0.0686912 0.241853
    outer loop
      vertex 11.3412 -5.46232 14.9555
      vertex 12.7657 -22.4088 15.8431
      vertex 11.5132 -4.45264 15.9306
    endloop
  endfacet
  facet normal -0.967903 -0.0686986 0.241753
    outer loop
      vertex 9.72496 -22.5613 3.62558
      vertex 12.4546 -21.4233 14.8776
      vertex 9.65537 -21.5637 3.63045
    endloop
  endfacet
  facet normal -0.967903 -0.0686986 0.241753
    outer loop
      vertex 12.4546 -21.4233 14.8776
      vertex 9.72496 -22.5613 3.62558
      vertex 12.7657 -22.4088 15.8431
    endloop
  endfacet
  facet normal 0.9679 0.0687368 -0.241752
    outer loop
      vertex 12.7714 -4.36333 15.6164
      vertex 10.3461 -5.48604 5.58703
      vertex 9.29558 -4.53767 1.65072
    endloop
  endfacet
  facet normal 0.967904 0.0686992 -0.241749
    outer loop
      vertex 14.024 -22.3195 15.5288
      vertex 10.3461 -5.48604 5.58703
      vertex 12.7714 -4.36333 15.6164
    endloop
  endfacet
  facet normal 0.967903 0.0686974 -0.241751
    outer loop
      vertex 10.3461 -5.48604 5.58703
      vertex 14.024 -22.3195 15.5288
      vertex 11.4595 -21.4471 5.50918
    endloop
  endfacet
  facet normal 0.967905 0.0686673 -0.241754
    outer loop
      vertex 11.0386 -22.4692 3.53372
      vertex 11.4595 -21.4471 5.50918
      vertex 14.024 -22.3195 15.5288
    endloop
  endfacet
  facet normal 0.967896 0.0687148 -0.241777
    outer loop
      vertex 11.4595 -21.4471 5.50918
      vertex 11.0386 -22.4692 3.53372
      vertex 10.969 -21.4717 3.53859
    endloop
  endfacet
  facet normal 0.967901 0.0686981 -0.241761
    outer loop
      vertex 9.29558 -4.53767 1.65072
      vertex 10.3461 -5.48604 5.58703
      vertex 9.36517 -5.53524 1.64586
    endloop
  endfacet
  facet normal 0.967903 0.0686965 -0.241754
    outer loop
      vertex 8.88474 -4.55828 0
      vertex 9.80658 -18.9187 -0.389895
      vertex 8.42443 -4.58137 -1.84949
    endloop
  endfacet
  facet normal 0.967901 0.0686966 -0.241762
    outer loop
      vertex 9.97424 -19.9088 0
      vertex 9.80658 -18.9187 -0.389895
      vertex 8.88474 -4.55828 0
    endloop
  endfacet
  facet normal 0.967903 0.0687002 -0.241754
    outer loop
      vertex 9.80658 -18.9187 -0.389895
      vertex 9.97424 -19.9088 0
      vertex 9.87634 -19.9187 -0.394773
    endloop
  endfacet
  facet normal 0.967903 0.0686966 -0.241753
    outer loop
      vertex 9.4889 -18.9506 -1.67085
      vertex 8.42443 -4.58137 -1.84949
      vertex 9.80658 -18.9187 -0.389895
    endloop
  endfacet
  facet normal 0.967901 0.068699 -0.241761
    outer loop
      vertex 9.67699 -22.5375 -1.93708
      vertex 9.4889 -18.9506 -1.67085
      vertex 9.7389 -22.5344 -1.68834
    endloop
  endfacet
  facet normal 0.967908 0.0686972 -0.241732
    outer loop
      vertex 9.4889 -18.9506 -1.67085
      vertex 9.67699 -22.5375 -1.93708
      vertex 8.42443 -4.58137 -1.84949
    endloop
  endfacet
  facet normal -0.2415 -0.012113 -0.970325
    outer loop
      vertex 8.41872 -22.6268 -1.6228
      vertex 8.42443 -4.58137 -1.84949
      vertex 9.67699 -22.5375 -1.93708
    endloop
  endfacet
  facet normal -0.2415 -0.012113 -0.970325
    outer loop
      vertex 8.42443 -4.58137 -1.84949
      vertex 8.41872 -22.6268 -1.6228
      vertex 7.16616 -4.67067 -1.53521
    endloop
  endfacet
  facet normal 0.241446 0.0121295 0.970338
    outer loop
      vertex 11.3412 -5.46232 14.9555
      vertex 10.1194 -5.54903 15.2606
      vertex 10.1296 -9 15.3012
    endloop
  endfacet
  facet normal 0.241498 0.0121105 0.970326
    outer loop
      vertex 10.1296 -9 15.3012
      vertex 12.4546 -21.4233 14.8776
      vertex 11.3412 -5.46232 14.9555
    endloop
  endfacet
  facet normal 0.241511 0.0121086 0.970322
    outer loop
      vertex 8.58302 -21.6981 15.8446
      vertex 10.1296 -9 15.3012
      vertex 8.86804 -9 15.6152
    endloop
  endfacet
  facet normal 0.241498 0.0121105 0.970326
    outer loop
      vertex 10.1296 -9 15.3012
      vertex 8.58302 -21.6981 15.8446
      vertex 12.4546 -21.4233 14.8776
    endloop
  endfacet
  facet normal 0.241479 0.0121574 0.97033
    outer loop
      vertex 7.62748 -8 15.9114
      vertex 8.86804 -9 15.6152
      vertex 8.86511 -8 15.6034
    endloop
  endfacet
  facet normal 0.241443 0.0121104 0.970339
    outer loop
      vertex 8.86804 -9 15.6152
      vertex 7.62748 -8 15.9114
      vertex 8.58302 -21.6981 15.8446
    endloop
  endfacet
  facet normal -0.967903 -0.068697 0.241755
    outer loop
      vertex 5.13968 -8 5.9511
      vertex 8.58302 -21.6981 15.8446
      vertex 7.62748 -8 15.9114
    endloop
  endfacet
  facet normal -0.967902 -0.0686962 0.241756
    outer loop
      vertex 8.58302 -21.6981 15.8446
      vertex 5.13968 -8 5.9511
      vertex 6.10388 -21.8225 5.88367
    endloop
  endfacet
  facet normal -0.2415 -0.012113 -0.970325
    outer loop
      vertex 6.25852 -9 -0.224685
      vertex 8.41582 -19.1112 -0.635383
      vertex 6.51951 -19.3818 -0.160041
    endloop
  endfacet
  facet normal -0.2415 -0.0121131 -0.970325
    outer loop
      vertex 8.41582 -19.1112 -0.635383
      vertex 6.25852 -9 -0.224685
      vertex 7.47724 -5.65612 -0.569751
    endloop
  endfacet
  facet normal -0.241502 -0.0121126 -0.970325
    outer loop
      vertex 7.47724 -5.65612 -0.569751
      vertex 6.25852 -9 -0.224685
      vertex 6.24898 -5.7433 -0.262964
    endloop
  endfacet
  facet normal -0.2415 -0.0121148 -0.970325
    outer loop
      vertex 5.93135 -20.4756 0
      vertex 6.51951 -19.3818 -0.160041
      vertex 6.58927 -20.3818 -0.164918
    endloop
  endfacet
  facet normal -0.241503 -0.0121132 -0.970325
    outer loop
      vertex 5.35576 -9 0
      vertex 6.51951 -19.3818 -0.160041
      vertex 5.93135 -20.4756 0
    endloop
  endfacet
  facet normal -0.241501 -0.012113 -0.970325
    outer loop
      vertex 6.51951 -19.3818 -0.160041
      vertex 5.35576 -9 0
      vertex 6.25852 -9 -0.224685
    endloop
  endfacet
  facet normal 0.960749 0.13706 -0.241195
    outer loop
      vertex 3.07756 -38.0308 -1.22253
      vertex 0.558284 -20.208 -1.12963
      vertex 0.578547 -20.206 -1.04778
    endloop
  endfacet
  facet normal 0.960758 0.137061 -0.241162
    outer loop
      vertex 0.558284 -20.208 -1.12963
      vertex 3.07756 -38.0308 -1.22253
      vertex 3.0573 -38.0328 -1.30438
    endloop
  endfacet
  facet normal 0.240236 0.0241684 0.970413
    outer loop
      vertex -13.1017 -39.3411 4.06817
      vertex -2.81423 -38.8836 1.51
      vertex -2.91441 -37.8878 1.51
    endloop
  endfacet
  facet normal 0.240236 0.0241697 0.970413
    outer loop
      vertex -13.1017 -39.3411 4.06817
      vertex -13.9236 -40.4685 4.29972
      vertex -2.81423 -38.8836 1.51
    endloop
  endfacet
  facet normal 0.240244 0.0241695 0.970412
    outer loop
      vertex -16.1803 -24.3724 4.45752
      vertex -13.1017 -39.3411 4.06817
      vertex -15.21 -24.3036 4.21559
    endloop
  endfacet
  facet normal 0.240238 0.0241683 0.970413
    outer loop
      vertex -13.1017 -39.3411 4.06817
      vertex -16.1803 -24.3724 4.45752
      vertex -13.9236 -40.4685 4.29972
    endloop
  endfacet
  facet normal -0.240221 -0.024165 -0.970417
    outer loop
      vertex 2.59772 -38.0984 -1.18898
      vertex 0.558284 -20.208 -1.12963
      vertex 3.0573 -38.0328 -1.30438
    endloop
  endfacet
  facet normal -0.240224 -0.0241653 -0.970417
    outer loop
      vertex 0.558284 -20.208 -1.12963
      vertex 2.59772 -38.0984 -1.18898
      vertex 0.0987097 -20.2736 -1.01423
    endloop
  endfacet
  facet normal -0.240224 -0.0241656 -0.970417
    outer loop
      vertex -8.15032 -39.6317 1.51
      vertex -8.45 -37.6847 1.5357
      vertex -8.35272 -37.6197 1.51
    endloop
  endfacet
  facet normal -0.24024 -0.0241683 -0.970413
    outer loop
      vertex -8.15032 -39.6317 1.51
      vertex -8.81368 -37.864 1.6302
      vertex -8.45 -37.6847 1.5357
    endloop
  endfacet
  facet normal -0.240224 -0.0241619 -0.970417
    outer loop
      vertex -8.15032 -39.6317 1.51
      vertex -9.19766 -37.9944 1.7285
      vertex -8.81368 -37.864 1.6302
    endloop
  endfacet
  facet normal -0.240241 -0.0241735 -0.970412
    outer loop
      vertex -8.15032 -39.6317 1.51
      vertex -9.59537 -38.0735 1.82893
      vertex -9.19766 -37.9944 1.7285
    endloop
  endfacet
  facet normal -0.240235 -0.0241675 -0.970414
    outer loop
      vertex -8.15032 -39.6317 1.51
      vertex -10 -38.1 1.92976
      vertex -9.59537 -38.0735 1.82893
    endloop
  endfacet
  facet normal -0.240253 -0.0241906 -0.970409
    outer loop
      vertex -8.15032 -39.6317 1.51
      vertex -10.4046 -38.0735 2.02927
      vertex -10 -38.1 1.92976
    endloop
  endfacet
  facet normal -0.240238 -0.0241665 -0.970413
    outer loop
      vertex -14.2359 -40.4999 3.03818
      vertex -10.4046 -38.0735 2.02927
      vertex -8.15032 -39.6317 1.51
    endloop
  endfacet
  facet normal -0.240242 -0.0241647 -0.970412
    outer loop
      vertex -10.6962 -38.0155 2.1
      vertex -14.2359 -40.4999 3.03818
      vertex -11.2828 -32.1836 2.1
    endloop
  endfacet
  facet normal -0.240202 -0.0242255 -0.970421
    outer loop
      vertex -10.4046 -38.0735 2.02927
      vertex -14.2359 -40.4999 3.03818
      vertex -10.6962 -38.0155 2.1
    endloop
  endfacet
  facet normal -0.24023 -0.0241665 -0.970415
    outer loop
      vertex -9.19766 -32.0056 1.57936
      vertex -9.95343 -21.7076 1.51
      vertex -8.90757 -32.1041 1.51
    endloop
  endfacet
  facet normal -0.240242 -0.0241674 -0.970412
    outer loop
      vertex -9.59537 -31.9265 1.67585
      vertex -9.95343 -21.7076 1.51
      vertex -9.19766 -32.0056 1.57936
    endloop
  endfacet
  facet normal -0.240235 -0.0241672 -0.970414
    outer loop
      vertex -10 -31.9 1.77536
      vertex -9.95343 -21.7076 1.51
      vertex -9.59537 -31.9265 1.67585
    endloop
  endfacet
  facet normal -0.240252 -0.024167 -0.97041
    outer loop
      vertex -10.4046 -31.9265 1.87619
      vertex -9.95343 -21.7076 1.51
      vertex -10 -31.9 1.77536
    endloop
  endfacet
  facet normal -0.240248 -0.0241672 -0.970411
    outer loop
      vertex -10.8023 -32.0056 1.97662
      vertex -9.95343 -21.7076 1.51
      vertex -10.4046 -31.9265 1.87619
    endloop
  endfacet
  facet normal -0.240215 -0.0241532 -0.970419
    outer loop
      vertex -16.7349 -22.6751 3.21293
      vertex -10.8023 -32.0056 1.97662
      vertex -11.1863 -32.136 2.07492
    endloop
  endfacet
  facet normal -0.240273 -0.0241889 -0.970404
    outer loop
      vertex -16.7349 -22.6751 3.21293
      vertex -11.1863 -32.136 2.07492
      vertex -11.2828 -32.1836 2.1
    endloop
  endfacet
  facet normal -0.240237 -0.024167 -0.970413
    outer loop
      vertex -16.7349 -22.6751 3.21293
      vertex -11.2828 -32.1836 2.1
      vertex -14.2359 -40.4999 3.03818
    endloop
  endfacet
  facet normal -0.240237 -0.0241682 -0.970413
    outer loop
      vertex -10.8023 -32.0056 1.97662
      vertex -16.7349 -22.6751 3.21293
      vertex -9.95343 -21.7076 1.51
    endloop
  endfacet
  facet normal -0.240236 -0.0241671 -0.970414
    outer loop
      vertex -3.94022 -20.8498 0
      vertex 2.13106 -38.165 -1.07179
      vertex -2.1371 -38.7739 0
    endloop
  endfacet
  facet normal -0.240235 -0.024167 -0.970414
    outer loop
      vertex 2.13106 -38.165 -1.07179
      vertex -3.94022 -20.8498 0
      vertex -0.367954 -20.3401 -0.897043
    endloop
  endfacet
  facet normal -0.960733 -0.13706 0.241261
    outer loop
      vertex -16.7349 -22.6751 3.21293
      vertex -16.2519 -24.376 4.17002
      vertex -16.4887 -22.6503 4.20742
    endloop
  endfacet
  facet normal -0.960732 -0.137058 0.241264
    outer loop
      vertex -14.2359 -40.4999 3.03818
      vertex -16.2519 -24.376 4.17002
      vertex -16.7349 -22.6751 3.21293
    endloop
  endfacet
  facet normal -0.960737 -0.137057 0.241246
    outer loop
      vertex -16.2519 -24.376 4.17002
      vertex -14.2359 -40.4999 3.03818
      vertex -13.9236 -40.4685 4.29972
    endloop
  endfacet
  facet normal -0.960798 -0.137068 0.240997
    outer loop
      vertex -16.1803 -24.3724 4.45752
      vertex -16.2519 -24.376 4.17002
      vertex -13.9236 -40.4685 4.29972
    endloop
  endfacet
  facet normal -0.138851 0.990266 0.00966747
    outer loop
      vertex 14.5987 -18.2086 -4.28612
      vertex 13.3992 -18.3818 -3.77279
      vertex 14.6622 -18.2022 -4.02966
    endloop
  endfacet
  facet normal -0.138868 0.990264 0.00962756
    outer loop
      vertex 13.3992 -18.3818 -3.77279
      vertex 14.5987 -18.2086 -4.28612
      vertex 13.3497 -18.3868 -3.97249
    endloop
  endfacet
  facet normal -0.138857 0.990265 0.00971022
    outer loop
      vertex 16.0336 -18.0643 1.51
      vertex 17.674 -17.9518 13.495
      vertex 18.9229 -17.7736 13.1813
    endloop
  endfacet
  facet normal -0.138843 0.990267 0.00970827
    outer loop
      vertex 17.674 -17.9518 13.495
      vertex 16.0336 -18.0643 1.51
      vertex 14.707 -18.2503 1.51
    endloop
  endfacet
  facet normal -0.138965 0.99025 0.0097303
    outer loop
      vertex 14.7293 -18.2323 0
      vertex 14.1612 -18.3052 -0.694402
      vertex 14.3331 -18.2879 0
    endloop
  endfacet
  facet normal -0.138813 0.990271 0.00976489
    outer loop
      vertex 9.80658 -18.9187 -0.389895
      vertex 13.8441 -18.3371 -1.9754
      vertex 9.4889 -18.9506 -1.67085
    endloop
  endfacet
  facet normal -0.138985 0.990247 0.00974689
    outer loop
      vertex 14.1517 -18.2878 -2.59764
      vertex 14.1612 -18.3052 -0.694402
      vertex 14.7293 -18.2323 0
    endloop
  endfacet
  facet normal -0.138993 0.990245 0.00974692
    outer loop
      vertex 14.1612 -18.3052 -0.694402
      vertex 14.1517 -18.2878 -2.59764
      vertex 13.8441 -18.3371 -1.9754
    endloop
  endfacet
  facet normal -0.138823 0.990268 0.00983251
    outer loop
      vertex 13.8441 -18.3371 -1.9754
      vertex 14.1517 -18.2878 -2.59764
      vertex 13.7122 -18.3503 -2.50825
    endloop
  endfacet
  facet normal -0.138835 0.990268 0.00970729
    outer loop
      vertex 13.8441 -18.3371 -1.9754
      vertex 9.80658 -18.9187 -0.389895
      vertex 14.1612 -18.3052 -0.694402
    endloop
  endfacet
  facet normal -0.138813 0.99027 0.0097668
    outer loop
      vertex 8.1817 -19.1348 -1.57945
      vertex 4.23082 -19.7042 0
      vertex 6.51951 -19.3818 -0.160041
    endloop
  endfacet
  facet normal -0.138881 0.990262 0.00968631
    outer loop
      vertex 8.1817 -19.1348 -1.57945
      vertex 6.51951 -19.3818 -0.160041
      vertex 8.41582 -19.1112 -0.635383
    endloop
  endfacet
  facet normal -0.138838 0.990267 0.00978019
    outer loop
      vertex 4.23082 -19.7042 0
      vertex -0.367954 -20.3401 -0.897043
      vertex -3.94022 -20.8498 0
    endloop
  endfacet
  facet normal -0.138787 0.990277 0.00951303
    outer loop
      vertex 4.23082 -19.7042 0
      vertex 0.578547 -20.206 -1.04778
      vertex -0.367954 -20.3401 -0.897043
    endloop
  endfacet
  facet normal -0.138682 0.99029 0.00969805
    outer loop
      vertex -0.367954 -20.3401 -0.897043
      vertex 0.0987097 -20.2736 -1.01423
      vertex -0.373838 -20.3401 -0.981184
    endloop
  endfacet
  facet normal -0.138891 0.990268 0.00885255
    outer loop
      vertex -0.367954 -20.3401 -0.897043
      vertex 0.578547 -20.206 -1.04778
      vertex 0.0987097 -20.2736 -1.01423
    endloop
  endfacet
  facet normal -0.138839 0.990267 0.00969982
    outer loop
      vertex 4.23082 -19.7042 0
      vertex 8.1817 -19.1348 -1.57945
      vertex 0.578547 -20.206 -1.04778
    endloop
  endfacet
  facet normal -0.138799 0.990268 0.0101644
    outer loop
      vertex 0.0987097 -20.2736 -1.01423
      vertex 0.578547 -20.206 -1.04778
      vertex 0.558284 -20.208 -1.12963
    endloop
  endfacet
  facet normal -0.138827 0.990269 0.00973424
    outer loop
      vertex -9.95343 -21.7076 1.51
      vertex -16.4887 -22.6503 4.20742
      vertex -5.72776 -21.1152 1.51
    endloop
  endfacet
  facet normal -0.138849 0.990266 0.00967932
    outer loop
      vertex -16.4887 -22.6503 4.20742
      vertex -9.95343 -21.7076 1.51
      vertex -16.7349 -22.6751 3.21293
    endloop
  endfacet
  facet normal 0.13877 -0.990277 -0.00969465
    outer loop
      vertex 18.5758 -35.8848 1.51
      vertex 20.173 -35.7766 13.3202
      vertex 17.2492 -36.0707 1.51
    endloop
  endfacet
  facet normal 0.138859 -0.990265 -0.00970679
    outer loop
      vertex 20.173 -35.7766 13.3202
      vertex 18.5758 -35.8848 1.51
      vertex 21.4219 -35.5984 13.0066
    endloop
  endfacet
  facet normal 0.138835 -0.990268 -0.00972138
    outer loop
      vertex -8.15032 -39.6317 1.51
      vertex -13.9236 -40.4685 4.29972
      vertex -14.2359 -40.4999 3.03818
    endloop
  endfacet
  facet normal 0.138832 -0.990268 -0.00972888
    outer loop
      vertex -13.9236 -40.4685 4.29972
      vertex -8.15032 -39.6317 1.51
      vertex -2.81423 -38.8836 1.51
    endloop
  endfacet
  facet normal 0.138799 -0.990268 -0.0101592
    outer loop
      vertex 2.59772 -38.0984 -1.18898
      vertex 3.0573 -38.0328 -1.30438
      vertex 3.07756 -38.0308 -1.22253
    endloop
  endfacet
  facet normal 0.138838 -0.990268 -0.00969411
    outer loop
      vertex 2.13106 -38.165 -1.07179
      vertex 4.23082 -37.8811 0
      vertex -2.1371 -38.7739 0
    endloop
  endfacet
  facet normal 0.138874 -0.990262 -0.00976583
    outer loop
      vertex 2.59772 -38.0984 -1.18898
      vertex 4.23082 -37.8811 0
      vertex 2.13106 -38.165 -1.07179
    endloop
  endfacet
  facet normal 0.138889 -0.99026 -0.00970605
    outer loop
      vertex 2.59772 -38.0984 -1.18898
      vertex 2.13106 -38.165 -1.07179
      vertex 2.12518 -38.165 -1.15593
    endloop
  endfacet
  facet normal 0.138831 -0.990269 -0.00970508
    outer loop
      vertex 4.23082 -37.8811 0
      vertex 2.59772 -38.0984 -1.18898
      vertex 3.07756 -38.0308 -1.22253
    endloop
  endfacet
  facet normal 0.138829 -0.990269 -0.0097033
    outer loop
      vertex 9.59808 -37.1122 -1.67849
      vertex 4.23082 -37.8811 0
      vertex 3.07756 -38.0308 -1.22253
    endloop
  endfacet
  facet normal 0.138844 -0.990267 -0.00965297
    outer loop
      vertex 4.23082 -37.8811 0
      vertex 9.59808 -37.1122 -1.67849
      vertex 9.88343 -37.0847 -0.395268
    endloop
  endfacet
  facet normal 0.960734 0.13707 -0.241252
    outer loop
      vertex 1.14327 -22.1605 4.23576
      vertex 0.788667 -23.1779 2.24558
      vertex 0.649494 -22.1853 2.25531
    endloop
  endfacet
  facet normal 0.960736 0.13706 -0.241247
    outer loop
      vertex 3.23098 -37.0515 4.08977
      vertex 0.788667 -23.1779 2.24558
      vertex 1.14327 -22.1605 4.23576
    endloop
  endfacet
  facet normal 0.960734 0.137058 -0.241256
    outer loop
      vertex 2.59233 -37.1158 1.51
      vertex 0.788667 -23.1779 2.24558
      vertex 3.23098 -37.0515 4.08977
    endloop
  endfacet
  facet normal 0.960735 0.137058 -0.241253
    outer loop
      vertex 0.788667 -23.1779 2.24558
      vertex 2.59233 -37.1158 1.51
      vertex 0.605266 -23.1871 1.51
    endloop
  endfacet
  facet normal 0.240231 0.0241782 0.970415
    outer loop
      vertex -4.18404 -22.5386 5.56401
      vertex -4.51063 -21.9948 5.63131
      vertex -4.46962 -22.5588 5.63521
    endloop
  endfacet
  facet normal 0.240236 0.0241672 0.970414
    outer loop
      vertex -4.18404 -22.5386 5.56401
      vertex 3.23098 -37.0515 4.08977
      vertex 1.14327 -22.1605 4.23576
    endloop
  endfacet
  facet normal 0.240219 0.0241709 0.970418
    outer loop
      vertex -4.51063 -21.9948 5.63131
      vertex -4.18404 -22.5386 5.56401
      vertex -4.22532 -21.9541 5.55967
    endloop
  endfacet
  facet normal 0.240232 0.0241647 0.970415
    outer loop
      vertex -4.46962 -22.5588 5.63521
      vertex 3.23098 -37.0515 4.08977
      vertex -4.18404 -22.5386 5.56401
    endloop
  endfacet
  facet normal 0.240236 0.0241668 0.970414
    outer loop
      vertex -4.46962 -22.5588 5.63521
      vertex -12.1408 -39.2445 7.94982
      vertex 3.23098 -37.0515 4.08977
    endloop
  endfacet
  facet normal 0.240237 0.0241659 0.970413
    outer loop
      vertex -12.4195 -23.1231 7.61735
      vertex -12.1408 -39.2445 7.94982
      vertex -4.46962 -22.5588 5.63521
    endloop
  endfacet
  facet normal 0.240235 0.0241658 0.970414
    outer loop
      vertex -12.1408 -39.2445 7.94982
      vertex -12.4195 -23.1231 7.61735
      vertex -14.3621 -23.4002 8.10516
    endloop
  endfacet
  facet normal -0.960727 -0.13708 0.241274
    outer loop
      vertex -14.9673 -24.2914 5.18899
      vertex -14.3621 -23.4002 8.10516
      vertex -15.0797 -23.4724 5.20674
    endloop
  endfacet
  facet normal -0.960732 -0.137056 0.241268
    outer loop
      vertex -14.9673 -24.2914 5.18899
      vertex -12.1408 -39.2445 7.94982
      vertex -14.3621 -23.4002 8.10516
    endloop
  endfacet
  facet normal -0.960733 -0.137063 0.24126
    outer loop
      vertex -13.1017 -39.3411 4.06817
      vertex -14.9673 -24.2914 5.18899
      vertex -15.21 -24.3036 4.21559
    endloop
  endfacet
  facet normal -0.960738 -0.137062 0.241241
    outer loop
      vertex -14.9673 -24.2914 5.18899
      vertex -13.1017 -39.3411 4.06817
      vertex -12.1408 -39.2445 7.94982
    endloop
  endfacet
  facet normal -0.13882 0.99027 0.00970169
    outer loop
      vertex -12.4195 -23.1231 7.61735
      vertex -15.0797 -23.4724 5.20674
      vertex -14.3621 -23.4002 8.10516
    endloop
  endfacet
  facet normal -0.138826 0.990269 0.00970824
    outer loop
      vertex -15.0797 -23.4724 5.20674
      vertex -12.4195 -23.1231 7.61735
      vertex -12.631 -23.1231 4.59295
    endloop
  endfacet
  facet normal -0.138823 0.99027 0.00972212
    outer loop
      vertex -4.22532 -21.9541 5.55967
      vertex -5.22833 -22.067 2.73734
      vertex -4.51063 -21.9948 5.63131
    endloop
  endfacet
  facet normal -0.138731 0.990283 0.00968887
    outer loop
      vertex -4.22532 -21.9541 5.55967
      vertex -4.83547 -22.011 2.63886
      vertex -5.22833 -22.067 2.73734
    endloop
  endfacet
  facet normal -0.138813 0.990271 0.00970637
    outer loop
      vertex -4.83547 -22.011 2.63886
      vertex -4.22532 -21.9541 5.55967
      vertex -4.43153 -21.9541 2.61061
    endloop
  endfacet
  facet normal 0.138828 -0.990269 -0.00972273
    outer loop
      vertex -2.91441 -37.8878 1.51
      vertex -12.1408 -39.2445 7.94982
      vertex -13.1017 -39.3411 4.06817
    endloop
  endfacet
  facet normal 0.138837 -0.990268 -0.00970969
    outer loop
      vertex -12.1408 -39.2445 7.94982
      vertex -2.91441 -37.8878 1.51
      vertex 3.23098 -37.0515 4.08977
    endloop
  endfacet
  facet normal 0.138828 -0.990269 -0.00968612
    outer loop
      vertex 3.23098 -37.0515 4.08977
      vertex -2.91441 -37.8878 1.51
      vertex 2.59233 -37.1158 1.51
    endloop
  endfacet
  facet normal 0.987855 0.13917 -0.0690903
    outer loop
      vertex 18.9272 -28.0274 -1.02767
      vertex 18.3873 -24.8233 -2.29309
      vertex 18.478 -24.8233 -0.996259
    endloop
  endfacet
  facet normal 0.987855 0.13917 -0.0690904
    outer loop
      vertex 18.3873 -24.8233 -2.29309
      vertex 18.9272 -28.0274 -1.02767
      vertex 18.8365 -28.0274 -2.3245
    endloop
  endfacet
  facet normal 0.0697564 1.08728e-06 0.997564
    outer loop
      vertex 4.23082 -19.7042 0
      vertex 6.58927 -20.3818 -0.164918
      vertex 6.51951 -19.3818 -0.160041
    endloop
  endfacet
  facet normal 0.0697561 0 0.997564
    outer loop
      vertex 6.58927 -20.3818 -0.164918
      vertex 4.23082 -19.7042 0
      vertex 4.23082 -20.714 0
    endloop
  endfacet
  facet normal 0.0697563 1.12809e-06 0.997564
    outer loop
      vertex 4.23082 -36.8713 0
      vertex 9.88343 -37.0847 -0.395268
      vertex 10.1437 -36.0382 -0.413469
    endloop
  endfacet
  facet normal 0.0697563 0 0.997564
    outer loop
      vertex 9.88343 -37.0847 -0.395268
      vertex 4.23082 -36.8713 0
      vertex 4.23082 -37.8811 0
    endloop
  endfacet
  facet normal 0.0697565 3.86051e-06 0.997564
    outer loop
      vertex 9.80658 -18.9187 -0.389895
      vertex 14.3001 -19.2954 -0.704111
      vertex 14.1612 -18.3052 -0.694402
    endloop
  endfacet
  facet normal 0.0697561 7.09221e-08 0.997564
    outer loop
      vertex 14.3001 -19.2954 -0.704111
      vertex 9.80658 -18.9187 -0.389895
      vertex 9.87634 -19.9187 -0.394773
    endloop
  endfacet
  facet normal 0.0697588 3.73333e-07 0.997564
    outer loop
      vertex 18.478 -24.8233 -0.996259
      vertex 17.8833 -27.7665 -0.954671
      vertex 18.9272 -28.0274 -1.02767
    endloop
  endfacet
  facet normal 0.0697534 1.47478e-06 0.997564
    outer loop
      vertex 17.8833 -27.7665 -0.954671
      vertex 18.478 -24.8233 -0.996259
      vertex 17.434 -24.5624 -0.923259
    endloop
  endfacet
  facet normal -0.0697705 -1.84957e-06 -0.997563
    outer loop
      vertex 2.12518 -38.165 -1.15593
      vertex 0.0987097 -20.2736 -1.01423
      vertex 2.59772 -38.0984 -1.18898
    endloop
  endfacet
  facet normal -0.0697611 -7.81443e-07 -0.997564
    outer loop
      vertex 0.0987097 -20.2736 -1.01423
      vertex 2.12518 -38.165 -1.15593
      vertex -0.373838 -20.3401 -0.981184
    endloop
  endfacet
  facet normal -0.0697562 -4.84668e-08 -0.997564
    outer loop
      vertex 11.3802 -29.9471 -1.80311
      vertex 9.7389 -22.5344 -1.68834
      vertex 9.97057 -19.8926 -1.70454
    endloop
  endfacet
  facet normal -0.0697566 -2.60375e-07 -0.997564
    outer loop
      vertex 3.07756 -38.0308 -1.22253
      vertex 11.3802 -29.9471 -1.80311
      vertex 9.59808 -37.1122 -1.67849
    endloop
  endfacet
  facet normal -0.069758 -4.54248e-07 -0.997564
    outer loop
      vertex 11.3802 -29.9471 -1.80311
      vertex 8.42527 -22.6265 -1.59648
      vertex 9.7389 -22.5344 -1.68834
    endloop
  endfacet
  facet normal -0.0697568 1.46547e-08 -0.997564
    outer loop
      vertex 11.3802 -29.9471 -1.80311
      vertex 3.07756 -38.0308 -1.22253
      vertex 8.42527 -22.6265 -1.59648
    endloop
  endfacet
  facet normal -0.0697569 4.7793e-08 -0.997564
    outer loop
      vertex 0.578547 -20.206 -1.04778
      vertex 8.42527 -22.6265 -1.59648
      vertex 3.07756 -38.0308 -1.22253
    endloop
  endfacet
  facet normal -0.0697571 -6.38763e-07 -0.997564
    outer loop
      vertex 8.42527 -22.6265 -1.59648
      vertex 0.578547 -20.206 -1.04778
      vertex 8.1817 -19.1348 -1.57945
    endloop
  endfacet
  facet normal -0.0697545 -2.57975e-06 -0.997564
    outer loop
      vertex 9.97057 -19.8926 -1.70454
      vertex 13.8441 -18.3371 -1.9754
      vertex 13.983 -19.3273 -1.98511
    endloop
  endfacet
  facet normal -0.0697586 7.73207e-06 -0.997564
    outer loop
      vertex 9.97057 -19.8926 -1.70454
      vertex 9.4889 -18.9506 -1.67085
      vertex 13.8441 -18.3371 -1.9754
    endloop
  endfacet
  facet normal -0.0697712 1.27701e-06 -0.997563
    outer loop
      vertex 9.4889 -18.9506 -1.67085
      vertex 9.97057 -19.8926 -1.70454
      vertex 9.7389 -22.5344 -1.68834
    endloop
  endfacet
  facet normal -0.0697547 -1.04724e-07 -0.997564
    outer loop
      vertex 16.4488 -27.4307 -2.15754
      vertex 18.3873 -24.8233 -2.29309
      vertex 18.8365 -28.0274 -2.3245
    endloop
  endfacet
  facet normal -0.0697547 -1.04721e-07 -0.997564
    outer loop
      vertex 18.3873 -24.8233 -2.29309
      vertex 16.4488 -27.4307 -2.15754
      vertex 15.9996 -24.2265 -2.12613
    endloop
  endfacet
  facet normal -0.987859 -0.139173 0.0690351
    outer loop
      vertex 2.13106 -38.165 -1.07179
      vertex -0.373838 -20.3401 -0.981184
      vertex 2.12518 -38.165 -1.15593
    endloop
  endfacet
  facet normal -0.987856 -0.139173 0.069081
    outer loop
      vertex -0.373838 -20.3401 -0.981184
      vertex 2.13106 -38.165 -1.07179
      vertex -0.367954 -20.3401 -0.897043
    endloop
  endfacet
  facet normal 0.987853 0.13917 -0.0691303
    outer loop
      vertex 19.1496 -34.8088 2.96655
      vertex 16.8155 -18.9645 1.51
      vertex 16.9283 -18.9645 3.12188
    endloop
  endfacet
  facet normal 0.987854 0.139172 -0.0691101
    outer loop
      vertex 16.8155 -18.9645 1.51
      vertex 19.1496 -34.8088 2.96655
      vertex 19.0477 -34.8088 1.51
    endloop
  endfacet
  facet normal 0.987853 0.139171 -0.0691196
    outer loop
      vertex 17.95 -27.7665 0
      vertex 17.434 -24.5624 -0.923259
      vertex 17.4986 -24.5624 0
    endloop
  endfacet
  facet normal 0.987856 0.1392 -0.0690185
    outer loop
      vertex 17.434 -24.5624 -0.923259
      vertex 17.95 -27.7665 0
      vertex 17.8833 -27.7665 -0.954671
    endloop
  endfacet
  facet normal 0.98778 0.139187 -0.070129
    outer loop
      vertex 18.9369 -34.8088 -0.0746515
      vertex 18.7748 -33.6208 0
      vertex 18.9422 -34.8088 0
    endloop
  endfacet
  facet normal 0.0697495 -1.08174e-06 0.997565
    outer loop
      vertex 16.9283 -18.9645 3.12188
      vertex 18.8012 -34.8578 2.99091
      vertex 19.1496 -34.8088 2.96655
    endloop
  endfacet
  facet normal 0.0697495 -1.08171e-06 0.997565
    outer loop
      vertex 18.8012 -34.8578 2.99091
      vertex 16.9283 -18.9645 3.12188
      vertex 16.5799 -19.0136 3.14624
    endloop
  endfacet
  facet normal 0.0697487 -3.64095e-06 0.997565
    outer loop
      vertex 11.4979 -21.4346 3.50161
      vertex 10.969 -21.4717 3.53859
      vertex 11.0386 -22.4692 3.53372
    endloop
  endfacet
  facet normal 0.0697446 -1.83826e-06 0.997565
    outer loop
      vertex 11.0386 -22.4692 3.53372
      vertex 13.4848 -35.6068 3.36267
      vertex 11.4979 -21.4346 3.50161
    endloop
  endfacet
  facet normal 0.0697574 5.59738e-07 0.997564
    outer loop
      vertex 9.72496 -22.5613 3.62558
      vertex 13.4848 -35.6068 3.36267
      vertex 11.0386 -22.4692 3.53372
    endloop
  endfacet
  facet normal 0.0697564 2.63411e-07 0.997564
    outer loop
      vertex 9.72496 -22.5613 3.62558
      vertex 3.34391 -37.0355 4.07179
      vertex 13.4848 -35.6068 3.36267
    endloop
  endfacet
  facet normal 0.0697569 -3.76519e-06 0.997564
    outer loop
      vertex 1.25732 -22.1524 4.2177
      vertex 9.72496 -22.5613 3.62558
      vertex 9.65537 -21.5637 3.63045
    endloop
  endfacet
  facet normal 0.0697571 -1.34016e-08 0.997564
    outer loop
      vertex 9.72496 -22.5613 3.62558
      vertex 1.25732 -22.1524 4.2177
      vertex 3.34391 -37.0355 4.07179
    endloop
  endfacet
  facet normal -0.987856 -0.139173 0.0690813
    outer loop
      vertex 1.20783 -23.1451 1.51
      vertex 3.16477 -37.0355 1.51
      vertex 1.25698 -23.1451 2.21284
    endloop
  endfacet
  facet normal -0.987857 -0.139168 0.0690761
    outer loop
      vertex 1.25698 -23.1451 2.21284
      vertex 1.25732 -22.1524 4.2177
      vertex 1.11781 -22.1524 2.22257
    endloop
  endfacet
  facet normal -0.987856 -0.139173 0.0690784
    outer loop
      vertex 3.34391 -37.0355 4.07179
      vertex 1.25698 -23.1451 2.21284
      vertex 3.16477 -37.0355 1.51
    endloop
  endfacet
  facet normal -0.987856 -0.139173 0.0690787
    outer loop
      vertex 1.25698 -23.1451 2.21284
      vertex 3.34391 -37.0355 4.07179
      vertex 1.25732 -22.1524 4.2177
    endloop
  endfacet
  facet normal -0.138842 0.990268 0.00963749
    outer loop
      vertex 12.846 -19.483 -2.36683
      vertex 9.97057 -19.8926 -1.70454
      vertex 13.983 -19.3273 -1.98511
    endloop
  endfacet
  facet normal -0.138812 0.990271 0.00976797
    outer loop
      vertex 9.97057 -19.8926 -1.70454
      vertex 12.846 -19.483 -2.36683
      vertex 9.88585 -19.9011 -2.04677
    endloop
  endfacet
  facet normal -0.13883 0.99027 0.00960131
    outer loop
      vertex 12.846 -19.483 -2.36683
      vertex 13.983 -19.3273 -1.98511
      vertex 13.8385 -19.3419 -2.56868
    endloop
  endfacet
  facet normal -0.138803 0.990271 0.00985302
    outer loop
      vertex 9.88585 -19.9011 -2.04677
      vertex 12.846 -19.483 -2.36683
      vertex 12.7569 -19.4915 -2.76773
    endloop
  endfacet
  facet normal -0.138848 0.990266 0.00971189
    outer loop
      vertex 17.5726 -18.9662 12.5148
      vertex 11.6679 -19.7219 5.15179
      vertex 13.7296 -19.5145 13.4798
    endloop
  endfacet
  facet normal -0.138842 0.990267 0.00970753
    outer loop
      vertex 14.8482 -19.2403 1.51
      vertex 11.6679 -19.7219 5.15179
      vertex 17.5726 -18.9662 12.5148
    endloop
  endfacet
  facet normal -0.138843 0.990267 0.00970662
    outer loop
      vertex 11.6679 -19.7219 5.15179
      vertex 14.8482 -19.2403 1.51
      vertex 11.4133 -19.7219 1.51
    endloop
  endfacet
  facet normal -0.138835 0.990268 0.00968048
    outer loop
      vertex 14.3819 -19.2872 -0.373433
      vertex 9.97424 -19.9088 0
      vertex 14.465 -19.2792 0
    endloop
  endfacet
  facet normal -0.138826 0.990268 0.00978519
    outer loop
      vertex 14.3001 -19.2954 -0.704111
      vertex 9.97424 -19.9088 0
      vertex 14.3819 -19.2872 -0.373433
    endloop
  endfacet
  facet normal -0.138855 0.990266 0.00960123
    outer loop
      vertex 9.97424 -19.9088 0
      vertex 14.3001 -19.2954 -0.704111
      vertex 9.87634 -19.9187 -0.394773
    endloop
  endfacet
  facet normal -0.138878 0.990262 0.00971874
    outer loop
      vertex 16.8155 -18.9645 1.51
      vertex 16.5799 -19.0136 3.14624
      vertex 16.9283 -18.9645 3.12188
    endloop
  endfacet
  facet normal -0.138796 0.990273 0.00973091
    outer loop
      vertex 16.5799 -19.0136 3.14624
      vertex 16.8155 -18.9645 1.51
      vertex 16.1748 -19.0543 1.51
    endloop
  endfacet
  facet normal -0.138828 0.990272 0.00939816
    outer loop
      vertex 6.58927 -20.3818 -0.164918
      vertex 4.23082 -20.714 0
      vertex 5.93135 -20.4756 0
    endloop
  endfacet
  facet normal 0.138835 -0.990268 -0.00970762
    outer loop
      vertex 3.34391 -37.0355 4.07179
      vertex 10.5963 -35.9947 1.62173
      vertex 13.4848 -35.6068 3.36267
    endloop
  endfacet
  facet normal 0.138835 -0.990268 -0.0097084
    outer loop
      vertex 3.16477 -37.0355 1.51
      vertex 10.5963 -35.9947 1.62173
      vertex 3.34391 -37.0355 4.07179
    endloop
  endfacet
  facet normal 0.138834 -0.990268 -0.00966912
    outer loop
      vertex 10.5963 -35.9947 1.62173
      vertex 3.16477 -37.0355 1.51
      vertex 10.5714 -35.9971 1.51
    endloop
  endfacet
  facet normal 0.138827 -0.990269 -0.00970604
    outer loop
      vertex 13.4848 -35.6068 3.36267
      vertex 19.7939 -34.8105 12.3595
      vertex 15.951 -35.3587 13.3245
    endloop
  endfacet
  facet normal 0.138826 -0.990269 -0.00969216
    outer loop
      vertex 11.1456 -35.9166 1.51
      vertex 13.4848 -35.6068 3.36267
      vertex 10.5963 -35.9947 1.62173
    endloop
  endfacet
  facet normal 0.138827 -0.990269 -0.00970599
    outer loop
      vertex 13.4848 -35.6068 3.36267
      vertex 17.108 -35.0807 1.51
      vertex 19.7939 -34.8105 12.3595
    endloop
  endfacet
  facet normal 0.138831 -0.990269 -0.00969849
    outer loop
      vertex 17.108 -35.0807 1.51
      vertex 13.4848 -35.6068 3.36267
      vertex 11.1456 -35.9166 1.51
    endloop
  endfacet
  facet normal 0.138838 -0.990266 -0.00981633
    outer loop
      vertex 10.2357 -36.0294 0
      vertex 4.23082 -36.8713 0
      vertex 10.1437 -36.0382 -0.413469
    endloop
  endfacet
  facet normal 0.138746 -0.990281 -0.00967168
    outer loop
      vertex 19.0477 -34.8088 1.51
      vertex 18.8012 -34.8578 2.99091
      vertex 18.4346 -34.8947 1.51
    endloop
  endfacet
  facet normal 0.138601 -0.990301 -0.00969649
    outer loop
      vertex 18.8012 -34.8578 2.99091
      vertex 19.0477 -34.8088 1.51
      vertex 19.1496 -34.8088 2.96655
    endloop
  endfacet
  facet normal 0.138845 -0.990265 -0.00985749
    outer loop
      vertex 18.9422 -34.8088 0
      vertex 18.5699 -34.861 0
      vertex 18.9369 -34.8088 -0.0746515
    endloop
  endfacet
  facet normal 0.240224 0.0241679 0.970417
    outer loop
      vertex 18.9229 -17.7736 13.1813
      vertex 20.173 -35.7766 13.3202
      vertex 21.4219 -35.5984 13.0066
    endloop
  endfacet
  facet normal 0.240297 0.0241728 0.970398
    outer loop
      vertex 20.173 -35.7766 13.3202
      vertex 18.9229 -17.7736 13.1813
      vertex 17.674 -17.9518 13.495
    endloop
  endfacet
  facet normal -0.960662 -0.137047 0.241552
    outer loop
      vertex 13.3992 -18.3818 -3.77279
      vertex 13.3497 -18.3868 -3.97249
      vertex 13.8964 -22.2864 -4.01072
    endloop
  endfacet
  facet normal -0.960738 -0.137027 0.241258
    outer loop
      vertex 14.707 -18.2503 1.51
      vertex 14.8482 -19.2403 1.51
      vertex 17.5726 -18.9662 12.5148
    endloop
  endfacet
  facet normal -0.960732 -0.137083 0.241252
    outer loop
      vertex 17.5726 -18.9662 12.5148
      vertex 17.674 -17.9518 13.495
      vertex 14.707 -18.2503 1.51
    endloop
  endfacet
  facet normal -0.960727 -0.137055 0.241286
    outer loop
      vertex 20.173 -35.7766 13.3202
      vertex 17.5726 -18.9662 12.5148
      vertex 19.7939 -34.8105 12.3595
    endloop
  endfacet
  facet normal -0.960741 -0.13706 0.241229
    outer loop
      vertex 17.5726 -18.9662 12.5148
      vertex 20.173 -35.7766 13.3202
      vertex 17.674 -17.9518 13.495
    endloop
  endfacet
  facet normal -0.96074 -0.137027 0.241253
    outer loop
      vertex 17.2492 -36.0707 1.51
      vertex 19.7939 -34.8105 12.3595
      vertex 17.108 -35.0807 1.51
    endloop
  endfacet
  facet normal -0.96073 -0.137084 0.241258
    outer loop
      vertex 19.7939 -34.8105 12.3595
      vertex 17.2492 -36.0707 1.51
      vertex 20.173 -35.7766 13.3202
    endloop
  endfacet
  facet normal -0.960735 -0.137069 0.241246
    outer loop
      vertex 14.3819 -19.2872 -0.373433
      vertex 14.3331 -18.2879 0
      vertex 14.1612 -18.3052 -0.694402
    endloop
  endfacet
  facet normal -0.960708 -0.137102 0.241338
    outer loop
      vertex 14.3331 -18.2879 0
      vertex 14.3819 -19.2872 -0.373433
      vertex 14.4711 -19.2549 0
    endloop
  endfacet
  facet normal -0.960771 -0.137136 0.241067
    outer loop
      vertex 14.3819 -19.2872 -0.373433
      vertex 14.1612 -18.3052 -0.694402
      vertex 14.3001 -19.2954 -0.704111
    endloop
  endfacet
  facet normal -0.960734 -0.137132 0.241214
    outer loop
      vertex 13.7122 -18.3503 -2.50825
      vertex 13.983 -19.3273 -1.98511
      vertex 13.8441 -18.3371 -1.9754
    endloop
  endfacet
  facet normal -0.960717 -0.137073 0.241316
    outer loop
      vertex 13.983 -19.3273 -1.98511
      vertex 13.7122 -18.3503 -2.50825
      vertex 13.8385 -19.3419 -2.56868
    endloop
  endfacet
  facet normal -0.960722 -0.137118 0.241272
    outer loop
      vertex 14.4066 -25.9249 -4.04639
      vertex 14.5068 -24.9022 -3.06619
      vertex 14.2568 -24.8569 -4.03592
    endloop
  endfacet
  facet normal -0.960756 -0.137032 0.241186
    outer loop
      vertex 14.5068 -24.9022 -3.06619
      vertex 14.4066 -25.9249 -4.04639
      vertex 14.6565 -25.9702 -3.07666
    endloop
  endfacet
  facet normal 0.960736 0.137057 -0.24125
    outer loop
      vertex 18.9229 -17.7736 13.1813
      vertex 16.5799 -19.0136 3.14624
      vertex 16.0336 -18.0643 1.51
    endloop
  endfacet
  facet normal 0.960736 0.137058 -0.24125
    outer loop
      vertex 21.4219 -35.5984 13.0066
      vertex 16.5799 -19.0136 3.14624
      vertex 18.9229 -17.7736 13.1813
    endloop
  endfacet
  facet normal 0.960736 0.137057 -0.241251
    outer loop
      vertex 16.5799 -19.0136 3.14624
      vertex 21.4219 -35.5984 13.0066
      vertex 18.8012 -34.8578 2.99091
    endloop
  endfacet
  facet normal 0.960739 0.137026 -0.241254
    outer loop
      vertex 18.5758 -35.8848 1.51
      vertex 18.8012 -34.8578 2.99091
      vertex 21.4219 -35.5984 13.0066
    endloop
  endfacet
  facet normal 0.960743 0.137013 -0.241246
    outer loop
      vertex 18.8012 -34.8578 2.99091
      vertex 18.5758 -35.8848 1.51
      vertex 18.4346 -34.8947 1.51
    endloop
  endfacet
  facet normal 0.960736 0.137026 -0.241267
    outer loop
      vertex 16.0336 -18.0643 1.51
      vertex 16.5799 -19.0136 3.14624
      vertex 16.1748 -19.0543 1.51
    endloop
  endfacet
  facet normal 0.960724 0.13706 -0.241297
    outer loop
      vertex 15.3008 -23.2164 -4.33521
      vertex 14.5987 -18.2086 -4.28612
      vertex 14.6622 -18.2022 -4.02966
    endloop
  endfacet
  facet normal 0.960735 0.137059 -0.241253
    outer loop
      vertex 15.9996 -24.2265 -2.12613
      vertex 15.8762 -25.2451 -3.19622
      vertex 15.7405 -24.1796 -3.13129
    endloop
  endfacet
  facet normal 0.960727 0.13706 -0.241284
    outer loop
      vertex 15.8762 -25.2451 -3.19622
      vertex 16.0119 -26.3106 -3.26115
      vertex 15.7273 -26.259 -4.36504
    endloop
  endfacet
  facet normal 0.960738 0.137052 -0.241247
    outer loop
      vertex 16.4488 -27.4307 -2.15754
      vertex 15.8762 -25.2451 -3.19622
      vertex 15.9996 -24.2265 -2.12613
    endloop
  endfacet
  facet normal 0.96074 0.137058 -0.241234
    outer loop
      vertex 15.8762 -25.2451 -3.19622
      vertex 16.4488 -27.4307 -2.15754
      vertex 16.0119 -26.3106 -3.26115
    endloop
  endfacet
  facet normal 0.96074 0.137058 -0.241234
    outer loop
      vertex 16.0119 -26.3106 -3.26115
      vertex 16.4488 -27.4307 -2.15754
      vertex 16.1476 -27.3761 -3.32608
    endloop
  endfacet
  facet normal 0.960742 0.137018 -0.241249
    outer loop
      vertex 15.5776 -25.1909 -4.35457
      vertex 15.8762 -25.2451 -3.19622
      vertex 15.7273 -26.259 -4.36504
    endloop
  endfacet
  facet normal -0.24022 -0.0241665 -0.970417
    outer loop
      vertex 13.8964 -22.2864 -4.01072
      vertex 14.5987 -18.2086 -4.28612
      vertex 15.3008 -23.2164 -4.33521
    endloop
  endfacet
  facet normal -0.240228 -0.024165 -0.970416
    outer loop
      vertex 14.5987 -18.2086 -4.28612
      vertex 13.8964 -22.2864 -4.01072
      vertex 13.3497 -18.3868 -3.97249
    endloop
  endfacet
  facet normal -0.240246 -0.0241594 -0.970411
    outer loop
      vertex 14.4066 -25.9249 -4.04639
      vertex 15.5776 -25.1909 -4.35457
      vertex 15.7273 -26.259 -4.36504
    endloop
  endfacet
  facet normal -0.240233 -0.0241822 -0.970414
    outer loop
      vertex 15.5776 -25.1909 -4.35457
      vertex 14.4066 -25.9249 -4.04639
      vertex 14.2568 -24.8569 -4.03592
    endloop
  endfacet
  facet normal 0.240235 0.0241683 0.970414
    outer loop
      vertex 17.5726 -18.9662 12.5148
      vertex 15.951 -35.3587 13.3245
      vertex 19.7939 -34.8105 12.3595
    endloop
  endfacet
  facet normal 0.240229 0.024169 0.970415
    outer loop
      vertex 15.951 -35.3587 13.3245
      vertex 17.5726 -18.9662 12.5148
      vertex 13.7296 -19.5145 13.4798
    endloop
  endfacet
  facet normal -0.960739 -0.13706 0.241238
    outer loop
      vertex 9.88585 -19.9011 -2.04677
      vertex 11.3802 -29.9471 -1.80311
      vertex 9.97057 -19.8926 -1.70454
    endloop
  endfacet
  facet normal -0.960715 -0.137054 0.241336
    outer loop
      vertex 11.3802 -29.9471 -1.80311
      vertex 9.88585 -19.9011 -2.04677
      vertex 11.2984 -29.9767 -2.14555
    endloop
  endfacet
  facet normal -0.960733 -0.137068 0.241255
    outer loop
      vertex 11.7395 -21.4225 4.47073
      vertex 13.7296 -19.5145 13.4798
      vertex 11.6679 -19.7219 5.15179
    endloop
  endfacet
  facet normal -0.960734 -0.137062 0.241254
    outer loop
      vertex 11.7395 -21.4225 4.47073
      vertex 15.951 -35.3587 13.3245
      vertex 13.7296 -19.5145 13.4798
    endloop
  endfacet
  facet normal -0.960743 -0.137058 0.241223
    outer loop
      vertex 13.4848 -35.6068 3.36267
      vertex 11.7395 -21.4225 4.47073
      vertex 11.4979 -21.4346 3.50161
    endloop
  endfacet
  facet normal -0.960734 -0.13706 0.241258
    outer loop
      vertex 11.7395 -21.4225 4.47073
      vertex 13.4848 -35.6068 3.36267
      vertex 15.951 -35.3587 13.3245
    endloop
  endfacet
  facet normal -0.240233 -0.0241738 -0.970414
    outer loop
      vertex 12.1453 -26.3653 -2.44513
      vertex 11.3225 -25.6086 -2.26029
      vertex 12.6628 -26.4962 -2.56998
    endloop
  endfacet
  facet normal -0.240226 -0.0241652 -0.970416
    outer loop
      vertex 11.3225 -25.6086 -2.26029
      vertex 12.1453 -26.3653 -2.44513
      vertex 11.2984 -29.9767 -2.14555
    endloop
  endfacet
  facet normal -0.240237 -0.0241604 -0.970413
    outer loop
      vertex 11.4291 -25.154 -2.298
      vertex 14.5068 -24.9022 -3.06619
      vertex 14.6565 -25.9702 -3.07666
    endloop
  endfacet
  facet normal -0.240236 -0.0241742 -0.970413
    outer loop
      vertex 14.5068 -24.9022 -3.06619
      vertex 11.4291 -25.154 -2.298
      vertex 11.6571 -24.1815 -2.37867
    endloop
  endfacet
  facet normal -0.240249 -0.024171 -0.97041
    outer loop
      vertex 9.88585 -19.9011 -2.04677
      vertex 11.6571 -24.1815 -2.37867
      vertex 11.4291 -25.154 -2.298
    endloop
  endfacet
  facet normal -0.240237 -0.0241657 -0.970414
    outer loop
      vertex 11.6571 -24.1815 -2.37867
      vertex 9.88585 -19.9011 -2.04677
      vertex 12.7569 -19.4915 -2.76773
    endloop
  endfacet
  facet normal -0.240231 -0.0241656 -0.970415
    outer loop
      vertex 11.3225 -25.6086 -2.26029
      vertex 9.88585 -19.9011 -2.04677
      vertex 11.4291 -25.154 -2.298
    endloop
  endfacet
  facet normal -0.24023 -0.0241652 -0.970415
    outer loop
      vertex 9.88585 -19.9011 -2.04677
      vertex 11.3225 -25.6086 -2.26029
      vertex 11.2984 -29.9767 -2.14555
    endloop
  endfacet
  facet normal 0.948793 -0.23956 -0.205919
    outer loop
      vertex 28.5138 -29.4672 -5.97365
      vertex 23.9049 -46.8888 -6.94186
      vertex 28.2488 -29.4234 -7.24562
    endloop
  endfacet
  facet normal 0.94881 -0.23957 -0.20583
    outer loop
      vertex 23.9049 -46.8888 -6.94186
      vertex 28.5138 -29.4672 -5.97365
      vertex 24.1698 -46.9325 -5.66989
    endloop
  endfacet
  facet normal 0.203782 -0.0336669 0.978437
    outer loop
      vertex 11.3225 -25.6086 -2.26029
      vertex 12.1428 -26.3649 -2.45716
      vertex 12.6628 -26.4962 -2.56998
    endloop
  endfacet
  facet normal 0.203781 -0.033668 0.978437
    outer loop
      vertex 11.3225 -25.6086 -2.26029
      vertex 8.28144 -41.8896 -2.18715
      vertex 12.1428 -26.3649 -2.45716
    endloop
  endfacet
  facet normal 0.203783 -0.0336684 0.978437
    outer loop
      vertex 8.28144 -41.8896 -2.18715
      vertex 11.3225 -25.6086 -2.26029
      vertex 7.09131 -42.6203 -1.96442
    endloop
  endfacet
  facet normal 0.203783 -0.0336871 0.978436
    outer loop
      vertex 16.0119 -26.3106 -3.26115
      vertex 27.3236 -30.1979 -5.75092
      vertex 28.5138 -29.4672 -5.97365
    endloop
  endfacet
  facet normal 0.203788 -0.0336703 0.978436
    outer loop
      vertex 27.3236 -30.1979 -5.75092
      vertex 16.0119 -26.3106 -3.26115
      vertex 16.1476 -27.3761 -3.32608
    endloop
  endfacet
  facet normal 0.20377 -0.0336647 0.97844
    outer loop
      vertex 27.3236 -30.1979 -5.75092
      vertex 24.1698 -46.9325 -5.66989
      vertex 28.5138 -29.4672 -5.97365
    endloop
  endfacet
  facet normal 0.203781 -0.0336669 0.978437
    outer loop
      vertex 23.4623 -45.7227 -5.48091
      vertex 24.1698 -46.9325 -5.66989
      vertex 27.3236 -30.1979 -5.75092
    endloop
  endfacet
  facet normal 0.20379 -0.0336613 0.978436
    outer loop
      vertex 8.28144 -41.8896 -2.18715
      vertex 24.1698 -46.9325 -5.66989
      vertex 23.4623 -45.7227 -5.48091
    endloop
  endfacet
  facet normal 0.203786 -0.0336732 0.978436
    outer loop
      vertex 24.1698 -46.9325 -5.66989
      vertex 8.28144 -41.8896 -2.18715
      vertex 7.09131 -42.6203 -1.96442
    endloop
  endfacet
  facet normal -0.203789 0.0336682 -0.978436
    outer loop
      vertex 23.9049 -46.8888 -6.94186
      vertex 11.1704 -25.1112 -3.54014
      vertex 28.2488 -29.4234 -7.24562
    endloop
  endfacet
  facet normal -0.203787 0.0336692 -0.978436
    outer loop
      vertex 11.1704 -25.1112 -3.54014
      vertex 23.9049 -46.8888 -6.94186
      vertex 6.82638 -42.5766 -3.23638
    endloop
  endfacet
  facet normal -0.948805 0.239564 0.205862
    outer loop
      vertex 11.1704 -25.1112 -3.54014
      vertex 11.3225 -25.6086 -2.26029
      vertex 11.4291 -25.154 -2.298
    endloop
  endfacet
  facet normal -0.948803 0.239568 0.205863
    outer loop
      vertex 6.82638 -42.5766 -3.23638
      vertex 11.3225 -25.6086 -2.26029
      vertex 11.1704 -25.1112 -3.54014
    endloop
  endfacet
  facet normal -0.948805 0.239569 0.205852
    outer loop
      vertex 11.3225 -25.6086 -2.26029
      vertex 6.82638 -42.5766 -3.23638
      vertex 7.09131 -42.6203 -1.96442
    endloop
  endfacet
  facet normal 0.24133 0.970296 -0.0168664
    outer loop
      vertex 28.2488 -29.4234 -7.24562
      vertex 16.0119 -26.3106 -3.26115
      vertex 28.5138 -29.4672 -5.97365
    endloop
  endfacet
  facet normal 0.241318 0.9703 -0.0168612
    outer loop
      vertex 14.4066 -25.9249 -4.04639
      vertex 11.4291 -25.154 -2.298
      vertex 14.6565 -25.9702 -3.07666
    endloop
  endfacet
  facet normal 0.241335 0.970296 -0.0168297
    outer loop
      vertex 11.4291 -25.154 -2.298
      vertex 14.4066 -25.9249 -4.04639
      vertex 11.1704 -25.1112 -3.54014
    endloop
  endfacet
  facet normal 0.241225 0.97031 -0.0175561
    outer loop
      vertex 15.7273 -26.259 -4.36504
      vertex 11.1704 -25.1112 -3.54014
      vertex 14.4066 -25.9249 -4.04639
    endloop
  endfacet
  facet normal 0.241403 0.970284 -0.016536
    outer loop
      vertex 15.7273 -26.259 -4.36504
      vertex 28.2488 -29.4234 -7.24562
      vertex 11.1704 -25.1112 -3.54014
    endloop
  endfacet
  facet normal 0.241331 0.970296 -0.0168636
    outer loop
      vertex 16.0119 -26.3106 -3.26115
      vertex 28.2488 -29.4234 -7.24562
      vertex 15.7273 -26.259 -4.36504
    endloop
  endfacet
  facet normal -0.241321 -0.970298 0.0169275
    outer loop
      vertex 6.82638 -42.5766 -3.23638
      vertex 24.1698 -46.9325 -5.66989
      vertex 7.09131 -42.6203 -1.96442
    endloop
  endfacet
  facet normal -0.241322 -0.970298 0.0169218
    outer loop
      vertex 24.1698 -46.9325 -5.66989
      vertex 6.82638 -42.5766 -3.23638
      vertex 23.9049 -46.8888 -6.94186
    endloop
  endfacet
  facet normal 0.948802 -0.239565 -0.205872
    outer loop
      vertex 28.1388 -30.3326 -1.83717
      vertex 23.4623 -45.7227 -5.48091
      vertex 27.3236 -30.1979 -5.75092
    endloop
  endfacet
  facet normal 0.948802 -0.239565 -0.205872
    outer loop
      vertex 23.4623 -45.7227 -5.48091
      vertex 28.1388 -30.3326 -1.83717
      vertex 24.2775 -45.8574 -1.56716
    endloop
  endfacet
  facet normal 0.20379 -0.0336762 0.978435
    outer loop
      vertex 28.1388 -30.3326 -1.83717
      vertex 18.7748 -33.6208 0
      vertex 18.9369 -34.8088 -0.0746515
    endloop
  endfacet
  facet normal 0.203787 -0.0336691 0.978436
    outer loop
      vertex 18.7748 -33.6208 0
      vertex 28.1388 -30.3326 -1.83717
      vertex 19.6713 -28.1946 0
    endloop
  endfacet
  facet normal 0.203786 -0.0336681 0.978436
    outer loop
      vertex 28.1388 -30.3326 -1.83717
      vertex 18.9369 -34.8088 -0.0746515
      vertex 24.2775 -45.8574 -1.56716
    endloop
  endfacet
  facet normal 0.203812 -0.0336739 0.978431
    outer loop
      vertex 17.0544 -44.0336 0
      vertex 18.9369 -34.8088 -0.0746515
      vertex 18.5699 -34.861 0
    endloop
  endfacet
  facet normal 0.203785 -0.0336684 0.978436
    outer loop
      vertex 18.9369 -34.8088 -0.0746515
      vertex 17.0544 -44.0336 0
      vertex 24.2775 -45.8574 -1.56716
    endloop
  endfacet
  facet normal 0.203805 -0.033671 0.978432
    outer loop
      vertex 10.5963 -35.9947 1.62173
      vertex 10.0949 -42.2763 1.51
      vertex 11.1456 -35.9166 1.51
    endloop
  endfacet
  facet normal 0.203782 -0.0336693 0.978437
    outer loop
      vertex 10.0949 -42.2763 1.51
      vertex 10.5963 -35.9947 1.62173
      vertex 9.0966 -42.0243 1.72659
    endloop
  endfacet
  facet normal -0.948718 0.239543 0.206285
    outer loop
      vertex 9.05148 -42.0168 1.51
      vertex 10.5963 -35.9947 1.62173
      vertex 10.5714 -35.9971 1.51
    endloop
  endfacet
  facet normal -0.948786 0.239566 0.205946
    outer loop
      vertex 10.5963 -35.9947 1.62173
      vertex 9.05148 -42.0168 1.51
      vertex 9.0966 -42.0243 1.72659
    endloop
  endfacet
  facet normal -0.948956 0.239557 0.205171
    outer loop
      vertex 12.1428 -26.3649 -2.45716
      vertex 11.2984 -29.9767 -2.14555
      vertex 12.1453 -26.3653 -2.44513
    endloop
  endfacet
  facet normal -0.948834 0.239575 0.205714
    outer loop
      vertex 8.28144 -41.8896 -2.18715
      vertex 11.2984 -29.9767 -2.14555
      vertex 12.1428 -26.3649 -2.45716
    endloop
  endfacet
  facet normal -0.948799 0.239566 0.205884
    outer loop
      vertex 11.2984 -29.9767 -2.14555
      vertex 8.28144 -41.8896 -2.18715
      vertex 9.59808 -37.1122 -1.67849
    endloop
  endfacet
  facet normal -0.948788 0.239567 0.205933
    outer loop
      vertex 11.3802 -29.9471 -1.80311
      vertex 11.2984 -29.9767 -2.14555
      vertex 9.59808 -37.1122 -1.67849
    endloop
  endfacet
  facet normal -0.948776 0.239549 0.206011
    outer loop
      vertex 9.88343 -37.0847 -0.395268
      vertex 10.2357 -36.0294 0
      vertex 10.1437 -36.0382 -0.413469
    endloop
  endfacet
  facet normal -0.948803 0.239569 0.205865
    outer loop
      vertex 8.73698 -41.9649 0
      vertex 9.59808 -37.1122 -1.67849
      vertex 8.28144 -41.8896 -2.18715
    endloop
  endfacet
  facet normal -0.948806 0.239565 0.205852
    outer loop
      vertex 9.59808 -37.1122 -1.67849
      vertex 8.73698 -41.9649 0
      vertex 9.88343 -37.0847 -0.395268
    endloop
  endfacet
  facet normal -0.948781 0.239568 0.205964
    outer loop
      vertex 9.88343 -37.0847 -0.395268
      vertex 8.73698 -41.9649 0
      vertex 10.2357 -36.0294 0
    endloop
  endfacet
  facet normal 0.24132 0.970299 -0.0168659
    outer loop
      vertex 18.9272 -28.0274 -1.02767
      vertex 17.95 -27.7665 0
      vertex 19.6713 -28.1946 0
    endloop
  endfacet
  facet normal 0.241326 0.970298 -0.0168607
    outer loop
      vertex 17.95 -27.7665 0
      vertex 18.9272 -28.0274 -1.02767
      vertex 17.8833 -27.7665 -0.954671
    endloop
  endfacet
  facet normal 0.241333 0.970296 -0.0168773
    outer loop
      vertex 18.8365 -28.0274 -2.3245
      vertex 19.6713 -28.1946 0
      vertex 28.1388 -30.3326 -1.83717
    endloop
  endfacet
  facet normal 0.241338 0.970294 -0.0168791
    outer loop
      vertex 19.6713 -28.1946 0
      vertex 18.8365 -28.0274 -2.3245
      vertex 18.9272 -28.0274 -1.02767
    endloop
  endfacet
  facet normal 0.241333 0.970296 -0.0168727
    outer loop
      vertex 27.3236 -30.1979 -5.75092
      vertex 18.8365 -28.0274 -2.3245
      vertex 28.1388 -30.3326 -1.83717
    endloop
  endfacet
  facet normal 0.24132 0.970298 -0.0169045
    outer loop
      vertex 18.8365 -28.0274 -2.3245
      vertex 27.3236 -30.1979 -5.75092
      vertex 16.1476 -27.3761 -3.32608
    endloop
  endfacet
  facet normal 0.241305 0.970303 -0.0168609
    outer loop
      vertex 16.4488 -27.4307 -2.15754
      vertex 18.8365 -28.0274 -2.3245
      vertex 16.1476 -27.3761 -3.32608
    endloop
  endfacet
  facet normal 0.241135 0.970327 -0.0178477
    outer loop
      vertex 12.6628 -26.4962 -2.56998
      vertex 12.1428 -26.3649 -2.45716
      vertex 12.1453 -26.3653 -2.44513
    endloop
  endfacet
  facet normal -0.241316 -0.970303 0.0166716
    outer loop
      vertex 9.0966 -42.0243 1.72659
      vertex 9.05148 -42.0168 1.51
      vertex 10.0949 -42.2763 1.51
    endloop
  endfacet
  facet normal -0.241331 -0.970296 0.0168588
    outer loop
      vertex 8.28144 -41.8896 -2.18715
      vertex 17.0544 -44.0336 0
      vertex 8.73698 -41.9649 0
    endloop
  endfacet
  facet normal -0.241334 -0.970295 0.016873
    outer loop
      vertex 17.0544 -44.0336 0
      vertex 8.28144 -41.8896 -2.18715
      vertex 23.4623 -45.7227 -5.48091
    endloop
  endfacet
  facet normal -0.241334 -0.970295 0.0168731
    outer loop
      vertex 17.0544 -44.0336 0
      vertex 23.4623 -45.7227 -5.48091
      vertex 24.2775 -45.8574 -1.56716
    endloop
  endfacet
  facet normal 0.948806 -0.239569 -0.205848
    outer loop
      vertex 33.0991 -11.0316 -6.29429
      vertex 28.4902 -28.4531 -7.2625
      vertex 32.8342 -10.9878 -7.56626
    endloop
  endfacet
  facet normal 0.948806 -0.239569 -0.205848
    outer loop
      vertex 28.4902 -28.4531 -7.2625
      vertex 33.0991 -11.0316 -6.29429
      vertex 28.7551 -28.4969 -5.99053
    endloop
  endfacet
  facet normal 0.20379 -0.0336574 0.978436
    outer loop
      vertex 33.0991 -11.0316 -6.29429
      vertex 16.7281 -7.92924 -2.7778
      vertex 31.909 -11.7623 -6.07155
    endloop
  endfacet
  facet normal 0.203788 -0.0336691 0.978436
    outer loop
      vertex 16.0206 -6.71938 -2.58881
      vertex 16.7281 -7.92924 -2.7778
      vertex 33.0991 -11.0316 -6.29429
    endloop
  endfacet
  facet normal 0.203788 -0.033669 0.978436
    outer loop
      vertex 13.7122 -18.3503 -2.50825
      vertex 16.7281 -7.92924 -2.7778
      vertex 16.0206 -6.71938 -2.58881
    endloop
  endfacet
  facet normal 0.203792 -0.0336703 0.978435
    outer loop
      vertex 16.7281 -7.92924 -2.7778
      vertex 13.7122 -18.3503 -2.50825
      vertex 14.1517 -18.2878 -2.59764
    endloop
  endfacet
  facet normal 0.203767 -0.0336649 0.97844
    outer loop
      vertex 13.7122 -18.3503 -2.50825
      vertex 16.0206 -6.71938 -2.58881
      vertex 12.846 -19.483 -2.36683
    endloop
  endfacet
  facet normal 0.203798 -0.033672 0.978434
    outer loop
      vertex 31.909 -11.7623 -6.07155
      vertex 28.7551 -28.4969 -5.99053
      vertex 33.0991 -11.0316 -6.29429
    endloop
  endfacet
  facet normal 0.203779 -0.0336682 0.978438
    outer loop
      vertex 28.0476 -27.2871 -5.80155
      vertex 28.7551 -28.4969 -5.99053
      vertex 31.909 -11.7623 -6.07155
    endloop
  endfacet
  facet normal 0.20379 -0.0336611 0.978436
    outer loop
      vertex 28.0476 -27.2871 -5.80155
      vertex 15.8762 -25.2451 -3.19622
      vertex 28.7551 -28.4969 -5.99053
    endloop
  endfacet
  facet normal 0.203789 -0.0336703 0.978436
    outer loop
      vertex 15.8762 -25.2451 -3.19622
      vertex 28.0476 -27.2871 -5.80155
      vertex 15.7405 -24.1796 -3.13129
    endloop
  endfacet
  facet normal 0.203777 -0.0336728 0.978438
    outer loop
      vertex 13.8385 -19.3419 -2.56868
      vertex 13.7122 -18.3503 -2.50825
      vertex 12.846 -19.483 -2.36683
    endloop
  endfacet
  facet normal -0.203788 0.0336694 -0.978436
    outer loop
      vertex 14.6622 -18.2022 -4.02966
      vertex 32.8342 -10.9878 -7.56626
      vertex 28.4902 -28.4531 -7.2625
    endloop
  endfacet
  facet normal -0.203789 0.0336687 -0.978436
    outer loop
      vertex 14.6622 -18.2022 -4.02966
      vertex 28.4902 -28.4531 -7.2625
      vertex 15.3008 -23.2164 -4.33521
    endloop
  endfacet
  facet normal -0.203791 0.0336716 -0.978435
    outer loop
      vertex 13.8964 -22.2864 -4.01072
      vertex 11.4117 -24.1409 -3.55702
      vertex 13.3992 -18.3818 -3.77279
    endloop
  endfacet
  facet normal -0.203782 0.0336583 -0.978438
    outer loop
      vertex 15.3008 -23.2164 -4.33521
      vertex 11.4117 -24.1409 -3.55702
      vertex 13.8964 -22.2864 -4.01072
    endloop
  endfacet
  facet normal -0.203786 0.0336766 -0.978436
    outer loop
      vertex 11.4117 -24.1409 -3.55702
      vertex 15.3008 -23.2164 -4.33521
      vertex 28.4902 -28.4531 -7.2625
    endloop
  endfacet
  facet normal -0.203788 0.0336683 -0.978436
    outer loop
      vertex 32.8342 -10.9878 -7.56626
      vertex 14.6622 -18.2022 -4.02966
      vertex 15.7557 -6.67561 -3.86078
    endloop
  endfacet
  facet normal -0.203783 0.0336678 -0.978437
    outer loop
      vertex 13.3992 -18.3818 -3.77279
      vertex 15.7557 -6.67561 -3.86078
      vertex 14.6622 -18.2022 -4.02966
    endloop
  endfacet
  facet normal -0.203777 0.0336667 -0.978438
    outer loop
      vertex 15.7557 -6.67561 -3.86078
      vertex 13.3992 -18.3818 -3.77279
      vertex 11.4117 -24.1409 -3.55702
    endloop
  endfacet
  facet normal -0.948808 0.239568 0.205842
    outer loop
      vertex 12.7569 -19.4915 -2.76773
      vertex 16.0206 -6.71938 -2.58881
      vertex 15.7557 -6.67561 -3.86078
    endloop
  endfacet
  facet normal -0.948817 0.239571 0.205795
    outer loop
      vertex 16.0206 -6.71938 -2.58881
      vertex 12.7569 -19.4915 -2.76773
      vertex 12.846 -19.483 -2.36683
    endloop
  endfacet
  facet normal -0.948804 0.239569 0.205857
    outer loop
      vertex 11.4117 -24.1409 -3.55702
      vertex 12.7569 -19.4915 -2.76773
      vertex 15.7557 -6.67561 -3.86078
    endloop
  endfacet
  facet normal -0.948805 0.23957 0.20585
    outer loop
      vertex 12.7569 -19.4915 -2.76773
      vertex 11.4117 -24.1409 -3.55702
      vertex 11.6571 -24.1815 -2.37867
    endloop
  endfacet
  facet normal 0.241333 0.970296 -0.016871
    outer loop
      vertex 33.0991 -11.0316 -6.29429
      vertex 15.7557 -6.67561 -3.86078
      vertex 16.0206 -6.71938 -2.58881
    endloop
  endfacet
  facet normal 0.241336 0.970295 -0.0168487
    outer loop
      vertex 15.7557 -6.67561 -3.86078
      vertex 33.0991 -11.0316 -6.29429
      vertex 32.8342 -10.9878 -7.56626
    endloop
  endfacet
  facet normal -0.241351 -0.970292 0.0168318
    outer loop
      vertex 14.2568 -24.8569 -4.03592
      vertex 11.6571 -24.1815 -2.37867
      vertex 11.4117 -24.1409 -3.55702
    endloop
  endfacet
  facet normal -0.241318 -0.970299 0.0168862
    outer loop
      vertex 11.6571 -24.1815 -2.37867
      vertex 14.2568 -24.8569 -4.03592
      vertex 14.5068 -24.9022 -3.06619
    endloop
  endfacet
  facet normal -0.241457 -0.970277 0.0161817
    outer loop
      vertex 11.4117 -24.1409 -3.55702
      vertex 15.5776 -25.1909 -4.35457
      vertex 14.2568 -24.8569 -4.03592
    endloop
  endfacet
  facet normal -0.241335 -0.970296 0.0168484
    outer loop
      vertex 15.8762 -25.2451 -3.19622
      vertex 28.4902 -28.4531 -7.2625
      vertex 28.7551 -28.4969 -5.99053
    endloop
  endfacet
  facet normal -0.24131 -0.9703 0.0169771
    outer loop
      vertex 28.4902 -28.4531 -7.2625
      vertex 15.5776 -25.1909 -4.35457
      vertex 11.4117 -24.1409 -3.55702
    endloop
  endfacet
  facet normal -0.241346 -0.970294 0.0168135
    outer loop
      vertex 28.4902 -28.4531 -7.2625
      vertex 15.8762 -25.2451 -3.19622
      vertex 15.5776 -25.1909 -4.35457
    endloop
  endfacet
  facet normal 0.948805 -0.239571 -0.20585
    outer loop
      vertex 32.7241 -11.897 -2.15781
      vertex 28.0476 -27.2871 -5.80155
      vertex 31.909 -11.7623 -6.07155
    endloop
  endfacet
  facet normal 0.948803 -0.239567 -0.205866
    outer loop
      vertex 28.0476 -27.2871 -5.80155
      vertex 32.7241 -11.897 -2.15781
      vertex 28.8628 -27.4217 -1.8878
    endloop
  endfacet
  facet normal 0.203788 -0.0336697 0.978436
    outer loop
      vertex 20.1619 -25.2248 0
      vertex 32.7241 -11.897 -2.15781
      vertex 22.7788 -9.38587 0
    endloop
  endfacet
  facet normal 0.203786 -0.0336685 0.978436
    outer loop
      vertex 32.7241 -11.897 -2.15781
      vertex 20.1619 -25.2248 0
      vertex 28.8628 -27.4217 -1.8878
    endloop
  endfacet
  facet normal -0.948808 0.239569 0.205841
    outer loop
      vertex 14.1517 -18.2878 -2.59764
      vertex 17.3066 -8.02483 0
      vertex 16.7281 -7.92924 -2.7778
    endloop
  endfacet
  facet normal -0.948806 0.239565 0.205854
    outer loop
      vertex 17.3066 -8.02483 0
      vertex 14.1517 -18.2878 -2.59764
      vertex 14.7293 -18.2323 0
    endloop
  endfacet
  facet normal -0.949085 0.238248 0.206096
    outer loop
      vertex 14.4711 -19.2549 0
      vertex 14.3819 -19.2872 -0.373433
      vertex 14.465 -19.2792 0
    endloop
  endfacet
  facet normal 0.241334 0.970295 -0.0168669
    outer loop
      vertex 31.909 -11.7623 -6.07155
      vertex 22.7788 -9.38587 0
      vertex 32.7241 -11.897 -2.15781
    endloop
  endfacet
  facet normal 0.241332 0.970296 -0.016871
    outer loop
      vertex 16.7281 -7.92924 -2.7778
      vertex 22.7788 -9.38587 0
      vertex 31.909 -11.7623 -6.07155
    endloop
  endfacet
  facet normal 0.241331 0.970296 -0.0168693
    outer loop
      vertex 22.7788 -9.38587 0
      vertex 16.7281 -7.92924 -2.7778
      vertex 17.3066 -8.02483 0
    endloop
  endfacet
  facet normal -0.241338 -0.970293 0.0169366
    outer loop
      vertex 15.9996 -24.2265 -2.12613
      vertex 15.7405 -24.1796 -3.13129
      vertex 18.3873 -24.8233 -2.29309
    endloop
  endfacet
  facet normal -0.241302 -0.970303 0.0168838
    outer loop
      vertex 18.478 -24.8233 -0.996259
      vertex 17.4986 -24.5624 0
      vertex 17.434 -24.5624 -0.923259
    endloop
  endfacet
  facet normal -0.241327 -0.970298 0.0168584
    outer loop
      vertex 17.4986 -24.5624 0
      vertex 18.478 -24.8233 -0.996259
      vertex 20.1619 -25.2248 0
    endloop
  endfacet
  facet normal -0.241338 -0.970294 0.0168791
    outer loop
      vertex 18.3873 -24.8233 -2.29309
      vertex 20.1619 -25.2248 0
      vertex 18.478 -24.8233 -0.996259
    endloop
  endfacet
  facet normal -0.241338 -0.970294 0.0168787
    outer loop
      vertex 28.0476 -27.2871 -5.80155
      vertex 20.1619 -25.2248 0
      vertex 18.3873 -24.8233 -2.29309
    endloop
  endfacet
  facet normal -0.241329 -0.970296 0.0169043
    outer loop
      vertex 28.0476 -27.2871 -5.80155
      vertex 18.3873 -24.8233 -2.29309
      vertex 15.7405 -24.1796 -3.13129
    endloop
  endfacet
  facet normal -0.241326 -0.970297 0.016896
    outer loop
      vertex 20.1619 -25.2248 0
      vertex 28.0476 -27.2871 -5.80155
      vertex 28.8628 -27.4217 -1.8878
    endloop
  endfacet
  facet normal 0.984961 -0.137058 0.105201
    outer loop
      vertex 38.5664 -46.1145 -9.8761
      vertex 41.1991 -28.3211 -11.3436
      vertex 41.0654 -28.2897 -10.0509
    endloop
  endfacet
  facet normal 0.984961 -0.137058 0.105201
    outer loop
      vertex 41.1991 -28.3211 -11.3436
      vertex 38.5664 -46.1145 -9.8761
      vertex 38.7001 -46.1459 -11.1688
    endloop
  endfacet
  facet normal -0.102833 0.0242593 0.994403
    outer loop
      vertex 41.0654 -28.2897 -10.0509
      vertex 24.1823 -26.95 -11.8295
      vertex 39.9416 -29.1429 -10.1463
    endloop
  endfacet
  facet normal -0.102842 0.024155 0.994404
    outer loop
      vertex 23.3361 -25.8226 -11.9444
      vertex 24.1823 -26.95 -11.8295
      vertex 41.0654 -28.2897 -10.0509
    endloop
  endfacet
  facet normal -0.10283 0.0241638 0.994405
    outer loop
      vertex 23.3361 -25.8226 -11.9444
      vertex 21.9609 -42.7943 -11.6742
      vertex 24.1823 -26.95 -11.8295
    endloop
  endfacet
  facet normal -0.102851 0.0241654 0.994403
    outer loop
      vertex 21.9609 -42.7943 -11.6742
      vertex 23.3361 -25.8226 -11.9444
      vertex 20.8371 -43.6475 -11.7697
    endloop
  endfacet
  facet normal -0.102757 0.0241581 0.994413
    outer loop
      vertex 39.9416 -29.1429 -10.1463
      vertex 38.5664 -46.1145 -9.8761
      vertex 41.0654 -28.2897 -10.0509
    endloop
  endfacet
  facet normal -0.102854 0.0241658 0.994403
    outer loop
      vertex 37.7203 -44.9872 -9.99101
      vertex 38.5664 -46.1145 -9.8761
      vertex 39.9416 -29.1429 -10.1463
    endloop
  endfacet
  facet normal -0.102844 0.0241733 0.994404
    outer loop
      vertex 21.9609 -42.7943 -11.6742
      vertex 38.5664 -46.1145 -9.8761
      vertex 37.7203 -44.9872 -9.99101
    endloop
  endfacet
  facet normal -0.102847 0.0241603 0.994404
    outer loop
      vertex 38.5664 -46.1145 -9.8761
      vertex 21.9609 -42.7943 -11.6742
      vertex 20.8371 -43.6475 -11.7697
    endloop
  endfacet
  facet normal 0.10284 -0.0241696 -0.994404
    outer loop
      vertex 38.7001 -46.1459 -11.1688
      vertex 23.4698 -25.8541 -13.2371
      vertex 41.1991 -28.3211 -11.3436
    endloop
  endfacet
  facet normal 0.102846 -0.0241649 -0.994404
    outer loop
      vertex 23.4698 -25.8541 -13.2371
      vertex 38.7001 -46.1459 -11.1688
      vertex 20.9708 -43.6789 -13.0624
    endloop
  endfacet
  facet normal -0.98496 0.137057 -0.105211
    outer loop
      vertex 23.4698 -25.8541 -13.2371
      vertex 20.8371 -43.6475 -11.7697
      vertex 23.3361 -25.8226 -11.9444
    endloop
  endfacet
  facet normal -0.984961 0.137058 -0.105201
    outer loop
      vertex 20.8371 -43.6475 -11.7697
      vertex 23.4698 -25.8541 -13.2371
      vertex 20.9708 -43.6789 -13.0624
    endloop
  endfacet
  facet normal 0.138835 0.990268 -0.00969458
    outer loop
      vertex 41.1991 -28.3211 -11.3436
      vertex 23.3361 -25.8226 -11.9444
      vertex 41.0654 -28.2897 -10.0509
    endloop
  endfacet
  facet normal 0.138837 0.990267 -0.00977091
    outer loop
      vertex 23.3361 -25.8226 -11.9444
      vertex 41.1991 -28.3211 -11.3436
      vertex 23.4698 -25.8541 -13.2371
    endloop
  endfacet
  facet normal -0.13883 -0.990269 0.00969515
    outer loop
      vertex 20.8371 -43.6475 -11.7697
      vertex 38.7001 -46.1459 -11.1688
      vertex 38.5664 -46.1145 -9.8761
    endloop
  endfacet
  facet normal -0.13883 -0.990269 0.00969515
    outer loop
      vertex 38.7001 -46.1459 -11.1688
      vertex 20.8371 -43.6475 -11.7697
      vertex 20.9708 -43.6789 -13.0624
    endloop
  endfacet
  facet normal 0.984962 -0.137062 0.105182
    outer loop
      vertex 37.3089 -44.8905 -6.01339
      vertex 39.9416 -29.1429 -10.1463
      vertex 39.5303 -29.0462 -6.16873
    endloop
  endfacet
  facet normal 0.984961 -0.137056 0.105205
    outer loop
      vertex 39.9416 -29.1429 -10.1463
      vertex 37.3089 -44.8905 -6.01339
      vertex 37.7203 -44.9872 -9.99101
    endloop
  endfacet
  facet normal -0.102842 0.024168 0.994404
    outer loop
      vertex 23.7709 -26.8533 -7.85188
      vertex 37.3089 -44.8905 -6.01339
      vertex 39.5303 -29.0462 -6.16873
    endloop
  endfacet
  facet normal -0.102843 0.0241674 0.994404
    outer loop
      vertex 37.3089 -44.8905 -6.01339
      vertex 23.7709 -26.8533 -7.85188
      vertex 21.5495 -42.6976 -7.69655
    endloop
  endfacet
  facet normal -0.98496 0.137062 -0.105205
    outer loop
      vertex 24.1823 -26.95 -11.8295
      vertex 21.5495 -42.6976 -7.69655
      vertex 23.7709 -26.8533 -7.85188
    endloop
  endfacet
  facet normal -0.98496 0.137062 -0.105204
    outer loop
      vertex 21.5495 -42.6976 -7.69655
      vertex 24.1823 -26.95 -11.8295
      vertex 21.9609 -42.7943 -11.6742
    endloop
  endfacet
  facet normal 0.138833 0.990268 -0.00971878
    outer loop
      vertex 39.9416 -29.1429 -10.1463
      vertex 23.7709 -26.8533 -7.85188
      vertex 39.5303 -29.0462 -6.16873
    endloop
  endfacet
  facet normal 0.138833 0.990268 -0.00971511
    outer loop
      vertex 23.7709 -26.8533 -7.85188
      vertex 39.9416 -29.1429 -10.1463
      vertex 24.1823 -26.95 -11.8295
    endloop
  endfacet
  facet normal -0.138832 -0.990268 0.0097152
    outer loop
      vertex 21.5495 -42.6976 -7.69655
      vertex 37.7203 -44.9872 -9.99101
      vertex 37.3089 -44.8905 -6.01339
    endloop
  endfacet
  facet normal -0.138832 -0.990268 0.00971513
    outer loop
      vertex 37.7203 -44.9872 -9.99101
      vertex 21.5495 -42.6976 -7.69655
      vertex 21.9609 -42.7943 -11.6742
    endloop
  endfacet
  facet normal -1 0 0
    outer loop
      vertex -38 -40 24
      vertex -38 45 46
      vertex -38 45 24
    endloop
  endfacet
  facet normal -1 -0 0
    outer loop
      vertex -38 45 46
      vertex -38 -40 24
      vertex -38 -40 46
    endloop
  endfacet
  facet normal 0 0 -1
    outer loop
      vertex -30.8023 37.0056 24
      vertex -30.774 43 24
      vertex -30.4046 36.9265 24
    endloop
  endfacet
  facet normal 0 0 -1
    outer loop
      vertex -31.1863 37.136 24
      vertex -30.774 43 24
      vertex -30.8023 37.0056 24
    endloop
  endfacet
  facet normal 0 0 -1
    outer loop
      vertex -31.1863 42.864 24
      vertex -30.774 43 24
      vertex -31.1863 37.136 24
    endloop
  endfacet
  facet normal 0 0 -1
    outer loop
      vertex -30.774 43 24
      vertex -31.1863 42.864 24
      vertex -30.8023 42.9944 24
    endloop
  endfacet
  facet normal 0 0 -1
    outer loop
      vertex -31.55 37.3153 24
      vertex -31.1863 42.864 24
      vertex -31.1863 37.136 24
    endloop
  endfacet
  facet normal 0 0 -1
    outer loop
      vertex -31.55 37.3153 24
      vertex -31.55 42.6847 24
      vertex -31.1863 42.864 24
    endloop
  endfacet
  facet normal 0 0 -1
    outer loop
      vertex -31.8872 37.5406 24
      vertex -31.55 42.6847 24
      vertex -31.55 37.3153 24
    endloop
  endfacet
  facet normal 0 0 -1
    outer loop
      vertex -31.8872 37.5406 24
      vertex -31.8872 42.4594 24
      vertex -31.55 42.6847 24
    endloop
  endfacet
  facet normal 0 0 -1
    outer loop
      vertex -32.192 37.808 24
      vertex -31.8872 42.4594 24
      vertex -31.8872 37.5406 24
    endloop
  endfacet
  facet normal 0 0 -1
    outer loop
      vertex -32.192 37.808 24
      vertex -32.192 42.192 24
      vertex -31.8872 42.4594 24
    endloop
  endfacet
  facet normal 0 0 -1
    outer loop
      vertex -32.4594 38.1128 24
      vertex -32.192 42.192 24
      vertex -32.192 37.808 24
    endloop
  endfacet
  facet normal 0 0 -1
    outer loop
      vertex -32.4594 38.1128 24
      vertex -32.4594 41.8872 24
      vertex -32.192 42.192 24
    endloop
  endfacet
  facet normal 0 0 -1
    outer loop
      vertex -32.6847 38.45 24
      vertex -32.4594 41.8872 24
      vertex -32.4594 38.1128 24
    endloop
  endfacet
  facet normal 0 0 -1
    outer loop
      vertex -32.6847 38.45 24
      vertex -32.6847 41.55 24
      vertex -32.4594 41.8872 24
    endloop
  endfacet
  facet normal 0 0 -1
    outer loop
      vertex -32.864 38.8137 24
      vertex -32.6847 41.55 24
      vertex -32.6847 38.45 24
    endloop
  endfacet
  facet normal 0 0 -1
    outer loop
      vertex -32.864 38.8137 24
      vertex -32.864 41.1863 24
      vertex -32.6847 41.55 24
    endloop
  endfacet
  facet normal 0 0 -1
    outer loop
      vertex -32.9944 39.1977 24
      vertex -32.864 41.1863 24
      vertex -32.864 38.8137 24
    endloop
  endfacet
  facet normal 0 0 -1
    outer loop
      vertex -32.9944 39.1977 24
      vertex -32.9944 40.8023 24
      vertex -32.864 41.1863 24
    endloop
  endfacet
  facet normal 0 0 -1
    outer loop
      vertex -33.0735 39.5954 24
      vertex -32.9944 40.8023 24
      vertex -32.9944 39.1977 24
    endloop
  endfacet
  facet normal 0 0 -1
    outer loop
      vertex -33.0735 39.5954 24
      vertex -33.0735 40.4046 24
      vertex -32.9944 40.8023 24
    endloop
  endfacet
  facet normal 0 -0 -1
    outer loop
      vertex -33.0735 40.4046 24
      vertex -33.0735 39.5954 24
      vertex -33.1 40 24
    endloop
  endfacet
  facet normal 0 0 -1
    outer loop
      vertex -31.1863 -37.864 24
      vertex -30.774 -38 24
      vertex -30.8023 -37.9944 24
    endloop
  endfacet
  facet normal 0 0 -1
    outer loop
      vertex -30.774 -38 24
      vertex -30.8023 -32.0056 24
      vertex -30.4046 -31.9265 24
    endloop
  endfacet
  facet normal 0 0 -1
    outer loop
      vertex -30.774 -38 24
      vertex -31.1863 -37.864 24
      vertex -30.8023 -32.0056 24
    endloop
  endfacet
  facet normal 0 0 -1
    outer loop
      vertex -31.1863 -37.864 24
      vertex -31.1863 -32.136 24
      vertex -30.8023 -32.0056 24
    endloop
  endfacet
  facet normal 0 0 -1
    outer loop
      vertex -31.55 -37.6847 24
      vertex -31.1863 -32.136 24
      vertex -31.1863 -37.864 24
    endloop
  endfacet
  facet normal 0 0 -1
    outer loop
      vertex -31.55 -37.6847 24
      vertex -31.55 -32.3153 24
      vertex -31.1863 -32.136 24
    endloop
  endfacet
  facet normal 0 0 -1
    outer loop
      vertex -31.8872 -37.4594 24
      vertex -31.55 -32.3153 24
      vertex -31.55 -37.6847 24
    endloop
  endfacet
  facet normal 0 0 -1
    outer loop
      vertex -31.8872 -37.4594 24
      vertex -31.8872 -32.5406 24
      vertex -31.55 -32.3153 24
    endloop
  endfacet
  facet normal 0 0 -1
    outer loop
      vertex -32.192 -37.192 24
      vertex -31.8872 -32.5406 24
      vertex -31.8872 -37.4594 24
    endloop
  endfacet
  facet normal 0 0 -1
    outer loop
      vertex -32.192 -37.192 24
      vertex -32.192 -32.808 24
      vertex -31.8872 -32.5406 24
    endloop
  endfacet
  facet normal 0 0 -1
    outer loop
      vertex -32.4594 -36.8872 24
      vertex -32.192 -32.808 24
      vertex -32.192 -37.192 24
    endloop
  endfacet
  facet normal 0 0 -1
    outer loop
      vertex -32.4594 -36.8872 24
      vertex -32.4594 -33.1128 24
      vertex -32.192 -32.808 24
    endloop
  endfacet
  facet normal 0 0 -1
    outer loop
      vertex -32.6847 -36.55 24
      vertex -32.4594 -33.1128 24
      vertex -32.4594 -36.8872 24
    endloop
  endfacet
  facet normal 0 0 -1
    outer loop
      vertex -32.6847 -36.55 24
      vertex -32.6847 -33.45 24
      vertex -32.4594 -33.1128 24
    endloop
  endfacet
  facet normal 0 0 -1
    outer loop
      vertex -32.864 -36.1863 24
      vertex -32.6847 -33.45 24
      vertex -32.6847 -36.55 24
    endloop
  endfacet
  facet normal 0 0 -1
    outer loop
      vertex -32.864 -36.1863 24
      vertex -32.864 -33.8137 24
      vertex -32.6847 -33.45 24
    endloop
  endfacet
  facet normal 0 0 -1
    outer loop
      vertex -32.9944 -35.8023 24
      vertex -32.864 -33.8137 24
      vertex -32.864 -36.1863 24
    endloop
  endfacet
  facet normal 0 0 -1
    outer loop
      vertex -32.9944 -35.8023 24
      vertex -32.9944 -34.1977 24
      vertex -32.864 -33.8137 24
    endloop
  endfacet
  facet normal 0 0 -1
    outer loop
      vertex -33.0735 -35.4046 24
      vertex -32.9944 -34.1977 24
      vertex -32.9944 -35.8023 24
    endloop
  endfacet
  facet normal 0 0 -1
    outer loop
      vertex -33.0735 -35.4046 24
      vertex -33.0735 -34.5954 24
      vertex -32.9944 -34.1977 24
    endloop
  endfacet
  facet normal 0 -0 -1
    outer loop
      vertex -33.0735 -34.5954 24
      vertex -33.0735 -35.4046 24
      vertex -33.1 -35 24
    endloop
  endfacet
  facet normal 0 0 -1
    outer loop
      vertex -26.9265 39.5954 24
      vertex -26.9265 40.4046 24
      vertex -26.9 40 24
    endloop
  endfacet
  facet normal 0 0 -1
    outer loop
      vertex -27.0056 39.1977 24
      vertex -26.9265 40.4046 24
      vertex -26.9265 39.5954 24
    endloop
  endfacet
  facet normal 0 0 -1
    outer loop
      vertex -27.0056 39.1977 24
      vertex -27.0056 40.8023 24
      vertex -26.9265 40.4046 24
    endloop
  endfacet
  facet normal 0 0 -1
    outer loop
      vertex -27.136 38.8137 24
      vertex -27.0056 40.8023 24
      vertex -27.0056 39.1977 24
    endloop
  endfacet
  facet normal 0 0 -1
    outer loop
      vertex -27.136 38.8137 24
      vertex -27.136 41.1863 24
      vertex -27.0056 40.8023 24
    endloop
  endfacet
  facet normal 0 0 -1
    outer loop
      vertex -27.3153 38.45 24
      vertex -27.136 41.1863 24
      vertex -27.136 38.8137 24
    endloop
  endfacet
  facet normal 0 0 -1
    outer loop
      vertex -27.3153 38.45 24
      vertex -27.3153 41.55 24
      vertex -27.136 41.1863 24
    endloop
  endfacet
  facet normal 0 0 -1
    outer loop
      vertex -27.5406 38.1128 24
      vertex -27.3153 41.55 24
      vertex -27.3153 38.45 24
    endloop
  endfacet
  facet normal 0 0 -1
    outer loop
      vertex -27.5406 38.1128 24
      vertex -27.5406 41.8872 24
      vertex -27.3153 41.55 24
    endloop
  endfacet
  facet normal 0 0 -1
    outer loop
      vertex -27.808 37.808 24
      vertex -27.5406 41.8872 24
      vertex -27.5406 38.1128 24
    endloop
  endfacet
  facet normal 0 0 -1
    outer loop
      vertex -27.808 37.808 24
      vertex -27.808 42.192 24
      vertex -27.5406 41.8872 24
    endloop
  endfacet
  facet normal 0 0 -1
    outer loop
      vertex -28.1128 37.5406 24
      vertex -27.808 42.192 24
      vertex -27.808 37.808 24
    endloop
  endfacet
  facet normal 0 0 -1
    outer loop
      vertex -28.1128 37.5406 24
      vertex -28.1128 42.4594 24
      vertex -27.808 42.192 24
    endloop
  endfacet
  facet normal 0 0 -1
    outer loop
      vertex -28.45 37.3153 24
      vertex -28.1128 42.4594 24
      vertex -28.1128 37.5406 24
    endloop
  endfacet
  facet normal 0 0 -1
    outer loop
      vertex -28.45 37.3153 24
      vertex -28.45 42.6847 24
      vertex -28.1128 42.4594 24
    endloop
  endfacet
  facet normal 0 0 -1
    outer loop
      vertex -28.8137 37.136 24
      vertex -28.45 42.6847 24
      vertex -28.45 37.3153 24
    endloop
  endfacet
  facet normal 0 0 -1
    outer loop
      vertex -28.8137 37.136 24
      vertex -28.8137 42.864 24
      vertex -28.45 42.6847 24
    endloop
  endfacet
  facet normal 0 0 -1
    outer loop
      vertex -29.1977 37.0056 24
      vertex -28.8137 42.864 24
      vertex -28.8137 37.136 24
    endloop
  endfacet
  facet normal 0 0 -1
    outer loop
      vertex -29.226 43 24
      vertex -28.8137 42.864 24
      vertex -29.1977 37.0056 24
    endloop
  endfacet
  facet normal 0 0 -1
    outer loop
      vertex -28.8137 42.864 24
      vertex -29.226 43 24
      vertex -29.1977 42.9944 24
    endloop
  endfacet
  facet normal 0 -0 -1
    outer loop
      vertex -29.226 43 24
      vertex -29.1977 37.0056 24
      vertex -29.5954 36.9265 24
    endloop
  endfacet
  facet normal 0 0 -1
    outer loop
      vertex 17.1977 37.0056 24
      vertex 17.226 43 24
      vertex 17.5954 36.9265 24
    endloop
  endfacet
  facet normal 0 0 -1
    outer loop
      vertex 16.8137 37.136 24
      vertex 17.226 43 24
      vertex 17.1977 37.0056 24
    endloop
  endfacet
  facet normal 0 0 -1
    outer loop
      vertex 16.8137 42.864 24
      vertex 17.226 43 24
      vertex 16.8137 37.136 24
    endloop
  endfacet
  facet normal 0 0 -1
    outer loop
      vertex 17.226 43 24
      vertex 16.8137 42.864 24
      vertex 17.1977 42.9944 24
    endloop
  endfacet
  facet normal 0 0 -1
    outer loop
      vertex 16.45 37.3153 24
      vertex 16.8137 42.864 24
      vertex 16.8137 37.136 24
    endloop
  endfacet
  facet normal 0 0 -1
    outer loop
      vertex 16.45 37.3153 24
      vertex 16.45 42.6847 24
      vertex 16.8137 42.864 24
    endloop
  endfacet
  facet normal 0 0 -1
    outer loop
      vertex 16.1128 37.5406 24
      vertex 16.45 42.6847 24
      vertex 16.45 37.3153 24
    endloop
  endfacet
  facet normal 0 0 -1
    outer loop
      vertex 16.1128 37.5406 24
      vertex 16.1128 42.4594 24
      vertex 16.45 42.6847 24
    endloop
  endfacet
  facet normal 0 0 -1
    outer loop
      vertex 15.808 37.808 24
      vertex 16.1128 42.4594 24
      vertex 16.1128 37.5406 24
    endloop
  endfacet
  facet normal 0 0 -1
    outer loop
      vertex 15.808 37.808 24
      vertex 15.808 42.192 24
      vertex 16.1128 42.4594 24
    endloop
  endfacet
  facet normal 0 0 -1
    outer loop
      vertex 15.5406 38.1128 24
      vertex 15.808 42.192 24
      vertex 15.808 37.808 24
    endloop
  endfacet
  facet normal 0 0 -1
    outer loop
      vertex 15.5406 38.1128 24
      vertex 15.5406 41.8872 24
      vertex 15.808 42.192 24
    endloop
  endfacet
  facet normal 0 0 -1
    outer loop
      vertex 15.3153 38.45 24
      vertex 15.5406 41.8872 24
      vertex 15.5406 38.1128 24
    endloop
  endfacet
  facet normal 0 0 -1
    outer loop
      vertex 15.3153 38.45 24
      vertex 15.3153 41.55 24
      vertex 15.5406 41.8872 24
    endloop
  endfacet
  facet normal 0 0 -1
    outer loop
      vertex 15.136 38.8137 24
      vertex 15.3153 41.55 24
      vertex 15.3153 38.45 24
    endloop
  endfacet
  facet normal 0 0 -1
    outer loop
      vertex 15.136 38.8137 24
      vertex 15.136 41.1863 24
      vertex 15.3153 41.55 24
    endloop
  endfacet
  facet normal 0 0 -1
    outer loop
      vertex 15.0056 39.1977 24
      vertex 15.136 41.1863 24
      vertex 15.136 38.8137 24
    endloop
  endfacet
  facet normal 0 0 -1
    outer loop
      vertex 15.0056 39.1977 24
      vertex 15.0056 40.8023 24
      vertex 15.136 41.1863 24
    endloop
  endfacet
  facet normal 0 0 -1
    outer loop
      vertex 14.9265 39.5954 24
      vertex 15.0056 40.8023 24
      vertex 15.0056 39.1977 24
    endloop
  endfacet
  facet normal 0 0 -1
    outer loop
      vertex 14.9265 39.5954 24
      vertex 14.9265 40.4046 24
      vertex 15.0056 40.8023 24
    endloop
  endfacet
  facet normal 0 -0 -1
    outer loop
      vertex 14.9265 40.4046 24
      vertex 14.9265 39.5954 24
      vertex 14.9 40 24
    endloop
  endfacet
  facet normal 0 0 -1
    outer loop
      vertex 16.8137 -37.864 24
      vertex 17.226 -38 24
      vertex 17.1977 -37.9944 24
    endloop
  endfacet
  facet normal 0 0 -1
    outer loop
      vertex 17.226 -38 24
      vertex 17.1977 -32.0056 24
      vertex 17.5954 -31.9265 24
    endloop
  endfacet
  facet normal 0 0 -1
    outer loop
      vertex 17.226 -38 24
      vertex 16.8137 -37.864 24
      vertex 17.1977 -32.0056 24
    endloop
  endfacet
  facet normal 0 0 -1
    outer loop
      vertex 16.8137 -37.864 24
      vertex 16.8137 -32.136 24
      vertex 17.1977 -32.0056 24
    endloop
  endfacet
  facet normal 0 0 -1
    outer loop
      vertex 16.45 -37.6847 24
      vertex 16.8137 -32.136 24
      vertex 16.8137 -37.864 24
    endloop
  endfacet
  facet normal 0 0 -1
    outer loop
      vertex 16.45 -37.6847 24
      vertex 16.45 -32.3153 24
      vertex 16.8137 -32.136 24
    endloop
  endfacet
  facet normal 0 0 -1
    outer loop
      vertex 16.1128 -37.4594 24
      vertex 16.45 -32.3153 24
      vertex 16.45 -37.6847 24
    endloop
  endfacet
  facet normal 0 0 -1
    outer loop
      vertex 16.1128 -37.4594 24
      vertex 16.1128 -32.5406 24
      vertex 16.45 -32.3153 24
    endloop
  endfacet
  facet normal 0 0 -1
    outer loop
      vertex 15.808 -37.192 24
      vertex 16.1128 -32.5406 24
      vertex 16.1128 -37.4594 24
    endloop
  endfacet
  facet normal 0 0 -1
    outer loop
      vertex 15.808 -37.192 24
      vertex 15.808 -32.808 24
      vertex 16.1128 -32.5406 24
    endloop
  endfacet
  facet normal 0 0 -1
    outer loop
      vertex 15.5406 -36.8872 24
      vertex 15.808 -32.808 24
      vertex 15.808 -37.192 24
    endloop
  endfacet
  facet normal 0 0 -1
    outer loop
      vertex 15.5406 -36.8872 24
      vertex 15.5406 -33.1128 24
      vertex 15.808 -32.808 24
    endloop
  endfacet
  facet normal 0 0 -1
    outer loop
      vertex 15.3153 -36.55 24
      vertex 15.5406 -33.1128 24
      vertex 15.5406 -36.8872 24
    endloop
  endfacet
  facet normal 0 0 -1
    outer loop
      vertex 15.3153 -36.55 24
      vertex 15.3153 -33.45 24
      vertex 15.5406 -33.1128 24
    endloop
  endfacet
  facet normal 0 0 -1
    outer loop
      vertex 15.136 -36.1863 24
      vertex 15.3153 -33.45 24
      vertex 15.3153 -36.55 24
    endloop
  endfacet
  facet normal 0 0 -1
    outer loop
      vertex 15.136 -36.1863 24
      vertex 15.136 -33.8137 24
      vertex 15.3153 -33.45 24
    endloop
  endfacet
  facet normal 0 0 -1
    outer loop
      vertex 15.0056 -35.8023 24
      vertex 15.136 -33.8137 24
      vertex 15.136 -36.1863 24
    endloop
  endfacet
  facet normal 0 0 -1
    outer loop
      vertex 15.0056 -35.8023 24
      vertex 15.0056 -34.1977 24
      vertex 15.136 -33.8137 24
    endloop
  endfacet
  facet normal 0 0 -1
    outer loop
      vertex 14.9265 -35.4046 24
      vertex 15.0056 -34.1977 24
      vertex 15.0056 -35.8023 24
    endloop
  endfacet
  facet normal 0 0 -1
    outer loop
      vertex 14.9265 -35.4046 24
      vertex 14.9265 -34.5954 24
      vertex 15.0056 -34.1977 24
    endloop
  endfacet
  facet normal 0 -0 -1
    outer loop
      vertex 14.9265 -34.5954 24
      vertex 14.9265 -35.4046 24
      vertex 14.9 -35 24
    endloop
  endfacet
  facet normal 0 0 -1
    outer loop
      vertex -26.9265 -35.4046 24
      vertex -26.9265 -34.5954 24
      vertex -26.9 -35 24
    endloop
  endfacet
  facet normal 0 0 -1
    outer loop
      vertex -27.0056 -35.8023 24
      vertex -26.9265 -34.5954 24
      vertex -26.9265 -35.4046 24
    endloop
  endfacet
  facet normal 0 0 -1
    outer loop
      vertex -27.0056 -35.8023 24
      vertex -27.0056 -34.1977 24
      vertex -26.9265 -34.5954 24
    endloop
  endfacet
  facet normal 0 0 -1
    outer loop
      vertex -27.136 -36.1863 24
      vertex -27.0056 -34.1977 24
      vertex -27.0056 -35.8023 24
    endloop
  endfacet
  facet normal 0 0 -1
    outer loop
      vertex -27.136 -36.1863 24
      vertex -27.136 -33.8137 24
      vertex -27.0056 -34.1977 24
    endloop
  endfacet
  facet normal 0 0 -1
    outer loop
      vertex -27.3153 -36.55 24
      vertex -27.136 -33.8137 24
      vertex -27.136 -36.1863 24
    endloop
  endfacet
  facet normal 0 0 -1
    outer loop
      vertex -27.3153 -36.55 24
      vertex -27.3153 -33.45 24
      vertex -27.136 -33.8137 24
    endloop
  endfacet
  facet normal 0 0 -1
    outer loop
      vertex -27.5406 -36.8872 24
      vertex -27.3153 -33.45 24
      vertex -27.3153 -36.55 24
    endloop
  endfacet
  facet normal 0 0 -1
    outer loop
      vertex -27.5406 -36.8872 24
      vertex -27.5406 -33.1128 24
      vertex -27.3153 -33.45 24
    endloop
  endfacet
  facet normal 0 0 -1
    outer loop
      vertex -27.808 -37.192 24
      vertex -27.5406 -33.1128 24
      vertex -27.5406 -36.8872 24
    endloop
  endfacet
  facet normal 0 0 -1
    outer loop
      vertex -27.808 -37.192 24
      vertex -27.808 -32.808 24
      vertex -27.5406 -33.1128 24
    endloop
  endfacet
  facet normal 0 0 -1
    outer loop
      vertex -28.1128 -37.4594 24
      vertex -27.808 -32.808 24
      vertex -27.808 -37.192 24
    endloop
  endfacet
  facet normal 0 0 -1
    outer loop
      vertex -28.1128 -37.4594 24
      vertex -28.1128 -32.5406 24
      vertex -27.808 -32.808 24
    endloop
  endfacet
  facet normal 0 0 -1
    outer loop
      vertex -28.45 -37.6847 24
      vertex -28.1128 -32.5406 24
      vertex -28.1128 -37.4594 24
    endloop
  endfacet
  facet normal 0 0 -1
    outer loop
      vertex -28.45 -37.6847 24
      vertex -28.45 -32.3153 24
      vertex -28.1128 -32.5406 24
    endloop
  endfacet
  facet normal 0 0 -1
    outer loop
      vertex -28.8137 -37.864 24
      vertex -28.45 -32.3153 24
      vertex -28.45 -37.6847 24
    endloop
  endfacet
  facet normal 0 0 -1
    outer loop
      vertex -28.8137 -37.864 24
      vertex -28.8137 -32.136 24
      vertex -28.45 -32.3153 24
    endloop
  endfacet
  facet normal 0 0 -1
    outer loop
      vertex -29.226 -38 24
      vertex -28.8137 -37.864 24
      vertex -29.1977 -37.9944 24
    endloop
  endfacet
  facet normal -0 0 -1
    outer loop
      vertex -28.8137 -37.864 24
      vertex -29.226 -38 24
      vertex -28.8137 -32.136 24
    endloop
  endfacet
  facet normal -0 0 -1
    outer loop
      vertex -28.8137 -32.136 24
      vertex -29.226 -38 24
      vertex -29.1977 -32.0056 24
    endloop
  endfacet
  facet normal -0 0 -1
    outer loop
      vertex -29.1977 -32.0056 24
      vertex -29.226 -38 24
      vertex -29.5954 -31.9265 24
    endloop
  endfacet
  facet normal 0 0 -1
    outer loop
      vertex 19.55 37.3153 24
      vertex 20 37.6396 24
      vertex 19.8872 37.5406 24
    endloop
  endfacet
  facet normal 0 0 -1
    outer loop
      vertex 19.1863 37.136 24
      vertex 20 37.6396 24
      vertex 19.55 37.3153 24
    endloop
  endfacet
  facet normal -0 0 -1
    outer loop
      vertex 20 37.6396 24
      vertex 19.1863 37.136 24
      vertex 20 42.3604 24
    endloop
  endfacet
  facet normal 0 0 -1
    outer loop
      vertex 20 42.3604 24
      vertex 19.55 42.6847 24
      vertex 19.8872 42.4594 24
    endloop
  endfacet
  facet normal 0 0 -1
    outer loop
      vertex 19.1863 42.864 24
      vertex 20 42.3604 24
      vertex 19.1863 37.136 24
    endloop
  endfacet
  facet normal 0 0 -1
    outer loop
      vertex 20 42.3604 24
      vertex 19.1863 42.864 24
      vertex 19.55 42.6847 24
    endloop
  endfacet
  facet normal 0 0 -1
    outer loop
      vertex 18.8023 37.0056 24
      vertex 19.1863 42.864 24
      vertex 19.1863 37.136 24
    endloop
  endfacet
  facet normal 0 0 -1
    outer loop
      vertex 18.774 43 24
      vertex 19.1863 42.864 24
      vertex 18.8023 37.0056 24
    endloop
  endfacet
  facet normal 0 0 -1
    outer loop
      vertex 19.1863 42.864 24
      vertex 18.774 43 24
      vertex 18.8023 42.9944 24
    endloop
  endfacet
  facet normal 0 -0 -1
    outer loop
      vertex 18.774 43 24
      vertex 18.8023 37.0056 24
      vertex 18.4046 36.9265 24
    endloop
  endfacet
  facet normal 0 0 -1
    outer loop
      vertex 19.55 -37.6847 24
      vertex 20 -37.3604 24
      vertex 19.8872 -37.4594 24
    endloop
  endfacet
  facet normal 0 0 -1
    outer loop
      vertex 19.1863 -37.864 24
      vertex 20 -37.3604 24
      vertex 19.55 -37.6847 24
    endloop
  endfacet
  facet normal 0 0 -1
    outer loop
      vertex 18.774 -38 24
      vertex 20 -37.3604 24
      vertex 19.1863 -37.864 24
    endloop
  endfacet
  facet normal 0 0 -1
    outer loop
      vertex 20 -32.6396 24
      vertex 19.55 -32.3153 24
      vertex 19.8872 -32.5406 24
    endloop
  endfacet
  facet normal -0 0 -1
    outer loop
      vertex 20 -37.3604 24
      vertex 18.774 -38 24
      vertex 20 -32.6396 24
    endloop
  endfacet
  facet normal 0 0 -1
    outer loop
      vertex 20 -32.6396 24
      vertex 19.1863 -32.136 24
      vertex 19.55 -32.3153 24
    endloop
  endfacet
  facet normal 0 0 -1
    outer loop
      vertex 18.774 -38 24
      vertex 19.1863 -37.864 24
      vertex 18.8023 -37.9944 24
    endloop
  endfacet
  facet normal -0 0 -1
    outer loop
      vertex 20 -32.6396 24
      vertex 18.774 -38 24
      vertex 19.1863 -32.136 24
    endloop
  endfacet
  facet normal -0 0 -1
    outer loop
      vertex 19.1863 -32.136 24
      vertex 18.774 -38 24
      vertex 18.8023 -32.0056 24
    endloop
  endfacet
  facet normal -0 0 -1
    outer loop
      vertex 18.8023 -32.0056 24
      vertex 18.774 -38 24
      vertex 18.4046 -31.9265 24
    endloop
  endfacet
  facet normal 0 0 -1
    outer loop
      vertex 20 -37.3604 24
      vertex 22 -40 24
      vertex 20 -38 24
    endloop
  endfacet
  facet normal 0 0 -1
    outer loop
      vertex 22 -40 24
      vertex 18.774 -38 24
      vertex 20 -38 24
    endloop
  endfacet
  facet normal 0 0 -1
    outer loop
      vertex 18.774 -38 24
      vertex 18 -31.9 24
      vertex 18.4046 -31.9265 24
    endloop
  endfacet
  facet normal 0 0 -1
    outer loop
      vertex 18.774 -38 24
      vertex 17.5954 -31.9265 24
      vertex 18 -31.9 24
    endloop
  endfacet
  facet normal 0 0 -1
    outer loop
      vertex 18.774 -38 24
      vertex 17.226 -38 24
      vertex 17.5954 -31.9265 24
    endloop
  endfacet
  facet normal 0 0 -1
    outer loop
      vertex 22 -40 24
      vertex 17.226 -38 24
      vertex 18.774 -38 24
    endloop
  endfacet
  facet normal 0 0 -1
    outer loop
      vertex 22 -40 24
      vertex -29.226 -38 24
      vertex 17.226 -38 24
    endloop
  endfacet
  facet normal 0 0 -1
    outer loop
      vertex -29.226 -38 24
      vertex -30 -31.9 24
      vertex -29.5954 -31.9265 24
    endloop
  endfacet
  facet normal 0 0 -1
    outer loop
      vertex -29.226 -38 24
      vertex -30.4046 -31.9265 24
      vertex -30 -31.9 24
    endloop
  endfacet
  facet normal 0 0 -1
    outer loop
      vertex -29.226 -38 24
      vertex -30.774 -38 24
      vertex -30.4046 -31.9265 24
    endloop
  endfacet
  facet normal 0 0 -1
    outer loop
      vertex -38 -40 24
      vertex -29.226 -38 24
      vertex 22 -40 24
    endloop
  endfacet
  facet normal -0 0 -1
    outer loop
      vertex -29.226 -38 24
      vertex -38 -40 24
      vertex -30.774 -38 24
    endloop
  endfacet
  facet normal -0 0 -1
    outer loop
      vertex -36 -38 24
      vertex -38 -40 24
      vertex -36 43 24
    endloop
  endfacet
  facet normal -0 0 -1
    outer loop
      vertex -30.774 -38 24
      vertex -38 -40 24
      vertex -36 -38 24
    endloop
  endfacet
  facet normal 0 0 -1
    outer loop
      vertex 20 -32.6396 24
      vertex 22 -40 24
      vertex 20 -37.3604 24
    endloop
  endfacet
  facet normal 0 0 -1
    outer loop
      vertex 22 -40 24
      vertex 20 -32.6396 24
      vertex 22 45 24
    endloop
  endfacet
  facet normal 0 0 -1
    outer loop
      vertex 20 37.6396 24
      vertex 22 45 24
      vertex 20 -32.6396 24
    endloop
  endfacet
  facet normal 0 0 -1
    outer loop
      vertex 20 42.3604 24
      vertex 22 45 24
      vertex 20 37.6396 24
    endloop
  endfacet
  facet normal 0 0 -1
    outer loop
      vertex 20 43 24
      vertex 22 45 24
      vertex 20 42.3604 24
    endloop
  endfacet
  facet normal 0 0 -1
    outer loop
      vertex 18.774 43 24
      vertex 22 45 24
      vertex 20 43 24
    endloop
  endfacet
  facet normal 0 0 -1
    outer loop
      vertex 18 36.9 24
      vertex 18.774 43 24
      vertex 18.4046 36.9265 24
    endloop
  endfacet
  facet normal 0 0 -1
    outer loop
      vertex 17.5954 36.9265 24
      vertex 18.774 43 24
      vertex 18 36.9 24
    endloop
  endfacet
  facet normal 0 0 -1
    outer loop
      vertex 17.226 43 24
      vertex 18.774 43 24
      vertex 17.5954 36.9265 24
    endloop
  endfacet
  facet normal 0 0 -1
    outer loop
      vertex 17.226 43 24
      vertex 22 45 24
      vertex 18.774 43 24
    endloop
  endfacet
  facet normal 0 0 -1
    outer loop
      vertex -29.226 43 24
      vertex 22 45 24
      vertex 17.226 43 24
    endloop
  endfacet
  facet normal 0 0 -1
    outer loop
      vertex -30 36.9 24
      vertex -29.226 43 24
      vertex -29.5954 36.9265 24
    endloop
  endfacet
  facet normal 0 0 -1
    outer loop
      vertex -30.4046 36.9265 24
      vertex -29.226 43 24
      vertex -30 36.9 24
    endloop
  endfacet
  facet normal 0 0 -1
    outer loop
      vertex -30.774 43 24
      vertex -29.226 43 24
      vertex -30.4046 36.9265 24
    endloop
  endfacet
  facet normal 0 0 -1
    outer loop
      vertex -38 45 24
      vertex -29.226 43 24
      vertex -30.774 43 24
    endloop
  endfacet
  facet normal 0 0 -1
    outer loop
      vertex -38 45 24
      vertex -30.774 43 24
      vertex -36 43 24
    endloop
  endfacet
  facet normal 0 0 -1
    outer loop
      vertex -29.226 43 24
      vertex -38 45 24
      vertex 22 45 24
    endloop
  endfacet
  facet normal 0 0 -1
    outer loop
      vertex -38 45 24
      vertex -36 43 24
      vertex -38 -40 24
    endloop
  endfacet
  facet normal 0 0 1
    outer loop
      vertex -18.7748 33.6208 46
      vertex -18.9422 34.8088 46
      vertex -19.6713 28.1946 46
    endloop
  endfacet
  facet normal 0 0 1
    outer loop
      vertex -20.1619 25.2248 46
      vertex -17.95 27.7665 46
      vertex -19.6713 28.1946 46
    endloop
  endfacet
  facet normal 0 0 1
    outer loop
      vertex -17.95 27.7665 46
      vertex -20.1619 25.2248 46
      vertex -17.4986 24.5624 46
    endloop
  endfacet
  facet normal 0 0 1
    outer loop
      vertex -6.31454 5.74001 46
      vertex -6.53332 -5.65238 46
      vertex -6.31454 -6.67008 46
    endloop
  endfacet
  facet normal 0 0 1
    outer loop
      vertex -6.31454 5.74001 46
      vertex -7.54825 4.65151 46
      vertex -6.53332 -5.65238 46
    endloop
  endfacet
  facet normal 0 -0 1
    outer loop
      vertex -7.54825 4.65151 46
      vertex -6.31454 5.74001 46
      vertex -7.61905 5.64901 46
    endloop
  endfacet
  facet normal 0 0 1
    outer loop
      vertex -6.31454 -6.67008 46
      vertex -6.53332 -5.65238 46
      vertex -6.60412 -6.64988 46
    endloop
  endfacet
  facet normal 0 0 1
    outer loop
      vertex -7.54825 4.65151 46
      vertex -7.86982 -5.55915 46
      vertex -6.53332 -5.65238 46
    endloop
  endfacet
  facet normal -0 0 1
    outer loop
      vertex -8.88474 4.55828 46
      vertex -7.86982 -5.55915 46
      vertex -7.54825 4.65151 46
    endloop
  endfacet
  facet normal 0 0 1
    outer loop
      vertex -17.3066 8.02483 46
      vertex -7.86982 -5.55915 46
      vertex -8.88474 4.55828 46
    endloop
  endfacet
  facet normal -0 0 1
    outer loop
      vertex -14.3331 18.2879 46
      vertex -8.88474 4.55828 46
      vertex -9.97424 19.9088 46
    endloop
  endfacet
  facet normal 0 0 1
    outer loop
      vertex -22.7788 9.38587 46
      vertex -7.86982 -5.55915 46
      vertex -17.3066 8.02483 46
    endloop
  endfacet
  facet normal 0 0 1
    outer loop
      vertex -8.88474 4.55828 46
      vertex -14.3331 18.2879 46
      vertex -17.3066 8.02483 46
    endloop
  endfacet
  facet normal -0 0 1
    outer loop
      vertex -14.465 19.2792 46
      vertex -14.3331 18.2879 46
      vertex -9.97424 19.9088 46
    endloop
  endfacet
  facet normal 0 0 1
    outer loop
      vertex -14.3331 18.2879 46
      vertex -14.465 19.2792 46
      vertex -14.4711 19.2549 46
    endloop
  endfacet
  facet normal 0 0 1
    outer loop
      vertex -17.3066 8.02483 46
      vertex -14.3331 18.2879 46
      vertex -14.7293 18.2323 46
    endloop
  endfacet
  facet normal 0 0 1
    outer loop
      vertex -7.86982 -5.55915 46
      vertex -13.5534 -19.835 46
      vertex -8.92906 -20.4833 46
    endloop
  endfacet
  facet normal 0 0 1
    outer loop
      vertex -7.86982 -5.55915 46
      vertex -22.7788 9.38587 46
      vertex -13.5534 -19.835 46
    endloop
  endfacet
  facet normal -0 0 1
    outer loop
      vertex -5.93135 20.4756 46
      vertex -4.23082 19.7042 46
      vertex -4.23082 20.714 46
    endloop
  endfacet
  facet normal 0 0 1
    outer loop
      vertex -4.23082 19.7042 46
      vertex -4.97474 9 46
      vertex -4.47787 -6.7982 46
    endloop
  endfacet
  facet normal 0 -0 1
    outer loop
      vertex -5.35576 9 46
      vertex -4.23082 19.7042 46
      vertex -5.93135 20.4756 46
    endloop
  endfacet
  facet normal 0 0 1
    outer loop
      vertex -4.23082 19.7042 46
      vertex -5.35576 9 46
      vertex -4.97474 9 46
    endloop
  endfacet
  facet normal 0 0 1
    outer loop
      vertex 22 -40 46
      vertex 0.0698415 -21.745 46
      vertex 1.26064 -37.198 46
    endloop
  endfacet
  facet normal 0 0 1
    outer loop
      vertex 0.0698415 -39.9219 46
      vertex 1.26064 -37.198 46
      vertex 0.0698415 -21.745 46
    endloop
  endfacet
  facet normal 0 0 1
    outer loop
      vertex -4.47787 -6.7982 46
      vertex 3.94022 20.8498 46
      vertex -4.23082 19.7042 46
    endloop
  endfacet
  facet normal 0 0 1
    outer loop
      vertex 3.94022 20.8498 46
      vertex -4.47787 -6.7982 46
      vertex 0.0698415 -21.745 46
    endloop
  endfacet
  facet normal 0 0 1
    outer loop
      vertex 0.0698415 -21.745 46
      vertex -4.47787 -6.7982 46
      vertex -5.19058 -21.0075 46
    endloop
  endfacet
  facet normal 0 0 1
    outer loop
      vertex 22 45 46
      vertex 3.94022 20.8498 46
      vertex 22 -40 46
    endloop
  endfacet
  facet normal 0 0 1
    outer loop
      vertex 22 45 46
      vertex 2.1371 38.7739 46
      vertex 3.94022 20.8498 46
    endloop
  endfacet
  facet normal -0 0 1
    outer loop
      vertex -8.73698 41.9649 46
      vertex 2.1371 38.7739 46
      vertex 22 45 46
    endloop
  endfacet
  facet normal 0 0 1
    outer loop
      vertex -10.2357 36.0294 46
      vertex -4.23082 37.8811 46
      vertex -8.73698 41.9649 46
    endloop
  endfacet
  facet normal 0 0 1
    outer loop
      vertex 2.1371 38.7739 46
      vertex -8.73698 41.9649 46
      vertex -4.23082 37.8811 46
    endloop
  endfacet
  facet normal 0 0 1
    outer loop
      vertex 22 45 46
      vertex -17.0544 44.0336 46
      vertex -8.73698 41.9649 46
    endloop
  endfacet
  facet normal 0 0 1
    outer loop
      vertex -17.0544 44.0336 46
      vertex -18.9422 34.8088 46
      vertex -18.5699 34.861 46
    endloop
  endfacet
  facet normal 0 0 1
    outer loop
      vertex -38 45 46
      vertex -19.6713 28.1946 46
      vertex -18.9422 34.8088 46
    endloop
  endfacet
  facet normal 0 0 1
    outer loop
      vertex -19.6713 28.1946 46
      vertex -38 45 46
      vertex -20.1619 25.2248 46
    endloop
  endfacet
  facet normal 0 0 1
    outer loop
      vertex -20.1619 25.2248 46
      vertex -38 45 46
      vertex -22.7788 9.38587 46
    endloop
  endfacet
  facet normal 0 0 1
    outer loop
      vertex -17.0544 44.0336 46
      vertex -38 45 46
      vertex -18.9422 34.8088 46
    endloop
  endfacet
  facet normal -0 0 1
    outer loop
      vertex -38 45 46
      vertex -17.0544 44.0336 46
      vertex 22 45 46
    endloop
  endfacet
  facet normal -0 0 1
    outer loop
      vertex 0.0698415 -21.745 46
      vertex 22 -40 46
      vertex 3.94022 20.8498 46
    endloop
  endfacet
  facet normal 0 0 1
    outer loop
      vertex 22 -40 46
      vertex 1.26064 -37.198 46
      vertex 0.978767 -40 46
    endloop
  endfacet
  facet normal 0 0 1
    outer loop
      vertex 1.26064 -37.198 46
      vertex 0.0698415 -39.9219 46
      vertex 0.860907 -40 46
    endloop
  endfacet
  facet normal 0 0 1
    outer loop
      vertex -38 -40 46
      vertex -13.5534 -19.835 46
      vertex -22.7788 9.38587 46
    endloop
  endfacet
  facet normal 0 0 1
    outer loop
      vertex -38 -40 46
      vertex -22.7788 9.38587 46
      vertex -38 45 46
    endloop
  endfacet
  facet normal 0 0 1
    outer loop
      vertex 0.0698415 -39.9219 46
      vertex -38 -40 46
      vertex 0.860907 -40 46
    endloop
  endfacet
  facet normal 0 0 1
    outer loop
      vertex -16.0646 -37.6599 46
      vertex -38 -40 46
      vertex 0.0698415 -39.9219 46
    endloop
  endfacet
  facet normal 0 0 1
    outer loop
      vertex -13.5534 -19.835 46
      vertex -38 -40 46
      vertex -16.0646 -37.6599 46
    endloop
  endfacet
  facet normal 0 0 1
    outer loop
      vertex -4.47787 -6.7982 46
      vertex -4.97474 9 46
      vertex -4.97474 -6.76354 46
    endloop
  endfacet
  facet normal 0 0 1
    outer loop
      vertex -4.23082 37.8811 46
      vertex -10.2357 36.0294 46
      vertex -4.23082 36.8713 46
    endloop
  endfacet
  facet normal 1 0 0
    outer loop
      vertex 22 -8.69359 36.0799
      vertex 22 -8 38.7001
      vertex 22 -8.68081 38.7001
    endloop
  endfacet
  facet normal 1 0 0
    outer loop
      vertex 22 45 46
      vertex 22 23.2022 40.414
      vertex 22 45 24
    endloop
  endfacet
  facet normal 1 0 0
    outer loop
      vertex 22 45 46
      vertex 22 6.73893 40.6195
      vertex 22 23.2022 40.414
    endloop
  endfacet
  facet normal 1 0 0
    outer loop
      vertex 22 45 46
      vertex 22 -7.66813 40.7989
      vertex 22 6.73893 40.6195
    endloop
  endfacet
  facet normal 1 -0 0
    outer loop
      vertex 22 -40 46
      vertex 22 -7.66813 40.7989
      vertex 22 45 46
    endloop
  endfacet
  facet normal 1 0 0
    outer loop
      vertex 22 -25.7132 40.5737
      vertex 22 -40 46
      vertex 22 -25.7197 39.2338
    endloop
  endfacet
  facet normal 1 0 0
    outer loop
      vertex 22 -7.66813 40.7989
      vertex 22 -40 46
      vertex 22 -25.7132 40.5737
    endloop
  endfacet
  facet normal 1 -0 0
    outer loop
      vertex 22 18.6858 39.1306
      vertex 22 45 24
      vertex 22 23.2022 40.414
    endloop
  endfacet
  facet normal 1 0 0
    outer loop
      vertex 22 9 38.7001
      vertex 22 18.6858 39.1306
      vertex 22 9 39.2516
    endloop
  endfacet
  facet normal 1 0 0
    outer loop
      vertex 22 8 34.5776
      vertex 22 18.6858 39.1306
      vertex 22 9 38.7001
    endloop
  endfacet
  facet normal 1 0 0
    outer loop
      vertex 22 8 34.5776
      vertex 22 9 38.7001
      vertex 22 8 38.7001
    endloop
  endfacet
  facet normal 1 0 0
    outer loop
      vertex 22 18.6858 39.1306
      vertex 22 8 34.5776
      vertex 22 45 24
    endloop
  endfacet
  facet normal 1 0 0
    outer loop
      vertex 22 -40 24
      vertex 22 8 34.5776
      vertex 22 -8 34.5776
    endloop
  endfacet
  facet normal 1 0 0
    outer loop
      vertex 22 -8 38.7001
      vertex 22 -8.69359 36.0799
      vertex 22 -8 34.5776
    endloop
  endfacet
  facet normal 1 0 0
    outer loop
      vertex 22 -20.0424 39.3047
      vertex 22 -8 34.5776
      vertex 22 -8.69359 36.0799
    endloop
  endfacet
  facet normal 1 0 0
    outer loop
      vertex 22 -40 24
      vertex 22 -20.0424 39.3047
      vertex 22 -25.7197 39.2338
    endloop
  endfacet
  facet normal 1 0 0
    outer loop
      vertex 22 8 34.5776
      vertex 22 -40 24
      vertex 22 45 24
    endloop
  endfacet
  facet normal 1 0 0
    outer loop
      vertex 22 -20.0424 39.3047
      vertex 22 -40 24
      vertex 22 -8 34.5776
    endloop
  endfacet
  facet normal 1 0 0
    outer loop
      vertex 22 -40 24
      vertex 22 -25.7197 39.2338
      vertex 22 -40 46
    endloop
  endfacet
  facet normal 1 0 0
    outer loop
      vertex 22 -7.67184 40.0399
      vertex 22 6.73893 40.6195
      vertex 22 -7.66813 40.7989
    endloop
  endfacet
  facet normal 1 0 0
    outer loop
      vertex 22 6.73893 40.6195
      vertex 22 -7.67184 40.0399
      vertex 22 6.74176 40.0399
    endloop
  endfacet
  facet normal 0 -1 0
    outer loop
      vertex -38 -40 46
      vertex 0.624357 -40 45.9612
      vertex 0.860907 -40 46
    endloop
  endfacet
  facet normal 0 -1 0
    outer loop
      vertex -38 -40 46
      vertex 0.533674 -40 44.6644
      vertex 0.624357 -40 45.9612
    endloop
  endfacet
  facet normal 0 -1 0
    outer loop
      vertex -38 -40 24
      vertex 0.533674 -40 44.6644
      vertex -38 -40 46
    endloop
  endfacet
  facet normal -0 -1 0
    outer loop
      vertex 7.33792 -40 38.9641
      vertex 0.533674 -40 44.6644
      vertex -38 -40 24
    endloop
  endfacet
  facet normal 0 -1 0
    outer loop
      vertex 1.13132 -40 44.6226
      vertex 7.33792 -40 38.9641
      vertex 7.62125 -40 43.0159
    endloop
  endfacet
  facet normal 0 -1 0
    outer loop
      vertex 0.533674 -40 44.6644
      vertex 7.33792 -40 38.9641
      vertex 1.13132 -40 44.6226
    endloop
  endfacet
  facet normal 0 -1 0
    outer loop
      vertex 22 -40 24
      vertex 7.33792 -40 38.9641
      vertex -38 -40 24
    endloop
  endfacet
  facet normal 0 -1 0
    outer loop
      vertex 0.860907 -40 46
      vertex 0.624357 -40 45.9612
      vertex 0.847256 -40 45.9456
    endloop
  endfacet
  facet normal 0 -1 -0
    outer loop
      vertex 17.2103 -40 40.6421
      vertex 16.2358 -40 36.7614
      vertex 18.1902 -40 40.3995
    endloop
  endfacet
  facet normal 0 -1 0
    outer loop
      vertex 1.81845 -40 45.8777
      vertex 0.978767 -40 46
      vertex 1.33657 -40 45.9114
    endloop
  endfacet
  facet normal 0 -1 0
    outer loop
      vertex 0.978767 -40 46
      vertex 1.81845 -40 45.8777
      vertex 22 -40 46
    endloop
  endfacet
  facet normal 0 -1 0
    outer loop
      vertex 18.5069 -40 41.6607
      vertex 1.81845 -40 45.8777
      vertex 1.81257 -40 45.7936
    endloop
  endfacet
  facet normal 0 -1 0
    outer loop
      vertex 1.81845 -40 45.8777
      vertex 18.5069 -40 41.6607
      vertex 22 -40 46
    endloop
  endfacet
  facet normal 0 -1 0
    outer loop
      vertex 18.1902 -40 40.3995
      vertex 22 -40 46
      vertex 18.5069 -40 41.6607
    endloop
  endfacet
  facet normal 0 -1 0
    outer loop
      vertex 22 -40 24
      vertex 18.1902 -40 40.3995
      vertex 16.2358 -40 36.7614
    endloop
  endfacet
  facet normal 0 -1 0
    outer loop
      vertex 18.1902 -40 40.3995
      vertex 22 -40 24
      vertex 22 -40 46
    endloop
  endfacet
  facet normal 0 -1 0
    outer loop
      vertex 7.33792 -40 38.9641
      vertex 22 -40 24
      vertex 16.2358 -40 36.7614
    endloop
  endfacet
  facet normal 0 1 -0
    outer loop
      vertex 22 45 24
      vertex -38 45 46
      vertex 22 45 46
    endloop
  endfacet
  facet normal 0 1 0
    outer loop
      vertex -38 45 46
      vertex 22 45 24
      vertex -38 45 24
    endloop
  endfacet
  facet normal 1 -0 0
    outer loop
      vertex -36 -38 44.49
      vertex -36 43 24
      vertex -36 43 44.49
    endloop
  endfacet
  facet normal 1 0 0
    outer loop
      vertex -36 43 24
      vertex -36 -38 44.49
      vertex -36 -38 24
    endloop
  endfacet
  facet normal 0 0 -1
    outer loop
      vertex -25.3153 -28.45 44.49
      vertex -12.8058 -20.9645 44.49
      vertex -25.136 -28.8137 44.49
    endloop
  endfacet
  facet normal 0 0 -1
    outer loop
      vertex -16.8155 18.9645 44.49
      vertex -24.9265 34.5954 44.49
      vertex -24.9 35 44.49
    endloop
  endfacet
  facet normal 0 0 -1
    outer loop
      vertex -25.5406 -28.1128 44.49
      vertex -12.8058 -20.9645 44.49
      vertex -25.3153 -28.45 44.49
    endloop
  endfacet
  facet normal 0 0 -1
    outer loop
      vertex -16.8155 18.9645 44.49
      vertex -25.0056 34.1977 44.49
      vertex -24.9265 34.5954 44.49
    endloop
  endfacet
  facet normal 0 0 -1
    outer loop
      vertex -25.808 -27.808 44.49
      vertex -12.8058 -20.9645 44.49
      vertex -25.5406 -28.1128 44.49
    endloop
  endfacet
  facet normal 0 0 -1
    outer loop
      vertex -16.8155 18.9645 44.49
      vertex -25.136 33.8137 44.49
      vertex -25.0056 34.1977 44.49
    endloop
  endfacet
  facet normal 0 0 -1
    outer loop
      vertex -26.1128 -27.5406 44.49
      vertex -12.8058 -20.9645 44.49
      vertex -25.808 -27.808 44.49
    endloop
  endfacet
  facet normal 0 0 -1
    outer loop
      vertex -16.8155 18.9645 44.49
      vertex -25.3153 33.45 44.49
      vertex -25.136 33.8137 44.49
    endloop
  endfacet
  facet normal 0 0 -1
    outer loop
      vertex -26.45 -27.3153 44.49
      vertex -12.8058 -20.9645 44.49
      vertex -26.1128 -27.5406 44.49
    endloop
  endfacet
  facet normal 0 0 -1
    outer loop
      vertex -16.8155 18.9645 44.49
      vertex -25.5406 33.1128 44.49
      vertex -25.3153 33.45 44.49
    endloop
  endfacet
  facet normal 0 0 -1
    outer loop
      vertex -26.8137 -27.136 44.49
      vertex -12.8058 -20.9645 44.49
      vertex -26.45 -27.3153 44.49
    endloop
  endfacet
  facet normal 0 0 -1
    outer loop
      vertex -16.8155 18.9645 44.49
      vertex -25.808 32.808 44.49
      vertex -25.5406 33.1128 44.49
    endloop
  endfacet
  facet normal 0 0 -1
    outer loop
      vertex -27.1977 -27.0056 44.49
      vertex -12.8058 -20.9645 44.49
      vertex -26.8137 -27.136 44.49
    endloop
  endfacet
  facet normal 0 0 -1
    outer loop
      vertex -16.8155 18.9645 44.49
      vertex -26.1128 32.5406 44.49
      vertex -25.808 32.808 44.49
    endloop
  endfacet
  facet normal 0 0 -1
    outer loop
      vertex -27.5954 -26.9265 44.49
      vertex -12.8058 -20.9645 44.49
      vertex -27.1977 -27.0056 44.49
    endloop
  endfacet
  facet normal 0 0 -1
    outer loop
      vertex -16.8155 18.9645 44.49
      vertex -26.45 32.3153 44.49
      vertex -26.1128 32.5406 44.49
    endloop
  endfacet
  facet normal 0 0 -1
    outer loop
      vertex -28 -26.9 44.49
      vertex -12.8058 -20.9645 44.49
      vertex -27.5954 -26.9265 44.49
    endloop
  endfacet
  facet normal 0 0 -1
    outer loop
      vertex -16.8155 18.9645 44.49
      vertex -26.8137 32.136 44.49
      vertex -26.45 32.3153 44.49
    endloop
  endfacet
  facet normal -0 0 -1
    outer loop
      vertex -12.8058 -20.9645 44.49
      vertex -28 -26.9 44.49
      vertex -16.0336 18.0643 44.49
    endloop
  endfacet
  facet normal 0 0 -1
    outer loop
      vertex -16.8155 18.9645 44.49
      vertex -27.1977 32.0056 44.49
      vertex -26.8137 32.136 44.49
    endloop
  endfacet
  facet normal 0 0 -1
    outer loop
      vertex -28.4046 -26.9265 44.49
      vertex -16.0336 18.0643 44.49
      vertex -28 -26.9 44.49
    endloop
  endfacet
  facet normal 0 0 -1
    outer loop
      vertex -16.8155 18.9645 44.49
      vertex -27.5954 31.9265 44.49
      vertex -27.1977 32.0056 44.49
    endloop
  endfacet
  facet normal 0 0 -1
    outer loop
      vertex -28.8023 -27.0056 44.49
      vertex -16.0336 18.0643 44.49
      vertex -28.4046 -26.9265 44.49
    endloop
  endfacet
  facet normal 0 0 -1
    outer loop
      vertex -16.8155 18.9645 44.49
      vertex -28 31.9 44.49
      vertex -27.5954 31.9265 44.49
    endloop
  endfacet
  facet normal -0 0 -1
    outer loop
      vertex -16.0336 18.0643 44.49
      vertex -28.8023 -27.0056 44.49
      vertex -16.8155 18.9645 44.49
    endloop
  endfacet
  facet normal 0 0 -1
    outer loop
      vertex -16.8155 18.9645 44.49
      vertex -28.4046 31.9265 44.49
      vertex -28 31.9 44.49
    endloop
  endfacet
  facet normal 0 0 -1
    outer loop
      vertex -29.1863 -27.136 44.49
      vertex -16.8155 18.9645 44.49
      vertex -28.8023 -27.0056 44.49
    endloop
  endfacet
  facet normal 0 0 -1
    outer loop
      vertex -16.8155 18.9645 44.49
      vertex -28.8023 32.0056 44.49
      vertex -28.4046 31.9265 44.49
    endloop
  endfacet
  facet normal 0 0 -1
    outer loop
      vertex -29.55 -27.3153 44.49
      vertex -16.8155 18.9645 44.49
      vertex -29.1863 -27.136 44.49
    endloop
  endfacet
  facet normal 0 0 -1
    outer loop
      vertex -16.8155 18.9645 44.49
      vertex -29.1863 32.136 44.49
      vertex -28.8023 32.0056 44.49
    endloop
  endfacet
  facet normal 0 0 -1
    outer loop
      vertex -29.55 32.3153 44.49
      vertex -16.8155 18.9645 44.49
      vertex -29.55 -27.3153 44.49
    endloop
  endfacet
  facet normal 0 0 -1
    outer loop
      vertex -16.8155 18.9645 44.49
      vertex -29.55 32.3153 44.49
      vertex -29.1863 32.136 44.49
    endloop
  endfacet
  facet normal 0 0 -1
    outer loop
      vertex -29.8872 -27.5406 44.49
      vertex -29.55 32.3153 44.49
      vertex -29.55 -27.3153 44.49
    endloop
  endfacet
  facet normal 0 0 -1
    outer loop
      vertex -29.8872 -27.5406 44.49
      vertex -29.8872 32.5406 44.49
      vertex -29.55 32.3153 44.49
    endloop
  endfacet
  facet normal 0 0 -1
    outer loop
      vertex -30.192 -27.808 44.49
      vertex -29.8872 32.5406 44.49
      vertex -29.8872 -27.5406 44.49
    endloop
  endfacet
  facet normal 0 0 -1
    outer loop
      vertex -30.192 -27.808 44.49
      vertex -30.192 32.808 44.49
      vertex -29.8872 32.5406 44.49
    endloop
  endfacet
  facet normal 0 0 -1
    outer loop
      vertex -30.4594 -28.1128 44.49
      vertex -30.192 32.808 44.49
      vertex -30.192 -27.808 44.49
    endloop
  endfacet
  facet normal 0 0 -1
    outer loop
      vertex -30.4594 -28.1128 44.49
      vertex -30.4594 33.1128 44.49
      vertex -30.192 32.808 44.49
    endloop
  endfacet
  facet normal 0 0 -1
    outer loop
      vertex -30.6847 -28.45 44.49
      vertex -30.4594 33.1128 44.49
      vertex -30.4594 -28.1128 44.49
    endloop
  endfacet
  facet normal 0 0 -1
    outer loop
      vertex -30.6847 -28.45 44.49
      vertex -30.6847 33.45 44.49
      vertex -30.4594 33.1128 44.49
    endloop
  endfacet
  facet normal 0 0 -1
    outer loop
      vertex -30.864 -28.8137 44.49
      vertex -30.6847 33.45 44.49
      vertex -30.6847 -28.45 44.49
    endloop
  endfacet
  facet normal 0 0 -1
    outer loop
      vertex -30.864 -28.8137 44.49
      vertex -30.864 33.8137 44.49
      vertex -30.6847 33.45 44.49
    endloop
  endfacet
  facet normal 0 0 -1
    outer loop
      vertex -36 -38 44.49
      vertex -30.864 -28.8137 44.49
      vertex -30.9944 -29.1977 44.49
    endloop
  endfacet
  facet normal -0 0 -1
    outer loop
      vertex -30.864 -28.8137 44.49
      vertex -36 -38 44.49
      vertex -30.864 33.8137 44.49
    endloop
  endfacet
  facet normal 0 0 -1
    outer loop
      vertex -36 -38 44.49
      vertex -30.9944 -29.1977 44.49
      vertex -31.0735 -29.5954 44.49
    endloop
  endfacet
  facet normal 0 0 -1
    outer loop
      vertex -36 43 44.49
      vertex -30.864 33.8137 44.49
      vertex -36 -38 44.49
    endloop
  endfacet
  facet normal 0 0 -1
    outer loop
      vertex -36 -38 44.49
      vertex -31.0735 -29.5954 44.49
      vertex -31.1 -30 44.49
    endloop
  endfacet
  facet normal 0 0 -1
    outer loop
      vertex -30.864 33.8137 44.49
      vertex -36 43 44.49
      vertex -30.9944 34.1977 44.49
    endloop
  endfacet
  facet normal 0 0 -1
    outer loop
      vertex -15.038 -36.8088 44.49
      vertex -24.9265 -29.5954 44.49
      vertex -12.8058 -20.9645 44.49
    endloop
  endfacet
  facet normal 0 0 -1
    outer loop
      vertex -25.0056 -29.1977 44.49
      vertex -12.8058 -20.9645 44.49
      vertex -24.9265 -29.5954 44.49
    endloop
  endfacet
  facet normal 0 0 -1
    outer loop
      vertex -16.0336 18.0643 44.49
      vertex -16.8155 18.9645 44.49
      vertex -16.1748 19.0543 44.49
    endloop
  endfacet
  facet normal 0 0 -1
    outer loop
      vertex -25.136 -28.8137 44.49
      vertex -12.8058 -20.9645 44.49
      vertex -25.0056 -29.1977 44.49
    endloop
  endfacet
  facet normal 0 0 -1
    outer loop
      vertex -26.8137 -32.864 44.49
      vertex -15.038 -36.8088 44.49
      vertex -14.3393 -37.9165 44.49
    endloop
  endfacet
  facet normal 0 0 -1
    outer loop
      vertex -15.038 -36.8088 44.49
      vertex -24.9265 -30.4046 44.49
      vertex -24.9 -30 44.49
    endloop
  endfacet
  facet normal 0 0 -1
    outer loop
      vertex -15.038 -36.8088 44.49
      vertex -25.0056 -30.8023 44.49
      vertex -24.9265 -30.4046 44.49
    endloop
  endfacet
  facet normal 0 0 -1
    outer loop
      vertex -15.038 -36.8088 44.49
      vertex -25.136 -31.1863 44.49
      vertex -25.0056 -30.8023 44.49
    endloop
  endfacet
  facet normal 0 0 -1
    outer loop
      vertex -15.038 -36.8088 44.49
      vertex -25.3153 -31.55 44.49
      vertex -25.136 -31.1863 44.49
    endloop
  endfacet
  facet normal 0 0 -1
    outer loop
      vertex -15.038 -36.8088 44.49
      vertex -25.5406 -31.8872 44.49
      vertex -25.3153 -31.55 44.49
    endloop
  endfacet
  facet normal 0 0 -1
    outer loop
      vertex -15.038 -36.8088 44.49
      vertex -25.808 -32.192 44.49
      vertex -25.5406 -31.8872 44.49
    endloop
  endfacet
  facet normal 0 0 -1
    outer loop
      vertex -15.038 -36.8088 44.49
      vertex -26.1128 -32.4594 44.49
      vertex -25.808 -32.192 44.49
    endloop
  endfacet
  facet normal 0 0 -1
    outer loop
      vertex -15.038 -36.8088 44.49
      vertex -26.45 -32.6847 44.49
      vertex -26.1128 -32.4594 44.49
    endloop
  endfacet
  facet normal 0 0 -1
    outer loop
      vertex -15.038 -36.8088 44.49
      vertex -26.8137 -32.864 44.49
      vertex -26.45 -32.6847 44.49
    endloop
  endfacet
  facet normal 0 0 -1
    outer loop
      vertex -14.3393 -37.9165 44.49
      vertex -27.1977 -32.9944 44.49
      vertex -26.8137 -32.864 44.49
    endloop
  endfacet
  facet normal 0 0 -1
    outer loop
      vertex -14.3393 -37.9165 44.49
      vertex -27.5954 -33.0735 44.49
      vertex -27.1977 -32.9944 44.49
    endloop
  endfacet
  facet normal 0 0 -1
    outer loop
      vertex -36 -38 44.49
      vertex -27.5954 -33.0735 44.49
      vertex -14.3393 -37.9165 44.49
    endloop
  endfacet
  facet normal 0 0 -1
    outer loop
      vertex -27.5954 -33.0735 44.49
      vertex -36 -38 44.49
      vertex -28 -33.1 44.49
    endloop
  endfacet
  facet normal -0 0 -1
    outer loop
      vertex -28 -33.1 44.49
      vertex -36 -38 44.49
      vertex -28.4046 -33.0735 44.49
    endloop
  endfacet
  facet normal -0 0 -1
    outer loop
      vertex -28.4046 -33.0735 44.49
      vertex -36 -38 44.49
      vertex -28.8023 -32.9944 44.49
    endloop
  endfacet
  facet normal 0 0 -1
    outer loop
      vertex -30.9944 34.1977 44.49
      vertex -36 43 44.49
      vertex -31.0735 34.5954 44.49
    endloop
  endfacet
  facet normal -0 0 -1
    outer loop
      vertex -31.0735 -30.4046 44.49
      vertex -36 -38 44.49
      vertex -31.1 -30 44.49
    endloop
  endfacet
  facet normal -0 0 -1
    outer loop
      vertex -30.9944 -30.8023 44.49
      vertex -36 -38 44.49
      vertex -31.0735 -30.4046 44.49
    endloop
  endfacet
  facet normal -0 0 -1
    outer loop
      vertex -30.864 -31.1863 44.49
      vertex -36 -38 44.49
      vertex -30.9944 -30.8023 44.49
    endloop
  endfacet
  facet normal -0 0 -1
    outer loop
      vertex -30.6847 -31.55 44.49
      vertex -36 -38 44.49
      vertex -30.864 -31.1863 44.49
    endloop
  endfacet
  facet normal -0 0 -1
    outer loop
      vertex -30.4594 -31.8872 44.49
      vertex -36 -38 44.49
      vertex -30.6847 -31.55 44.49
    endloop
  endfacet
  facet normal -0 0 -1
    outer loop
      vertex -30.192 -32.192 44.49
      vertex -36 -38 44.49
      vertex -30.4594 -31.8872 44.49
    endloop
  endfacet
  facet normal -0 0 -1
    outer loop
      vertex -29.8872 -32.4594 44.49
      vertex -36 -38 44.49
      vertex -30.192 -32.192 44.49
    endloop
  endfacet
  facet normal -0 0 -1
    outer loop
      vertex -29.55 -32.6847 44.49
      vertex -36 -38 44.49
      vertex -29.8872 -32.4594 44.49
    endloop
  endfacet
  facet normal -0 0 -1
    outer loop
      vertex -29.1863 -32.864 44.49
      vertex -36 -38 44.49
      vertex -29.55 -32.6847 44.49
    endloop
  endfacet
  facet normal -0 0 -1
    outer loop
      vertex -28.8023 -32.9944 44.49
      vertex -36 -38 44.49
      vertex -29.1863 -32.864 44.49
    endloop
  endfacet
  facet normal 0 0 -1
    outer loop
      vertex -36 -38 44.49
      vertex -14.3393 -37.9165 44.49
      vertex -13.744 -38 44.49
    endloop
  endfacet
  facet normal -0 0 -1
    outer loop
      vertex -14.1981 -36.9265 44.49
      vertex -14.3393 -37.9165 44.49
      vertex -15.038 -36.8088 44.49
    endloop
  endfacet
  facet normal 0 0 -1
    outer loop
      vertex -24.9265 -29.5954 44.49
      vertex -15.038 -36.8088 44.49
      vertex -24.9 -30 44.49
    endloop
  endfacet
  facet normal 0 0 -1
    outer loop
      vertex -12.8058 -20.9645 44.49
      vertex -16.0336 18.0643 44.49
      vertex -14.707 18.2503 44.49
    endloop
  endfacet
  facet normal 0 0 -1
    outer loop
      vertex -11.797 -20.0961 44.49
      vertex -11.308 -19.1852 44.49
      vertex -11.308 -20.1646 44.49
    endloop
  endfacet
  facet normal 0 0 -1
    outer loop
      vertex -12.8058 -20.9645 44.49
      vertex -11.308 -19.1852 44.49
      vertex -11.797 -20.0961 44.49
    endloop
  endfacet
  facet normal -0 0 -1
    outer loop
      vertex -11.308 -19.1852 44.49
      vertex -12.8058 -20.9645 44.49
      vertex -11.308 4.39661 44.49
    endloop
  endfacet
  facet normal 0 0 -1
    outer loop
      vertex -11.308 4.39661 44.49
      vertex -14.707 18.2503 44.49
      vertex -11.308 18.2202 44.49
    endloop
  endfacet
  facet normal 0 0 -1
    outer loop
      vertex -12.8058 -20.9645 44.49
      vertex -11.797 -20.0961 44.49
      vertex -11.9383 -21.0861 44.49
    endloop
  endfacet
  facet normal -0 0 -1
    outer loop
      vertex -11.308 4.39661 44.49
      vertex -12.8058 -20.9645 44.49
      vertex -14.707 18.2503 44.49
    endloop
  endfacet
  facet normal 0 0 -1
    outer loop
      vertex -11.308 18.2202 44.49
      vertex -14.707 18.2503 44.49
      vertex -11.4133 19.7219 44.49
    endloop
  endfacet
  facet normal 0 0 -1
    outer loop
      vertex -11.4133 19.7219 44.49
      vertex -14.707 18.2503 44.49
      vertex -14.8482 19.2403 44.49
    endloop
  endfacet
  facet normal 0 0 -1
    outer loop
      vertex -10.3413 -5.39412 44.49
      vertex -8.98771 4.55846 44.49
      vertex -8.98771 -5.48854 44.49
    endloop
  endfacet
  facet normal 0 0 -1
    outer loop
      vertex -10.3413 -5.39412 44.49
      vertex -11.308 4.39661 44.49
      vertex -8.98771 4.55846 44.49
    endloop
  endfacet
  facet normal 0 0 -1
    outer loop
      vertex -11.308 4.39661 44.49
      vertex -10.3413 -5.39412 44.49
      vertex -11.308 -19.1852 44.49
    endloop
  endfacet
  facet normal -0 0 -1
    outer loop
      vertex -18.4346 34.8947 44.49
      vertex -19.0477 34.8088 44.49
      vertex -18.5758 35.8848 44.49
    endloop
  endfacet
  facet normal 0 0 -1
    outer loop
      vertex -1.20783 23.1451 44.49
      vertex -2.59233 37.1158 44.49
      vertex -0.605266 23.1871 44.49
    endloop
  endfacet
  facet normal 0 -0 -1
    outer loop
      vertex -2.59233 37.1158 44.49
      vertex -1.20783 23.1451 44.49
      vertex -3.16477 37.0355 44.49
    endloop
  endfacet
  facet normal -0 0 -1
    outer loop
      vertex 2.91441 37.8878 44.49
      vertex -2.59233 37.1158 44.49
      vertex 2.81423 38.8836 44.49
    endloop
  endfacet
  facet normal 0 0 -1
    outer loop
      vertex -1.4629 -6.01344 44.49
      vertex 6.65628 5.64973 44.49
      vertex 7.32825 -6.62668 44.49
    endloop
  endfacet
  facet normal 0 0 -1
    outer loop
      vertex 6.65628 5.64973 44.49
      vertex -1.4629 -6.01344 44.49
      vertex -1.4629 5.08337 44.49
    endloop
  endfacet
  facet normal 0 0 -1
    outer loop
      vertex 8.79021 -22.9824 44.49
      vertex 6.536 -22.6663 44.49
      vertex 7.32825 -11.3642 44.49
    endloop
  endfacet
  facet normal 0 0 -1
    outer loop
      vertex 8.45 -27.3153 44.49
      vertex 8.79021 -22.9824 44.49
      vertex 8.81368 -27.136 44.49
    endloop
  endfacet
  facet normal 0 0 -1
    outer loop
      vertex 8.79021 -22.9824 44.49
      vertex 8.45 -27.3153 44.49
      vertex 8.34744 -27.3839 44.49
    endloop
  endfacet
  facet normal 0 0 -1
    outer loop
      vertex 12.864 -28.8137 44.49
      vertex 20 -38 44.49
      vertex 12.9944 -29.1977 44.49
    endloop
  endfacet
  facet normal 0 0 -1
    outer loop
      vertex 20 43 44.49
      vertex 13.0735 34.5954 44.49
      vertex 13.1 35 44.49
    endloop
  endfacet
  facet normal 0 0 -1
    outer loop
      vertex 12.6847 -28.45 44.49
      vertex 20 -38 44.49
      vertex 12.864 -28.8137 44.49
    endloop
  endfacet
  facet normal 0 0 -1
    outer loop
      vertex 20 43 44.49
      vertex 12.9944 34.1977 44.49
      vertex 13.0735 34.5954 44.49
    endloop
  endfacet
  facet normal 0 0 -1
    outer loop
      vertex 20 -38 44.49
      vertex 9.95343 21.7076 44.49
      vertex 20 43 44.49
    endloop
  endfacet
  facet normal 0 -0 -1
    outer loop
      vertex 12.864 33.8137 44.49
      vertex 20 43 44.49
      vertex 9.95343 21.7076 44.49
    endloop
  endfacet
  facet normal 0 0 -1
    outer loop
      vertex 20 -38 44.49
      vertex 12.6847 -28.45 44.49
      vertex 7.32825 -6.62668 44.49
    endloop
  endfacet
  facet normal 0 0 -1
    outer loop
      vertex 20 43 44.49
      vertex 12.864 33.8137 44.49
      vertex 12.9944 34.1977 44.49
    endloop
  endfacet
  facet normal 0 0 -1
    outer loop
      vertex 7.32825 -11.3642 44.49
      vertex 12.6847 -28.45 44.49
      vertex 12.4594 -28.1128 44.49
    endloop
  endfacet
  facet normal 0 0 -1
    outer loop
      vertex 12.864 33.8137 44.49
      vertex 9.95343 21.7076 44.49
      vertex 12.6847 33.45 44.49
    endloop
  endfacet
  facet normal 0 0 -1
    outer loop
      vertex 7.32825 -11.3642 44.49
      vertex 12.4594 -28.1128 44.49
      vertex 12.192 -27.808 44.49
    endloop
  endfacet
  facet normal 0 0 -1
    outer loop
      vertex 12.6847 33.45 44.49
      vertex 9.95343 21.7076 44.49
      vertex 12.4594 33.1128 44.49
    endloop
  endfacet
  facet normal 0 0 -1
    outer loop
      vertex 8.79021 -22.9824 44.49
      vertex 12.192 -27.808 44.49
      vertex 11.8872 -27.5406 44.49
    endloop
  endfacet
  facet normal 0 0 -1
    outer loop
      vertex 12.4594 33.1128 44.49
      vertex 9.95343 21.7076 44.49
      vertex 12.192 32.808 44.49
    endloop
  endfacet
  facet normal 0 0 -1
    outer loop
      vertex 8.79021 -22.9824 44.49
      vertex 11.8872 -27.5406 44.49
      vertex 11.55 -27.3153 44.49
    endloop
  endfacet
  facet normal 0 0 -1
    outer loop
      vertex 12.192 32.808 44.49
      vertex 9.95343 21.7076 44.49
      vertex 11.8872 32.5406 44.49
    endloop
  endfacet
  facet normal 0 0 -1
    outer loop
      vertex 8.79021 -22.9824 44.49
      vertex 11.55 -27.3153 44.49
      vertex 11.1863 -27.136 44.49
    endloop
  endfacet
  facet normal 0 0 -1
    outer loop
      vertex 11.8872 32.5406 44.49
      vertex 9.95343 21.7076 44.49
      vertex 11.55 32.3153 44.49
    endloop
  endfacet
  facet normal 0 0 -1
    outer loop
      vertex 8.79021 -22.9824 44.49
      vertex 11.1863 -27.136 44.49
      vertex 10.8023 -27.0056 44.49
    endloop
  endfacet
  facet normal 0 0 -1
    outer loop
      vertex 11.55 32.3153 44.49
      vertex 9.95343 21.7076 44.49
      vertex 11.1863 32.136 44.49
    endloop
  endfacet
  facet normal 0 0 -1
    outer loop
      vertex 8.79021 -22.9824 44.49
      vertex 10.8023 -27.0056 44.49
      vertex 10.4046 -26.9265 44.49
    endloop
  endfacet
  facet normal 0 0 -1
    outer loop
      vertex 11.1863 32.136 44.49
      vertex 9.95343 21.7076 44.49
      vertex 10.8023 32.0056 44.49
    endloop
  endfacet
  facet normal 0 0 -1
    outer loop
      vertex 8.79021 -22.9824 44.49
      vertex 10.4046 -26.9265 44.49
      vertex 10 -26.9 44.49
    endloop
  endfacet
  facet normal 0 0 -1
    outer loop
      vertex 10.8023 32.0056 44.49
      vertex 9.95343 21.7076 44.49
      vertex 10.4046 31.9265 44.49
    endloop
  endfacet
  facet normal 0 0 -1
    outer loop
      vertex 10.4046 31.9265 44.49
      vertex 9.95343 21.7076 44.49
      vertex 10 31.9 44.49
    endloop
  endfacet
  facet normal 0 0 -1
    outer loop
      vertex 8.79021 -22.9824 44.49
      vertex 10 -26.9 44.49
      vertex 9.59537 -26.9265 44.49
    endloop
  endfacet
  facet normal 0 0 -1
    outer loop
      vertex 8.79021 -22.9824 44.49
      vertex 9.59537 -26.9265 44.49
      vertex 9.19766 -27.0056 44.49
    endloop
  endfacet
  facet normal 0 0 -1
    outer loop
      vertex 8.79021 -22.9824 44.49
      vertex 9.19766 -27.0056 44.49
      vertex 8.81368 -27.136 44.49
    endloop
  endfacet
  facet normal 0 0 -1
    outer loop
      vertex 12.192 -27.808 44.49
      vertex 8.79021 -22.9824 44.49
      vertex 7.32825 -11.3642 44.49
    endloop
  endfacet
  facet normal 0 0 -1
    outer loop
      vertex 12.6847 -28.45 44.49
      vertex 7.32825 -11.3642 44.49
      vertex 7.32825 -6.62668 44.49
    endloop
  endfacet
  facet normal 0 0 -1
    outer loop
      vertex 20 -38 44.49
      vertex 7.32825 -6.62668 44.49
      vertex 9.95343 21.7076 44.49
    endloop
  endfacet
  facet normal 0 0 -1
    outer loop
      vertex 6.65628 5.64973 44.49
      vertex 9.95343 21.7076 44.49
      vertex 7.32825 -6.62668 44.49
    endloop
  endfacet
  facet normal 0 0 -1
    outer loop
      vertex 6.11908 13.3133 44.49
      vertex 9.95343 21.7076 44.49
      vertex 6.65628 5.64973 44.49
    endloop
  endfacet
  facet normal 0 0 -1
    outer loop
      vertex 9.95343 21.7076 44.49
      vertex 6.11908 13.3133 44.49
      vertex 5.72776 21.1152 44.49
    endloop
  endfacet
  facet normal 0 0 -1
    outer loop
      vertex 13.0735 -29.5954 44.49
      vertex 20 -38 44.49
      vertex 13.1 -30 44.49
    endloop
  endfacet
  facet normal 0 0 -1
    outer loop
      vertex 20 -38 44.49
      vertex 13.0735 -30.4046 44.49
      vertex 13.1 -30 44.49
    endloop
  endfacet
  facet normal 0 0 -1
    outer loop
      vertex 20 -38 44.49
      vertex 12.9944 -30.8023 44.49
      vertex 13.0735 -30.4046 44.49
    endloop
  endfacet
  facet normal 0 0 -1
    outer loop
      vertex 20 -38 44.49
      vertex 12.864 -31.1863 44.49
      vertex 12.9944 -30.8023 44.49
    endloop
  endfacet
  facet normal 0 0 -1
    outer loop
      vertex 20 -38 44.49
      vertex 12.6847 -31.55 44.49
      vertex 12.864 -31.1863 44.49
    endloop
  endfacet
  facet normal 0 0 -1
    outer loop
      vertex 20 -38 44.49
      vertex 12.4594 -31.8872 44.49
      vertex 12.6847 -31.55 44.49
    endloop
  endfacet
  facet normal 0 0 -1
    outer loop
      vertex 20 -38 44.49
      vertex 12.192 -32.192 44.49
      vertex 12.4594 -31.8872 44.49
    endloop
  endfacet
  facet normal 0 0 -1
    outer loop
      vertex 20 -38 44.49
      vertex 11.8872 -32.4594 44.49
      vertex 12.192 -32.192 44.49
    endloop
  endfacet
  facet normal 0 0 -1
    outer loop
      vertex 20 -38 44.49
      vertex 11.55 -32.6847 44.49
      vertex 11.8872 -32.4594 44.49
    endloop
  endfacet
  facet normal 0 0 -1
    outer loop
      vertex 20 -38 44.49
      vertex 11.1863 -32.864 44.49
      vertex 11.55 -32.6847 44.49
    endloop
  endfacet
  facet normal 0 0 -1
    outer loop
      vertex 7.27948 -38 44.49
      vertex 11.1863 -32.864 44.49
      vertex 20 -38 44.49
    endloop
  endfacet
  facet normal 0 0 -1
    outer loop
      vertex 11.1863 -32.864 44.49
      vertex 7.27948 -38 44.49
      vertex 10.8023 -32.9944 44.49
    endloop
  endfacet
  facet normal 0 0 -1
    outer loop
      vertex 10.8023 -32.9944 44.49
      vertex 7.27948 -38 44.49
      vertex 10.4046 -33.0735 44.49
    endloop
  endfacet
  facet normal 0 0 -1
    outer loop
      vertex 10.4046 -33.0735 44.49
      vertex 7.27948 -38 44.49
      vertex 10 -33.1 44.49
    endloop
  endfacet
  facet normal -0 0 -1
    outer loop
      vertex 10 -33.1 44.49
      vertex 7.27948 -38 44.49
      vertex 9.59537 -33.0735 44.49
    endloop
  endfacet
  facet normal -0 0 -1
    outer loop
      vertex 9.59537 -33.0735 44.49
      vertex 7.27948 -38 44.49
      vertex 9.19766 -32.9944 44.49
    endloop
  endfacet
  facet normal -0 0 -1
    outer loop
      vertex 8.11284 -32.4594 44.49
      vertex 7.27948 -38 44.49
      vertex 7.85922 -32.237 44.49
    endloop
  endfacet
  facet normal -0 0 -1
    outer loop
      vertex 8.45 -32.6847 44.49
      vertex 7.27948 -38 44.49
      vertex 8.11284 -32.4594 44.49
    endloop
  endfacet
  facet normal -0 0 -1
    outer loop
      vertex 8.81368 -32.864 44.49
      vertex 7.27948 -38 44.49
      vertex 8.45 -32.6847 44.49
    endloop
  endfacet
  facet normal -0 0 -1
    outer loop
      vertex 9.19766 -32.9944 44.49
      vertex 7.27948 -38 44.49
      vertex 8.81368 -32.864 44.49
    endloop
  endfacet
  facet normal 0 0 -1
    outer loop
      vertex 12.9944 -29.1977 44.49
      vertex 20 -38 44.49
      vertex 13.0735 -29.5954 44.49
    endloop
  endfacet
  facet normal 0 0 -1
    outer loop
      vertex 13.0735 35.4046 44.49
      vertex 20 43 44.49
      vertex 13.1 35 44.49
    endloop
  endfacet
  facet normal 0 0 -1
    outer loop
      vertex 12.9944 35.8023 44.49
      vertex 20 43 44.49
      vertex 13.0735 35.4046 44.49
    endloop
  endfacet
  facet normal 0 0 -1
    outer loop
      vertex 12.864 36.1863 44.49
      vertex 20 43 44.49
      vertex 12.9944 35.8023 44.49
    endloop
  endfacet
  facet normal 0 0 -1
    outer loop
      vertex 12.6847 36.55 44.49
      vertex 20 43 44.49
      vertex 12.864 36.1863 44.49
    endloop
  endfacet
  facet normal 0 0 -1
    outer loop
      vertex 12.4594 36.8872 44.49
      vertex 20 43 44.49
      vertex 12.6847 36.55 44.49
    endloop
  endfacet
  facet normal 0 0 -1
    outer loop
      vertex 12.192 37.192 44.49
      vertex 20 43 44.49
      vertex 12.4594 36.8872 44.49
    endloop
  endfacet
  facet normal 0 0 -1
    outer loop
      vertex 11.8872 37.4594 44.49
      vertex 20 43 44.49
      vertex 12.192 37.192 44.49
    endloop
  endfacet
  facet normal 0 0 -1
    outer loop
      vertex 11.55 37.6847 44.49
      vertex 20 43 44.49
      vertex 11.8872 37.4594 44.49
    endloop
  endfacet
  facet normal 0 0 -1
    outer loop
      vertex 11.1863 37.864 44.49
      vertex 20 43 44.49
      vertex 11.55 37.6847 44.49
    endloop
  endfacet
  facet normal 0 0 -1
    outer loop
      vertex 10.8023 37.9944 44.49
      vertex 20 43 44.49
      vertex 11.1863 37.864 44.49
    endloop
  endfacet
  facet normal 0 0 -1
    outer loop
      vertex 8.15032 39.6317 44.49
      vertex 10.8023 37.9944 44.49
      vertex 10.4046 38.0735 44.49
    endloop
  endfacet
  facet normal 0 0 -1
    outer loop
      vertex 8.15032 39.6317 44.49
      vertex 10.4046 38.0735 44.49
      vertex 10 38.1 44.49
    endloop
  endfacet
  facet normal 0 0 -1
    outer loop
      vertex 8.15032 39.6317 44.49
      vertex 10 38.1 44.49
      vertex 9.59537 38.0735 44.49
    endloop
  endfacet
  facet normal 0 0 -1
    outer loop
      vertex 8.15032 39.6317 44.49
      vertex 9.59537 38.0735 44.49
      vertex 9.19766 37.9944 44.49
    endloop
  endfacet
  facet normal 0 0 -1
    outer loop
      vertex 8.15032 39.6317 44.49
      vertex 9.19766 37.9944 44.49
      vertex 8.81368 37.864 44.49
    endloop
  endfacet
  facet normal 0 0 -1
    outer loop
      vertex 8.15032 39.6317 44.49
      vertex 8.45 37.6847 44.49
      vertex 8.35272 37.6197 44.49
    endloop
  endfacet
  facet normal 0 0 -1
    outer loop
      vertex 8.15032 39.6317 44.49
      vertex 8.81368 37.864 44.49
      vertex 8.45 37.6847 44.49
    endloop
  endfacet
  facet normal 0 0 -1
    outer loop
      vertex 10.8023 37.9944 44.49
      vertex 8.15032 39.6317 44.49
      vertex 20 43 44.49
    endloop
  endfacet
  facet normal 0 0 -1
    outer loop
      vertex -9.05148 42.0168 44.49
      vertex 8.15032 39.6317 44.49
      vertex 2.81423 38.8836 44.49
    endloop
  endfacet
  facet normal 0 0 -1
    outer loop
      vertex -9.05148 42.0168 44.49
      vertex -2.59233 37.1158 44.49
      vertex -3.16477 37.0355 44.49
    endloop
  endfacet
  facet normal 0 0 -1
    outer loop
      vertex -2.59233 37.1158 44.49
      vertex -9.05148 42.0168 44.49
      vertex 2.81423 38.8836 44.49
    endloop
  endfacet
  facet normal 0 0 -1
    outer loop
      vertex 8.15032 39.6317 44.49
      vertex -9.05148 42.0168 44.49
      vertex 20 43 44.49
    endloop
  endfacet
  facet normal 0 0 -1
    outer loop
      vertex -10.0949 42.2763 44.49
      vertex 20 43 44.49
      vertex -9.05148 42.0168 44.49
    endloop
  endfacet
  facet normal 0 0 -1
    outer loop
      vertex -17.2492 36.0707 44.49
      vertex -11.1456 35.9166 44.49
      vertex -17.108 35.0807 44.49
    endloop
  endfacet
  facet normal 0 0 -1
    outer loop
      vertex -11.1456 35.9166 44.49
      vertex -17.2492 36.0707 44.49
      vertex -10.0949 42.2763 44.49
    endloop
  endfacet
  facet normal 0 0 -1
    outer loop
      vertex -18.5758 35.8848 44.49
      vertex -10.0949 42.2763 44.49
      vertex -17.2492 36.0707 44.49
    endloop
  endfacet
  facet normal 0 0 -1
    outer loop
      vertex -16.8155 18.9645 44.49
      vertex -24.9 35 44.49
      vertex -19.0477 34.8088 44.49
    endloop
  endfacet
  facet normal 0 0 -1
    outer loop
      vertex -24.9265 35.4046 44.49
      vertex -19.0477 34.8088 44.49
      vertex -24.9 35 44.49
    endloop
  endfacet
  facet normal 0 0 -1
    outer loop
      vertex -25.0056 35.8023 44.49
      vertex -19.0477 34.8088 44.49
      vertex -24.9265 35.4046 44.49
    endloop
  endfacet
  facet normal 0 0 -1
    outer loop
      vertex -19.0477 34.8088 44.49
      vertex -25.0056 35.8023 44.49
      vertex -18.5758 35.8848 44.49
    endloop
  endfacet
  facet normal 0 0 -1
    outer loop
      vertex -25.136 36.1863 44.49
      vertex -18.5758 35.8848 44.49
      vertex -25.0056 35.8023 44.49
    endloop
  endfacet
  facet normal 0 0 -1
    outer loop
      vertex -25.3153 36.55 44.49
      vertex -18.5758 35.8848 44.49
      vertex -25.136 36.1863 44.49
    endloop
  endfacet
  facet normal 0 0 -1
    outer loop
      vertex -25.5406 36.8872 44.49
      vertex -18.5758 35.8848 44.49
      vertex -25.3153 36.55 44.49
    endloop
  endfacet
  facet normal 0 0 -1
    outer loop
      vertex -25.808 37.192 44.49
      vertex -18.5758 35.8848 44.49
      vertex -25.5406 36.8872 44.49
    endloop
  endfacet
  facet normal 0 0 -1
    outer loop
      vertex -26.1128 37.4594 44.49
      vertex -18.5758 35.8848 44.49
      vertex -25.808 37.192 44.49
    endloop
  endfacet
  facet normal 0 0 -1
    outer loop
      vertex -26.45 37.6847 44.49
      vertex -18.5758 35.8848 44.49
      vertex -26.1128 37.4594 44.49
    endloop
  endfacet
  facet normal 0 0 -1
    outer loop
      vertex -18.5758 35.8848 44.49
      vertex -26.45 37.6847 44.49
      vertex -10.0949 42.2763 44.49
    endloop
  endfacet
  facet normal 0 0 -1
    outer loop
      vertex -26.8137 37.864 44.49
      vertex -10.0949 42.2763 44.49
      vertex -26.45 37.6847 44.49
    endloop
  endfacet
  facet normal 0 0 -1
    outer loop
      vertex -27.1977 37.9944 44.49
      vertex -10.0949 42.2763 44.49
      vertex -26.8137 37.864 44.49
    endloop
  endfacet
  facet normal 0 0 -1
    outer loop
      vertex -36 43 44.49
      vertex -27.1977 37.9944 44.49
      vertex -27.5954 38.0735 44.49
    endloop
  endfacet
  facet normal 0 0 -1
    outer loop
      vertex -36 43 44.49
      vertex -27.5954 38.0735 44.49
      vertex -28 38.1 44.49
    endloop
  endfacet
  facet normal 0 0 -1
    outer loop
      vertex -36 43 44.49
      vertex -28 38.1 44.49
      vertex -28.4046 38.0735 44.49
    endloop
  endfacet
  facet normal 0 0 -1
    outer loop
      vertex -36 43 44.49
      vertex -28.4046 38.0735 44.49
      vertex -28.8023 37.9944 44.49
    endloop
  endfacet
  facet normal 0 0 -1
    outer loop
      vertex -31.0735 34.5954 44.49
      vertex -36 43 44.49
      vertex -31.1 35 44.49
    endloop
  endfacet
  facet normal 0 0 -1
    outer loop
      vertex -10.0949 42.2763 44.49
      vertex -36 43 44.49
      vertex 20 43 44.49
    endloop
  endfacet
  facet normal 0 0 -1
    outer loop
      vertex -27.1977 37.9944 44.49
      vertex -36 43 44.49
      vertex -10.0949 42.2763 44.49
    endloop
  endfacet
  facet normal 0 0 -1
    outer loop
      vertex -29.1863 37.864 44.49
      vertex -36 43 44.49
      vertex -28.8023 37.9944 44.49
    endloop
  endfacet
  facet normal 0 0 -1
    outer loop
      vertex -29.55 37.6847 44.49
      vertex -36 43 44.49
      vertex -29.1863 37.864 44.49
    endloop
  endfacet
  facet normal 0 0 -1
    outer loop
      vertex -29.8872 37.4594 44.49
      vertex -36 43 44.49
      vertex -29.55 37.6847 44.49
    endloop
  endfacet
  facet normal 0 0 -1
    outer loop
      vertex -30.192 37.192 44.49
      vertex -36 43 44.49
      vertex -29.8872 37.4594 44.49
    endloop
  endfacet
  facet normal 0 0 -1
    outer loop
      vertex -30.4594 36.8872 44.49
      vertex -36 43 44.49
      vertex -30.192 37.192 44.49
    endloop
  endfacet
  facet normal 0 0 -1
    outer loop
      vertex -30.6847 36.55 44.49
      vertex -36 43 44.49
      vertex -30.4594 36.8872 44.49
    endloop
  endfacet
  facet normal 0 0 -1
    outer loop
      vertex -30.864 36.1863 44.49
      vertex -36 43 44.49
      vertex -30.6847 36.55 44.49
    endloop
  endfacet
  facet normal 0 0 -1
    outer loop
      vertex -30.9944 35.8023 44.49
      vertex -36 43 44.49
      vertex -30.864 36.1863 44.49
    endloop
  endfacet
  facet normal 0 0 -1
    outer loop
      vertex -31.0735 35.4046 44.49
      vertex -36 43 44.49
      vertex -30.9944 35.8023 44.49
    endloop
  endfacet
  facet normal 0 0 -1
    outer loop
      vertex -31.1 35 44.49
      vertex -36 43 44.49
      vertex -31.0735 35.4046 44.49
    endloop
  endfacet
  facet normal 0 0 -1
    outer loop
      vertex 9.95343 21.7076 44.49
      vertex 9.59537 31.9265 44.49
      vertex 10 31.9 44.49
    endloop
  endfacet
  facet normal 0 0 -1
    outer loop
      vertex 9.95343 21.7076 44.49
      vertex 9.19766 32.0056 44.49
      vertex 9.59537 31.9265 44.49
    endloop
  endfacet
  facet normal -0 -0 -1
    outer loop
      vertex 9.19766 32.0056 44.49
      vertex 9.95343 21.7076 44.49
      vertex 8.90757 32.1041 44.49
    endloop
  endfacet
  facet normal -0 0 -1
    outer loop
      vertex -3.16477 37.0355 44.49
      vertex -10.5714 35.9971 44.49
      vertex -9.05148 42.0168 44.49
    endloop
  endfacet
  facet normal 0 0 -1
    outer loop
      vertex -6.54117 -38 44.49
      vertex -12.9981 -38 44.49
      vertex -12.8715 -37.1125 44.49
    endloop
  endfacet
  facet normal 0 0 -1
    outer loop
      vertex -7.00734 -5.62668 44.49
      vertex -6.69102 4.71867 44.49
      vertex -6.69102 -5.64874 44.49
    endloop
  endfacet
  facet normal 0 0 -1
    outer loop
      vertex -6.69102 4.71867 44.49
      vertex -7.00734 -5.62668 44.49
      vertex -7.00734 4.69661 44.49
    endloop
  endfacet
  facet normal 0 0 -1
    outer loop
      vertex 3.02759 -26.4744 44.49
      vertex 2.91218 -24.3626 44.49
      vertex 3.02759 -24.3706 44.49
    endloop
  endfacet
  facet normal 0 0 -1
    outer loop
      vertex 0.990888 -38 44.49
      vertex 3.02759 -26.4744 44.49
      vertex 2.01216 -36.5683 44.49
    endloop
  endfacet
  facet normal 0 0 -1
    outer loop
      vertex 0.990888 -38 44.49
      vertex 2.01216 -36.5683 44.49
      vertex 1.80792 -38 44.49
    endloop
  endfacet
  facet normal -0 0 -1
    outer loop
      vertex 3.02759 -26.4744 44.49
      vertex 0.990888 -38 44.49
      vertex 2.91218 -24.3626 44.49
    endloop
  endfacet
  facet normal -1 0 0
    outer loop
      vertex 20 -37.3604 24
      vertex 20 -38 24
      vertex 20 -37.3604 26.1
    endloop
  endfacet
  facet normal -1 -0 0
    outer loop
      vertex 20 -7.52618 41.2985
      vertex 20 -24.5873 41.0855
      vertex 20 -24.5816 41.6751
    endloop
  endfacet
  facet normal -1 0 0
    outer loop
      vertex 20 -7.52989 40.5385
      vertex 20 6.59699 41.1191
      vertex 20 6.59982 40.5385
    endloop
  endfacet
  facet normal -1 -0 0
    outer loop
      vertex 20 6.59699 41.1191
      vertex 20 -7.52989 40.5385
      vertex 20 -7.52618 41.2985
    endloop
  endfacet
  facet normal -1 0 0
    outer loop
      vertex 20 23.6602 36.6733
      vertex 20 37.6396 26.1
      vertex 20 37.6396 24
    endloop
  endfacet
  facet normal -1 0 0
    outer loop
      vertex 20 37.6396 26.1
      vertex 20 23.6602 36.6733
      vertex 20 24.6486 39.554
    endloop
  endfacet
  facet normal -1 0 0
    outer loop
      vertex 20 37.6396 24
      vertex 20 19.5162 35.4957
      vertex 20 23.6602 36.6733
    endloop
  endfacet
  facet normal -1 0 0
    outer loop
      vertex 20 37.6396 24
      vertex 20 8 35.0763
      vertex 20 19.5162 35.4957
    endloop
  endfacet
  facet normal -1 0 0
    outer loop
      vertex 20 -32.6396 24
      vertex 20 8 35.0763
      vertex 20 37.6396 24
    endloop
  endfacet
  facet normal -1 0 0
    outer loop
      vertex 20 -8.55533 35.8236
      vertex 20 -8 39.1987
      vertex 20 -8 35.0763
    endloop
  endfacet
  facet normal -1 -0 0
    outer loop
      vertex 20 -8 39.1987
      vertex 20 -8.55533 35.8236
      vertex 20 -8.53887 39.1987
    endloop
  endfacet
  facet normal -1 0 0
    outer loop
      vertex 20 -8 35.0763
      vertex 20 -24.5954 35.6233
      vertex 20 -8.55533 35.8236
    endloop
  endfacet
  facet normal -1 -0 0
    outer loop
      vertex 20 8 35.0763
      vertex 20 -32.6396 24
      vertex 20 -8 35.0763
    endloop
  endfacet
  facet normal -1 0 0
    outer loop
      vertex 20 -24.5954 35.6233
      vertex 20 -27.0912 40.2729
      vertex 20 -25.5778 39.7334
    endloop
  endfacet
  facet normal -1 0 0
    outer loop
      vertex 20 -24.5954 35.6233
      vertex 20 -29.3502 41.5563
      vertex 20 -27.0912 40.2729
    endloop
  endfacet
  facet normal -1 0 0
    outer loop
      vertex 20 -32.6396 26.1
      vertex 20 -24.5954 35.6233
      vertex 20 -32.6396 24
    endloop
  endfacet
  facet normal -1 -0 0
    outer loop
      vertex 20 -8 35.0763
      vertex 20 -32.6396 24
      vertex 20 -24.5954 35.6233
    endloop
  endfacet
  facet normal -1 0 0
    outer loop
      vertex 20 42.3604 26.1
      vertex 20 43 24
      vertex 20 42.3604 24
    endloop
  endfacet
  facet normal -1 0 0
    outer loop
      vertex 20 43 24
      vertex 20 42.3604 26.1
      vertex 20 43 44.49
    endloop
  endfacet
  facet normal -1 0 0
    outer loop
      vertex 20 37.6396 26.1
      vertex 20 43 44.49
      vertex 20 42.3604 26.1
    endloop
  endfacet
  facet normal -1 0 0
    outer loop
      vertex 20 24.6486 39.554
      vertex 20 43 44.49
      vertex 20 37.6396 26.1
    endloop
  endfacet
  facet normal -1 0 0
    outer loop
      vertex 20 24.642 40.8938
      vertex 20 43 44.49
      vertex 20 24.6486 39.554
    endloop
  endfacet
  facet normal -1 0 0
    outer loop
      vertex 20 6.59699 41.1191
      vertex 20 43 44.49
      vertex 20 24.642 40.8938
    endloop
  endfacet
  facet normal -1 0 0
    outer loop
      vertex 20 -7.52618 41.2985
      vertex 20 43 44.49
      vertex 20 6.59699 41.1191
    endloop
  endfacet
  facet normal -1 0 0
    outer loop
      vertex 20 -38 44.49
      vertex 20 -7.52618 41.2985
      vertex 20 -24.5816 41.6751
    endloop
  endfacet
  facet normal -1 0 0
    outer loop
      vertex 20 -38 44.49
      vertex 20 -24.5816 41.6751
      vertex 20 -29.3502 41.5563
    endloop
  endfacet
  facet normal -1 -0 0
    outer loop
      vertex 20 -24.5954 35.6233
      vertex 20 -32.6396 26.1
      vertex 20 -29.3502 41.5563
    endloop
  endfacet
  facet normal -1 0 0
    outer loop
      vertex 20 -37.3604 26.1
      vertex 20 -29.3502 41.5563
      vertex 20 -32.6396 26.1
    endloop
  endfacet
  facet normal -1 0 0
    outer loop
      vertex 20 -7.52618 41.2985
      vertex 20 -38 44.49
      vertex 20 43 44.49
    endloop
  endfacet
  facet normal -1 0 0
    outer loop
      vertex 20 -37.3604 26.1
      vertex 20 -38 44.49
      vertex 20 -29.3502 41.5563
    endloop
  endfacet
  facet normal -1 0 0
    outer loop
      vertex 20 -38 44.49
      vertex 20 -37.3604 26.1
      vertex 20 -38 24
    endloop
  endfacet
  facet normal -1 -0 0
    outer loop
      vertex 20 24.6486 39.554
      vertex 20 23.6602 36.6733
      vertex 20 23.6461 39.5665
    endloop
  endfacet
  facet normal -1 -0 0
    outer loop
      vertex 20 19.5162 35.4957
      vertex 20 8 35.0763
      vertex 20 8 35.6395
    endloop
  endfacet
  facet normal -1 0 0
    outer loop
      vertex 20 -24.5753 39.7459
      vertex 20 -24.5954 35.6233
      vertex 20 -25.5778 39.7334
    endloop
  endfacet
  facet normal -1 0 0
    outer loop
      vertex 20 -25.575 40.3107
      vertex 20 -25.5778 39.7334
      vertex 20 -27.0912 40.2729
    endloop
  endfacet
  facet normal 0 1 0
    outer loop
      vertex 0.836944 -38 40.6233
      vertex 0.990888 -38 44.49
      vertex 1.80792 -38 44.49
    endloop
  endfacet
  facet normal 0 1 0
    outer loop
      vertex 0.990888 -38 44.49
      vertex 0.836944 -38 40.6233
      vertex 0.721773 -38 40.6415
    endloop
  endfacet
  facet normal 0 1 -0
    outer loop
      vertex -6.77363 -38 41.1656
      vertex -12.9981 -38 44.49
      vertex -6.54117 -38 44.49
    endloop
  endfacet
  facet normal 0 1 0
    outer loop
      vertex 17.226 -38 24
      vertex 0.721773 -38 40.6415
      vertex 0.836944 -38 40.6233
    endloop
  endfacet
  facet normal 0 1 0
    outer loop
      vertex -6.77363 -38 41.1656
      vertex -14.0319 -38 40.3731
      vertex -12.9981 -38 44.49
    endloop
  endfacet
  facet normal 0 1 0
    outer loop
      vertex 0.721773 -38 40.6415
      vertex 17.226 -38 24
      vertex -6.77363 -38 41.1656
    endloop
  endfacet
  facet normal 0 1 0
    outer loop
      vertex 17.226 -38 26.1
      vertex 0.836944 -38 40.6233
      vertex 16.5162 -38 36.7418
    endloop
  endfacet
  facet normal 0 1 -0
    outer loop
      vertex -14.0319 -38 40.3731
      vertex -36 -38 44.49
      vertex -13.744 -38 44.49
    endloop
  endfacet
  facet normal 0 1 -0
    outer loop
      vertex 17.226 -38 26.1
      vertex 16.5162 -38 36.7418
      vertex 18.774 -38 26.1
    endloop
  endfacet
  facet normal 0 1 -0
    outer loop
      vertex 17.226 -38 24
      vertex 0.836944 -38 40.6233
      vertex 17.226 -38 26.1
    endloop
  endfacet
  facet normal 0 1 0
    outer loop
      vertex -6.77363 -38 41.1656
      vertex 17.226 -38 24
      vertex -29.226 -38 24
    endloop
  endfacet
  facet normal 0 1 0
    outer loop
      vertex -14.0319 -38 40.3731
      vertex -29.226 -38 26.1
      vertex -36 -38 44.49
    endloop
  endfacet
  facet normal 0 1 -0
    outer loop
      vertex -30.774 -38 26.1
      vertex -36 -38 44.49
      vertex -29.226 -38 26.1
    endloop
  endfacet
  facet normal 0 1 0
    outer loop
      vertex -36 -38 24
      vertex -30.774 -38 26.1
      vertex -30.774 -38 24
    endloop
  endfacet
  facet normal 0 1 0
    outer loop
      vertex -30.774 -38 26.1
      vertex -36 -38 24
      vertex -36 -38 44.49
    endloop
  endfacet
  facet normal 0 1 0
    outer loop
      vertex -6.77363 -38 41.1656
      vertex -29.226 -38 24
      vertex -14.0319 -38 40.3731
    endloop
  endfacet
  facet normal 0 1 0
    outer loop
      vertex -14.0319 -38 40.3731
      vertex -29.226 -38 24
      vertex -29.226 -38 26.1
    endloop
  endfacet
  facet normal 0 1 0
    outer loop
      vertex 20 -38 44.49
      vertex 18.7873 -38 41.6411
      vertex 7.27948 -38 44.49
    endloop
  endfacet
  facet normal 0 1 0
    outer loop
      vertex 20 -38 44.49
      vertex 18.4706 -38 40.3799
      vertex 18.7873 -38 41.6411
    endloop
  endfacet
  facet normal 0 1 0
    outer loop
      vertex 18.4706 -38 40.3799
      vertex 18.774 -38 26.1
      vertex 16.5162 -38 36.7418
    endloop
  endfacet
  facet normal 0 1 -0
    outer loop
      vertex 20 -38 24
      vertex 18.4706 -38 40.3799
      vertex 20 -38 44.49
    endloop
  endfacet
  facet normal 0 1 0
    outer loop
      vertex 18.4706 -38 40.3799
      vertex 20 -38 24
      vertex 18.774 -38 26.1
    endloop
  endfacet
  facet normal 0 1 0
    outer loop
      vertex 18.774 -38 26.1
      vertex 20 -38 24
      vertex 18.774 -38 24
    endloop
  endfacet
  facet normal 0 1 0
    outer loop
      vertex 17.4906 -38 40.6225
      vertex 18.4706 -38 40.3799
      vertex 16.5162 -38 36.7418
    endloop
  endfacet
  facet normal 0 -1 0
    outer loop
      vertex -29.226 43 24
      vertex 17.226 43 26.1
      vertex -29.226 43 26.1
    endloop
  endfacet
  facet normal 0 -1 -0
    outer loop
      vertex 17.226 43 26.1
      vertex -29.226 43 24
      vertex 17.226 43 24
    endloop
  endfacet
  facet normal 0 -1 0
    outer loop
      vertex -29.226 43 26.1
      vertex -36 43 44.49
      vertex -30.774 43 26.1
    endloop
  endfacet
  facet normal 0 -1 0
    outer loop
      vertex -36 43 24
      vertex -30.774 43 26.1
      vertex -36 43 44.49
    endloop
  endfacet
  facet normal 0 -1 -0
    outer loop
      vertex -30.774 43 26.1
      vertex -36 43 24
      vertex -30.774 43 24
    endloop
  endfacet
  facet normal 0 -1 0
    outer loop
      vertex -36 43 44.49
      vertex -29.226 43 26.1
      vertex 20 43 44.49
    endloop
  endfacet
  facet normal 0 -1 0
    outer loop
      vertex 17.226 43 26.1
      vertex 20 43 44.49
      vertex -29.226 43 26.1
    endloop
  endfacet
  facet normal 0 -1 0
    outer loop
      vertex 18.774 43 26.1
      vertex 20 43 44.49
      vertex 17.226 43 26.1
    endloop
  endfacet
  facet normal 0 -1 0
    outer loop
      vertex 20 43 24
      vertex 18.774 43 26.1
      vertex 18.774 43 24
    endloop
  endfacet
  facet normal 0 -1 0
    outer loop
      vertex 18.774 43 26.1
      vertex 20 43 24
      vertex 20 43 44.49
    endloop
  endfacet
  facet normal -0.896928 0.442176 0
    outer loop
      vertex -30.864 -28.8137 43.9
      vertex -30.6847 -28.45 44.49
      vertex -30.6847 -28.45 43.9
    endloop
  endfacet
  facet normal -0.896928 0.442176 0
    outer loop
      vertex -30.6847 -28.45 44.49
      vertex -30.864 -28.8137 43.9
      vertex -30.864 -28.8137 44.49
    endloop
  endfacet
  facet normal -0.980789 -0.195073 0
    outer loop
      vertex -30.9944 -30.8023 43.9
      vertex -31.0735 -30.4046 44.49
      vertex -31.0735 -30.4046 43.9
    endloop
  endfacet
  facet normal -0.980789 -0.195073 0
    outer loop
      vertex -31.0735 -30.4046 44.49
      vertex -30.9944 -30.8023 43.9
      vertex -30.9944 -30.8023 44.49
    endloop
  endfacet
  facet normal -0.997862 -0.0653568 0
    outer loop
      vertex -31.0735 -30.4046 43.9
      vertex -31.1 -30 44.49
      vertex -31.1 -30 43.9
    endloop
  endfacet
  facet normal -0.997862 -0.0653568 0
    outer loop
      vertex -31.1 -30 44.49
      vertex -31.0735 -30.4046 43.9
      vertex -31.0735 -30.4046 44.49
    endloop
  endfacet
  facet normal -0.946893 -0.321549 0
    outer loop
      vertex -30.864 -31.1863 43.9
      vertex -30.9944 -30.8023 44.49
      vertex -30.9944 -30.8023 43.9
    endloop
  endfacet
  facet normal -0.946893 -0.321549 0
    outer loop
      vertex -30.9944 -30.8023 44.49
      vertex -30.864 -31.1863 43.9
      vertex -30.864 -31.1863 44.49
    endloop
  endfacet
  facet normal -0.980789 0.195073 0
    outer loop
      vertex -31.0735 -29.5954 43.9
      vertex -30.9944 -29.1977 44.49
      vertex -30.9944 -29.1977 43.9
    endloop
  endfacet
  facet normal -0.980789 0.195073 0
    outer loop
      vertex -30.9944 -29.1977 44.49
      vertex -31.0735 -29.5954 43.9
      vertex -31.0735 -29.5954 44.49
    endloop
  endfacet
  facet normal -0.896928 -0.442176 0
    outer loop
      vertex -30.6847 -31.55 43.9
      vertex -30.864 -31.1863 44.49
      vertex -30.864 -31.1863 43.9
    endloop
  endfacet
  facet normal -0.896928 -0.442176 0
    outer loop
      vertex -30.864 -31.1863 44.49
      vertex -30.6847 -31.55 43.9
      vertex -30.6847 -31.55 44.49
    endloop
  endfacet
  facet normal 0.946893 -0.321549 0
    outer loop
      vertex -25.136 -31.1863 44.49
      vertex -25.0056 -30.8023 43.9
      vertex -25.0056 -30.8023 44.49
    endloop
  endfacet
  facet normal 0.946893 -0.321549 0
    outer loop
      vertex -25.0056 -30.8023 43.9
      vertex -25.136 -31.1863 44.49
      vertex -25.136 -31.1863 43.9
    endloop
  endfacet
  facet normal -0.831481 0.555553 0
    outer loop
      vertex -30.6847 -28.45 43.9
      vertex -30.4594 -28.1128 44.49
      vertex -30.4594 -28.1128 43.9
    endloop
  endfacet
  facet normal -0.831481 0.555553 0
    outer loop
      vertex -30.4594 -28.1128 44.49
      vertex -30.6847 -28.45 43.9
      vertex -30.6847 -28.45 44.49
    endloop
  endfacet
  facet normal -0.321549 -0.946893 0
    outer loop
      vertex -29.1863 -32.864 43.9
      vertex -28.8023 -32.9944 44.49
      vertex -29.1863 -32.864 44.49
    endloop
  endfacet
  facet normal -0.321549 -0.946893 -0
    outer loop
      vertex -28.8023 -32.9944 44.49
      vertex -29.1863 -32.864 43.9
      vertex -28.8023 -32.9944 43.9
    endloop
  endfacet
  facet normal 0.555553 -0.831481 0
    outer loop
      vertex -26.45 -32.6847 43.9
      vertex -26.1128 -32.4594 44.49
      vertex -26.45 -32.6847 44.49
    endloop
  endfacet
  facet normal 0.555553 -0.831481 0
    outer loop
      vertex -26.1128 -32.4594 44.49
      vertex -26.45 -32.6847 43.9
      vertex -26.1128 -32.4594 43.9
    endloop
  endfacet
  facet normal 0.896928 -0.442176 0
    outer loop
      vertex -25.3153 -31.55 44.49
      vertex -25.136 -31.1863 43.9
      vertex -25.136 -31.1863 44.49
    endloop
  endfacet
  facet normal 0.896928 -0.442176 0
    outer loop
      vertex -25.136 -31.1863 43.9
      vertex -25.3153 -31.55 44.49
      vertex -25.3153 -31.55 43.9
    endloop
  endfacet
  facet normal -0.442176 -0.896928 0
    outer loop
      vertex -29.55 -32.6847 43.9
      vertex -29.1863 -32.864 44.49
      vertex -29.55 -32.6847 44.49
    endloop
  endfacet
  facet normal -0.442176 -0.896928 -0
    outer loop
      vertex -29.1863 -32.864 44.49
      vertex -29.55 -32.6847 43.9
      vertex -29.1863 -32.864 43.9
    endloop
  endfacet
  facet normal -0.659482 -0.751721 0
    outer loop
      vertex -30.192 -32.192 43.9
      vertex -29.8872 -32.4594 44.49
      vertex -30.192 -32.192 44.49
    endloop
  endfacet
  facet normal -0.659482 -0.751721 -0
    outer loop
      vertex -29.8872 -32.4594 44.49
      vertex -30.192 -32.192 43.9
      vertex -29.8872 -32.4594 43.9
    endloop
  endfacet
  facet normal 0.896928 0.442176 0
    outer loop
      vertex -25.136 -28.8137 44.49
      vertex -25.3153 -28.45 43.9
      vertex -25.3153 -28.45 44.49
    endloop
  endfacet
  facet normal 0.896928 0.442176 0
    outer loop
      vertex -25.3153 -28.45 43.9
      vertex -25.136 -28.8137 44.49
      vertex -25.136 -28.8137 43.9
    endloop
  endfacet
  facet normal 0.997862 -0.0653568 0
    outer loop
      vertex -24.9265 -30.4046 44.49
      vertex -24.9 -30 43.9
      vertex -24.9 -30 44.49
    endloop
  endfacet
  facet normal 0.997862 -0.0653568 0
    outer loop
      vertex -24.9 -30 43.9
      vertex -24.9265 -30.4046 44.49
      vertex -24.9265 -30.4046 43.9
    endloop
  endfacet
  facet normal 0.659482 0.751721 -0
    outer loop
      vertex -25.808 -27.808 43.9
      vertex -26.1128 -27.5406 44.49
      vertex -25.808 -27.808 44.49
    endloop
  endfacet
  facet normal 0.659482 0.751721 0
    outer loop
      vertex -26.1128 -27.5406 44.49
      vertex -25.808 -27.808 43.9
      vertex -26.1128 -27.5406 43.9
    endloop
  endfacet
  facet normal 0.751721 -0.659482 0
    outer loop
      vertex -25.808 -32.192 44.49
      vertex -25.5406 -31.8872 43.9
      vertex -25.5406 -31.8872 44.49
    endloop
  endfacet
  facet normal 0.751721 -0.659482 0
    outer loop
      vertex -25.5406 -31.8872 43.9
      vertex -25.808 -32.192 44.49
      vertex -25.808 -32.192 43.9
    endloop
  endfacet
  facet normal 0.442176 -0.896928 0
    outer loop
      vertex -26.8137 -32.864 43.9
      vertex -26.45 -32.6847 44.49
      vertex -26.8137 -32.864 44.49
    endloop
  endfacet
  facet normal 0.442176 -0.896928 0
    outer loop
      vertex -26.45 -32.6847 44.49
      vertex -26.8137 -32.864 43.9
      vertex -26.45 -32.6847 43.9
    endloop
  endfacet
  facet normal -0.195073 -0.980789 0
    outer loop
      vertex -28.8023 -32.9944 43.9
      vertex -28.4046 -33.0735 44.49
      vertex -28.8023 -32.9944 44.49
    endloop
  endfacet
  facet normal -0.195073 -0.980789 -0
    outer loop
      vertex -28.4046 -33.0735 44.49
      vertex -28.8023 -32.9944 43.9
      vertex -28.4046 -33.0735 43.9
    endloop
  endfacet
  facet normal -0.442176 0.896928 0
    outer loop
      vertex -29.1863 -27.136 43.9
      vertex -29.55 -27.3153 44.49
      vertex -29.1863 -27.136 44.49
    endloop
  endfacet
  facet normal -0.442176 0.896928 0
    outer loop
      vertex -29.55 -27.3153 44.49
      vertex -29.1863 -27.136 43.9
      vertex -29.55 -27.3153 43.9
    endloop
  endfacet
  facet normal -0.997862 0.0653568 0
    outer loop
      vertex -31.1 -30 43.9
      vertex -31.0735 -29.5954 44.49
      vertex -31.0735 -29.5954 43.9
    endloop
  endfacet
  facet normal -0.997862 0.0653568 0
    outer loop
      vertex -31.0735 -29.5954 44.49
      vertex -31.1 -30 43.9
      vertex -31.1 -30 44.49
    endloop
  endfacet
  facet normal -0.321549 0.946893 0
    outer loop
      vertex -28.8023 -27.0056 43.9
      vertex -29.1863 -27.136 44.49
      vertex -28.8023 -27.0056 44.49
    endloop
  endfacet
  facet normal -0.321549 0.946893 0
    outer loop
      vertex -29.1863 -27.136 44.49
      vertex -28.8023 -27.0056 43.9
      vertex -29.1863 -27.136 43.9
    endloop
  endfacet
  facet normal -0.555553 -0.831481 0
    outer loop
      vertex -29.8872 -32.4594 43.9
      vertex -29.55 -32.6847 44.49
      vertex -29.8872 -32.4594 44.49
    endloop
  endfacet
  facet normal -0.555553 -0.831481 -0
    outer loop
      vertex -29.55 -32.6847 44.49
      vertex -29.8872 -32.4594 43.9
      vertex -29.55 -32.6847 43.9
    endloop
  endfacet
  facet normal 0 0 -1
    outer loop
      vertex -24.9265 -30.4046 43.9
      vertex -24.9265 -29.5954 43.9
      vertex -24.9 -30 43.9
    endloop
  endfacet
  facet normal 0 0 -1
    outer loop
      vertex -25.0056 -30.8023 43.9
      vertex -24.9265 -29.5954 43.9
      vertex -24.9265 -30.4046 43.9
    endloop
  endfacet
  facet normal 0 0 -1
    outer loop
      vertex -25.0056 -30.8023 43.9
      vertex -25.0056 -29.1977 43.9
      vertex -24.9265 -29.5954 43.9
    endloop
  endfacet
  facet normal 0 0 -1
    outer loop
      vertex -25.136 -31.1863 43.9
      vertex -25.0056 -29.1977 43.9
      vertex -25.0056 -30.8023 43.9
    endloop
  endfacet
  facet normal 0 0 -1
    outer loop
      vertex -25.136 -31.1863 43.9
      vertex -25.136 -28.8137 43.9
      vertex -25.0056 -29.1977 43.9
    endloop
  endfacet
  facet normal 0 0 -1
    outer loop
      vertex -25.3153 -31.55 43.9
      vertex -25.136 -28.8137 43.9
      vertex -25.136 -31.1863 43.9
    endloop
  endfacet
  facet normal 0 0 -1
    outer loop
      vertex -25.3153 -31.55 43.9
      vertex -25.3153 -28.45 43.9
      vertex -25.136 -28.8137 43.9
    endloop
  endfacet
  facet normal 0 0 -1
    outer loop
      vertex -25.5406 -31.8872 43.9
      vertex -25.3153 -28.45 43.9
      vertex -25.3153 -31.55 43.9
    endloop
  endfacet
  facet normal 0 0 -1
    outer loop
      vertex -25.5406 -31.8872 43.9
      vertex -25.5406 -28.1128 43.9
      vertex -25.3153 -28.45 43.9
    endloop
  endfacet
  facet normal 0 0 -1
    outer loop
      vertex -25.808 -32.192 43.9
      vertex -25.5406 -28.1128 43.9
      vertex -25.5406 -31.8872 43.9
    endloop
  endfacet
  facet normal 0 0 -1
    outer loop
      vertex -25.808 -32.192 43.9
      vertex -25.808 -27.808 43.9
      vertex -25.5406 -28.1128 43.9
    endloop
  endfacet
  facet normal 0 0 -1
    outer loop
      vertex -26.1128 -32.4594 43.9
      vertex -25.808 -27.808 43.9
      vertex -25.808 -32.192 43.9
    endloop
  endfacet
  facet normal 0 0 -1
    outer loop
      vertex -26.1128 -32.4594 43.9
      vertex -26.1128 -27.5406 43.9
      vertex -25.808 -27.808 43.9
    endloop
  endfacet
  facet normal 0 0 -1
    outer loop
      vertex -26.45 -32.6847 43.9
      vertex -26.1128 -27.5406 43.9
      vertex -26.1128 -32.4594 43.9
    endloop
  endfacet
  facet normal 0 0 -1
    outer loop
      vertex -26.45 -32.6847 43.9
      vertex -26.45 -27.3153 43.9
      vertex -26.1128 -27.5406 43.9
    endloop
  endfacet
  facet normal 0 0 -1
    outer loop
      vertex -26.8137 -32.864 43.9
      vertex -26.45 -27.3153 43.9
      vertex -26.45 -32.6847 43.9
    endloop
  endfacet
  facet normal 0 0 -1
    outer loop
      vertex -26.8137 -32.864 43.9
      vertex -26.8137 -27.136 43.9
      vertex -26.45 -27.3153 43.9
    endloop
  endfacet
  facet normal 0 0 -1
    outer loop
      vertex -27.1977 -32.9944 43.9
      vertex -26.8137 -27.136 43.9
      vertex -26.8137 -32.864 43.9
    endloop
  endfacet
  facet normal 0 0 -1
    outer loop
      vertex -27.1977 -32.9944 43.9
      vertex -27.1977 -27.0056 43.9
      vertex -26.8137 -27.136 43.9
    endloop
  endfacet
  facet normal 0 0 -1
    outer loop
      vertex -27.5954 -33.0735 43.9
      vertex -27.1977 -27.0056 43.9
      vertex -27.1977 -32.9944 43.9
    endloop
  endfacet
  facet normal 0 0 -1
    outer loop
      vertex -27.5954 -33.0735 43.9
      vertex -27.5954 -26.9265 43.9
      vertex -27.1977 -27.0056 43.9
    endloop
  endfacet
  facet normal 0 0 -1
    outer loop
      vertex -28 -33.1 43.9
      vertex -27.5954 -26.9265 43.9
      vertex -27.5954 -33.0735 43.9
    endloop
  endfacet
  facet normal 0 0 -1
    outer loop
      vertex -28 -33.1 43.9
      vertex -28 -26.9 43.9
      vertex -27.5954 -26.9265 43.9
    endloop
  endfacet
  facet normal 0 0 -1
    outer loop
      vertex -28.4046 -33.0735 43.9
      vertex -28 -26.9 43.9
      vertex -28 -33.1 43.9
    endloop
  endfacet
  facet normal 0 0 -1
    outer loop
      vertex -28.4046 -33.0735 43.9
      vertex -28.4046 -26.9265 43.9
      vertex -28 -26.9 43.9
    endloop
  endfacet
  facet normal 0 0 -1
    outer loop
      vertex -28.8023 -32.9944 43.9
      vertex -28.4046 -26.9265 43.9
      vertex -28.4046 -33.0735 43.9
    endloop
  endfacet
  facet normal 0 0 -1
    outer loop
      vertex -28.8023 -32.9944 43.9
      vertex -28.8023 -27.0056 43.9
      vertex -28.4046 -26.9265 43.9
    endloop
  endfacet
  facet normal 0 0 -1
    outer loop
      vertex -29.1863 -32.864 43.9
      vertex -28.8023 -27.0056 43.9
      vertex -28.8023 -32.9944 43.9
    endloop
  endfacet
  facet normal 0 0 -1
    outer loop
      vertex -29.1863 -32.864 43.9
      vertex -29.1863 -27.136 43.9
      vertex -28.8023 -27.0056 43.9
    endloop
  endfacet
  facet normal 0 0 -1
    outer loop
      vertex -29.55 -32.6847 43.9
      vertex -29.1863 -27.136 43.9
      vertex -29.1863 -32.864 43.9
    endloop
  endfacet
  facet normal 0 0 -1
    outer loop
      vertex -29.55 -32.6847 43.9
      vertex -29.55 -27.3153 43.9
      vertex -29.1863 -27.136 43.9
    endloop
  endfacet
  facet normal 0 0 -1
    outer loop
      vertex -29.8872 -32.4594 43.9
      vertex -29.55 -27.3153 43.9
      vertex -29.55 -32.6847 43.9
    endloop
  endfacet
  facet normal 0 0 -1
    outer loop
      vertex -29.8872 -32.4594 43.9
      vertex -29.8872 -27.5406 43.9
      vertex -29.55 -27.3153 43.9
    endloop
  endfacet
  facet normal 0 0 -1
    outer loop
      vertex -30.192 -32.192 43.9
      vertex -29.8872 -27.5406 43.9
      vertex -29.8872 -32.4594 43.9
    endloop
  endfacet
  facet normal 0 0 -1
    outer loop
      vertex -30.192 -32.192 43.9
      vertex -30.192 -27.808 43.9
      vertex -29.8872 -27.5406 43.9
    endloop
  endfacet
  facet normal 0 0 -1
    outer loop
      vertex -30.4594 -31.8872 43.9
      vertex -30.192 -27.808 43.9
      vertex -30.192 -32.192 43.9
    endloop
  endfacet
  facet normal 0 0 -1
    outer loop
      vertex -30.4594 -31.8872 43.9
      vertex -30.4594 -28.1128 43.9
      vertex -30.192 -27.808 43.9
    endloop
  endfacet
  facet normal 0 0 -1
    outer loop
      vertex -30.6847 -31.55 43.9
      vertex -30.4594 -28.1128 43.9
      vertex -30.4594 -31.8872 43.9
    endloop
  endfacet
  facet normal 0 0 -1
    outer loop
      vertex -30.6847 -31.55 43.9
      vertex -30.6847 -28.45 43.9
      vertex -30.4594 -28.1128 43.9
    endloop
  endfacet
  facet normal 0 0 -1
    outer loop
      vertex -30.864 -31.1863 43.9
      vertex -30.6847 -28.45 43.9
      vertex -30.6847 -31.55 43.9
    endloop
  endfacet
  facet normal 0 0 -1
    outer loop
      vertex -30.864 -31.1863 43.9
      vertex -30.864 -28.8137 43.9
      vertex -30.6847 -28.45 43.9
    endloop
  endfacet
  facet normal 0 0 -1
    outer loop
      vertex -30.9944 -30.8023 43.9
      vertex -30.864 -28.8137 43.9
      vertex -30.864 -31.1863 43.9
    endloop
  endfacet
  facet normal 0 0 -1
    outer loop
      vertex -30.9944 -30.8023 43.9
      vertex -30.9944 -29.1977 43.9
      vertex -30.864 -28.8137 43.9
    endloop
  endfacet
  facet normal 0 0 -1
    outer loop
      vertex -31.0735 -30.4046 43.9
      vertex -30.9944 -29.1977 43.9
      vertex -30.9944 -30.8023 43.9
    endloop
  endfacet
  facet normal 0 0 -1
    outer loop
      vertex -31.0735 -30.4046 43.9
      vertex -31.0735 -29.5954 43.9
      vertex -30.9944 -29.1977 43.9
    endloop
  endfacet
  facet normal 0 -0 -1
    outer loop
      vertex -31.0735 -29.5954 43.9
      vertex -31.0735 -30.4046 43.9
      vertex -31.1 -30 43.9
    endloop
  endfacet
  facet normal -0.831481 -0.555553 0
    outer loop
      vertex -30.4594 -31.8872 43.9
      vertex -30.6847 -31.55 44.49
      vertex -30.6847 -31.55 43.9
    endloop
  endfacet
  facet normal -0.831481 -0.555553 0
    outer loop
      vertex -30.6847 -31.55 44.49
      vertex -30.4594 -31.8872 43.9
      vertex -30.4594 -31.8872 44.49
    endloop
  endfacet
  facet normal 0.195073 -0.980789 0
    outer loop
      vertex -27.5954 -33.0735 43.9
      vertex -27.1977 -32.9944 44.49
      vertex -27.5954 -33.0735 44.49
    endloop
  endfacet
  facet normal 0.195073 -0.980789 0
    outer loop
      vertex -27.1977 -32.9944 44.49
      vertex -27.5954 -33.0735 43.9
      vertex -27.1977 -32.9944 43.9
    endloop
  endfacet
  facet normal -0.751721 0.659482 0
    outer loop
      vertex -30.4594 -28.1128 43.9
      vertex -30.192 -27.808 44.49
      vertex -30.192 -27.808 43.9
    endloop
  endfacet
  facet normal -0.751721 0.659482 0
    outer loop
      vertex -30.192 -27.808 44.49
      vertex -30.4594 -28.1128 43.9
      vertex -30.4594 -28.1128 44.49
    endloop
  endfacet
  facet normal -0.0653568 0.997862 0
    outer loop
      vertex -28 -26.9 43.9
      vertex -28.4046 -26.9265 44.49
      vertex -28 -26.9 44.49
    endloop
  endfacet
  facet normal -0.0653568 0.997862 0
    outer loop
      vertex -28.4046 -26.9265 44.49
      vertex -28 -26.9 43.9
      vertex -28.4046 -26.9265 43.9
    endloop
  endfacet
  facet normal -0.946893 0.321549 0
    outer loop
      vertex -30.9944 -29.1977 43.9
      vertex -30.864 -28.8137 44.49
      vertex -30.864 -28.8137 43.9
    endloop
  endfacet
  facet normal -0.946893 0.321549 0
    outer loop
      vertex -30.864 -28.8137 44.49
      vertex -30.9944 -29.1977 43.9
      vertex -30.9944 -29.1977 44.49
    endloop
  endfacet
  facet normal 0.751721 0.659482 0
    outer loop
      vertex -25.5406 -28.1128 44.49
      vertex -25.808 -27.808 43.9
      vertex -25.808 -27.808 44.49
    endloop
  endfacet
  facet normal 0.751721 0.659482 0
    outer loop
      vertex -25.808 -27.808 43.9
      vertex -25.5406 -28.1128 44.49
      vertex -25.5406 -28.1128 43.9
    endloop
  endfacet
  facet normal 0.321549 -0.946893 0
    outer loop
      vertex -27.1977 -32.9944 43.9
      vertex -26.8137 -32.864 44.49
      vertex -27.1977 -32.9944 44.49
    endloop
  endfacet
  facet normal 0.321549 -0.946893 0
    outer loop
      vertex -26.8137 -32.864 44.49
      vertex -27.1977 -32.9944 43.9
      vertex -26.8137 -32.864 43.9
    endloop
  endfacet
  facet normal 0.659482 -0.751721 0
    outer loop
      vertex -26.1128 -32.4594 43.9
      vertex -25.808 -32.192 44.49
      vertex -26.1128 -32.4594 44.49
    endloop
  endfacet
  facet normal 0.659482 -0.751721 0
    outer loop
      vertex -25.808 -32.192 44.49
      vertex -26.1128 -32.4594 43.9
      vertex -25.808 -32.192 43.9
    endloop
  endfacet
  facet normal 0.195073 0.980789 -0
    outer loop
      vertex -27.1977 -27.0056 43.9
      vertex -27.5954 -26.9265 44.49
      vertex -27.1977 -27.0056 44.49
    endloop
  endfacet
  facet normal 0.195073 0.980789 0
    outer loop
      vertex -27.5954 -26.9265 44.49
      vertex -27.1977 -27.0056 43.9
      vertex -27.5954 -26.9265 43.9
    endloop
  endfacet
  facet normal -0.751721 -0.659482 0
    outer loop
      vertex -30.192 -32.192 43.9
      vertex -30.4594 -31.8872 44.49
      vertex -30.4594 -31.8872 43.9
    endloop
  endfacet
  facet normal -0.751721 -0.659482 0
    outer loop
      vertex -30.4594 -31.8872 44.49
      vertex -30.192 -32.192 43.9
      vertex -30.192 -32.192 44.49
    endloop
  endfacet
  facet normal 0.442176 0.896928 -0
    outer loop
      vertex -26.45 -27.3153 43.9
      vertex -26.8137 -27.136 44.49
      vertex -26.45 -27.3153 44.49
    endloop
  endfacet
  facet normal 0.442176 0.896928 0
    outer loop
      vertex -26.8137 -27.136 44.49
      vertex -26.45 -27.3153 43.9
      vertex -26.8137 -27.136 43.9
    endloop
  endfacet
  facet normal -0.195073 0.980789 0
    outer loop
      vertex -28.4046 -26.9265 43.9
      vertex -28.8023 -27.0056 44.49
      vertex -28.4046 -26.9265 44.49
    endloop
  endfacet
  facet normal -0.195073 0.980789 0
    outer loop
      vertex -28.8023 -27.0056 44.49
      vertex -28.4046 -26.9265 43.9
      vertex -28.8023 -27.0056 43.9
    endloop
  endfacet
  facet normal 0.321549 0.946893 -0
    outer loop
      vertex -26.8137 -27.136 43.9
      vertex -27.1977 -27.0056 44.49
      vertex -26.8137 -27.136 44.49
    endloop
  endfacet
  facet normal 0.321549 0.946893 0
    outer loop
      vertex -27.1977 -27.0056 44.49
      vertex -26.8137 -27.136 43.9
      vertex -27.1977 -27.0056 43.9
    endloop
  endfacet
  facet normal -0.659482 0.751721 0
    outer loop
      vertex -29.8872 -27.5406 43.9
      vertex -30.192 -27.808 44.49
      vertex -29.8872 -27.5406 44.49
    endloop
  endfacet
  facet normal -0.659482 0.751721 0
    outer loop
      vertex -30.192 -27.808 44.49
      vertex -29.8872 -27.5406 43.9
      vertex -30.192 -27.808 43.9
    endloop
  endfacet
  facet normal 0.555553 0.831481 -0
    outer loop
      vertex -26.1128 -27.5406 43.9
      vertex -26.45 -27.3153 44.49
      vertex -26.1128 -27.5406 44.49
    endloop
  endfacet
  facet normal 0.555553 0.831481 0
    outer loop
      vertex -26.45 -27.3153 44.49
      vertex -26.1128 -27.5406 43.9
      vertex -26.45 -27.3153 43.9
    endloop
  endfacet
  facet normal 0.946893 0.321549 0
    outer loop
      vertex -25.0056 -29.1977 44.49
      vertex -25.136 -28.8137 43.9
      vertex -25.136 -28.8137 44.49
    endloop
  endfacet
  facet normal 0.946893 0.321549 0
    outer loop
      vertex -25.136 -28.8137 43.9
      vertex -25.0056 -29.1977 44.49
      vertex -25.0056 -29.1977 43.9
    endloop
  endfacet
  facet normal -0.555553 0.831481 0
    outer loop
      vertex -29.55 -27.3153 43.9
      vertex -29.8872 -27.5406 44.49
      vertex -29.55 -27.3153 44.49
    endloop
  endfacet
  facet normal -0.555553 0.831481 0
    outer loop
      vertex -29.8872 -27.5406 44.49
      vertex -29.55 -27.3153 43.9
      vertex -29.8872 -27.5406 43.9
    endloop
  endfacet
  facet normal 0.980789 -0.195073 0
    outer loop
      vertex -25.0056 -30.8023 44.49
      vertex -24.9265 -30.4046 43.9
      vertex -24.9265 -30.4046 44.49
    endloop
  endfacet
  facet normal 0.980789 -0.195073 0
    outer loop
      vertex -24.9265 -30.4046 43.9
      vertex -25.0056 -30.8023 44.49
      vertex -25.0056 -30.8023 43.9
    endloop
  endfacet
  facet normal 0.980789 0.195073 0
    outer loop
      vertex -24.9265 -29.5954 44.49
      vertex -25.0056 -29.1977 43.9
      vertex -25.0056 -29.1977 44.49
    endloop
  endfacet
  facet normal 0.980789 0.195073 0
    outer loop
      vertex -25.0056 -29.1977 43.9
      vertex -24.9265 -29.5954 44.49
      vertex -24.9265 -29.5954 43.9
    endloop
  endfacet
  facet normal -0.0653568 -0.997862 0
    outer loop
      vertex -28.4046 -33.0735 43.9
      vertex -28 -33.1 44.49
      vertex -28.4046 -33.0735 44.49
    endloop
  endfacet
  facet normal -0.0653568 -0.997862 -0
    outer loop
      vertex -28 -33.1 44.49
      vertex -28.4046 -33.0735 43.9
      vertex -28 -33.1 43.9
    endloop
  endfacet
  facet normal 0.997862 0.0653568 0
    outer loop
      vertex -24.9 -30 44.49
      vertex -24.9265 -29.5954 43.9
      vertex -24.9265 -29.5954 44.49
    endloop
  endfacet
  facet normal 0.997862 0.0653568 0
    outer loop
      vertex -24.9265 -29.5954 43.9
      vertex -24.9 -30 44.49
      vertex -24.9 -30 43.9
    endloop
  endfacet
  facet normal 0.831481 -0.555553 0
    outer loop
      vertex -25.5406 -31.8872 44.49
      vertex -25.3153 -31.55 43.9
      vertex -25.3153 -31.55 44.49
    endloop
  endfacet
  facet normal 0.831481 -0.555553 0
    outer loop
      vertex -25.3153 -31.55 43.9
      vertex -25.5406 -31.8872 44.49
      vertex -25.5406 -31.8872 43.9
    endloop
  endfacet
  facet normal 0.0653568 -0.997862 0
    outer loop
      vertex -28 -33.1 43.9
      vertex -27.5954 -33.0735 44.49
      vertex -28 -33.1 44.49
    endloop
  endfacet
  facet normal 0.0653568 -0.997862 0
    outer loop
      vertex -27.5954 -33.0735 44.49
      vertex -28 -33.1 43.9
      vertex -27.5954 -33.0735 43.9
    endloop
  endfacet
  facet normal 0.831481 0.555553 0
    outer loop
      vertex -25.3153 -28.45 44.49
      vertex -25.5406 -28.1128 43.9
      vertex -25.5406 -28.1128 44.49
    endloop
  endfacet
  facet normal 0.831481 0.555553 0
    outer loop
      vertex -25.5406 -28.1128 43.9
      vertex -25.3153 -28.45 44.49
      vertex -25.3153 -28.45 43.9
    endloop
  endfacet
  facet normal 0.0653568 0.997862 -0
    outer loop
      vertex -27.5954 -26.9265 43.9
      vertex -28 -26.9 44.49
      vertex -27.5954 -26.9265 44.49
    endloop
  endfacet
  facet normal 0.0653568 0.997862 0
    outer loop
      vertex -28 -26.9 44.49
      vertex -27.5954 -26.9265 43.9
      vertex -28 -26.9 43.9
    endloop
  endfacet
  facet normal 0.896928 0.442176 0
    outer loop
      vertex -25.136 36.1863 44.49
      vertex -25.3153 36.55 43.9
      vertex -25.3153 36.55 44.49
    endloop
  endfacet
  facet normal 0.896928 0.442176 0
    outer loop
      vertex -25.3153 36.55 43.9
      vertex -25.136 36.1863 44.49
      vertex -25.136 36.1863 43.9
    endloop
  endfacet
  facet normal -0.442176 0.896928 0
    outer loop
      vertex -29.1863 37.864 43.9
      vertex -29.55 37.6847 44.49
      vertex -29.1863 37.864 44.49
    endloop
  endfacet
  facet normal -0.442176 0.896928 0
    outer loop
      vertex -29.55 37.6847 44.49
      vertex -29.1863 37.864 43.9
      vertex -29.55 37.6847 43.9
    endloop
  endfacet
  facet normal -0.980789 -0.195073 0
    outer loop
      vertex -30.9944 34.1977 43.9
      vertex -31.0735 34.5954 44.49
      vertex -31.0735 34.5954 43.9
    endloop
  endfacet
  facet normal -0.980789 -0.195073 0
    outer loop
      vertex -31.0735 34.5954 44.49
      vertex -30.9944 34.1977 43.9
      vertex -30.9944 34.1977 44.49
    endloop
  endfacet
  facet normal -0.997862 -0.0653568 0
    outer loop
      vertex -31.0735 34.5954 43.9
      vertex -31.1 35 44.49
      vertex -31.1 35 43.9
    endloop
  endfacet
  facet normal -0.997862 -0.0653568 0
    outer loop
      vertex -31.1 35 44.49
      vertex -31.0735 34.5954 43.9
      vertex -31.0735 34.5954 44.49
    endloop
  endfacet
  facet normal -0.946893 -0.321549 0
    outer loop
      vertex -30.864 33.8137 43.9
      vertex -30.9944 34.1977 44.49
      vertex -30.9944 34.1977 43.9
    endloop
  endfacet
  facet normal -0.946893 -0.321549 0
    outer loop
      vertex -30.9944 34.1977 44.49
      vertex -30.864 33.8137 43.9
      vertex -30.864 33.8137 44.49
    endloop
  endfacet
  facet normal -0.751721 0.659482 0
    outer loop
      vertex -30.4594 36.8872 43.9
      vertex -30.192 37.192 44.49
      vertex -30.192 37.192 43.9
    endloop
  endfacet
  facet normal -0.751721 0.659482 0
    outer loop
      vertex -30.192 37.192 44.49
      vertex -30.4594 36.8872 43.9
      vertex -30.4594 36.8872 44.49
    endloop
  endfacet
  facet normal -0.321549 -0.946893 0
    outer loop
      vertex -29.1863 32.136 43.9
      vertex -28.8023 32.0056 44.49
      vertex -29.1863 32.136 44.49
    endloop
  endfacet
  facet normal -0.321549 -0.946893 -0
    outer loop
      vertex -28.8023 32.0056 44.49
      vertex -29.1863 32.136 43.9
      vertex -28.8023 32.0056 43.9
    endloop
  endfacet
  facet normal -0.555553 -0.831481 0
    outer loop
      vertex -29.8872 32.5406 43.9
      vertex -29.55 32.3153 44.49
      vertex -29.8872 32.5406 44.49
    endloop
  endfacet
  facet normal -0.555553 -0.831481 -0
    outer loop
      vertex -29.55 32.3153 44.49
      vertex -29.8872 32.5406 43.9
      vertex -29.55 32.3153 43.9
    endloop
  endfacet
  facet normal -0.896928 0.442176 0
    outer loop
      vertex -30.864 36.1863 43.9
      vertex -30.6847 36.55 44.49
      vertex -30.6847 36.55 43.9
    endloop
  endfacet
  facet normal -0.896928 0.442176 0
    outer loop
      vertex -30.6847 36.55 44.49
      vertex -30.864 36.1863 43.9
      vertex -30.864 36.1863 44.49
    endloop
  endfacet
  facet normal -0.321549 0.946893 0
    outer loop
      vertex -28.8023 37.9944 43.9
      vertex -29.1863 37.864 44.49
      vertex -28.8023 37.9944 44.49
    endloop
  endfacet
  facet normal -0.321549 0.946893 0
    outer loop
      vertex -29.1863 37.864 44.49
      vertex -28.8023 37.9944 43.9
      vertex -29.1863 37.864 43.9
    endloop
  endfacet
  facet normal -0.896928 -0.442176 0
    outer loop
      vertex -30.6847 33.45 43.9
      vertex -30.864 33.8137 44.49
      vertex -30.864 33.8137 43.9
    endloop
  endfacet
  facet normal -0.896928 -0.442176 0
    outer loop
      vertex -30.864 33.8137 44.49
      vertex -30.6847 33.45 43.9
      vertex -30.6847 33.45 44.49
    endloop
  endfacet
  facet normal 0.195073 -0.980789 0
    outer loop
      vertex -27.5954 31.9265 43.9
      vertex -27.1977 32.0056 44.49
      vertex -27.5954 31.9265 44.49
    endloop
  endfacet
  facet normal 0.195073 -0.980789 0
    outer loop
      vertex -27.1977 32.0056 44.49
      vertex -27.5954 31.9265 43.9
      vertex -27.1977 32.0056 43.9
    endloop
  endfacet
  facet normal 0.0653568 0.997862 -0
    outer loop
      vertex -27.5954 38.0735 43.9
      vertex -28 38.1 44.49
      vertex -27.5954 38.0735 44.49
    endloop
  endfacet
  facet normal 0.0653568 0.997862 0
    outer loop
      vertex -28 38.1 44.49
      vertex -27.5954 38.0735 43.9
      vertex -28 38.1 43.9
    endloop
  endfacet
  facet normal 0.555553 -0.831481 0
    outer loop
      vertex -26.45 32.3153 43.9
      vertex -26.1128 32.5406 44.49
      vertex -26.45 32.3153 44.49
    endloop
  endfacet
  facet normal 0.555553 -0.831481 0
    outer loop
      vertex -26.1128 32.5406 44.49
      vertex -26.45 32.3153 43.9
      vertex -26.1128 32.5406 43.9
    endloop
  endfacet
  facet normal 0.321549 0.946893 -0
    outer loop
      vertex -26.8137 37.864 43.9
      vertex -27.1977 37.9944 44.49
      vertex -26.8137 37.864 44.49
    endloop
  endfacet
  facet normal 0.321549 0.946893 0
    outer loop
      vertex -27.1977 37.9944 44.49
      vertex -26.8137 37.864 43.9
      vertex -27.1977 37.9944 43.9
    endloop
  endfacet
  facet normal -0.946893 0.321549 0
    outer loop
      vertex -30.9944 35.8023 43.9
      vertex -30.864 36.1863 44.49
      vertex -30.864 36.1863 43.9
    endloop
  endfacet
  facet normal -0.946893 0.321549 0
    outer loop
      vertex -30.864 36.1863 44.49
      vertex -30.9944 35.8023 43.9
      vertex -30.9944 35.8023 44.49
    endloop
  endfacet
  facet normal 0.831481 0.555553 0
    outer loop
      vertex -25.3153 36.55 44.49
      vertex -25.5406 36.8872 43.9
      vertex -25.5406 36.8872 44.49
    endloop
  endfacet
  facet normal 0.831481 0.555553 0
    outer loop
      vertex -25.5406 36.8872 43.9
      vertex -25.3153 36.55 44.49
      vertex -25.3153 36.55 43.9
    endloop
  endfacet
  facet normal 0.659482 0.751721 -0
    outer loop
      vertex -25.808 37.192 43.9
      vertex -26.1128 37.4594 44.49
      vertex -25.808 37.192 44.49
    endloop
  endfacet
  facet normal 0.659482 0.751721 0
    outer loop
      vertex -26.1128 37.4594 44.49
      vertex -25.808 37.192 43.9
      vertex -26.1128 37.4594 43.9
    endloop
  endfacet
  facet normal 0.659482 -0.751721 0
    outer loop
      vertex -26.1128 32.5406 43.9
      vertex -25.808 32.808 44.49
      vertex -26.1128 32.5406 44.49
    endloop
  endfacet
  facet normal 0.659482 -0.751721 0
    outer loop
      vertex -25.808 32.808 44.49
      vertex -26.1128 32.5406 43.9
      vertex -25.808 32.808 43.9
    endloop
  endfacet
  facet normal 0.946893 -0.321549 0
    outer loop
      vertex -25.136 33.8137 44.49
      vertex -25.0056 34.1977 43.9
      vertex -25.0056 34.1977 44.49
    endloop
  endfacet
  facet normal 0.946893 -0.321549 0
    outer loop
      vertex -25.0056 34.1977 43.9
      vertex -25.136 33.8137 44.49
      vertex -25.136 33.8137 43.9
    endloop
  endfacet
  facet normal 0.442176 -0.896928 0
    outer loop
      vertex -26.8137 32.136 43.9
      vertex -26.45 32.3153 44.49
      vertex -26.8137 32.136 44.49
    endloop
  endfacet
  facet normal 0.442176 -0.896928 0
    outer loop
      vertex -26.45 32.3153 44.49
      vertex -26.8137 32.136 43.9
      vertex -26.45 32.3153 43.9
    endloop
  endfacet
  facet normal 0.980789 -0.195073 0
    outer loop
      vertex -25.0056 34.1977 44.49
      vertex -24.9265 34.5954 43.9
      vertex -24.9265 34.5954 44.49
    endloop
  endfacet
  facet normal 0.980789 -0.195073 0
    outer loop
      vertex -24.9265 34.5954 43.9
      vertex -25.0056 34.1977 44.49
      vertex -25.0056 34.1977 43.9
    endloop
  endfacet
  facet normal 0.321549 -0.946893 0
    outer loop
      vertex -27.1977 32.0056 43.9
      vertex -26.8137 32.136 44.49
      vertex -27.1977 32.0056 44.49
    endloop
  endfacet
  facet normal 0.321549 -0.946893 0
    outer loop
      vertex -26.8137 32.136 44.49
      vertex -27.1977 32.0056 43.9
      vertex -26.8137 32.136 43.9
    endloop
  endfacet
  facet normal -0.659482 0.751721 0
    outer loop
      vertex -29.8872 37.4594 43.9
      vertex -30.192 37.192 44.49
      vertex -29.8872 37.4594 44.49
    endloop
  endfacet
  facet normal -0.659482 0.751721 0
    outer loop
      vertex -30.192 37.192 44.49
      vertex -29.8872 37.4594 43.9
      vertex -30.192 37.192 43.9
    endloop
  endfacet
  facet normal -0.0653568 -0.997862 0
    outer loop
      vertex -28.4046 31.9265 43.9
      vertex -28 31.9 44.49
      vertex -28.4046 31.9265 44.49
    endloop
  endfacet
  facet normal -0.0653568 -0.997862 -0
    outer loop
      vertex -28 31.9 44.49
      vertex -28.4046 31.9265 43.9
      vertex -28 31.9 43.9
    endloop
  endfacet
  facet normal -0.831481 -0.555553 0
    outer loop
      vertex -30.4594 33.1128 43.9
      vertex -30.6847 33.45 44.49
      vertex -30.6847 33.45 43.9
    endloop
  endfacet
  facet normal -0.831481 -0.555553 0
    outer loop
      vertex -30.6847 33.45 44.49
      vertex -30.4594 33.1128 43.9
      vertex -30.4594 33.1128 44.49
    endloop
  endfacet
  facet normal -0.195073 0.980789 0
    outer loop
      vertex -28.4046 38.0735 43.9
      vertex -28.8023 37.9944 44.49
      vertex -28.4046 38.0735 44.49
    endloop
  endfacet
  facet normal -0.195073 0.980789 0
    outer loop
      vertex -28.8023 37.9944 44.49
      vertex -28.4046 38.0735 43.9
      vertex -28.8023 37.9944 43.9
    endloop
  endfacet
  facet normal 0.980789 0.195073 0
    outer loop
      vertex -24.9265 35.4046 44.49
      vertex -25.0056 35.8023 43.9
      vertex -25.0056 35.8023 44.49
    endloop
  endfacet
  facet normal 0.980789 0.195073 0
    outer loop
      vertex -25.0056 35.8023 43.9
      vertex -24.9265 35.4046 44.49
      vertex -24.9265 35.4046 43.9
    endloop
  endfacet
  facet normal 0.751721 -0.659482 0
    outer loop
      vertex -25.808 32.808 44.49
      vertex -25.5406 33.1128 43.9
      vertex -25.5406 33.1128 44.49
    endloop
  endfacet
  facet normal 0.751721 -0.659482 0
    outer loop
      vertex -25.5406 33.1128 43.9
      vertex -25.808 32.808 44.49
      vertex -25.808 32.808 43.9
    endloop
  endfacet
  facet normal -0.659482 -0.751721 0
    outer loop
      vertex -30.192 32.808 43.9
      vertex -29.8872 32.5406 44.49
      vertex -30.192 32.808 44.49
    endloop
  endfacet
  facet normal -0.659482 -0.751721 -0
    outer loop
      vertex -29.8872 32.5406 44.49
      vertex -30.192 32.808 43.9
      vertex -29.8872 32.5406 43.9
    endloop
  endfacet
  facet normal -0.997862 0.0653568 0
    outer loop
      vertex -31.1 35 43.9
      vertex -31.0735 35.4046 44.49
      vertex -31.0735 35.4046 43.9
    endloop
  endfacet
  facet normal -0.997862 0.0653568 0
    outer loop
      vertex -31.0735 35.4046 44.49
      vertex -31.1 35 43.9
      vertex -31.1 35 44.49
    endloop
  endfacet
  facet normal -0.980789 0.195073 0
    outer loop
      vertex -31.0735 35.4046 43.9
      vertex -30.9944 35.8023 44.49
      vertex -30.9944 35.8023 43.9
    endloop
  endfacet
  facet normal -0.980789 0.195073 0
    outer loop
      vertex -30.9944 35.8023 44.49
      vertex -31.0735 35.4046 43.9
      vertex -31.0735 35.4046 44.49
    endloop
  endfacet
  facet normal -0.555553 0.831481 0
    outer loop
      vertex -29.55 37.6847 43.9
      vertex -29.8872 37.4594 44.49
      vertex -29.55 37.6847 44.49
    endloop
  endfacet
  facet normal -0.555553 0.831481 0
    outer loop
      vertex -29.8872 37.4594 44.49
      vertex -29.55 37.6847 43.9
      vertex -29.8872 37.4594 43.9
    endloop
  endfacet
  facet normal -0.195073 -0.980789 0
    outer loop
      vertex -28.8023 32.0056 43.9
      vertex -28.4046 31.9265 44.49
      vertex -28.8023 32.0056 44.49
    endloop
  endfacet
  facet normal -0.195073 -0.980789 -0
    outer loop
      vertex -28.4046 31.9265 44.49
      vertex -28.8023 32.0056 43.9
      vertex -28.4046 31.9265 43.9
    endloop
  endfacet
  facet normal -0.751721 -0.659482 0
    outer loop
      vertex -30.192 32.808 43.9
      vertex -30.4594 33.1128 44.49
      vertex -30.4594 33.1128 43.9
    endloop
  endfacet
  facet normal -0.751721 -0.659482 0
    outer loop
      vertex -30.4594 33.1128 44.49
      vertex -30.192 32.808 43.9
      vertex -30.192 32.808 44.49
    endloop
  endfacet
  facet normal -0.442176 -0.896928 0
    outer loop
      vertex -29.55 32.3153 43.9
      vertex -29.1863 32.136 44.49
      vertex -29.55 32.3153 44.49
    endloop
  endfacet
  facet normal -0.442176 -0.896928 -0
    outer loop
      vertex -29.1863 32.136 44.49
      vertex -29.55 32.3153 43.9
      vertex -29.1863 32.136 43.9
    endloop
  endfacet
  facet normal 0.997862 0.0653568 0
    outer loop
      vertex -24.9 35 44.49
      vertex -24.9265 35.4046 43.9
      vertex -24.9265 35.4046 44.49
    endloop
  endfacet
  facet normal 0.997862 0.0653568 0
    outer loop
      vertex -24.9265 35.4046 43.9
      vertex -24.9 35 44.49
      vertex -24.9 35 43.9
    endloop
  endfacet
  facet normal -0.831481 0.555553 0
    outer loop
      vertex -30.6847 36.55 43.9
      vertex -30.4594 36.8872 44.49
      vertex -30.4594 36.8872 43.9
    endloop
  endfacet
  facet normal -0.831481 0.555553 0
    outer loop
      vertex -30.4594 36.8872 44.49
      vertex -30.6847 36.55 43.9
      vertex -30.6847 36.55 44.49
    endloop
  endfacet
  facet normal 0.751721 0.659482 0
    outer loop
      vertex -25.5406 36.8872 44.49
      vertex -25.808 37.192 43.9
      vertex -25.808 37.192 44.49
    endloop
  endfacet
  facet normal 0.751721 0.659482 0
    outer loop
      vertex -25.808 37.192 43.9
      vertex -25.5406 36.8872 44.49
      vertex -25.5406 36.8872 43.9
    endloop
  endfacet
  facet normal 0.997862 -0.0653568 0
    outer loop
      vertex -24.9265 34.5954 44.49
      vertex -24.9 35 43.9
      vertex -24.9 35 44.49
    endloop
  endfacet
  facet normal 0.997862 -0.0653568 0
    outer loop
      vertex -24.9 35 43.9
      vertex -24.9265 34.5954 44.49
      vertex -24.9265 34.5954 43.9
    endloop
  endfacet
  facet normal 0.442176 0.896928 -0
    outer loop
      vertex -26.45 37.6847 43.9
      vertex -26.8137 37.864 44.49
      vertex -26.45 37.6847 44.49
    endloop
  endfacet
  facet normal 0.442176 0.896928 0
    outer loop
      vertex -26.8137 37.864 44.49
      vertex -26.45 37.6847 43.9
      vertex -26.8137 37.864 43.9
    endloop
  endfacet
  facet normal 0.946893 0.321549 0
    outer loop
      vertex -25.0056 35.8023 44.49
      vertex -25.136 36.1863 43.9
      vertex -25.136 36.1863 44.49
    endloop
  endfacet
  facet normal 0.946893 0.321549 0
    outer loop
      vertex -25.136 36.1863 43.9
      vertex -25.0056 35.8023 44.49
      vertex -25.0056 35.8023 43.9
    endloop
  endfacet
  facet normal 0.195073 0.980789 -0
    outer loop
      vertex -27.1977 37.9944 43.9
      vertex -27.5954 38.0735 44.49
      vertex -27.1977 37.9944 44.49
    endloop
  endfacet
  facet normal 0.195073 0.980789 0
    outer loop
      vertex -27.5954 38.0735 44.49
      vertex -27.1977 37.9944 43.9
      vertex -27.5954 38.0735 43.9
    endloop
  endfacet
  facet normal -0.0653568 0.997862 0
    outer loop
      vertex -28 38.1 43.9
      vertex -28.4046 38.0735 44.49
      vertex -28 38.1 44.49
    endloop
  endfacet
  facet normal -0.0653568 0.997862 0
    outer loop
      vertex -28.4046 38.0735 44.49
      vertex -28 38.1 43.9
      vertex -28.4046 38.0735 43.9
    endloop
  endfacet
  facet normal 0.0653568 -0.997862 0
    outer loop
      vertex -28 31.9 43.9
      vertex -27.5954 31.9265 44.49
      vertex -28 31.9 44.49
    endloop
  endfacet
  facet normal 0.0653568 -0.997862 0
    outer loop
      vertex -27.5954 31.9265 44.49
      vertex -28 31.9 43.9
      vertex -27.5954 31.9265 43.9
    endloop
  endfacet
  facet normal 0.896928 -0.442176 0
    outer loop
      vertex -25.3153 33.45 44.49
      vertex -25.136 33.8137 43.9
      vertex -25.136 33.8137 44.49
    endloop
  endfacet
  facet normal 0.896928 -0.442176 0
    outer loop
      vertex -25.136 33.8137 43.9
      vertex -25.3153 33.45 44.49
      vertex -25.3153 33.45 43.9
    endloop
  endfacet
  facet normal 0.831481 -0.555553 0
    outer loop
      vertex -25.5406 33.1128 44.49
      vertex -25.3153 33.45 43.9
      vertex -25.3153 33.45 44.49
    endloop
  endfacet
  facet normal 0.831481 -0.555553 0
    outer loop
      vertex -25.3153 33.45 43.9
      vertex -25.5406 33.1128 44.49
      vertex -25.5406 33.1128 43.9
    endloop
  endfacet
  facet normal 0.555553 0.831481 -0
    outer loop
      vertex -26.1128 37.4594 43.9
      vertex -26.45 37.6847 44.49
      vertex -26.1128 37.4594 44.49
    endloop
  endfacet
  facet normal 0.555553 0.831481 0
    outer loop
      vertex -26.45 37.6847 44.49
      vertex -26.1128 37.4594 43.9
      vertex -26.45 37.6847 43.9
    endloop
  endfacet
  facet normal 0 0 -1
    outer loop
      vertex -24.9265 34.5954 43.9
      vertex -24.9265 35.4046 43.9
      vertex -24.9 35 43.9
    endloop
  endfacet
  facet normal 0 0 -1
    outer loop
      vertex -25.0056 34.1977 43.9
      vertex -24.9265 35.4046 43.9
      vertex -24.9265 34.5954 43.9
    endloop
  endfacet
  facet normal 0 0 -1
    outer loop
      vertex -25.0056 34.1977 43.9
      vertex -25.0056 35.8023 43.9
      vertex -24.9265 35.4046 43.9
    endloop
  endfacet
  facet normal 0 0 -1
    outer loop
      vertex -25.136 33.8137 43.9
      vertex -25.0056 35.8023 43.9
      vertex -25.0056 34.1977 43.9
    endloop
  endfacet
  facet normal 0 0 -1
    outer loop
      vertex -25.136 33.8137 43.9
      vertex -25.136 36.1863 43.9
      vertex -25.0056 35.8023 43.9
    endloop
  endfacet
  facet normal 0 0 -1
    outer loop
      vertex -25.3153 33.45 43.9
      vertex -25.136 36.1863 43.9
      vertex -25.136 33.8137 43.9
    endloop
  endfacet
  facet normal 0 0 -1
    outer loop
      vertex -25.3153 33.45 43.9
      vertex -25.3153 36.55 43.9
      vertex -25.136 36.1863 43.9
    endloop
  endfacet
  facet normal 0 0 -1
    outer loop
      vertex -25.5406 33.1128 43.9
      vertex -25.3153 36.55 43.9
      vertex -25.3153 33.45 43.9
    endloop
  endfacet
  facet normal 0 0 -1
    outer loop
      vertex -25.5406 33.1128 43.9
      vertex -25.5406 36.8872 43.9
      vertex -25.3153 36.55 43.9
    endloop
  endfacet
  facet normal 0 0 -1
    outer loop
      vertex -25.808 32.808 43.9
      vertex -25.5406 36.8872 43.9
      vertex -25.5406 33.1128 43.9
    endloop
  endfacet
  facet normal 0 0 -1
    outer loop
      vertex -25.808 32.808 43.9
      vertex -25.808 37.192 43.9
      vertex -25.5406 36.8872 43.9
    endloop
  endfacet
  facet normal 0 0 -1
    outer loop
      vertex -26.1128 32.5406 43.9
      vertex -25.808 37.192 43.9
      vertex -25.808 32.808 43.9
    endloop
  endfacet
  facet normal 0 0 -1
    outer loop
      vertex -26.1128 32.5406 43.9
      vertex -26.1128 37.4594 43.9
      vertex -25.808 37.192 43.9
    endloop
  endfacet
  facet normal 0 0 -1
    outer loop
      vertex -26.45 32.3153 43.9
      vertex -26.1128 37.4594 43.9
      vertex -26.1128 32.5406 43.9
    endloop
  endfacet
  facet normal 0 0 -1
    outer loop
      vertex -26.45 32.3153 43.9
      vertex -26.45 37.6847 43.9
      vertex -26.1128 37.4594 43.9
    endloop
  endfacet
  facet normal 0 0 -1
    outer loop
      vertex -26.8137 32.136 43.9
      vertex -26.45 37.6847 43.9
      vertex -26.45 32.3153 43.9
    endloop
  endfacet
  facet normal 0 0 -1
    outer loop
      vertex -26.8137 32.136 43.9
      vertex -26.8137 37.864 43.9
      vertex -26.45 37.6847 43.9
    endloop
  endfacet
  facet normal 0 0 -1
    outer loop
      vertex -27.1977 32.0056 43.9
      vertex -26.8137 37.864 43.9
      vertex -26.8137 32.136 43.9
    endloop
  endfacet
  facet normal 0 0 -1
    outer loop
      vertex -27.1977 32.0056 43.9
      vertex -27.1977 37.9944 43.9
      vertex -26.8137 37.864 43.9
    endloop
  endfacet
  facet normal 0 0 -1
    outer loop
      vertex -27.5954 31.9265 43.9
      vertex -27.1977 37.9944 43.9
      vertex -27.1977 32.0056 43.9
    endloop
  endfacet
  facet normal 0 0 -1
    outer loop
      vertex -27.5954 31.9265 43.9
      vertex -27.5954 38.0735 43.9
      vertex -27.1977 37.9944 43.9
    endloop
  endfacet
  facet normal 0 0 -1
    outer loop
      vertex -28 31.9 43.9
      vertex -27.5954 38.0735 43.9
      vertex -27.5954 31.9265 43.9
    endloop
  endfacet
  facet normal 0 0 -1
    outer loop
      vertex -28 31.9 43.9
      vertex -28 38.1 43.9
      vertex -27.5954 38.0735 43.9
    endloop
  endfacet
  facet normal 0 0 -1
    outer loop
      vertex -28.4046 31.9265 43.9
      vertex -28 38.1 43.9
      vertex -28 31.9 43.9
    endloop
  endfacet
  facet normal 0 0 -1
    outer loop
      vertex -28.4046 31.9265 43.9
      vertex -28.4046 38.0735 43.9
      vertex -28 38.1 43.9
    endloop
  endfacet
  facet normal 0 0 -1
    outer loop
      vertex -28.8023 32.0056 43.9
      vertex -28.4046 38.0735 43.9
      vertex -28.4046 31.9265 43.9
    endloop
  endfacet
  facet normal 0 0 -1
    outer loop
      vertex -28.8023 32.0056 43.9
      vertex -28.8023 37.9944 43.9
      vertex -28.4046 38.0735 43.9
    endloop
  endfacet
  facet normal 0 0 -1
    outer loop
      vertex -29.1863 32.136 43.9
      vertex -28.8023 37.9944 43.9
      vertex -28.8023 32.0056 43.9
    endloop
  endfacet
  facet normal 0 0 -1
    outer loop
      vertex -29.1863 32.136 43.9
      vertex -29.1863 37.864 43.9
      vertex -28.8023 37.9944 43.9
    endloop
  endfacet
  facet normal 0 0 -1
    outer loop
      vertex -29.55 32.3153 43.9
      vertex -29.1863 37.864 43.9
      vertex -29.1863 32.136 43.9
    endloop
  endfacet
  facet normal 0 0 -1
    outer loop
      vertex -29.55 32.3153 43.9
      vertex -29.55 37.6847 43.9
      vertex -29.1863 37.864 43.9
    endloop
  endfacet
  facet normal 0 0 -1
    outer loop
      vertex -29.8872 32.5406 43.9
      vertex -29.55 37.6847 43.9
      vertex -29.55 32.3153 43.9
    endloop
  endfacet
  facet normal 0 0 -1
    outer loop
      vertex -29.8872 32.5406 43.9
      vertex -29.8872 37.4594 43.9
      vertex -29.55 37.6847 43.9
    endloop
  endfacet
  facet normal 0 0 -1
    outer loop
      vertex -30.192 32.808 43.9
      vertex -29.8872 37.4594 43.9
      vertex -29.8872 32.5406 43.9
    endloop
  endfacet
  facet normal 0 0 -1
    outer loop
      vertex -30.192 32.808 43.9
      vertex -30.192 37.192 43.9
      vertex -29.8872 37.4594 43.9
    endloop
  endfacet
  facet normal 0 0 -1
    outer loop
      vertex -30.4594 33.1128 43.9
      vertex -30.192 37.192 43.9
      vertex -30.192 32.808 43.9
    endloop
  endfacet
  facet normal 0 0 -1
    outer loop
      vertex -30.4594 33.1128 43.9
      vertex -30.4594 36.8872 43.9
      vertex -30.192 37.192 43.9
    endloop
  endfacet
  facet normal 0 0 -1
    outer loop
      vertex -30.6847 33.45 43.9
      vertex -30.4594 36.8872 43.9
      vertex -30.4594 33.1128 43.9
    endloop
  endfacet
  facet normal 0 0 -1
    outer loop
      vertex -30.6847 33.45 43.9
      vertex -30.6847 36.55 43.9
      vertex -30.4594 36.8872 43.9
    endloop
  endfacet
  facet normal 0 0 -1
    outer loop
      vertex -30.864 33.8137 43.9
      vertex -30.6847 36.55 43.9
      vertex -30.6847 33.45 43.9
    endloop
  endfacet
  facet normal 0 0 -1
    outer loop
      vertex -30.864 33.8137 43.9
      vertex -30.864 36.1863 43.9
      vertex -30.6847 36.55 43.9
    endloop
  endfacet
  facet normal 0 0 -1
    outer loop
      vertex -30.9944 34.1977 43.9
      vertex -30.864 36.1863 43.9
      vertex -30.864 33.8137 43.9
    endloop
  endfacet
  facet normal 0 0 -1
    outer loop
      vertex -30.9944 34.1977 43.9
      vertex -30.9944 35.8023 43.9
      vertex -30.864 36.1863 43.9
    endloop
  endfacet
  facet normal 0 0 -1
    outer loop
      vertex -31.0735 34.5954 43.9
      vertex -30.9944 35.8023 43.9
      vertex -30.9944 34.1977 43.9
    endloop
  endfacet
  facet normal 0 0 -1
    outer loop
      vertex -31.0735 34.5954 43.9
      vertex -31.0735 35.4046 43.9
      vertex -30.9944 35.8023 43.9
    endloop
  endfacet
  facet normal 0 -0 -1
    outer loop
      vertex -31.0735 35.4046 43.9
      vertex -31.0735 34.5954 43.9
      vertex -31.1 35 43.9
    endloop
  endfacet
  facet normal 0.946893 -0.321549 0
    outer loop
      vertex 12.864 -31.1863 44.49
      vertex 12.9944 -30.8023 43.9
      vertex 12.9944 -30.8023 44.49
    endloop
  endfacet
  facet normal 0.946893 -0.321549 0
    outer loop
      vertex 12.9944 -30.8023 43.9
      vertex 12.864 -31.1863 44.49
      vertex 12.864 -31.1863 43.9
    endloop
  endfacet
  facet normal -0.321564 -0.946888 0
    outer loop
      vertex 8.81368 -32.864 44.2381
      vertex 9.19766 -32.9944 44.49
      vertex 8.81368 -32.864 44.49
    endloop
  endfacet
  facet normal -0.321564 -0.946888 -0
    outer loop
      vertex 9.19766 -32.9944 44.49
      vertex 8.81368 -32.864 44.2381
      vertex 9.19766 -32.9944 44.1398
    endloop
  endfacet
  facet normal 0.555553 -0.831481 0
    outer loop
      vertex 11.55 -32.6847 43.9
      vertex 11.8872 -32.4594 44.49
      vertex 11.55 -32.6847 44.49
    endloop
  endfacet
  facet normal 0.555553 -0.831481 0
    outer loop
      vertex 11.8872 -32.4594 44.49
      vertex 11.55 -32.6847 43.9
      vertex 11.8872 -32.4594 43.9
    endloop
  endfacet
  facet normal 0.896928 -0.442176 0
    outer loop
      vertex 12.6847 -31.55 44.49
      vertex 12.864 -31.1863 43.9
      vertex 12.864 -31.1863 44.49
    endloop
  endfacet
  facet normal 0.896928 -0.442176 0
    outer loop
      vertex 12.864 -31.1863 43.9
      vertex 12.6847 -31.55 44.49
      vertex 12.6847 -31.55 43.9
    endloop
  endfacet
  facet normal -0.442195 -0.896919 0
    outer loop
      vertex 8.45 -32.6847 44.3326
      vertex 8.81368 -32.864 44.49
      vertex 8.45 -32.6847 44.49
    endloop
  endfacet
  facet normal -0.442195 -0.896919 -0
    outer loop
      vertex 8.81368 -32.864 44.49
      vertex 8.45 -32.6847 44.3326
      vertex 8.81368 -32.864 44.2381
    endloop
  endfacet
  facet normal -0.659314 -0.751867 0
    outer loop
      vertex 8.11284 -32.4594 44.4217
      vertex 8.11284 -32.4594 44.49
      vertex 7.85922 -32.237 44.49
    endloop
  endfacet
  facet normal 0.896928 0.442176 0
    outer loop
      vertex 12.864 -28.8137 44.49
      vertex 12.6847 -28.45 43.9
      vertex 12.6847 -28.45 44.49
    endloop
  endfacet
  facet normal 0.896928 0.442176 0
    outer loop
      vertex 12.6847 -28.45 43.9
      vertex 12.864 -28.8137 44.49
      vertex 12.864 -28.8137 43.9
    endloop
  endfacet
  facet normal 0.997862 -0.0653568 0
    outer loop
      vertex 13.0735 -30.4046 44.49
      vertex 13.1 -30 43.9
      vertex 13.1 -30 44.49
    endloop
  endfacet
  facet normal 0.997862 -0.0653568 0
    outer loop
      vertex 13.1 -30 43.9
      vertex 13.0735 -30.4046 44.49
      vertex 13.0735 -30.4046 43.9
    endloop
  endfacet
  facet normal 0.659482 0.751721 -0
    outer loop
      vertex 12.192 -27.808 43.9
      vertex 11.8872 -27.5406 44.49
      vertex 12.192 -27.808 44.49
    endloop
  endfacet
  facet normal 0.659482 0.751721 0
    outer loop
      vertex 11.8872 -27.5406 44.49
      vertex 12.192 -27.808 43.9
      vertex 11.8872 -27.5406 43.9
    endloop
  endfacet
  facet normal 0.751721 -0.659482 0
    outer loop
      vertex 12.192 -32.192 44.49
      vertex 12.4594 -31.8872 43.9
      vertex 12.4594 -31.8872 44.49
    endloop
  endfacet
  facet normal 0.751721 -0.659482 0
    outer loop
      vertex 12.4594 -31.8872 43.9
      vertex 12.192 -32.192 44.49
      vertex 12.192 -32.192 43.9
    endloop
  endfacet
  facet normal 0.442176 -0.896928 0
    outer loop
      vertex 11.1863 -32.864 43.9
      vertex 11.55 -32.6847 44.49
      vertex 11.1863 -32.864 44.49
    endloop
  endfacet
  facet normal 0.442176 -0.896928 0
    outer loop
      vertex 11.55 -32.6847 44.49
      vertex 11.1863 -32.864 43.9
      vertex 11.55 -32.6847 43.9
    endloop
  endfacet
  facet normal -0.195068 -0.98079 0
    outer loop
      vertex 9.19766 -32.9944 44.1398
      vertex 9.59537 -33.0735 44.49
      vertex 9.19766 -32.9944 44.49
    endloop
  endfacet
  facet normal -0.195068 -0.98079 -0
    outer loop
      vertex 9.59537 -33.0735 44.49
      vertex 9.19766 -32.9944 44.1398
      vertex 9.59537 -33.0735 44.0394
    endloop
  endfacet
  facet normal -0.442195 0.896919 0
    outer loop
      vertex 8.81368 -27.136 44.49
      vertex 8.45 -27.3153 44.4663
      vertex 8.45 -27.3153 44.49
    endloop
  endfacet
  facet normal -0.442195 0.896919 0
    outer loop
      vertex 8.45 -27.3153 44.4663
      vertex 8.81368 -27.136 44.49
      vertex 8.81368 -27.136 44.3807
    endloop
  endfacet
  facet normal -0.321564 0.946888 0
    outer loop
      vertex 9.19766 -27.0056 44.49
      vertex 8.81368 -27.136 44.3807
      vertex 8.81368 -27.136 44.49
    endloop
  endfacet
  facet normal -0.321564 0.946888 0
    outer loop
      vertex 8.81368 -27.136 44.3807
      vertex 9.19766 -27.0056 44.49
      vertex 9.19766 -27.0056 44.2889
    endloop
  endfacet
  facet normal -0.555599 -0.83145 0
    outer loop
      vertex 8.11284 -32.4594 44.4217
      vertex 8.45 -32.6847 44.49
      vertex 8.11284 -32.4594 44.49
    endloop
  endfacet
  facet normal -0.555599 -0.83145 -0
    outer loop
      vertex 8.45 -32.6847 44.49
      vertex 8.11284 -32.4594 44.4217
      vertex 8.45 -32.6847 44.3326
    endloop
  endfacet
  facet normal 0 0 -1
    outer loop
      vertex 13.0735 -30.4046 43.9
      vertex 13.0735 -29.5954 43.9
      vertex 13.1 -30 43.9
    endloop
  endfacet
  facet normal 0 0 -1
    outer loop
      vertex 12.9944 -30.8023 43.9
      vertex 13.0735 -29.5954 43.9
      vertex 13.0735 -30.4046 43.9
    endloop
  endfacet
  facet normal 0 0 -1
    outer loop
      vertex 12.9944 -30.8023 43.9
      vertex 12.9944 -29.1977 43.9
      vertex 13.0735 -29.5954 43.9
    endloop
  endfacet
  facet normal 0 0 -1
    outer loop
      vertex 12.864 -31.1863 43.9
      vertex 12.9944 -29.1977 43.9
      vertex 12.9944 -30.8023 43.9
    endloop
  endfacet
  facet normal 0 0 -1
    outer loop
      vertex 12.864 -31.1863 43.9
      vertex 12.864 -28.8137 43.9
      vertex 12.9944 -29.1977 43.9
    endloop
  endfacet
  facet normal 0 0 -1
    outer loop
      vertex 12.6847 -31.55 43.9
      vertex 12.864 -28.8137 43.9
      vertex 12.864 -31.1863 43.9
    endloop
  endfacet
  facet normal 0 0 -1
    outer loop
      vertex 12.6847 -31.55 43.9
      vertex 12.6847 -28.45 43.9
      vertex 12.864 -28.8137 43.9
    endloop
  endfacet
  facet normal 0 0 -1
    outer loop
      vertex 12.4594 -31.8872 43.9
      vertex 12.6847 -28.45 43.9
      vertex 12.6847 -31.55 43.9
    endloop
  endfacet
  facet normal 0 0 -1
    outer loop
      vertex 12.4594 -31.8872 43.9
      vertex 12.4594 -28.1128 43.9
      vertex 12.6847 -28.45 43.9
    endloop
  endfacet
  facet normal 0 0 -1
    outer loop
      vertex 12.192 -32.192 43.9
      vertex 12.4594 -28.1128 43.9
      vertex 12.4594 -31.8872 43.9
    endloop
  endfacet
  facet normal 0 0 -1
    outer loop
      vertex 12.192 -32.192 43.9
      vertex 12.192 -27.808 43.9
      vertex 12.4594 -28.1128 43.9
    endloop
  endfacet
  facet normal 0 0 -1
    outer loop
      vertex 11.8872 -32.4594 43.9
      vertex 12.192 -27.808 43.9
      vertex 12.192 -32.192 43.9
    endloop
  endfacet
  facet normal 0 0 -1
    outer loop
      vertex 11.8872 -32.4594 43.9
      vertex 11.8872 -27.5406 43.9
      vertex 12.192 -27.808 43.9
    endloop
  endfacet
  facet normal 0 0 -1
    outer loop
      vertex 11.55 -32.6847 43.9
      vertex 11.8872 -27.5406 43.9
      vertex 11.8872 -32.4594 43.9
    endloop
  endfacet
  facet normal 0 0 -1
    outer loop
      vertex 11.55 -32.6847 43.9
      vertex 11.55 -27.3153 43.9
      vertex 11.8872 -27.5406 43.9
    endloop
  endfacet
  facet normal 0 0 -1
    outer loop
      vertex 11.1863 -32.864 43.9
      vertex 11.55 -27.3153 43.9
      vertex 11.55 -32.6847 43.9
    endloop
  endfacet
  facet normal 0 0 -1
    outer loop
      vertex 11.1863 -32.864 43.9
      vertex 11.1863 -27.136 43.9
      vertex 11.55 -27.3153 43.9
    endloop
  endfacet
  facet normal 0 0 -1
    outer loop
      vertex 10.8023 -32.9944 43.9
      vertex 11.1863 -27.136 43.9
      vertex 11.1863 -32.864 43.9
    endloop
  endfacet
  facet normal 0 0 -1
    outer loop
      vertex 10.7694 -26.9991 43.9
      vertex 11.1863 -27.136 43.9
      vertex 10.8023 -32.9944 43.9
    endloop
  endfacet
  facet normal 0 0 -1
    outer loop
      vertex 11.1863 -27.136 43.9
      vertex 10.7694 -26.9991 43.9
      vertex 10.8023 -27.0056 43.9
    endloop
  endfacet
  facet normal 0 0 -1
    outer loop
      vertex 10.1567 -33.0897 43.9
      vertex 10.8023 -32.9944 43.9
      vertex 10.4046 -33.0735 43.9
    endloop
  endfacet
  facet normal -0 0 -1
    outer loop
      vertex 10.8023 -32.9944 43.9
      vertex 10.1567 -33.0897 43.9
      vertex 10.7694 -26.9991 43.9
    endloop
  endfacet
  facet normal -0.0653519 0.997862 0
    outer loop
      vertex 10 -26.9 44.49
      vertex 9.59537 -26.9265 44.1925
      vertex 9.59537 -26.9265 44.49
    endloop
  endfacet
  facet normal -0.0653519 0.997862 0
    outer loop
      vertex 9.59537 -26.9265 44.1925
      vertex 10 -26.9 44.49
      vertex 10 -26.9 44.0929
    endloop
  endfacet
  facet normal 0.751721 0.659482 0
    outer loop
      vertex 12.4594 -28.1128 44.49
      vertex 12.192 -27.808 43.9
      vertex 12.192 -27.808 44.49
    endloop
  endfacet
  facet normal 0.751721 0.659482 0
    outer loop
      vertex 12.192 -27.808 43.9
      vertex 12.4594 -28.1128 44.49
      vertex 12.4594 -28.1128 43.9
    endloop
  endfacet
  facet normal 0.321549 -0.946893 0
    outer loop
      vertex 10.8023 -32.9944 43.9
      vertex 11.1863 -32.864 44.49
      vertex 10.8023 -32.9944 44.49
    endloop
  endfacet
  facet normal 0.321549 -0.946893 0
    outer loop
      vertex 11.1863 -32.864 44.49
      vertex 10.8023 -32.9944 43.9
      vertex 11.1863 -32.864 43.9
    endloop
  endfacet
  facet normal 0.195073 0.980789 0
    outer loop
      vertex 10.8023 -27.0056 44.49
      vertex 10.4046 -26.9265 43.9921
      vertex 10.4046 -26.9265 44.49
    endloop
  endfacet
  facet normal 0.193822 0.981037 0
    outer loop
      vertex 10.7694 -26.9991 43.9
      vertex 10.8023 -27.0056 44.49
      vertex 10.8023 -27.0056 43.9
    endloop
  endfacet
  facet normal 0.195166 0.98077 -7.7918e-05
    outer loop
      vertex 10.8023 -27.0056 44.49
      vertex 10.7694 -26.9991 43.9
      vertex 10.4046 -26.9265 43.9921
    endloop
  endfacet
  facet normal 0.442176 0.896928 -0
    outer loop
      vertex 11.55 -27.3153 43.9
      vertex 11.1863 -27.136 44.49
      vertex 11.55 -27.3153 44.49
    endloop
  endfacet
  facet normal 0.442176 0.896928 0
    outer loop
      vertex 11.1863 -27.136 44.49
      vertex 11.55 -27.3153 43.9
      vertex 11.1863 -27.136 43.9
    endloop
  endfacet
  facet normal -0.195068 0.98079 0
    outer loop
      vertex 9.59537 -26.9265 44.49
      vertex 9.19766 -27.0056 44.2889
      vertex 9.19766 -27.0056 44.49
    endloop
  endfacet
  facet normal -0.195068 0.98079 0
    outer loop
      vertex 9.19766 -27.0056 44.2889
      vertex 9.59537 -26.9265 44.49
      vertex 9.59537 -26.9265 44.1925
    endloop
  endfacet
  facet normal 0.321549 0.946893 -0
    outer loop
      vertex 11.1863 -27.136 43.9
      vertex 10.8023 -27.0056 44.49
      vertex 11.1863 -27.136 44.49
    endloop
  endfacet
  facet normal 0.321549 0.946893 0
    outer loop
      vertex 10.8023 -27.0056 44.49
      vertex 11.1863 -27.136 43.9
      vertex 10.8023 -27.0056 43.9
    endloop
  endfacet
  facet normal 0.555553 0.831481 -0
    outer loop
      vertex 11.8872 -27.5406 43.9
      vertex 11.55 -27.3153 44.49
      vertex 11.8872 -27.5406 44.49
    endloop
  endfacet
  facet normal 0.555553 0.831481 0
    outer loop
      vertex 11.55 -27.3153 44.49
      vertex 11.8872 -27.5406 43.9
      vertex 11.55 -27.3153 43.9
    endloop
  endfacet
  facet normal 0.946893 0.321549 0
    outer loop
      vertex 12.9944 -29.1977 44.49
      vertex 12.864 -28.8137 43.9
      vertex 12.864 -28.8137 44.49
    endloop
  endfacet
  facet normal 0.946893 0.321549 0
    outer loop
      vertex 12.864 -28.8137 43.9
      vertex 12.9944 -29.1977 44.49
      vertex 12.9944 -29.1977 43.9
    endloop
  endfacet
  facet normal -0.555971 0.831201 0
    outer loop
      vertex 8.45 -27.3153 44.49
      vertex 8.45 -27.3153 44.4663
      vertex 8.34744 -27.3839 44.49
    endloop
  endfacet
  facet normal 0.195073 -0.980789 0
    outer loop
      vertex 10.4046 -33.0735 43.9
      vertex 10.8023 -32.9944 44.49
      vertex 10.4046 -33.0735 44.49
    endloop
  endfacet
  facet normal 0.195073 -0.980789 0
    outer loop
      vertex 10.8023 -32.9944 44.49
      vertex 10.4046 -33.0735 43.9
      vertex 10.8023 -32.9944 43.9
    endloop
  endfacet
  facet normal 0.980789 -0.195073 0
    outer loop
      vertex 12.9944 -30.8023 44.49
      vertex 13.0735 -30.4046 43.9
      vertex 13.0735 -30.4046 44.49
    endloop
  endfacet
  facet normal 0.980789 -0.195073 0
    outer loop
      vertex 13.0735 -30.4046 43.9
      vertex 12.9944 -30.8023 44.49
      vertex 12.9944 -30.8023 43.9
    endloop
  endfacet
  facet normal 0.659482 -0.751721 0
    outer loop
      vertex 11.8872 -32.4594 43.9
      vertex 12.192 -32.192 44.49
      vertex 11.8872 -32.4594 44.49
    endloop
  endfacet
  facet normal 0.659482 -0.751721 0
    outer loop
      vertex 12.192 -32.192 44.49
      vertex 11.8872 -32.4594 43.9
      vertex 12.192 -32.192 43.9
    endloop
  endfacet
  facet normal 0.980789 0.195073 0
    outer loop
      vertex 13.0735 -29.5954 44.49
      vertex 12.9944 -29.1977 43.9
      vertex 12.9944 -29.1977 44.49
    endloop
  endfacet
  facet normal 0.980789 0.195073 0
    outer loop
      vertex 12.9944 -29.1977 43.9
      vertex 13.0735 -29.5954 44.49
      vertex 13.0735 -29.5954 43.9
    endloop
  endfacet
  facet normal -0.0653519 -0.997862 0
    outer loop
      vertex 9.59537 -33.0735 44.0394
      vertex 10 -33.1 44.49
      vertex 9.59537 -33.0735 44.49
    endloop
  endfacet
  facet normal -0.0653519 -0.997862 -0
    outer loop
      vertex 10 -33.1 44.49
      vertex 9.59537 -33.0735 44.0394
      vertex 10 -33.1 43.9385
    endloop
  endfacet
  facet normal 0.997862 0.0653568 0
    outer loop
      vertex 13.1 -30 44.49
      vertex 13.0735 -29.5954 43.9
      vertex 13.0735 -29.5954 44.49
    endloop
  endfacet
  facet normal 0.997862 0.0653568 0
    outer loop
      vertex 13.0735 -29.5954 43.9
      vertex 13.1 -30 44.49
      vertex 13.1 -30 43.9
    endloop
  endfacet
  facet normal 0.0655892 -0.997847 0
    outer loop
      vertex 10.1567 -33.0897 43.9
      vertex 10 -33.1 44.49
      vertex 10 -33.1 43.9385
    endloop
  endfacet
  facet normal 0.0653568 -0.997862 -6.19917e-05
    outer loop
      vertex 10 -33.1 44.49
      vertex 10.1567 -33.0897 43.9
      vertex 10.4046 -33.0735 44.49
    endloop
  endfacet
  facet normal 0.0652098 -0.997872 0
    outer loop
      vertex 10.4046 -33.0735 44.49
      vertex 10.1567 -33.0897 43.9
      vertex 10.4046 -33.0735 43.9
    endloop
  endfacet
  facet normal 0.831481 0.555553 0
    outer loop
      vertex 12.6847 -28.45 44.49
      vertex 12.4594 -28.1128 43.9
      vertex 12.4594 -28.1128 44.49
    endloop
  endfacet
  facet normal 0.831481 0.555553 0
    outer loop
      vertex 12.4594 -28.1128 43.9
      vertex 12.6847 -28.45 44.49
      vertex 12.6847 -28.45 43.9
    endloop
  endfacet
  facet normal 0.0653568 0.997862 0
    outer loop
      vertex 10.4046 -26.9265 44.49
      vertex 10 -26.9 44.0929
      vertex 10 -26.9 44.49
    endloop
  endfacet
  facet normal 0.0653568 0.997862 0
    outer loop
      vertex 10 -26.9 44.0929
      vertex 10.4046 -26.9265 44.49
      vertex 10.4046 -26.9265 43.9921
    endloop
  endfacet
  facet normal 0.831481 -0.555553 0
    outer loop
      vertex 12.4594 -31.8872 44.49
      vertex 12.6847 -31.55 43.9
      vertex 12.6847 -31.55 44.49
    endloop
  endfacet
  facet normal 0.831481 -0.555553 0
    outer loop
      vertex 12.6847 -31.55 43.9
      vertex 12.4594 -31.8872 44.49
      vertex 12.4594 -31.8872 43.9
    endloop
  endfacet
  facet normal 0.896928 0.442176 0
    outer loop
      vertex 12.864 36.1863 44.49
      vertex 12.6847 36.55 43.9
      vertex 12.6847 36.55 44.49
    endloop
  endfacet
  facet normal 0.896928 0.442176 0
    outer loop
      vertex 12.6847 36.55 43.9
      vertex 12.864 36.1863 44.49
      vertex 12.864 36.1863 43.9
    endloop
  endfacet
  facet normal -0.442195 0.896919 0
    outer loop
      vertex 8.81368 37.864 44.49
      vertex 8.45 37.6847 44.4643
      vertex 8.45 37.6847 44.49
    endloop
  endfacet
  facet normal -0.442195 0.896919 0
    outer loop
      vertex 8.45 37.6847 44.4643
      vertex 8.81368 37.864 44.49
      vertex 8.81368 37.864 44.3698
    endloop
  endfacet
  facet normal -0.321521 -0.946903 0
    outer loop
      vertex 9.19766 32.0056 44.4206
      vertex 9.19766 32.0056 44.49
      vertex 8.90757 32.1041 44.49
    endloop
  endfacet
  facet normal -0.321564 0.946888 0
    outer loop
      vertex 9.19766 37.9944 44.49
      vertex 8.81368 37.864 44.3698
      vertex 8.81368 37.864 44.49
    endloop
  endfacet
  facet normal -0.321564 0.946888 0
    outer loop
      vertex 8.81368 37.864 44.3698
      vertex 9.19766 37.9944 44.49
      vertex 9.19766 37.9944 44.2715
    endloop
  endfacet
  facet normal 0.195073 -0.980789 0
    outer loop
      vertex 10.4046 31.9265 44.1238
      vertex 10.8023 32.0056 44.49
      vertex 10.4046 31.9265 44.49
    endloop
  endfacet
  facet normal 0.195073 -0.980789 0
    outer loop
      vertex 10.8023 32.0056 44.49
      vertex 10.4046 31.9265 44.1238
      vertex 10.8023 32.0056 44.0234
    endloop
  endfacet
  facet normal 0.0653568 0.997862 0
    outer loop
      vertex 10.4046 38.0735 44.49
      vertex 10 38.1 44.0702
      vertex 10 38.1 44.49
    endloop
  endfacet
  facet normal 0.0653568 0.997862 0
    outer loop
      vertex 10 38.1 44.0702
      vertex 10.4046 38.0735 44.49
      vertex 10.4046 38.0735 43.9707
    endloop
  endfacet
  facet normal 0.555553 -0.831481 0
    outer loop
      vertex 11.55 32.3153 43.9
      vertex 11.8872 32.5406 44.49
      vertex 11.55 32.3153 44.49
    endloop
  endfacet
  facet normal 0.555553 -0.831481 0
    outer loop
      vertex 11.8872 32.5406 44.49
      vertex 11.55 32.3153 43.9
      vertex 11.8872 32.5406 43.9
    endloop
  endfacet
  facet normal 0.321549 0.946893 -0
    outer loop
      vertex 11.1863 37.864 43.9
      vertex 10.8023 37.9944 44.49
      vertex 11.1863 37.864 44.49
    endloop
  endfacet
  facet normal 0.321549 0.946893 0
    outer loop
      vertex 10.8023 37.9944 44.49
      vertex 11.1863 37.864 43.9
      vertex 10.8023 37.9944 43.9
    endloop
  endfacet
  facet normal 0.831481 0.555553 0
    outer loop
      vertex 12.6847 36.55 44.49
      vertex 12.4594 36.8872 43.9
      vertex 12.4594 36.8872 44.49
    endloop
  endfacet
  facet normal 0.831481 0.555553 0
    outer loop
      vertex 12.4594 36.8872 43.9
      vertex 12.6847 36.55 44.49
      vertex 12.6847 36.55 43.9
    endloop
  endfacet
  facet normal 0.659482 0.751721 -0
    outer loop
      vertex 12.192 37.192 43.9
      vertex 11.8872 37.4594 44.49
      vertex 12.192 37.192 44.49
    endloop
  endfacet
  facet normal 0.659482 0.751721 0
    outer loop
      vertex 11.8872 37.4594 44.49
      vertex 12.192 37.192 43.9
      vertex 11.8872 37.4594 43.9
    endloop
  endfacet
  facet normal 0.659482 -0.751721 0
    outer loop
      vertex 11.8872 32.5406 43.9
      vertex 12.192 32.808 44.49
      vertex 11.8872 32.5406 44.49
    endloop
  endfacet
  facet normal 0.659482 -0.751721 0
    outer loop
      vertex 12.192 32.808 44.49
      vertex 11.8872 32.5406 43.9
      vertex 12.192 32.808 43.9
    endloop
  endfacet
  facet normal 0.946893 -0.321549 0
    outer loop
      vertex 12.864 33.8137 44.49
      vertex 12.9944 34.1977 43.9
      vertex 12.9944 34.1977 44.49
    endloop
  endfacet
  facet normal 0.946893 -0.321549 0
    outer loop
      vertex 12.9944 34.1977 43.9
      vertex 12.864 33.8137 44.49
      vertex 12.864 33.8137 43.9
    endloop
  endfacet
  facet normal 0.442374 -0.89683 0
    outer loop
      vertex 11.2828 32.1836 43.9
      vertex 11.1863 32.136 44.49
      vertex 11.1863 32.136 43.9251
    endloop
  endfacet
  facet normal 0.442176 -0.896928 -4.04193e-05
    outer loop
      vertex 11.1863 32.136 44.49
      vertex 11.2828 32.1836 43.9
      vertex 11.55 32.3153 44.49
    endloop
  endfacet
  facet normal 0.442104 -0.896964 0
    outer loop
      vertex 11.55 32.3153 44.49
      vertex 11.2828 32.1836 43.9
      vertex 11.55 32.3153 43.9
    endloop
  endfacet
  facet normal 0.980789 -0.195073 0
    outer loop
      vertex 12.9944 34.1977 44.49
      vertex 13.0735 34.5954 43.9
      vertex 13.0735 34.5954 44.49
    endloop
  endfacet
  facet normal 0.980789 -0.195073 0
    outer loop
      vertex 13.0735 34.5954 43.9
      vertex 12.9944 34.1977 44.49
      vertex 12.9944 34.1977 43.9
    endloop
  endfacet
  facet normal 0.321549 -0.946893 0
    outer loop
      vertex 10.8023 32.0056 44.0234
      vertex 11.1863 32.136 44.49
      vertex 10.8023 32.0056 44.49
    endloop
  endfacet
  facet normal 0.321549 -0.946893 0
    outer loop
      vertex 11.1863 32.136 44.49
      vertex 10.8023 32.0056 44.0234
      vertex 11.1863 32.136 43.9251
    endloop
  endfacet
  facet normal -0.0653519 -0.997862 0
    outer loop
      vertex 9.59537 31.9265 44.3242
      vertex 10 31.9 44.49
      vertex 9.59537 31.9265 44.49
    endloop
  endfacet
  facet normal -0.0653519 -0.997862 -0
    outer loop
      vertex 10 31.9 44.49
      vertex 9.59537 31.9265 44.3242
      vertex 10 31.9 44.2246
    endloop
  endfacet
  facet normal -0.195068 0.98079 0
    outer loop
      vertex 9.59537 38.0735 44.49
      vertex 9.19766 37.9944 44.2715
      vertex 9.19766 37.9944 44.49
    endloop
  endfacet
  facet normal -0.195068 0.98079 0
    outer loop
      vertex 9.19766 37.9944 44.2715
      vertex 9.59537 38.0735 44.49
      vertex 9.59537 38.0735 44.1711
    endloop
  endfacet
  facet normal 0.980789 0.195073 0
    outer loop
      vertex 13.0735 35.4046 44.49
      vertex 12.9944 35.8023 43.9
      vertex 12.9944 35.8023 44.49
    endloop
  endfacet
  facet normal 0.980789 0.195073 0
    outer loop
      vertex 12.9944 35.8023 43.9
      vertex 13.0735 35.4046 44.49
      vertex 13.0735 35.4046 43.9
    endloop
  endfacet
  facet normal 0.751721 -0.659482 0
    outer loop
      vertex 12.192 32.808 44.49
      vertex 12.4594 33.1128 43.9
      vertex 12.4594 33.1128 44.49
    endloop
  endfacet
  facet normal 0.751721 -0.659482 0
    outer loop
      vertex 12.4594 33.1128 43.9
      vertex 12.192 32.808 44.49
      vertex 12.192 32.808 43.9
    endloop
  endfacet
  facet normal -0.555568 0.831471 0
    outer loop
      vertex 8.45 37.6847 44.49
      vertex 8.45 37.6847 44.4643
      vertex 8.35272 37.6197 44.49
    endloop
  endfacet
  facet normal -0.195068 -0.98079 0
    outer loop
      vertex 9.19766 32.0056 44.4206
      vertex 9.59537 31.9265 44.49
      vertex 9.19766 32.0056 44.49
    endloop
  endfacet
  facet normal -0.195068 -0.98079 -0
    outer loop
      vertex 9.59537 31.9265 44.49
      vertex 9.19766 32.0056 44.4206
      vertex 9.59537 31.9265 44.3242
    endloop
  endfacet
  facet normal 0.997862 0.0653568 0
    outer loop
      vertex 13.1 35 44.49
      vertex 13.0735 35.4046 43.9
      vertex 13.0735 35.4046 44.49
    endloop
  endfacet
  facet normal 0.997862 0.0653568 0
    outer loop
      vertex 13.0735 35.4046 43.9
      vertex 13.1 35 44.49
      vertex 13.1 35 43.9
    endloop
  endfacet
  facet normal 0.751721 0.659482 0
    outer loop
      vertex 12.4594 36.8872 44.49
      vertex 12.192 37.192 43.9
      vertex 12.192 37.192 44.49
    endloop
  endfacet
  facet normal 0.751721 0.659482 0
    outer loop
      vertex 12.192 37.192 43.9
      vertex 12.4594 36.8872 44.49
      vertex 12.4594 36.8872 43.9
    endloop
  endfacet
  facet normal 0.997862 -0.0653568 0
    outer loop
      vertex 13.0735 34.5954 44.49
      vertex 13.1 35 43.9
      vertex 13.1 35 44.49
    endloop
  endfacet
  facet normal 0.997862 -0.0653568 0
    outer loop
      vertex 13.1 35 43.9
      vertex 13.0735 34.5954 44.49
      vertex 13.0735 34.5954 43.9
    endloop
  endfacet
  facet normal 0.442176 0.896928 -0
    outer loop
      vertex 11.55 37.6847 43.9
      vertex 11.1863 37.864 44.49
      vertex 11.55 37.6847 44.49
    endloop
  endfacet
  facet normal 0.442176 0.896928 0
    outer loop
      vertex 11.1863 37.864 44.49
      vertex 11.55 37.6847 43.9
      vertex 11.1863 37.864 43.9
    endloop
  endfacet
  facet normal 0.946893 0.321549 0
    outer loop
      vertex 12.9944 35.8023 44.49
      vertex 12.864 36.1863 43.9
      vertex 12.864 36.1863 44.49
    endloop
  endfacet
  facet normal 0.946893 0.321549 0
    outer loop
      vertex 12.864 36.1863 43.9
      vertex 12.9944 35.8023 44.49
      vertex 12.9944 35.8023 43.9
    endloop
  endfacet
  facet normal 0.195073 0.980789 0
    outer loop
      vertex 10.8023 37.9944 44.49
      vertex 10.4046 38.0735 43.9707
      vertex 10.4046 38.0735 44.49
    endloop
  endfacet
  facet normal 0.195049 0.980793 0
    outer loop
      vertex 10.6962 38.0155 43.9
      vertex 10.8023 37.9944 44.49
      vertex 10.8023 37.9944 43.9
    endloop
  endfacet
  facet normal 0.19508 0.980787 -5.68112e-06
    outer loop
      vertex 10.8023 37.9944 44.49
      vertex 10.6962 38.0155 43.9
      vertex 10.4046 38.0735 43.9707
    endloop
  endfacet
  facet normal -0.0653519 0.997862 0
    outer loop
      vertex 10 38.1 44.49
      vertex 9.59537 38.0735 44.1711
      vertex 9.59537 38.0735 44.49
    endloop
  endfacet
  facet normal -0.0653519 0.997862 0
    outer loop
      vertex 9.59537 38.0735 44.1711
      vertex 10 38.1 44.49
      vertex 10 38.1 44.0702
    endloop
  endfacet
  facet normal 0.0653568 -0.997862 0
    outer loop
      vertex 10 31.9 44.2246
      vertex 10.4046 31.9265 44.49
      vertex 10 31.9 44.49
    endloop
  endfacet
  facet normal 0.0653568 -0.997862 0
    outer loop
      vertex 10.4046 31.9265 44.49
      vertex 10 31.9 44.2246
      vertex 10.4046 31.9265 44.1238
    endloop
  endfacet
  facet normal 0.896928 -0.442176 0
    outer loop
      vertex 12.6847 33.45 44.49
      vertex 12.864 33.8137 43.9
      vertex 12.864 33.8137 44.49
    endloop
  endfacet
  facet normal 0.896928 -0.442176 0
    outer loop
      vertex 12.864 33.8137 43.9
      vertex 12.6847 33.45 44.49
      vertex 12.6847 33.45 43.9
    endloop
  endfacet
  facet normal 0.831481 -0.555553 0
    outer loop
      vertex 12.4594 33.1128 44.49
      vertex 12.6847 33.45 43.9
      vertex 12.6847 33.45 44.49
    endloop
  endfacet
  facet normal 0.831481 -0.555553 0
    outer loop
      vertex 12.6847 33.45 43.9
      vertex 12.4594 33.1128 44.49
      vertex 12.4594 33.1128 43.9
    endloop
  endfacet
  facet normal 0.555553 0.831481 -0
    outer loop
      vertex 11.8872 37.4594 43.9
      vertex 11.55 37.6847 44.49
      vertex 11.8872 37.4594 44.49
    endloop
  endfacet
  facet normal 0.555553 0.831481 0
    outer loop
      vertex 11.55 37.6847 44.49
      vertex 11.8872 37.4594 43.9
      vertex 11.55 37.6847 43.9
    endloop
  endfacet
  facet normal 0 0 -1
    outer loop
      vertex 13.0735 34.5954 43.9
      vertex 13.0735 35.4046 43.9
      vertex 13.1 35 43.9
    endloop
  endfacet
  facet normal 0 0 -1
    outer loop
      vertex 12.9944 34.1977 43.9
      vertex 13.0735 35.4046 43.9
      vertex 13.0735 34.5954 43.9
    endloop
  endfacet
  facet normal 0 0 -1
    outer loop
      vertex 12.9944 34.1977 43.9
      vertex 12.9944 35.8023 43.9
      vertex 13.0735 35.4046 43.9
    endloop
  endfacet
  facet normal 0 0 -1
    outer loop
      vertex 12.864 33.8137 43.9
      vertex 12.9944 35.8023 43.9
      vertex 12.9944 34.1977 43.9
    endloop
  endfacet
  facet normal 0 0 -1
    outer loop
      vertex 12.864 33.8137 43.9
      vertex 12.864 36.1863 43.9
      vertex 12.9944 35.8023 43.9
    endloop
  endfacet
  facet normal 0 0 -1
    outer loop
      vertex 12.6847 33.45 43.9
      vertex 12.864 36.1863 43.9
      vertex 12.864 33.8137 43.9
    endloop
  endfacet
  facet normal 0 0 -1
    outer loop
      vertex 12.6847 33.45 43.9
      vertex 12.6847 36.55 43.9
      vertex 12.864 36.1863 43.9
    endloop
  endfacet
  facet normal 0 0 -1
    outer loop
      vertex 12.4594 33.1128 43.9
      vertex 12.6847 36.55 43.9
      vertex 12.6847 33.45 43.9
    endloop
  endfacet
  facet normal 0 0 -1
    outer loop
      vertex 12.4594 33.1128 43.9
      vertex 12.4594 36.8872 43.9
      vertex 12.6847 36.55 43.9
    endloop
  endfacet
  facet normal 0 0 -1
    outer loop
      vertex 12.192 32.808 43.9
      vertex 12.4594 36.8872 43.9
      vertex 12.4594 33.1128 43.9
    endloop
  endfacet
  facet normal 0 0 -1
    outer loop
      vertex 12.192 32.808 43.9
      vertex 12.192 37.192 43.9
      vertex 12.4594 36.8872 43.9
    endloop
  endfacet
  facet normal 0 0 -1
    outer loop
      vertex 11.8872 32.5406 43.9
      vertex 12.192 37.192 43.9
      vertex 12.192 32.808 43.9
    endloop
  endfacet
  facet normal 0 0 -1
    outer loop
      vertex 11.8872 32.5406 43.9
      vertex 11.8872 37.4594 43.9
      vertex 12.192 37.192 43.9
    endloop
  endfacet
  facet normal 0 0 -1
    outer loop
      vertex 11.2828 32.1836 43.9
      vertex 11.8872 32.5406 43.9
      vertex 11.55 32.3153 43.9
    endloop
  endfacet
  facet normal -0 0 -1
    outer loop
      vertex 11.8872 32.5406 43.9
      vertex 11.2828 32.1836 43.9
      vertex 11.8872 37.4594 43.9
    endloop
  endfacet
  facet normal -0 0 -1
    outer loop
      vertex 11.8872 37.4594 43.9
      vertex 11.2828 32.1836 43.9
      vertex 11.55 37.6847 43.9
    endloop
  endfacet
  facet normal 0 0 -1
    outer loop
      vertex 11.2828 32.1836 43.9
      vertex 11.1863 37.864 43.9
      vertex 11.55 37.6847 43.9
    endloop
  endfacet
  facet normal 0 0 -1
    outer loop
      vertex 10.6962 38.0155 43.9
      vertex 11.1863 37.864 43.9
      vertex 11.2828 32.1836 43.9
    endloop
  endfacet
  facet normal 0 0 -1
    outer loop
      vertex 11.1863 37.864 43.9
      vertex 10.6962 38.0155 43.9
      vertex 10.8023 37.9944 43.9
    endloop
  endfacet
  facet normal -0.896928 0.442176 0
    outer loop
      vertex -32.864 -33.8137 24
      vertex -32.6847 -33.45 26.1
      vertex -32.6847 -33.45 24
    endloop
  endfacet
  facet normal -0.896928 0.442176 0
    outer loop
      vertex -32.6847 -33.45 26.1
      vertex -32.864 -33.8137 24
      vertex -32.864 -33.8137 26.1
    endloop
  endfacet
  facet normal -0.980789 -0.195073 0
    outer loop
      vertex -32.9944 -35.8023 24
      vertex -33.0735 -35.4046 26.1
      vertex -33.0735 -35.4046 24
    endloop
  endfacet
  facet normal -0.980789 -0.195073 0
    outer loop
      vertex -33.0735 -35.4046 26.1
      vertex -32.9944 -35.8023 24
      vertex -32.9944 -35.8023 26.1
    endloop
  endfacet
  facet normal -0.997862 -0.0653568 0
    outer loop
      vertex -33.0735 -35.4046 24
      vertex -33.1 -35 26.1
      vertex -33.1 -35 24
    endloop
  endfacet
  facet normal -0.997862 -0.0653568 0
    outer loop
      vertex -33.1 -35 26.1
      vertex -33.0735 -35.4046 24
      vertex -33.0735 -35.4046 26.1
    endloop
  endfacet
  facet normal -0.946893 -0.321549 0
    outer loop
      vertex -32.864 -36.1863 24
      vertex -32.9944 -35.8023 26.1
      vertex -32.9944 -35.8023 24
    endloop
  endfacet
  facet normal -0.946893 -0.321549 0
    outer loop
      vertex -32.9944 -35.8023 26.1
      vertex -32.864 -36.1863 24
      vertex -32.864 -36.1863 26.1
    endloop
  endfacet
  facet normal -0.980789 0.195073 0
    outer loop
      vertex -33.0735 -34.5954 24
      vertex -32.9944 -34.1977 26.1
      vertex -32.9944 -34.1977 24
    endloop
  endfacet
  facet normal -0.980789 0.195073 0
    outer loop
      vertex -32.9944 -34.1977 26.1
      vertex -33.0735 -34.5954 24
      vertex -33.0735 -34.5954 26.1
    endloop
  endfacet
  facet normal -0.896928 -0.442176 0
    outer loop
      vertex -32.6847 -36.55 24
      vertex -32.864 -36.1863 26.1
      vertex -32.864 -36.1863 24
    endloop
  endfacet
  facet normal -0.896928 -0.442176 0
    outer loop
      vertex -32.864 -36.1863 26.1
      vertex -32.6847 -36.55 24
      vertex -32.6847 -36.55 26.1
    endloop
  endfacet
  facet normal 0.946893 -0.321549 0
    outer loop
      vertex -27.136 -36.1863 26.1
      vertex -27.0056 -35.8023 24
      vertex -27.0056 -35.8023 26.1
    endloop
  endfacet
  facet normal 0.946893 -0.321549 0
    outer loop
      vertex -27.0056 -35.8023 24
      vertex -27.136 -36.1863 26.1
      vertex -27.136 -36.1863 24
    endloop
  endfacet
  facet normal -0.831481 0.555553 0
    outer loop
      vertex -32.6847 -33.45 24
      vertex -32.4594 -33.1128 26.1
      vertex -32.4594 -33.1128 24
    endloop
  endfacet
  facet normal -0.831481 0.555553 0
    outer loop
      vertex -32.4594 -33.1128 26.1
      vertex -32.6847 -33.45 24
      vertex -32.6847 -33.45 26.1
    endloop
  endfacet
  facet normal -0.321549 -0.946893 0
    outer loop
      vertex -31.1863 -37.864 24
      vertex -30.8023 -37.9944 26.1
      vertex -31.1863 -37.864 26.1
    endloop
  endfacet
  facet normal -0.321549 -0.946893 -0
    outer loop
      vertex -30.8023 -37.9944 26.1
      vertex -31.1863 -37.864 24
      vertex -30.8023 -37.9944 24
    endloop
  endfacet
  facet normal 0.555553 -0.831481 0
    outer loop
      vertex -28.45 -37.6847 24
      vertex -28.1128 -37.4594 26.1
      vertex -28.45 -37.6847 26.1
    endloop
  endfacet
  facet normal 0.555553 -0.831481 0
    outer loop
      vertex -28.1128 -37.4594 26.1
      vertex -28.45 -37.6847 24
      vertex -28.1128 -37.4594 24
    endloop
  endfacet
  facet normal 0.896928 -0.442176 0
    outer loop
      vertex -27.3153 -36.55 26.1
      vertex -27.136 -36.1863 24
      vertex -27.136 -36.1863 26.1
    endloop
  endfacet
  facet normal 0.896928 -0.442176 0
    outer loop
      vertex -27.136 -36.1863 24
      vertex -27.3153 -36.55 26.1
      vertex -27.3153 -36.55 24
    endloop
  endfacet
  facet normal -0.442176 -0.896928 0
    outer loop
      vertex -31.55 -37.6847 24
      vertex -31.1863 -37.864 26.1
      vertex -31.55 -37.6847 26.1
    endloop
  endfacet
  facet normal -0.442176 -0.896928 -0
    outer loop
      vertex -31.1863 -37.864 26.1
      vertex -31.55 -37.6847 24
      vertex -31.1863 -37.864 24
    endloop
  endfacet
  facet normal -0.659482 -0.751721 0
    outer loop
      vertex -32.192 -37.192 24
      vertex -31.8872 -37.4594 26.1
      vertex -32.192 -37.192 26.1
    endloop
  endfacet
  facet normal -0.659482 -0.751721 -0
    outer loop
      vertex -31.8872 -37.4594 26.1
      vertex -32.192 -37.192 24
      vertex -31.8872 -37.4594 24
    endloop
  endfacet
  facet normal 0.896928 0.442176 0
    outer loop
      vertex -27.136 -33.8137 26.1
      vertex -27.3153 -33.45 24
      vertex -27.3153 -33.45 26.1
    endloop
  endfacet
  facet normal 0.896928 0.442176 0
    outer loop
      vertex -27.3153 -33.45 24
      vertex -27.136 -33.8137 26.1
      vertex -27.136 -33.8137 24
    endloop
  endfacet
  facet normal 0.997862 -0.0653568 0
    outer loop
      vertex -26.9265 -35.4046 26.1
      vertex -26.9 -35 24
      vertex -26.9 -35 26.1
    endloop
  endfacet
  facet normal 0.997862 -0.0653568 0
    outer loop
      vertex -26.9 -35 24
      vertex -26.9265 -35.4046 26.1
      vertex -26.9265 -35.4046 24
    endloop
  endfacet
  facet normal 0.659482 0.751721 -0
    outer loop
      vertex -27.808 -32.808 24
      vertex -28.1128 -32.5406 26.1
      vertex -27.808 -32.808 26.1
    endloop
  endfacet
  facet normal 0.659482 0.751721 0
    outer loop
      vertex -28.1128 -32.5406 26.1
      vertex -27.808 -32.808 24
      vertex -28.1128 -32.5406 24
    endloop
  endfacet
  facet normal 0.751721 -0.659482 0
    outer loop
      vertex -27.808 -37.192 26.1
      vertex -27.5406 -36.8872 24
      vertex -27.5406 -36.8872 26.1
    endloop
  endfacet
  facet normal 0.751721 -0.659482 0
    outer loop
      vertex -27.5406 -36.8872 24
      vertex -27.808 -37.192 26.1
      vertex -27.808 -37.192 24
    endloop
  endfacet
  facet normal 0.442176 -0.896928 0
    outer loop
      vertex -28.8137 -37.864 24
      vertex -28.45 -37.6847 26.1
      vertex -28.8137 -37.864 26.1
    endloop
  endfacet
  facet normal 0.442176 -0.896928 0
    outer loop
      vertex -28.45 -37.6847 26.1
      vertex -28.8137 -37.864 24
      vertex -28.45 -37.6847 24
    endloop
  endfacet
  facet normal -0.194116 -0.980979 0
    outer loop
      vertex -30.8023 -37.9944 24
      vertex -30.774 -38 26.1
      vertex -30.8023 -37.9944 26.1
    endloop
  endfacet
  facet normal -0.194116 -0.980979 -0
    outer loop
      vertex -30.774 -38 26.1
      vertex -30.8023 -37.9944 24
      vertex -30.774 -38 24
    endloop
  endfacet
  facet normal -0.442176 0.896928 0
    outer loop
      vertex -31.1863 -32.136 24
      vertex -31.55 -32.3153 26.1
      vertex -31.1863 -32.136 26.1
    endloop
  endfacet
  facet normal -0.442176 0.896928 0
    outer loop
      vertex -31.55 -32.3153 26.1
      vertex -31.1863 -32.136 24
      vertex -31.55 -32.3153 24
    endloop
  endfacet
  facet normal -0.997862 0.0653568 0
    outer loop
      vertex -33.1 -35 24
      vertex -33.0735 -34.5954 26.1
      vertex -33.0735 -34.5954 24
    endloop
  endfacet
  facet normal -0.997862 0.0653568 0
    outer loop
      vertex -33.0735 -34.5954 26.1
      vertex -33.1 -35 24
      vertex -33.1 -35 26.1
    endloop
  endfacet
  facet normal -0.321549 0.946893 0
    outer loop
      vertex -30.8023 -32.0056 24
      vertex -31.1863 -32.136 26.1
      vertex -30.8023 -32.0056 26.1
    endloop
  endfacet
  facet normal -0.321549 0.946893 0
    outer loop
      vertex -31.1863 -32.136 26.1
      vertex -30.8023 -32.0056 24
      vertex -31.1863 -32.136 24
    endloop
  endfacet
  facet normal -0.555553 -0.831481 0
    outer loop
      vertex -31.8872 -37.4594 24
      vertex -31.55 -37.6847 26.1
      vertex -31.8872 -37.4594 26.1
    endloop
  endfacet
  facet normal -0.555553 -0.831481 -0
    outer loop
      vertex -31.55 -37.6847 26.1
      vertex -31.8872 -37.4594 24
      vertex -31.55 -37.6847 24
    endloop
  endfacet
  facet normal -0.831481 -0.555553 0
    outer loop
      vertex -32.4594 -36.8872 24
      vertex -32.6847 -36.55 26.1
      vertex -32.6847 -36.55 24
    endloop
  endfacet
  facet normal -0.831481 -0.555553 0
    outer loop
      vertex -32.6847 -36.55 26.1
      vertex -32.4594 -36.8872 24
      vertex -32.4594 -36.8872 26.1
    endloop
  endfacet
  facet normal 0.194116 -0.980979 0
    outer loop
      vertex -29.226 -38 24
      vertex -29.1977 -37.9944 26.1
      vertex -29.226 -38 26.1
    endloop
  endfacet
  facet normal 0.194116 -0.980979 0
    outer loop
      vertex -29.1977 -37.9944 26.1
      vertex -29.226 -38 24
      vertex -29.1977 -37.9944 24
    endloop
  endfacet
  facet normal -0.751721 0.659482 0
    outer loop
      vertex -32.4594 -33.1128 24
      vertex -32.192 -32.808 26.1
      vertex -32.192 -32.808 24
    endloop
  endfacet
  facet normal -0.751721 0.659482 0
    outer loop
      vertex -32.192 -32.808 26.1
      vertex -32.4594 -33.1128 24
      vertex -32.4594 -33.1128 26.1
    endloop
  endfacet
  facet normal -0.0653568 0.997862 0
    outer loop
      vertex -30 -31.9 24
      vertex -30.4046 -31.9265 26.1
      vertex -30 -31.9 26.1
    endloop
  endfacet
  facet normal -0.0653568 0.997862 0
    outer loop
      vertex -30.4046 -31.9265 26.1
      vertex -30 -31.9 24
      vertex -30.4046 -31.9265 24
    endloop
  endfacet
  facet normal -0.946893 0.321549 0
    outer loop
      vertex -32.9944 -34.1977 24
      vertex -32.864 -33.8137 26.1
      vertex -32.864 -33.8137 24
    endloop
  endfacet
  facet normal -0.946893 0.321549 0
    outer loop
      vertex -32.864 -33.8137 26.1
      vertex -32.9944 -34.1977 24
      vertex -32.9944 -34.1977 26.1
    endloop
  endfacet
  facet normal 0.751721 0.659482 0
    outer loop
      vertex -27.5406 -33.1128 26.1
      vertex -27.808 -32.808 24
      vertex -27.808 -32.808 26.1
    endloop
  endfacet
  facet normal 0.751721 0.659482 0
    outer loop
      vertex -27.808 -32.808 24
      vertex -27.5406 -33.1128 26.1
      vertex -27.5406 -33.1128 24
    endloop
  endfacet
  facet normal 0.321549 -0.946893 0
    outer loop
      vertex -29.1977 -37.9944 24
      vertex -28.8137 -37.864 26.1
      vertex -29.1977 -37.9944 26.1
    endloop
  endfacet
  facet normal 0.321549 -0.946893 0
    outer loop
      vertex -28.8137 -37.864 26.1
      vertex -29.1977 -37.9944 24
      vertex -28.8137 -37.864 24
    endloop
  endfacet
  facet normal 0.659482 -0.751721 0
    outer loop
      vertex -28.1128 -37.4594 24
      vertex -27.808 -37.192 26.1
      vertex -28.1128 -37.4594 26.1
    endloop
  endfacet
  facet normal 0.659482 -0.751721 0
    outer loop
      vertex -27.808 -37.192 26.1
      vertex -28.1128 -37.4594 24
      vertex -27.808 -37.192 24
    endloop
  endfacet
  facet normal 0.195073 0.980789 -0
    outer loop
      vertex -29.1977 -32.0056 24
      vertex -29.5954 -31.9265 26.1
      vertex -29.1977 -32.0056 26.1
    endloop
  endfacet
  facet normal 0.195073 0.980789 0
    outer loop
      vertex -29.5954 -31.9265 26.1
      vertex -29.1977 -32.0056 24
      vertex -29.5954 -31.9265 24
    endloop
  endfacet
  facet normal 0 0 1
    outer loop
      vertex -26.9265 -34.5954 26.1
      vertex -26.9265 -35.4046 26.1
      vertex -26.9 -35 26.1
    endloop
  endfacet
  facet normal 0 0 1
    outer loop
      vertex -27.0056 -34.1977 26.1
      vertex -26.9265 -35.4046 26.1
      vertex -26.9265 -34.5954 26.1
    endloop
  endfacet
  facet normal 0 0 1
    outer loop
      vertex -27.0056 -34.1977 26.1
      vertex -27.0056 -35.8023 26.1
      vertex -26.9265 -35.4046 26.1
    endloop
  endfacet
  facet normal 0 0 1
    outer loop
      vertex -27.136 -33.8137 26.1
      vertex -27.0056 -35.8023 26.1
      vertex -27.0056 -34.1977 26.1
    endloop
  endfacet
  facet normal 0 0 1
    outer loop
      vertex -27.136 -33.8137 26.1
      vertex -27.136 -36.1863 26.1
      vertex -27.0056 -35.8023 26.1
    endloop
  endfacet
  facet normal 0 0 1
    outer loop
      vertex -27.3153 -33.45 26.1
      vertex -27.136 -36.1863 26.1
      vertex -27.136 -33.8137 26.1
    endloop
  endfacet
  facet normal 0 0 1
    outer loop
      vertex -27.3153 -33.45 26.1
      vertex -27.3153 -36.55 26.1
      vertex -27.136 -36.1863 26.1
    endloop
  endfacet
  facet normal 0 0 1
    outer loop
      vertex -27.5406 -33.1128 26.1
      vertex -27.3153 -36.55 26.1
      vertex -27.3153 -33.45 26.1
    endloop
  endfacet
  facet normal 0 0 1
    outer loop
      vertex -27.5406 -33.1128 26.1
      vertex -27.5406 -36.8872 26.1
      vertex -27.3153 -36.55 26.1
    endloop
  endfacet
  facet normal 0 0 1
    outer loop
      vertex -27.808 -32.808 26.1
      vertex -27.5406 -36.8872 26.1
      vertex -27.5406 -33.1128 26.1
    endloop
  endfacet
  facet normal 0 0 1
    outer loop
      vertex -27.808 -32.808 26.1
      vertex -27.808 -37.192 26.1
      vertex -27.5406 -36.8872 26.1
    endloop
  endfacet
  facet normal 0 0 1
    outer loop
      vertex -28.1128 -32.5406 26.1
      vertex -27.808 -37.192 26.1
      vertex -27.808 -32.808 26.1
    endloop
  endfacet
  facet normal 0 0 1
    outer loop
      vertex -28.1128 -32.5406 26.1
      vertex -28.1128 -37.4594 26.1
      vertex -27.808 -37.192 26.1
    endloop
  endfacet
  facet normal 0 0 1
    outer loop
      vertex -28.45 -32.3153 26.1
      vertex -28.1128 -37.4594 26.1
      vertex -28.1128 -32.5406 26.1
    endloop
  endfacet
  facet normal 0 0 1
    outer loop
      vertex -28.45 -32.3153 26.1
      vertex -28.45 -37.6847 26.1
      vertex -28.1128 -37.4594 26.1
    endloop
  endfacet
  facet normal 0 0 1
    outer loop
      vertex -28.8137 -32.136 26.1
      vertex -28.45 -37.6847 26.1
      vertex -28.45 -32.3153 26.1
    endloop
  endfacet
  facet normal 0 0 1
    outer loop
      vertex -28.8137 -32.136 26.1
      vertex -28.8137 -37.864 26.1
      vertex -28.45 -37.6847 26.1
    endloop
  endfacet
  facet normal 0 0 1
    outer loop
      vertex -29.1977 -32.0056 26.1
      vertex -28.8137 -37.864 26.1
      vertex -28.8137 -32.136 26.1
    endloop
  endfacet
  facet normal 0 0 1
    outer loop
      vertex -29.226 -38 26.1
      vertex -28.8137 -37.864 26.1
      vertex -29.1977 -32.0056 26.1
    endloop
  endfacet
  facet normal 0 0 1
    outer loop
      vertex -28.8137 -37.864 26.1
      vertex -29.226 -38 26.1
      vertex -29.1977 -37.9944 26.1
    endloop
  endfacet
  facet normal 0 0 1
    outer loop
      vertex -29.5954 -31.9265 26.1
      vertex -29.226 -38 26.1
      vertex -29.1977 -32.0056 26.1
    endloop
  endfacet
  facet normal 0 0 1
    outer loop
      vertex -30 -31.9 26.1
      vertex -29.226 -38 26.1
      vertex -29.5954 -31.9265 26.1
    endloop
  endfacet
  facet normal -0 0 1
    outer loop
      vertex -30.4046 -31.9265 26.1
      vertex -29.226 -38 26.1
      vertex -30 -31.9 26.1
    endloop
  endfacet
  facet normal 0 0 1
    outer loop
      vertex -30.4046 -31.9265 26.1
      vertex -30.774 -38 26.1
      vertex -29.226 -38 26.1
    endloop
  endfacet
  facet normal -0 0 1
    outer loop
      vertex -30.8023 -32.0056 26.1
      vertex -30.774 -38 26.1
      vertex -30.4046 -31.9265 26.1
    endloop
  endfacet
  facet normal -0 0 1
    outer loop
      vertex -31.1863 -32.136 26.1
      vertex -30.774 -38 26.1
      vertex -30.8023 -32.0056 26.1
    endloop
  endfacet
  facet normal -0 0 1
    outer loop
      vertex -31.1863 -37.864 26.1
      vertex -30.774 -38 26.1
      vertex -31.1863 -32.136 26.1
    endloop
  endfacet
  facet normal 0 0 1
    outer loop
      vertex -30.774 -38 26.1
      vertex -31.1863 -37.864 26.1
      vertex -30.8023 -37.9944 26.1
    endloop
  endfacet
  facet normal -0 0 1
    outer loop
      vertex -31.55 -32.3153 26.1
      vertex -31.1863 -37.864 26.1
      vertex -31.1863 -32.136 26.1
    endloop
  endfacet
  facet normal 0 0 1
    outer loop
      vertex -31.55 -32.3153 26.1
      vertex -31.55 -37.6847 26.1
      vertex -31.1863 -37.864 26.1
    endloop
  endfacet
  facet normal -0 0 1
    outer loop
      vertex -31.8872 -32.5406 26.1
      vertex -31.55 -37.6847 26.1
      vertex -31.55 -32.3153 26.1
    endloop
  endfacet
  facet normal 0 0 1
    outer loop
      vertex -31.8872 -32.5406 26.1
      vertex -31.8872 -37.4594 26.1
      vertex -31.55 -37.6847 26.1
    endloop
  endfacet
  facet normal -0 0 1
    outer loop
      vertex -32.192 -32.808 26.1
      vertex -31.8872 -37.4594 26.1
      vertex -31.8872 -32.5406 26.1
    endloop
  endfacet
  facet normal 0 0 1
    outer loop
      vertex -32.192 -32.808 26.1
      vertex -32.192 -37.192 26.1
      vertex -31.8872 -37.4594 26.1
    endloop
  endfacet
  facet normal -0 0 1
    outer loop
      vertex -32.4594 -33.1128 26.1
      vertex -32.192 -37.192 26.1
      vertex -32.192 -32.808 26.1
    endloop
  endfacet
  facet normal 0 0 1
    outer loop
      vertex -32.4594 -33.1128 26.1
      vertex -32.4594 -36.8872 26.1
      vertex -32.192 -37.192 26.1
    endloop
  endfacet
  facet normal -0 0 1
    outer loop
      vertex -32.6847 -33.45 26.1
      vertex -32.4594 -36.8872 26.1
      vertex -32.4594 -33.1128 26.1
    endloop
  endfacet
  facet normal 0 0 1
    outer loop
      vertex -32.6847 -33.45 26.1
      vertex -32.6847 -36.55 26.1
      vertex -32.4594 -36.8872 26.1
    endloop
  endfacet
  facet normal -0 0 1
    outer loop
      vertex -32.864 -33.8137 26.1
      vertex -32.6847 -36.55 26.1
      vertex -32.6847 -33.45 26.1
    endloop
  endfacet
  facet normal 0 0 1
    outer loop
      vertex -32.864 -33.8137 26.1
      vertex -32.864 -36.1863 26.1
      vertex -32.6847 -36.55 26.1
    endloop
  endfacet
  facet normal -0 0 1
    outer loop
      vertex -32.9944 -34.1977 26.1
      vertex -32.864 -36.1863 26.1
      vertex -32.864 -33.8137 26.1
    endloop
  endfacet
  facet normal 0 0 1
    outer loop
      vertex -32.9944 -34.1977 26.1
      vertex -32.9944 -35.8023 26.1
      vertex -32.864 -36.1863 26.1
    endloop
  endfacet
  facet normal -0 0 1
    outer loop
      vertex -33.0735 -34.5954 26.1
      vertex -32.9944 -35.8023 26.1
      vertex -32.9944 -34.1977 26.1
    endloop
  endfacet
  facet normal 0 0 1
    outer loop
      vertex -33.0735 -34.5954 26.1
      vertex -33.0735 -35.4046 26.1
      vertex -32.9944 -35.8023 26.1
    endloop
  endfacet
  facet normal 0 -0 1
    outer loop
      vertex -33.0735 -35.4046 26.1
      vertex -33.0735 -34.5954 26.1
      vertex -33.1 -35 26.1
    endloop
  endfacet
  facet normal -0.751721 -0.659482 0
    outer loop
      vertex -32.192 -37.192 24
      vertex -32.4594 -36.8872 26.1
      vertex -32.4594 -36.8872 24
    endloop
  endfacet
  facet normal -0.751721 -0.659482 0
    outer loop
      vertex -32.4594 -36.8872 26.1
      vertex -32.192 -37.192 24
      vertex -32.192 -37.192 26.1
    endloop
  endfacet
  facet normal 0.442176 0.896928 -0
    outer loop
      vertex -28.45 -32.3153 24
      vertex -28.8137 -32.136 26.1
      vertex -28.45 -32.3153 26.1
    endloop
  endfacet
  facet normal 0.442176 0.896928 0
    outer loop
      vertex -28.8137 -32.136 26.1
      vertex -28.45 -32.3153 24
      vertex -28.8137 -32.136 24
    endloop
  endfacet
  facet normal -0.195073 0.980789 0
    outer loop
      vertex -30.4046 -31.9265 24
      vertex -30.8023 -32.0056 26.1
      vertex -30.4046 -31.9265 26.1
    endloop
  endfacet
  facet normal -0.195073 0.980789 0
    outer loop
      vertex -30.8023 -32.0056 26.1
      vertex -30.4046 -31.9265 24
      vertex -30.8023 -32.0056 24
    endloop
  endfacet
  facet normal 0.321549 0.946893 -0
    outer loop
      vertex -28.8137 -32.136 24
      vertex -29.1977 -32.0056 26.1
      vertex -28.8137 -32.136 26.1
    endloop
  endfacet
  facet normal 0.321549 0.946893 0
    outer loop
      vertex -29.1977 -32.0056 26.1
      vertex -28.8137 -32.136 24
      vertex -29.1977 -32.0056 24
    endloop
  endfacet
  facet normal -0.659482 0.751721 0
    outer loop
      vertex -31.8872 -32.5406 24
      vertex -32.192 -32.808 26.1
      vertex -31.8872 -32.5406 26.1
    endloop
  endfacet
  facet normal -0.659482 0.751721 0
    outer loop
      vertex -32.192 -32.808 26.1
      vertex -31.8872 -32.5406 24
      vertex -32.192 -32.808 24
    endloop
  endfacet
  facet normal 0.555553 0.831481 -0
    outer loop
      vertex -28.1128 -32.5406 24
      vertex -28.45 -32.3153 26.1
      vertex -28.1128 -32.5406 26.1
    endloop
  endfacet
  facet normal 0.555553 0.831481 0
    outer loop
      vertex -28.45 -32.3153 26.1
      vertex -28.1128 -32.5406 24
      vertex -28.45 -32.3153 24
    endloop
  endfacet
  facet normal 0.946893 0.321549 0
    outer loop
      vertex -27.0056 -34.1977 26.1
      vertex -27.136 -33.8137 24
      vertex -27.136 -33.8137 26.1
    endloop
  endfacet
  facet normal 0.946893 0.321549 0
    outer loop
      vertex -27.136 -33.8137 24
      vertex -27.0056 -34.1977 26.1
      vertex -27.0056 -34.1977 24
    endloop
  endfacet
  facet normal -0.555553 0.831481 0
    outer loop
      vertex -31.55 -32.3153 24
      vertex -31.8872 -32.5406 26.1
      vertex -31.55 -32.3153 26.1
    endloop
  endfacet
  facet normal -0.555553 0.831481 0
    outer loop
      vertex -31.8872 -32.5406 26.1
      vertex -31.55 -32.3153 24
      vertex -31.8872 -32.5406 24
    endloop
  endfacet
  facet normal 0.980789 -0.195073 0
    outer loop
      vertex -27.0056 -35.8023 26.1
      vertex -26.9265 -35.4046 24
      vertex -26.9265 -35.4046 26.1
    endloop
  endfacet
  facet normal 0.980789 -0.195073 0
    outer loop
      vertex -26.9265 -35.4046 24
      vertex -27.0056 -35.8023 26.1
      vertex -27.0056 -35.8023 24
    endloop
  endfacet
  facet normal 0.980789 0.195073 0
    outer loop
      vertex -26.9265 -34.5954 26.1
      vertex -27.0056 -34.1977 24
      vertex -27.0056 -34.1977 26.1
    endloop
  endfacet
  facet normal 0.980789 0.195073 0
    outer loop
      vertex -27.0056 -34.1977 24
      vertex -26.9265 -34.5954 26.1
      vertex -26.9265 -34.5954 24
    endloop
  endfacet
  facet normal 0.997862 0.0653568 0
    outer loop
      vertex -26.9 -35 26.1
      vertex -26.9265 -34.5954 24
      vertex -26.9265 -34.5954 26.1
    endloop
  endfacet
  facet normal 0.997862 0.0653568 0
    outer loop
      vertex -26.9265 -34.5954 24
      vertex -26.9 -35 26.1
      vertex -26.9 -35 24
    endloop
  endfacet
  facet normal 0.831481 -0.555553 0
    outer loop
      vertex -27.5406 -36.8872 26.1
      vertex -27.3153 -36.55 24
      vertex -27.3153 -36.55 26.1
    endloop
  endfacet
  facet normal 0.831481 -0.555553 0
    outer loop
      vertex -27.3153 -36.55 24
      vertex -27.5406 -36.8872 26.1
      vertex -27.5406 -36.8872 24
    endloop
  endfacet
  facet normal 0.831481 0.555553 0
    outer loop
      vertex -27.3153 -33.45 26.1
      vertex -27.5406 -33.1128 24
      vertex -27.5406 -33.1128 26.1
    endloop
  endfacet
  facet normal 0.831481 0.555553 0
    outer loop
      vertex -27.5406 -33.1128 24
      vertex -27.3153 -33.45 26.1
      vertex -27.3153 -33.45 24
    endloop
  endfacet
  facet normal 0.0653568 0.997862 -0
    outer loop
      vertex -29.5954 -31.9265 24
      vertex -30 -31.9 26.1
      vertex -29.5954 -31.9265 26.1
    endloop
  endfacet
  facet normal 0.0653568 0.997862 0
    outer loop
      vertex -30 -31.9 26.1
      vertex -29.5954 -31.9265 24
      vertex -30 -31.9 24
    endloop
  endfacet
  facet normal -0.442176 0.896928 0
    outer loop
      vertex -31.1863 42.864 24
      vertex -31.55 42.6847 26.1
      vertex -31.1863 42.864 26.1
    endloop
  endfacet
  facet normal -0.442176 0.896928 0
    outer loop
      vertex -31.55 42.6847 26.1
      vertex -31.1863 42.864 24
      vertex -31.55 42.6847 24
    endloop
  endfacet
  facet normal -0.980789 -0.195073 0
    outer loop
      vertex -32.9944 39.1977 24
      vertex -33.0735 39.5954 26.1
      vertex -33.0735 39.5954 24
    endloop
  endfacet
  facet normal -0.980789 -0.195073 0
    outer loop
      vertex -33.0735 39.5954 26.1
      vertex -32.9944 39.1977 24
      vertex -32.9944 39.1977 26.1
    endloop
  endfacet
  facet normal -0.997862 -0.0653568 0
    outer loop
      vertex -33.0735 39.5954 24
      vertex -33.1 40 26.1
      vertex -33.1 40 24
    endloop
  endfacet
  facet normal -0.997862 -0.0653568 0
    outer loop
      vertex -33.1 40 26.1
      vertex -33.0735 39.5954 24
      vertex -33.0735 39.5954 26.1
    endloop
  endfacet
  facet normal -0.946893 -0.321549 0
    outer loop
      vertex -32.864 38.8137 24
      vertex -32.9944 39.1977 26.1
      vertex -32.9944 39.1977 24
    endloop
  endfacet
  facet normal -0.946893 -0.321549 0
    outer loop
      vertex -32.9944 39.1977 26.1
      vertex -32.864 38.8137 24
      vertex -32.864 38.8137 26.1
    endloop
  endfacet
  facet normal -0.751721 0.659482 0
    outer loop
      vertex -32.4594 41.8872 24
      vertex -32.192 42.192 26.1
      vertex -32.192 42.192 24
    endloop
  endfacet
  facet normal -0.751721 0.659482 0
    outer loop
      vertex -32.192 42.192 26.1
      vertex -32.4594 41.8872 24
      vertex -32.4594 41.8872 26.1
    endloop
  endfacet
  facet normal -0.321549 -0.946893 0
    outer loop
      vertex -31.1863 37.136 24
      vertex -30.8023 37.0056 26.1
      vertex -31.1863 37.136 26.1
    endloop
  endfacet
  facet normal -0.321549 -0.946893 -0
    outer loop
      vertex -30.8023 37.0056 26.1
      vertex -31.1863 37.136 24
      vertex -30.8023 37.0056 24
    endloop
  endfacet
  facet normal -0.555553 -0.831481 0
    outer loop
      vertex -31.8872 37.5406 24
      vertex -31.55 37.3153 26.1
      vertex -31.8872 37.5406 26.1
    endloop
  endfacet
  facet normal -0.555553 -0.831481 -0
    outer loop
      vertex -31.55 37.3153 26.1
      vertex -31.8872 37.5406 24
      vertex -31.55 37.3153 24
    endloop
  endfacet
  facet normal -0.896928 0.442176 0
    outer loop
      vertex -32.864 41.1863 24
      vertex -32.6847 41.55 26.1
      vertex -32.6847 41.55 24
    endloop
  endfacet
  facet normal -0.896928 0.442176 0
    outer loop
      vertex -32.6847 41.55 26.1
      vertex -32.864 41.1863 24
      vertex -32.864 41.1863 26.1
    endloop
  endfacet
  facet normal -0.321549 0.946893 0
    outer loop
      vertex -30.8023 42.9944 24
      vertex -31.1863 42.864 26.1
      vertex -30.8023 42.9944 26.1
    endloop
  endfacet
  facet normal -0.321549 0.946893 0
    outer loop
      vertex -31.1863 42.864 26.1
      vertex -30.8023 42.9944 24
      vertex -31.1863 42.864 24
    endloop
  endfacet
  facet normal -0.896928 -0.442176 0
    outer loop
      vertex -32.6847 38.45 24
      vertex -32.864 38.8137 26.1
      vertex -32.864 38.8137 24
    endloop
  endfacet
  facet normal -0.896928 -0.442176 0
    outer loop
      vertex -32.864 38.8137 26.1
      vertex -32.6847 38.45 24
      vertex -32.6847 38.45 26.1
    endloop
  endfacet
  facet normal 0.195073 -0.980789 0
    outer loop
      vertex -29.5954 36.9265 24
      vertex -29.1977 37.0056 26.1
      vertex -29.5954 36.9265 26.1
    endloop
  endfacet
  facet normal 0.195073 -0.980789 0
    outer loop
      vertex -29.1977 37.0056 26.1
      vertex -29.5954 36.9265 24
      vertex -29.1977 37.0056 24
    endloop
  endfacet
  facet normal 0.555553 -0.831481 0
    outer loop
      vertex -28.45 37.3153 24
      vertex -28.1128 37.5406 26.1
      vertex -28.45 37.3153 26.1
    endloop
  endfacet
  facet normal 0.555553 -0.831481 0
    outer loop
      vertex -28.1128 37.5406 26.1
      vertex -28.45 37.3153 24
      vertex -28.1128 37.5406 24
    endloop
  endfacet
  facet normal 0.321549 0.946893 -0
    outer loop
      vertex -28.8137 42.864 24
      vertex -29.1977 42.9944 26.1
      vertex -28.8137 42.864 26.1
    endloop
  endfacet
  facet normal 0.321549 0.946893 0
    outer loop
      vertex -29.1977 42.9944 26.1
      vertex -28.8137 42.864 24
      vertex -29.1977 42.9944 24
    endloop
  endfacet
  facet normal -0.946893 0.321549 0
    outer loop
      vertex -32.9944 40.8023 24
      vertex -32.864 41.1863 26.1
      vertex -32.864 41.1863 24
    endloop
  endfacet
  facet normal -0.946893 0.321549 0
    outer loop
      vertex -32.864 41.1863 26.1
      vertex -32.9944 40.8023 24
      vertex -32.9944 40.8023 26.1
    endloop
  endfacet
  facet normal 0.831481 0.555553 0
    outer loop
      vertex -27.3153 41.55 26.1
      vertex -27.5406 41.8872 24
      vertex -27.5406 41.8872 26.1
    endloop
  endfacet
  facet normal 0.831481 0.555553 0
    outer loop
      vertex -27.5406 41.8872 24
      vertex -27.3153 41.55 26.1
      vertex -27.3153 41.55 24
    endloop
  endfacet
  facet normal 0.659482 0.751721 -0
    outer loop
      vertex -27.808 42.192 24
      vertex -28.1128 42.4594 26.1
      vertex -27.808 42.192 26.1
    endloop
  endfacet
  facet normal 0.659482 0.751721 0
    outer loop
      vertex -28.1128 42.4594 26.1
      vertex -27.808 42.192 24
      vertex -28.1128 42.4594 24
    endloop
  endfacet
  facet normal 0.659482 -0.751721 0
    outer loop
      vertex -28.1128 37.5406 24
      vertex -27.808 37.808 26.1
      vertex -28.1128 37.5406 26.1
    endloop
  endfacet
  facet normal 0.659482 -0.751721 0
    outer loop
      vertex -27.808 37.808 26.1
      vertex -28.1128 37.5406 24
      vertex -27.808 37.808 24
    endloop
  endfacet
  facet normal 0.946893 -0.321549 0
    outer loop
      vertex -27.136 38.8137 26.1
      vertex -27.0056 39.1977 24
      vertex -27.0056 39.1977 26.1
    endloop
  endfacet
  facet normal 0.946893 -0.321549 0
    outer loop
      vertex -27.0056 39.1977 24
      vertex -27.136 38.8137 26.1
      vertex -27.136 38.8137 24
    endloop
  endfacet
  facet normal 0.442176 -0.896928 0
    outer loop
      vertex -28.8137 37.136 24
      vertex -28.45 37.3153 26.1
      vertex -28.8137 37.136 26.1
    endloop
  endfacet
  facet normal 0.442176 -0.896928 0
    outer loop
      vertex -28.45 37.3153 26.1
      vertex -28.8137 37.136 24
      vertex -28.45 37.3153 24
    endloop
  endfacet
  facet normal 0.980789 -0.195073 0
    outer loop
      vertex -27.0056 39.1977 26.1
      vertex -26.9265 39.5954 24
      vertex -26.9265 39.5954 26.1
    endloop
  endfacet
  facet normal 0.980789 -0.195073 0
    outer loop
      vertex -26.9265 39.5954 24
      vertex -27.0056 39.1977 26.1
      vertex -27.0056 39.1977 24
    endloop
  endfacet
  facet normal 0.321549 -0.946893 0
    outer loop
      vertex -29.1977 37.0056 24
      vertex -28.8137 37.136 26.1
      vertex -29.1977 37.0056 26.1
    endloop
  endfacet
  facet normal 0.321549 -0.946893 0
    outer loop
      vertex -28.8137 37.136 26.1
      vertex -29.1977 37.0056 24
      vertex -28.8137 37.136 24
    endloop
  endfacet
  facet normal -0.659482 0.751721 0
    outer loop
      vertex -31.8872 42.4594 24
      vertex -32.192 42.192 26.1
      vertex -31.8872 42.4594 26.1
    endloop
  endfacet
  facet normal -0.659482 0.751721 0
    outer loop
      vertex -32.192 42.192 26.1
      vertex -31.8872 42.4594 24
      vertex -32.192 42.192 24
    endloop
  endfacet
  facet normal -0.0653568 -0.997862 0
    outer loop
      vertex -30.4046 36.9265 24
      vertex -30 36.9 26.1
      vertex -30.4046 36.9265 26.1
    endloop
  endfacet
  facet normal -0.0653568 -0.997862 -0
    outer loop
      vertex -30 36.9 26.1
      vertex -30.4046 36.9265 24
      vertex -30 36.9 24
    endloop
  endfacet
  facet normal -0.831481 -0.555553 0
    outer loop
      vertex -32.4594 38.1128 24
      vertex -32.6847 38.45 26.1
      vertex -32.6847 38.45 24
    endloop
  endfacet
  facet normal -0.831481 -0.555553 0
    outer loop
      vertex -32.6847 38.45 26.1
      vertex -32.4594 38.1128 24
      vertex -32.4594 38.1128 26.1
    endloop
  endfacet
  facet normal -0.194116 0.980979 0
    outer loop
      vertex -30.774 43 24
      vertex -30.8023 42.9944 26.1
      vertex -30.774 43 26.1
    endloop
  endfacet
  facet normal -0.194116 0.980979 0
    outer loop
      vertex -30.8023 42.9944 26.1
      vertex -30.774 43 24
      vertex -30.8023 42.9944 24
    endloop
  endfacet
  facet normal 0.980789 0.195073 0
    outer loop
      vertex -26.9265 40.4046 26.1
      vertex -27.0056 40.8023 24
      vertex -27.0056 40.8023 26.1
    endloop
  endfacet
  facet normal 0.980789 0.195073 0
    outer loop
      vertex -27.0056 40.8023 24
      vertex -26.9265 40.4046 26.1
      vertex -26.9265 40.4046 24
    endloop
  endfacet
  facet normal 0.751721 -0.659482 0
    outer loop
      vertex -27.808 37.808 26.1
      vertex -27.5406 38.1128 24
      vertex -27.5406 38.1128 26.1
    endloop
  endfacet
  facet normal 0.751721 -0.659482 0
    outer loop
      vertex -27.5406 38.1128 24
      vertex -27.808 37.808 26.1
      vertex -27.808 37.808 24
    endloop
  endfacet
  facet normal -0.659482 -0.751721 0
    outer loop
      vertex -32.192 37.808 24
      vertex -31.8872 37.5406 26.1
      vertex -32.192 37.808 26.1
    endloop
  endfacet
  facet normal -0.659482 -0.751721 -0
    outer loop
      vertex -31.8872 37.5406 26.1
      vertex -32.192 37.808 24
      vertex -31.8872 37.5406 24
    endloop
  endfacet
  facet normal -0.997862 0.0653568 0
    outer loop
      vertex -33.1 40 24
      vertex -33.0735 40.4046 26.1
      vertex -33.0735 40.4046 24
    endloop
  endfacet
  facet normal -0.997862 0.0653568 0
    outer loop
      vertex -33.0735 40.4046 26.1
      vertex -33.1 40 24
      vertex -33.1 40 26.1
    endloop
  endfacet
  facet normal -0.980789 0.195073 0
    outer loop
      vertex -33.0735 40.4046 24
      vertex -32.9944 40.8023 26.1
      vertex -32.9944 40.8023 24
    endloop
  endfacet
  facet normal -0.980789 0.195073 0
    outer loop
      vertex -32.9944 40.8023 26.1
      vertex -33.0735 40.4046 24
      vertex -33.0735 40.4046 26.1
    endloop
  endfacet
  facet normal -0.555553 0.831481 0
    outer loop
      vertex -31.55 42.6847 24
      vertex -31.8872 42.4594 26.1
      vertex -31.55 42.6847 26.1
    endloop
  endfacet
  facet normal -0.555553 0.831481 0
    outer loop
      vertex -31.8872 42.4594 26.1
      vertex -31.55 42.6847 24
      vertex -31.8872 42.4594 24
    endloop
  endfacet
  facet normal -0.195073 -0.980789 0
    outer loop
      vertex -30.8023 37.0056 24
      vertex -30.4046 36.9265 26.1
      vertex -30.8023 37.0056 26.1
    endloop
  endfacet
  facet normal -0.195073 -0.980789 -0
    outer loop
      vertex -30.4046 36.9265 26.1
      vertex -30.8023 37.0056 24
      vertex -30.4046 36.9265 24
    endloop
  endfacet
  facet normal -0.751721 -0.659482 0
    outer loop
      vertex -32.192 37.808 24
      vertex -32.4594 38.1128 26.1
      vertex -32.4594 38.1128 24
    endloop
  endfacet
  facet normal -0.751721 -0.659482 0
    outer loop
      vertex -32.4594 38.1128 26.1
      vertex -32.192 37.808 24
      vertex -32.192 37.808 26.1
    endloop
  endfacet
  facet normal -0.442176 -0.896928 0
    outer loop
      vertex -31.55 37.3153 24
      vertex -31.1863 37.136 26.1
      vertex -31.55 37.3153 26.1
    endloop
  endfacet
  facet normal -0.442176 -0.896928 -0
    outer loop
      vertex -31.1863 37.136 26.1
      vertex -31.55 37.3153 24
      vertex -31.1863 37.136 24
    endloop
  endfacet
  facet normal 0.997862 0.0653568 0
    outer loop
      vertex -26.9 40 26.1
      vertex -26.9265 40.4046 24
      vertex -26.9265 40.4046 26.1
    endloop
  endfacet
  facet normal 0.997862 0.0653568 0
    outer loop
      vertex -26.9265 40.4046 24
      vertex -26.9 40 26.1
      vertex -26.9 40 24
    endloop
  endfacet
  facet normal -0.831481 0.555553 0
    outer loop
      vertex -32.6847 41.55 24
      vertex -32.4594 41.8872 26.1
      vertex -32.4594 41.8872 24
    endloop
  endfacet
  facet normal -0.831481 0.555553 0
    outer loop
      vertex -32.4594 41.8872 26.1
      vertex -32.6847 41.55 24
      vertex -32.6847 41.55 26.1
    endloop
  endfacet
  facet normal 0.751721 0.659482 0
    outer loop
      vertex -27.5406 41.8872 26.1
      vertex -27.808 42.192 24
      vertex -27.808 42.192 26.1
    endloop
  endfacet
  facet normal 0.751721 0.659482 0
    outer loop
      vertex -27.808 42.192 24
      vertex -27.5406 41.8872 26.1
      vertex -27.5406 41.8872 24
    endloop
  endfacet
  facet normal 0.997862 -0.0653568 0
    outer loop
      vertex -26.9265 39.5954 26.1
      vertex -26.9 40 24
      vertex -26.9 40 26.1
    endloop
  endfacet
  facet normal 0.997862 -0.0653568 0
    outer loop
      vertex -26.9 40 24
      vertex -26.9265 39.5954 26.1
      vertex -26.9265 39.5954 24
    endloop
  endfacet
  facet normal 0.442176 0.896928 -0
    outer loop
      vertex -28.45 42.6847 24
      vertex -28.8137 42.864 26.1
      vertex -28.45 42.6847 26.1
    endloop
  endfacet
  facet normal 0.442176 0.896928 0
    outer loop
      vertex -28.8137 42.864 26.1
      vertex -28.45 42.6847 24
      vertex -28.8137 42.864 24
    endloop
  endfacet
  facet normal 0.946893 0.321549 0
    outer loop
      vertex -27.0056 40.8023 26.1
      vertex -27.136 41.1863 24
      vertex -27.136 41.1863 26.1
    endloop
  endfacet
  facet normal 0.946893 0.321549 0
    outer loop
      vertex -27.136 41.1863 24
      vertex -27.0056 40.8023 26.1
      vertex -27.0056 40.8023 24
    endloop
  endfacet
  facet normal 0.194116 0.980979 -0
    outer loop
      vertex -29.1977 42.9944 24
      vertex -29.226 43 26.1
      vertex -29.1977 42.9944 26.1
    endloop
  endfacet
  facet normal 0.194116 0.980979 0
    outer loop
      vertex -29.226 43 26.1
      vertex -29.1977 42.9944 24
      vertex -29.226 43 24
    endloop
  endfacet
  facet normal 0.0653568 -0.997862 0
    outer loop
      vertex -30 36.9 24
      vertex -29.5954 36.9265 26.1
      vertex -30 36.9 26.1
    endloop
  endfacet
  facet normal 0.0653568 -0.997862 0
    outer loop
      vertex -29.5954 36.9265 26.1
      vertex -30 36.9 24
      vertex -29.5954 36.9265 24
    endloop
  endfacet
  facet normal 0 0 1
    outer loop
      vertex -26.9265 40.4046 26.1
      vertex -26.9265 39.5954 26.1
      vertex -26.9 40 26.1
    endloop
  endfacet
  facet normal 0 0 1
    outer loop
      vertex -27.0056 40.8023 26.1
      vertex -26.9265 39.5954 26.1
      vertex -26.9265 40.4046 26.1
    endloop
  endfacet
  facet normal 0 0 1
    outer loop
      vertex -27.0056 40.8023 26.1
      vertex -27.0056 39.1977 26.1
      vertex -26.9265 39.5954 26.1
    endloop
  endfacet
  facet normal 0 0 1
    outer loop
      vertex -27.136 41.1863 26.1
      vertex -27.0056 39.1977 26.1
      vertex -27.0056 40.8023 26.1
    endloop
  endfacet
  facet normal 0 0 1
    outer loop
      vertex -27.136 41.1863 26.1
      vertex -27.136 38.8137 26.1
      vertex -27.0056 39.1977 26.1
    endloop
  endfacet
  facet normal 0 0 1
    outer loop
      vertex -27.3153 41.55 26.1
      vertex -27.136 38.8137 26.1
      vertex -27.136 41.1863 26.1
    endloop
  endfacet
  facet normal 0 0 1
    outer loop
      vertex -27.3153 41.55 26.1
      vertex -27.3153 38.45 26.1
      vertex -27.136 38.8137 26.1
    endloop
  endfacet
  facet normal 0 0 1
    outer loop
      vertex -27.5406 41.8872 26.1
      vertex -27.3153 38.45 26.1
      vertex -27.3153 41.55 26.1
    endloop
  endfacet
  facet normal 0 0 1
    outer loop
      vertex -27.5406 41.8872 26.1
      vertex -27.5406 38.1128 26.1
      vertex -27.3153 38.45 26.1
    endloop
  endfacet
  facet normal 0 0 1
    outer loop
      vertex -27.808 42.192 26.1
      vertex -27.5406 38.1128 26.1
      vertex -27.5406 41.8872 26.1
    endloop
  endfacet
  facet normal 0 0 1
    outer loop
      vertex -27.808 42.192 26.1
      vertex -27.808 37.808 26.1
      vertex -27.5406 38.1128 26.1
    endloop
  endfacet
  facet normal 0 0 1
    outer loop
      vertex -28.1128 42.4594 26.1
      vertex -27.808 37.808 26.1
      vertex -27.808 42.192 26.1
    endloop
  endfacet
  facet normal 0 0 1
    outer loop
      vertex -28.1128 42.4594 26.1
      vertex -28.1128 37.5406 26.1
      vertex -27.808 37.808 26.1
    endloop
  endfacet
  facet normal 0 0 1
    outer loop
      vertex -28.45 42.6847 26.1
      vertex -28.1128 37.5406 26.1
      vertex -28.1128 42.4594 26.1
    endloop
  endfacet
  facet normal 0 0 1
    outer loop
      vertex -28.45 42.6847 26.1
      vertex -28.45 37.3153 26.1
      vertex -28.1128 37.5406 26.1
    endloop
  endfacet
  facet normal 0 0 1
    outer loop
      vertex -28.8137 42.864 26.1
      vertex -28.45 37.3153 26.1
      vertex -28.45 42.6847 26.1
    endloop
  endfacet
  facet normal 0 0 1
    outer loop
      vertex -28.8137 42.864 26.1
      vertex -28.8137 37.136 26.1
      vertex -28.45 37.3153 26.1
    endloop
  endfacet
  facet normal 0 0 1
    outer loop
      vertex -29.226 43 26.1
      vertex -28.8137 42.864 26.1
      vertex -29.1977 42.9944 26.1
    endloop
  endfacet
  facet normal 0 0 1
    outer loop
      vertex -28.8137 42.864 26.1
      vertex -29.226 43 26.1
      vertex -28.8137 37.136 26.1
    endloop
  endfacet
  facet normal 0 0 1
    outer loop
      vertex -28.8137 37.136 26.1
      vertex -29.226 43 26.1
      vertex -29.1977 37.0056 26.1
    endloop
  endfacet
  facet normal 0 0 1
    outer loop
      vertex -29.226 43 26.1
      vertex -29.5954 36.9265 26.1
      vertex -29.1977 37.0056 26.1
    endloop
  endfacet
  facet normal 0 0 1
    outer loop
      vertex -29.226 43 26.1
      vertex -30 36.9 26.1
      vertex -29.5954 36.9265 26.1
    endloop
  endfacet
  facet normal 0 0 1
    outer loop
      vertex -29.226 43 26.1
      vertex -30.4046 36.9265 26.1
      vertex -30 36.9 26.1
    endloop
  endfacet
  facet normal -0 0 1
    outer loop
      vertex -30.774 43 26.1
      vertex -30.4046 36.9265 26.1
      vertex -29.226 43 26.1
    endloop
  endfacet
  facet normal 0 0 1
    outer loop
      vertex -31.1863 42.864 26.1
      vertex -30.774 43 26.1
      vertex -30.8023 42.9944 26.1
    endloop
  endfacet
  facet normal 0 0 1
    outer loop
      vertex -30.774 43 26.1
      vertex -30.8023 37.0056 26.1
      vertex -30.4046 36.9265 26.1
    endloop
  endfacet
  facet normal 0 0 1
    outer loop
      vertex -30.774 43 26.1
      vertex -31.1863 42.864 26.1
      vertex -30.8023 37.0056 26.1
    endloop
  endfacet
  facet normal 0 0 1
    outer loop
      vertex -31.1863 42.864 26.1
      vertex -31.1863 37.136 26.1
      vertex -30.8023 37.0056 26.1
    endloop
  endfacet
  facet normal -0 0 1
    outer loop
      vertex -31.55 42.6847 26.1
      vertex -31.1863 37.136 26.1
      vertex -31.1863 42.864 26.1
    endloop
  endfacet
  facet normal 0 0 1
    outer loop
      vertex -31.55 42.6847 26.1
      vertex -31.55 37.3153 26.1
      vertex -31.1863 37.136 26.1
    endloop
  endfacet
  facet normal -0 0 1
    outer loop
      vertex -31.8872 42.4594 26.1
      vertex -31.55 37.3153 26.1
      vertex -31.55 42.6847 26.1
    endloop
  endfacet
  facet normal 0 0 1
    outer loop
      vertex -31.8872 42.4594 26.1
      vertex -31.8872 37.5406 26.1
      vertex -31.55 37.3153 26.1
    endloop
  endfacet
  facet normal -0 0 1
    outer loop
      vertex -32.192 42.192 26.1
      vertex -31.8872 37.5406 26.1
      vertex -31.8872 42.4594 26.1
    endloop
  endfacet
  facet normal 0 0 1
    outer loop
      vertex -32.192 42.192 26.1
      vertex -32.192 37.808 26.1
      vertex -31.8872 37.5406 26.1
    endloop
  endfacet
  facet normal -0 0 1
    outer loop
      vertex -32.4594 41.8872 26.1
      vertex -32.192 37.808 26.1
      vertex -32.192 42.192 26.1
    endloop
  endfacet
  facet normal 0 0 1
    outer loop
      vertex -32.4594 41.8872 26.1
      vertex -32.4594 38.1128 26.1
      vertex -32.192 37.808 26.1
    endloop
  endfacet
  facet normal -0 0 1
    outer loop
      vertex -32.6847 41.55 26.1
      vertex -32.4594 38.1128 26.1
      vertex -32.4594 41.8872 26.1
    endloop
  endfacet
  facet normal 0 0 1
    outer loop
      vertex -32.6847 41.55 26.1
      vertex -32.6847 38.45 26.1
      vertex -32.4594 38.1128 26.1
    endloop
  endfacet
  facet normal -0 0 1
    outer loop
      vertex -32.864 41.1863 26.1
      vertex -32.6847 38.45 26.1
      vertex -32.6847 41.55 26.1
    endloop
  endfacet
  facet normal 0 0 1
    outer loop
      vertex -32.864 41.1863 26.1
      vertex -32.864 38.8137 26.1
      vertex -32.6847 38.45 26.1
    endloop
  endfacet
  facet normal -0 0 1
    outer loop
      vertex -32.9944 40.8023 26.1
      vertex -32.864 38.8137 26.1
      vertex -32.864 41.1863 26.1
    endloop
  endfacet
  facet normal 0 0 1
    outer loop
      vertex -32.9944 40.8023 26.1
      vertex -32.9944 39.1977 26.1
      vertex -32.864 38.8137 26.1
    endloop
  endfacet
  facet normal -0 0 1
    outer loop
      vertex -33.0735 40.4046 26.1
      vertex -32.9944 39.1977 26.1
      vertex -32.9944 40.8023 26.1
    endloop
  endfacet
  facet normal 0 0 1
    outer loop
      vertex -33.0735 40.4046 26.1
      vertex -33.0735 39.5954 26.1
      vertex -32.9944 39.1977 26.1
    endloop
  endfacet
  facet normal 0 -0 1
    outer loop
      vertex -33.0735 39.5954 26.1
      vertex -33.0735 40.4046 26.1
      vertex -33.1 40 26.1
    endloop
  endfacet
  facet normal 0.896928 0.442176 0
    outer loop
      vertex -27.136 41.1863 26.1
      vertex -27.3153 41.55 24
      vertex -27.3153 41.55 26.1
    endloop
  endfacet
  facet normal 0.896928 0.442176 0
    outer loop
      vertex -27.3153 41.55 24
      vertex -27.136 41.1863 26.1
      vertex -27.136 41.1863 24
    endloop
  endfacet
  facet normal 0.896928 -0.442176 0
    outer loop
      vertex -27.3153 38.45 26.1
      vertex -27.136 38.8137 24
      vertex -27.136 38.8137 26.1
    endloop
  endfacet
  facet normal 0.896928 -0.442176 0
    outer loop
      vertex -27.136 38.8137 24
      vertex -27.3153 38.45 26.1
      vertex -27.3153 38.45 24
    endloop
  endfacet
  facet normal 0.831481 -0.555553 0
    outer loop
      vertex -27.5406 38.1128 26.1
      vertex -27.3153 38.45 24
      vertex -27.3153 38.45 26.1
    endloop
  endfacet
  facet normal 0.831481 -0.555553 0
    outer loop
      vertex -27.3153 38.45 24
      vertex -27.5406 38.1128 26.1
      vertex -27.5406 38.1128 24
    endloop
  endfacet
  facet normal 0.555553 0.831481 -0
    outer loop
      vertex -28.1128 42.4594 24
      vertex -28.45 42.6847 26.1
      vertex -28.1128 42.4594 26.1
    endloop
  endfacet
  facet normal 0.555553 0.831481 0
    outer loop
      vertex -28.45 42.6847 26.1
      vertex -28.1128 42.4594 24
      vertex -28.45 42.6847 24
    endloop
  endfacet
  facet normal -0.896928 0.442176 0
    outer loop
      vertex 15.136 -33.8137 24
      vertex 15.3153 -33.45 26.1
      vertex 15.3153 -33.45 24
    endloop
  endfacet
  facet normal -0.896928 0.442176 0
    outer loop
      vertex 15.3153 -33.45 26.1
      vertex 15.136 -33.8137 24
      vertex 15.136 -33.8137 26.1
    endloop
  endfacet
  facet normal -0.980789 -0.195073 0
    outer loop
      vertex 15.0056 -35.8023 24
      vertex 14.9265 -35.4046 26.1
      vertex 14.9265 -35.4046 24
    endloop
  endfacet
  facet normal -0.980789 -0.195073 0
    outer loop
      vertex 14.9265 -35.4046 26.1
      vertex 15.0056 -35.8023 24
      vertex 15.0056 -35.8023 26.1
    endloop
  endfacet
  facet normal -0.997862 -0.0653568 0
    outer loop
      vertex 14.9265 -35.4046 24
      vertex 14.9 -35 26.1
      vertex 14.9 -35 24
    endloop
  endfacet
  facet normal -0.997862 -0.0653568 0
    outer loop
      vertex 14.9 -35 26.1
      vertex 14.9265 -35.4046 24
      vertex 14.9265 -35.4046 26.1
    endloop
  endfacet
  facet normal -0.946893 -0.321549 0
    outer loop
      vertex 15.136 -36.1863 24
      vertex 15.0056 -35.8023 26.1
      vertex 15.0056 -35.8023 24
    endloop
  endfacet
  facet normal -0.946893 -0.321549 0
    outer loop
      vertex 15.0056 -35.8023 26.1
      vertex 15.136 -36.1863 24
      vertex 15.136 -36.1863 26.1
    endloop
  endfacet
  facet normal -0.980789 0.195073 0
    outer loop
      vertex 14.9265 -34.5954 24
      vertex 15.0056 -34.1977 26.1
      vertex 15.0056 -34.1977 24
    endloop
  endfacet
  facet normal -0.980789 0.195073 0
    outer loop
      vertex 15.0056 -34.1977 26.1
      vertex 14.9265 -34.5954 24
      vertex 14.9265 -34.5954 26.1
    endloop
  endfacet
  facet normal -0.896928 -0.442176 0
    outer loop
      vertex 15.3153 -36.55 24
      vertex 15.136 -36.1863 26.1
      vertex 15.136 -36.1863 24
    endloop
  endfacet
  facet normal -0.896928 -0.442176 0
    outer loop
      vertex 15.136 -36.1863 26.1
      vertex 15.3153 -36.55 24
      vertex 15.3153 -36.55 26.1
    endloop
  endfacet
  facet normal -0.831481 0.555553 0
    outer loop
      vertex 15.3153 -33.45 24
      vertex 15.5406 -33.1128 26.1
      vertex 15.5406 -33.1128 24
    endloop
  endfacet
  facet normal -0.831481 0.555553 0
    outer loop
      vertex 15.5406 -33.1128 26.1
      vertex 15.3153 -33.45 24
      vertex 15.3153 -33.45 26.1
    endloop
  endfacet
  facet normal -0.321549 -0.946893 0
    outer loop
      vertex 16.8137 -37.864 24
      vertex 17.1977 -37.9944 26.1
      vertex 16.8137 -37.864 26.1
    endloop
  endfacet
  facet normal -0.321549 -0.946893 -0
    outer loop
      vertex 17.1977 -37.9944 26.1
      vertex 16.8137 -37.864 24
      vertex 17.1977 -37.9944 24
    endloop
  endfacet
  facet normal 0.555553 -0.831481 0
    outer loop
      vertex 19.55 -37.6847 24
      vertex 19.8872 -37.4594 26.1
      vertex 19.55 -37.6847 26.1
    endloop
  endfacet
  facet normal 0.555553 -0.831481 0
    outer loop
      vertex 19.8872 -37.4594 26.1
      vertex 19.55 -37.6847 24
      vertex 19.8872 -37.4594 24
    endloop
  endfacet
  facet normal -0.442176 -0.896928 0
    outer loop
      vertex 16.45 -37.6847 24
      vertex 16.8137 -37.864 26.1
      vertex 16.45 -37.6847 26.1
    endloop
  endfacet
  facet normal -0.442176 -0.896928 -0
    outer loop
      vertex 16.8137 -37.864 26.1
      vertex 16.45 -37.6847 24
      vertex 16.8137 -37.864 24
    endloop
  endfacet
  facet normal -0.659482 -0.751721 0
    outer loop
      vertex 15.808 -37.192 24
      vertex 16.1128 -37.4594 26.1
      vertex 15.808 -37.192 26.1
    endloop
  endfacet
  facet normal -0.659482 -0.751721 -0
    outer loop
      vertex 16.1128 -37.4594 26.1
      vertex 15.808 -37.192 24
      vertex 16.1128 -37.4594 24
    endloop
  endfacet
  facet normal 0.659636 0.751585 -0
    outer loop
      vertex 20 -32.6396 24
      vertex 19.8872 -32.5406 26.1
      vertex 20 -32.6396 26.1
    endloop
  endfacet
  facet normal 0.659636 0.751585 0
    outer loop
      vertex 19.8872 -32.5406 26.1
      vertex 20 -32.6396 24
      vertex 19.8872 -32.5406 24
    endloop
  endfacet
  facet normal 0.442176 -0.896928 0
    outer loop
      vertex 19.1863 -37.864 24
      vertex 19.55 -37.6847 26.1
      vertex 19.1863 -37.864 26.1
    endloop
  endfacet
  facet normal 0.442176 -0.896928 0
    outer loop
      vertex 19.55 -37.6847 26.1
      vertex 19.1863 -37.864 24
      vertex 19.55 -37.6847 24
    endloop
  endfacet
  facet normal -0.194116 -0.980979 0
    outer loop
      vertex 17.1977 -37.9944 24
      vertex 17.226 -38 26.1
      vertex 17.1977 -37.9944 26.1
    endloop
  endfacet
  facet normal -0.194116 -0.980979 -0
    outer loop
      vertex 17.226 -38 26.1
      vertex 17.1977 -37.9944 24
      vertex 17.226 -38 24
    endloop
  endfacet
  facet normal -0.442176 0.896928 0
    outer loop
      vertex 16.8137 -32.136 24
      vertex 16.45 -32.3153 26.1
      vertex 16.8137 -32.136 26.1
    endloop
  endfacet
  facet normal -0.442176 0.896928 0
    outer loop
      vertex 16.45 -32.3153 26.1
      vertex 16.8137 -32.136 24
      vertex 16.45 -32.3153 24
    endloop
  endfacet
  facet normal -0.997862 0.0653568 0
    outer loop
      vertex 14.9 -35 24
      vertex 14.9265 -34.5954 26.1
      vertex 14.9265 -34.5954 24
    endloop
  endfacet
  facet normal -0.997862 0.0653568 0
    outer loop
      vertex 14.9265 -34.5954 26.1
      vertex 14.9 -35 24
      vertex 14.9 -35 26.1
    endloop
  endfacet
  facet normal -0.321549 0.946893 0
    outer loop
      vertex 17.1977 -32.0056 24
      vertex 16.8137 -32.136 26.1
      vertex 17.1977 -32.0056 26.1
    endloop
  endfacet
  facet normal -0.321549 0.946893 0
    outer loop
      vertex 16.8137 -32.136 26.1
      vertex 17.1977 -32.0056 24
      vertex 16.8137 -32.136 24
    endloop
  endfacet
  facet normal -0.555553 -0.831481 0
    outer loop
      vertex 16.1128 -37.4594 24
      vertex 16.45 -37.6847 26.1
      vertex 16.1128 -37.4594 26.1
    endloop
  endfacet
  facet normal -0.555553 -0.831481 -0
    outer loop
      vertex 16.45 -37.6847 26.1
      vertex 16.1128 -37.4594 24
      vertex 16.45 -37.6847 24
    endloop
  endfacet
  facet normal -0.831481 -0.555553 0
    outer loop
      vertex 15.5406 -36.8872 24
      vertex 15.3153 -36.55 26.1
      vertex 15.3153 -36.55 24
    endloop
  endfacet
  facet normal -0.831481 -0.555553 0
    outer loop
      vertex 15.3153 -36.55 26.1
      vertex 15.5406 -36.8872 24
      vertex 15.5406 -36.8872 26.1
    endloop
  endfacet
  facet normal 0.194116 -0.980979 0
    outer loop
      vertex 18.774 -38 24
      vertex 18.8023 -37.9944 26.1
      vertex 18.774 -38 26.1
    endloop
  endfacet
  facet normal 0.194116 -0.980979 0
    outer loop
      vertex 18.8023 -37.9944 26.1
      vertex 18.774 -38 24
      vertex 18.8023 -37.9944 24
    endloop
  endfacet
  facet normal -0.751721 0.659482 0
    outer loop
      vertex 15.5406 -33.1128 24
      vertex 15.808 -32.808 26.1
      vertex 15.808 -32.808 24
    endloop
  endfacet
  facet normal -0.751721 0.659482 0
    outer loop
      vertex 15.808 -32.808 26.1
      vertex 15.5406 -33.1128 24
      vertex 15.5406 -33.1128 26.1
    endloop
  endfacet
  facet normal -0.0653568 0.997862 0
    outer loop
      vertex 18 -31.9 24
      vertex 17.5954 -31.9265 26.1
      vertex 18 -31.9 26.1
    endloop
  endfacet
  facet normal -0.0653568 0.997862 0
    outer loop
      vertex 17.5954 -31.9265 26.1
      vertex 18 -31.9 24
      vertex 17.5954 -31.9265 24
    endloop
  endfacet
  facet normal -0.946893 0.321549 0
    outer loop
      vertex 15.0056 -34.1977 24
      vertex 15.136 -33.8137 26.1
      vertex 15.136 -33.8137 24
    endloop
  endfacet
  facet normal -0.946893 0.321549 0
    outer loop
      vertex 15.136 -33.8137 26.1
      vertex 15.0056 -34.1977 24
      vertex 15.0056 -34.1977 26.1
    endloop
  endfacet
  facet normal 0.321549 -0.946893 0
    outer loop
      vertex 18.8023 -37.9944 24
      vertex 19.1863 -37.864 26.1
      vertex 18.8023 -37.9944 26.1
    endloop
  endfacet
  facet normal 0.321549 -0.946893 0
    outer loop
      vertex 19.1863 -37.864 26.1
      vertex 18.8023 -37.9944 24
      vertex 19.1863 -37.864 24
    endloop
  endfacet
  facet normal 0.195073 0.980789 -0
    outer loop
      vertex 18.8023 -32.0056 24
      vertex 18.4046 -31.9265 26.1
      vertex 18.8023 -32.0056 26.1
    endloop
  endfacet
  facet normal 0.195073 0.980789 0
    outer loop
      vertex 18.4046 -31.9265 26.1
      vertex 18.8023 -32.0056 24
      vertex 18.4046 -31.9265 24
    endloop
  endfacet
  facet normal 0 0 1
    outer loop
      vertex 19.55 -32.3153 26.1
      vertex 20 -32.6396 26.1
      vertex 19.8872 -32.5406 26.1
    endloop
  endfacet
  facet normal 0 0 1
    outer loop
      vertex 19.1863 -32.136 26.1
      vertex 20 -32.6396 26.1
      vertex 19.55 -32.3153 26.1
    endloop
  endfacet
  facet normal 0 0 1
    outer loop
      vertex 20 -32.6396 26.1
      vertex 19.1863 -32.136 26.1
      vertex 20 -37.3604 26.1
    endloop
  endfacet
  facet normal 0 0 1
    outer loop
      vertex 20 -37.3604 26.1
      vertex 19.55 -37.6847 26.1
      vertex 19.8872 -37.4594 26.1
    endloop
  endfacet
  facet normal 0 0 1
    outer loop
      vertex 19.1863 -37.864 26.1
      vertex 20 -37.3604 26.1
      vertex 19.1863 -32.136 26.1
    endloop
  endfacet
  facet normal 0 0 1
    outer loop
      vertex 20 -37.3604 26.1
      vertex 19.1863 -37.864 26.1
      vertex 19.55 -37.6847 26.1
    endloop
  endfacet
  facet normal 0 0 1
    outer loop
      vertex 18.8023 -32.0056 26.1
      vertex 19.1863 -37.864 26.1
      vertex 19.1863 -32.136 26.1
    endloop
  endfacet
  facet normal 0 0 1
    outer loop
      vertex 18.774 -38 26.1
      vertex 19.1863 -37.864 26.1
      vertex 18.8023 -32.0056 26.1
    endloop
  endfacet
  facet normal 0 0 1
    outer loop
      vertex 19.1863 -37.864 26.1
      vertex 18.774 -38 26.1
      vertex 18.8023 -37.9944 26.1
    endloop
  endfacet
  facet normal 0 0 1
    outer loop
      vertex 18.4046 -31.9265 26.1
      vertex 18.774 -38 26.1
      vertex 18.8023 -32.0056 26.1
    endloop
  endfacet
  facet normal 0 0 1
    outer loop
      vertex 18 -31.9 26.1
      vertex 18.774 -38 26.1
      vertex 18.4046 -31.9265 26.1
    endloop
  endfacet
  facet normal -0 0 1
    outer loop
      vertex 17.5954 -31.9265 26.1
      vertex 18.774 -38 26.1
      vertex 18 -31.9 26.1
    endloop
  endfacet
  facet normal 0 0 1
    outer loop
      vertex 17.5954 -31.9265 26.1
      vertex 17.226 -38 26.1
      vertex 18.774 -38 26.1
    endloop
  endfacet
  facet normal -0 0 1
    outer loop
      vertex 17.1977 -32.0056 26.1
      vertex 17.226 -38 26.1
      vertex 17.5954 -31.9265 26.1
    endloop
  endfacet
  facet normal -0 0 1
    outer loop
      vertex 16.8137 -32.136 26.1
      vertex 17.226 -38 26.1
      vertex 17.1977 -32.0056 26.1
    endloop
  endfacet
  facet normal -0 0 1
    outer loop
      vertex 16.8137 -37.864 26.1
      vertex 17.226 -38 26.1
      vertex 16.8137 -32.136 26.1
    endloop
  endfacet
  facet normal 0 0 1
    outer loop
      vertex 17.226 -38 26.1
      vertex 16.8137 -37.864 26.1
      vertex 17.1977 -37.9944 26.1
    endloop
  endfacet
  facet normal -0 0 1
    outer loop
      vertex 16.45 -32.3153 26.1
      vertex 16.8137 -37.864 26.1
      vertex 16.8137 -32.136 26.1
    endloop
  endfacet
  facet normal 0 0 1
    outer loop
      vertex 16.45 -32.3153 26.1
      vertex 16.45 -37.6847 26.1
      vertex 16.8137 -37.864 26.1
    endloop
  endfacet
  facet normal -0 0 1
    outer loop
      vertex 16.1128 -32.5406 26.1
      vertex 16.45 -37.6847 26.1
      vertex 16.45 -32.3153 26.1
    endloop
  endfacet
  facet normal 0 0 1
    outer loop
      vertex 16.1128 -32.5406 26.1
      vertex 16.1128 -37.4594 26.1
      vertex 16.45 -37.6847 26.1
    endloop
  endfacet
  facet normal -0 0 1
    outer loop
      vertex 15.808 -32.808 26.1
      vertex 16.1128 -37.4594 26.1
      vertex 16.1128 -32.5406 26.1
    endloop
  endfacet
  facet normal 0 0 1
    outer loop
      vertex 15.808 -32.808 26.1
      vertex 15.808 -37.192 26.1
      vertex 16.1128 -37.4594 26.1
    endloop
  endfacet
  facet normal -0 0 1
    outer loop
      vertex 15.5406 -33.1128 26.1
      vertex 15.808 -37.192 26.1
      vertex 15.808 -32.808 26.1
    endloop
  endfacet
  facet normal 0 0 1
    outer loop
      vertex 15.5406 -33.1128 26.1
      vertex 15.5406 -36.8872 26.1
      vertex 15.808 -37.192 26.1
    endloop
  endfacet
  facet normal -0 0 1
    outer loop
      vertex 15.3153 -33.45 26.1
      vertex 15.5406 -36.8872 26.1
      vertex 15.5406 -33.1128 26.1
    endloop
  endfacet
  facet normal 0 0 1
    outer loop
      vertex 15.3153 -33.45 26.1
      vertex 15.3153 -36.55 26.1
      vertex 15.5406 -36.8872 26.1
    endloop
  endfacet
  facet normal -0 0 1
    outer loop
      vertex 15.136 -33.8137 26.1
      vertex 15.3153 -36.55 26.1
      vertex 15.3153 -33.45 26.1
    endloop
  endfacet
  facet normal 0 0 1
    outer loop
      vertex 15.136 -33.8137 26.1
      vertex 15.136 -36.1863 26.1
      vertex 15.3153 -36.55 26.1
    endloop
  endfacet
  facet normal -0 0 1
    outer loop
      vertex 15.0056 -34.1977 26.1
      vertex 15.136 -36.1863 26.1
      vertex 15.136 -33.8137 26.1
    endloop
  endfacet
  facet normal 0 0 1
    outer loop
      vertex 15.0056 -34.1977 26.1
      vertex 15.0056 -35.8023 26.1
      vertex 15.136 -36.1863 26.1
    endloop
  endfacet
  facet normal -0 0 1
    outer loop
      vertex 14.9265 -34.5954 26.1
      vertex 15.0056 -35.8023 26.1
      vertex 15.0056 -34.1977 26.1
    endloop
  endfacet
  facet normal 0 0 1
    outer loop
      vertex 14.9265 -34.5954 26.1
      vertex 14.9265 -35.4046 26.1
      vertex 15.0056 -35.8023 26.1
    endloop
  endfacet
  facet normal 0 -0 1
    outer loop
      vertex 14.9265 -35.4046 26.1
      vertex 14.9265 -34.5954 26.1
      vertex 14.9 -35 26.1
    endloop
  endfacet
  facet normal -0.751721 -0.659482 0
    outer loop
      vertex 15.808 -37.192 24
      vertex 15.5406 -36.8872 26.1
      vertex 15.5406 -36.8872 24
    endloop
  endfacet
  facet normal -0.751721 -0.659482 0
    outer loop
      vertex 15.5406 -36.8872 26.1
      vertex 15.808 -37.192 24
      vertex 15.808 -37.192 26.1
    endloop
  endfacet
  facet normal 0.442176 0.896928 -0
    outer loop
      vertex 19.55 -32.3153 24
      vertex 19.1863 -32.136 26.1
      vertex 19.55 -32.3153 26.1
    endloop
  endfacet
  facet normal 0.442176 0.896928 0
    outer loop
      vertex 19.1863 -32.136 26.1
      vertex 19.55 -32.3153 24
      vertex 19.1863 -32.136 24
    endloop
  endfacet
  facet normal -0.195073 0.980789 0
    outer loop
      vertex 17.5954 -31.9265 24
      vertex 17.1977 -32.0056 26.1
      vertex 17.5954 -31.9265 26.1
    endloop
  endfacet
  facet normal -0.195073 0.980789 0
    outer loop
      vertex 17.1977 -32.0056 26.1
      vertex 17.5954 -31.9265 24
      vertex 17.1977 -32.0056 24
    endloop
  endfacet
  facet normal 0.321549 0.946893 -0
    outer loop
      vertex 19.1863 -32.136 24
      vertex 18.8023 -32.0056 26.1
      vertex 19.1863 -32.136 26.1
    endloop
  endfacet
  facet normal 0.321549 0.946893 0
    outer loop
      vertex 18.8023 -32.0056 26.1
      vertex 19.1863 -32.136 24
      vertex 18.8023 -32.0056 24
    endloop
  endfacet
  facet normal -0.659482 0.751721 0
    outer loop
      vertex 16.1128 -32.5406 24
      vertex 15.808 -32.808 26.1
      vertex 16.1128 -32.5406 26.1
    endloop
  endfacet
  facet normal -0.659482 0.751721 0
    outer loop
      vertex 15.808 -32.808 26.1
      vertex 16.1128 -32.5406 24
      vertex 15.808 -32.808 24
    endloop
  endfacet
  facet normal 0.555553 0.831481 -0
    outer loop
      vertex 19.8872 -32.5406 24
      vertex 19.55 -32.3153 26.1
      vertex 19.8872 -32.5406 26.1
    endloop
  endfacet
  facet normal 0.555553 0.831481 0
    outer loop
      vertex 19.55 -32.3153 26.1
      vertex 19.8872 -32.5406 24
      vertex 19.55 -32.3153 24
    endloop
  endfacet
  facet normal -0.555553 0.831481 0
    outer loop
      vertex 16.45 -32.3153 24
      vertex 16.1128 -32.5406 26.1
      vertex 16.45 -32.3153 26.1
    endloop
  endfacet
  facet normal -0.555553 0.831481 0
    outer loop
      vertex 16.1128 -32.5406 26.1
      vertex 16.45 -32.3153 24
      vertex 16.1128 -32.5406 24
    endloop
  endfacet
  facet normal 0.659636 -0.751585 0
    outer loop
      vertex 19.8872 -37.4594 24
      vertex 20 -37.3604 26.1
      vertex 19.8872 -37.4594 26.1
    endloop
  endfacet
  facet normal 0.659636 -0.751585 0
    outer loop
      vertex 20 -37.3604 26.1
      vertex 19.8872 -37.4594 24
      vertex 20 -37.3604 24
    endloop
  endfacet
  facet normal 0.0653568 0.997862 -0
    outer loop
      vertex 18.4046 -31.9265 24
      vertex 18 -31.9 26.1
      vertex 18.4046 -31.9265 26.1
    endloop
  endfacet
  facet normal 0.0653568 0.997862 0
    outer loop
      vertex 18 -31.9 26.1
      vertex 18.4046 -31.9265 24
      vertex 18 -31.9 24
    endloop
  endfacet
  facet normal -0.442176 0.896928 0
    outer loop
      vertex 16.8137 42.864 24
      vertex 16.45 42.6847 26.1
      vertex 16.8137 42.864 26.1
    endloop
  endfacet
  facet normal -0.442176 0.896928 0
    outer loop
      vertex 16.45 42.6847 26.1
      vertex 16.8137 42.864 24
      vertex 16.45 42.6847 24
    endloop
  endfacet
  facet normal -0.980789 -0.195073 0
    outer loop
      vertex 15.0056 39.1977 24
      vertex 14.9265 39.5954 26.1
      vertex 14.9265 39.5954 24
    endloop
  endfacet
  facet normal -0.980789 -0.195073 0
    outer loop
      vertex 14.9265 39.5954 26.1
      vertex 15.0056 39.1977 24
      vertex 15.0056 39.1977 26.1
    endloop
  endfacet
  facet normal -0.997862 -0.0653568 0
    outer loop
      vertex 14.9265 39.5954 24
      vertex 14.9 40 26.1
      vertex 14.9 40 24
    endloop
  endfacet
  facet normal -0.997862 -0.0653568 0
    outer loop
      vertex 14.9 40 26.1
      vertex 14.9265 39.5954 24
      vertex 14.9265 39.5954 26.1
    endloop
  endfacet
  facet normal -0.946893 -0.321549 0
    outer loop
      vertex 15.136 38.8137 24
      vertex 15.0056 39.1977 26.1
      vertex 15.0056 39.1977 24
    endloop
  endfacet
  facet normal -0.946893 -0.321549 0
    outer loop
      vertex 15.0056 39.1977 26.1
      vertex 15.136 38.8137 24
      vertex 15.136 38.8137 26.1
    endloop
  endfacet
  facet normal -0.751721 0.659482 0
    outer loop
      vertex 15.5406 41.8872 24
      vertex 15.808 42.192 26.1
      vertex 15.808 42.192 24
    endloop
  endfacet
  facet normal -0.751721 0.659482 0
    outer loop
      vertex 15.808 42.192 26.1
      vertex 15.5406 41.8872 24
      vertex 15.5406 41.8872 26.1
    endloop
  endfacet
  facet normal -0.321549 -0.946893 0
    outer loop
      vertex 16.8137 37.136 24
      vertex 17.1977 37.0056 26.1
      vertex 16.8137 37.136 26.1
    endloop
  endfacet
  facet normal -0.321549 -0.946893 -0
    outer loop
      vertex 17.1977 37.0056 26.1
      vertex 16.8137 37.136 24
      vertex 17.1977 37.0056 24
    endloop
  endfacet
  facet normal -0.555553 -0.831481 0
    outer loop
      vertex 16.1128 37.5406 24
      vertex 16.45 37.3153 26.1
      vertex 16.1128 37.5406 26.1
    endloop
  endfacet
  facet normal -0.555553 -0.831481 -0
    outer loop
      vertex 16.45 37.3153 26.1
      vertex 16.1128 37.5406 24
      vertex 16.45 37.3153 24
    endloop
  endfacet
  facet normal -0.896928 0.442176 0
    outer loop
      vertex 15.136 41.1863 24
      vertex 15.3153 41.55 26.1
      vertex 15.3153 41.55 24
    endloop
  endfacet
  facet normal -0.896928 0.442176 0
    outer loop
      vertex 15.3153 41.55 26.1
      vertex 15.136 41.1863 24
      vertex 15.136 41.1863 26.1
    endloop
  endfacet
  facet normal -0.321549 0.946893 0
    outer loop
      vertex 17.1977 42.9944 24
      vertex 16.8137 42.864 26.1
      vertex 17.1977 42.9944 26.1
    endloop
  endfacet
  facet normal -0.321549 0.946893 0
    outer loop
      vertex 16.8137 42.864 26.1
      vertex 17.1977 42.9944 24
      vertex 16.8137 42.864 24
    endloop
  endfacet
  facet normal -0.896928 -0.442176 0
    outer loop
      vertex 15.3153 38.45 24
      vertex 15.136 38.8137 26.1
      vertex 15.136 38.8137 24
    endloop
  endfacet
  facet normal -0.896928 -0.442176 0
    outer loop
      vertex 15.136 38.8137 26.1
      vertex 15.3153 38.45 24
      vertex 15.3153 38.45 26.1
    endloop
  endfacet
  facet normal 0.195073 -0.980789 0
    outer loop
      vertex 18.4046 36.9265 24
      vertex 18.8023 37.0056 26.1
      vertex 18.4046 36.9265 26.1
    endloop
  endfacet
  facet normal 0.195073 -0.980789 0
    outer loop
      vertex 18.8023 37.0056 26.1
      vertex 18.4046 36.9265 24
      vertex 18.8023 37.0056 24
    endloop
  endfacet
  facet normal 0.555553 -0.831481 0
    outer loop
      vertex 19.55 37.3153 24
      vertex 19.8872 37.5406 26.1
      vertex 19.55 37.3153 26.1
    endloop
  endfacet
  facet normal 0.555553 -0.831481 0
    outer loop
      vertex 19.8872 37.5406 26.1
      vertex 19.55 37.3153 24
      vertex 19.8872 37.5406 24
    endloop
  endfacet
  facet normal 0.321549 0.946893 -0
    outer loop
      vertex 19.1863 42.864 24
      vertex 18.8023 42.9944 26.1
      vertex 19.1863 42.864 26.1
    endloop
  endfacet
  facet normal 0.321549 0.946893 0
    outer loop
      vertex 18.8023 42.9944 26.1
      vertex 19.1863 42.864 24
      vertex 18.8023 42.9944 24
    endloop
  endfacet
  facet normal -0.946893 0.321549 0
    outer loop
      vertex 15.0056 40.8023 24
      vertex 15.136 41.1863 26.1
      vertex 15.136 41.1863 24
    endloop
  endfacet
  facet normal -0.946893 0.321549 0
    outer loop
      vertex 15.136 41.1863 26.1
      vertex 15.0056 40.8023 24
      vertex 15.0056 40.8023 26.1
    endloop
  endfacet
  facet normal 0.659636 0.751585 -0
    outer loop
      vertex 20 42.3604 24
      vertex 19.8872 42.4594 26.1
      vertex 20 42.3604 26.1
    endloop
  endfacet
  facet normal 0.659636 0.751585 0
    outer loop
      vertex 19.8872 42.4594 26.1
      vertex 20 42.3604 24
      vertex 19.8872 42.4594 24
    endloop
  endfacet
  facet normal 0.659636 -0.751585 0
    outer loop
      vertex 19.8872 37.5406 24
      vertex 20 37.6396 26.1
      vertex 19.8872 37.5406 26.1
    endloop
  endfacet
  facet normal 0.659636 -0.751585 0
    outer loop
      vertex 20 37.6396 26.1
      vertex 19.8872 37.5406 24
      vertex 20 37.6396 24
    endloop
  endfacet
  facet normal 0.442176 -0.896928 0
    outer loop
      vertex 19.1863 37.136 24
      vertex 19.55 37.3153 26.1
      vertex 19.1863 37.136 26.1
    endloop
  endfacet
  facet normal 0.442176 -0.896928 0
    outer loop
      vertex 19.55 37.3153 26.1
      vertex 19.1863 37.136 24
      vertex 19.55 37.3153 24
    endloop
  endfacet
  facet normal 0.321549 -0.946893 0
    outer loop
      vertex 18.8023 37.0056 24
      vertex 19.1863 37.136 26.1
      vertex 18.8023 37.0056 26.1
    endloop
  endfacet
  facet normal 0.321549 -0.946893 0
    outer loop
      vertex 19.1863 37.136 26.1
      vertex 18.8023 37.0056 24
      vertex 19.1863 37.136 24
    endloop
  endfacet
  facet normal -0.659482 0.751721 0
    outer loop
      vertex 16.1128 42.4594 24
      vertex 15.808 42.192 26.1
      vertex 16.1128 42.4594 26.1
    endloop
  endfacet
  facet normal -0.659482 0.751721 0
    outer loop
      vertex 15.808 42.192 26.1
      vertex 16.1128 42.4594 24
      vertex 15.808 42.192 24
    endloop
  endfacet
  facet normal -0.0653568 -0.997862 0
    outer loop
      vertex 17.5954 36.9265 24
      vertex 18 36.9 26.1
      vertex 17.5954 36.9265 26.1
    endloop
  endfacet
  facet normal -0.0653568 -0.997862 -0
    outer loop
      vertex 18 36.9 26.1
      vertex 17.5954 36.9265 24
      vertex 18 36.9 24
    endloop
  endfacet
  facet normal -0.831481 -0.555553 0
    outer loop
      vertex 15.5406 38.1128 24
      vertex 15.3153 38.45 26.1
      vertex 15.3153 38.45 24
    endloop
  endfacet
  facet normal -0.831481 -0.555553 0
    outer loop
      vertex 15.3153 38.45 26.1
      vertex 15.5406 38.1128 24
      vertex 15.5406 38.1128 26.1
    endloop
  endfacet
  facet normal -0.194116 0.980979 0
    outer loop
      vertex 17.226 43 24
      vertex 17.1977 42.9944 26.1
      vertex 17.226 43 26.1
    endloop
  endfacet
  facet normal -0.194116 0.980979 0
    outer loop
      vertex 17.1977 42.9944 26.1
      vertex 17.226 43 24
      vertex 17.1977 42.9944 24
    endloop
  endfacet
  facet normal -0.659482 -0.751721 0
    outer loop
      vertex 15.808 37.808 24
      vertex 16.1128 37.5406 26.1
      vertex 15.808 37.808 26.1
    endloop
  endfacet
  facet normal -0.659482 -0.751721 -0
    outer loop
      vertex 16.1128 37.5406 26.1
      vertex 15.808 37.808 24
      vertex 16.1128 37.5406 24
    endloop
  endfacet
  facet normal -0.997862 0.0653568 0
    outer loop
      vertex 14.9 40 24
      vertex 14.9265 40.4046 26.1
      vertex 14.9265 40.4046 24
    endloop
  endfacet
  facet normal -0.997862 0.0653568 0
    outer loop
      vertex 14.9265 40.4046 26.1
      vertex 14.9 40 24
      vertex 14.9 40 26.1
    endloop
  endfacet
  facet normal -0.980789 0.195073 0
    outer loop
      vertex 14.9265 40.4046 24
      vertex 15.0056 40.8023 26.1
      vertex 15.0056 40.8023 24
    endloop
  endfacet
  facet normal -0.980789 0.195073 0
    outer loop
      vertex 15.0056 40.8023 26.1
      vertex 14.9265 40.4046 24
      vertex 14.9265 40.4046 26.1
    endloop
  endfacet
  facet normal -0.555553 0.831481 0
    outer loop
      vertex 16.45 42.6847 24
      vertex 16.1128 42.4594 26.1
      vertex 16.45 42.6847 26.1
    endloop
  endfacet
  facet normal -0.555553 0.831481 0
    outer loop
      vertex 16.1128 42.4594 26.1
      vertex 16.45 42.6847 24
      vertex 16.1128 42.4594 24
    endloop
  endfacet
  facet normal -0.195073 -0.980789 0
    outer loop
      vertex 17.1977 37.0056 24
      vertex 17.5954 36.9265 26.1
      vertex 17.1977 37.0056 26.1
    endloop
  endfacet
  facet normal -0.195073 -0.980789 -0
    outer loop
      vertex 17.5954 36.9265 26.1
      vertex 17.1977 37.0056 24
      vertex 17.5954 36.9265 24
    endloop
  endfacet
  facet normal -0.751721 -0.659482 0
    outer loop
      vertex 15.808 37.808 24
      vertex 15.5406 38.1128 26.1
      vertex 15.5406 38.1128 24
    endloop
  endfacet
  facet normal -0.751721 -0.659482 0
    outer loop
      vertex 15.5406 38.1128 26.1
      vertex 15.808 37.808 24
      vertex 15.808 37.808 26.1
    endloop
  endfacet
  facet normal -0.442176 -0.896928 0
    outer loop
      vertex 16.45 37.3153 24
      vertex 16.8137 37.136 26.1
      vertex 16.45 37.3153 26.1
    endloop
  endfacet
  facet normal -0.442176 -0.896928 -0
    outer loop
      vertex 16.8137 37.136 26.1
      vertex 16.45 37.3153 24
      vertex 16.8137 37.136 24
    endloop
  endfacet
  facet normal -0.831481 0.555553 0
    outer loop
      vertex 15.3153 41.55 24
      vertex 15.5406 41.8872 26.1
      vertex 15.5406 41.8872 24
    endloop
  endfacet
  facet normal -0.831481 0.555553 0
    outer loop
      vertex 15.5406 41.8872 26.1
      vertex 15.3153 41.55 24
      vertex 15.3153 41.55 26.1
    endloop
  endfacet
  facet normal 0.442176 0.896928 -0
    outer loop
      vertex 19.55 42.6847 24
      vertex 19.1863 42.864 26.1
      vertex 19.55 42.6847 26.1
    endloop
  endfacet
  facet normal 0.442176 0.896928 0
    outer loop
      vertex 19.1863 42.864 26.1
      vertex 19.55 42.6847 24
      vertex 19.1863 42.864 24
    endloop
  endfacet
  facet normal 0.194116 0.980979 -0
    outer loop
      vertex 18.8023 42.9944 24
      vertex 18.774 43 26.1
      vertex 18.8023 42.9944 26.1
    endloop
  endfacet
  facet normal 0.194116 0.980979 0
    outer loop
      vertex 18.774 43 26.1
      vertex 18.8023 42.9944 24
      vertex 18.774 43 24
    endloop
  endfacet
  facet normal 0.0653568 -0.997862 0
    outer loop
      vertex 18 36.9 24
      vertex 18.4046 36.9265 26.1
      vertex 18 36.9 26.1
    endloop
  endfacet
  facet normal 0.0653568 -0.997862 0
    outer loop
      vertex 18.4046 36.9265 26.1
      vertex 18 36.9 24
      vertex 18.4046 36.9265 24
    endloop
  endfacet
  facet normal 0 0 1
    outer loop
      vertex 19.55 42.6847 26.1
      vertex 20 42.3604 26.1
      vertex 19.8872 42.4594 26.1
    endloop
  endfacet
  facet normal 0 0 1
    outer loop
      vertex 19.1863 42.864 26.1
      vertex 20 42.3604 26.1
      vertex 19.55 42.6847 26.1
    endloop
  endfacet
  facet normal 0 0 1
    outer loop
      vertex 18.774 43 26.1
      vertex 20 42.3604 26.1
      vertex 19.1863 42.864 26.1
    endloop
  endfacet
  facet normal 0 0 1
    outer loop
      vertex 20 37.6396 26.1
      vertex 19.55 37.3153 26.1
      vertex 19.8872 37.5406 26.1
    endloop
  endfacet
  facet normal 0 0 1
    outer loop
      vertex 20 42.3604 26.1
      vertex 18.774 43 26.1
      vertex 20 37.6396 26.1
    endloop
  endfacet
  facet normal 0 0 1
    outer loop
      vertex 20 37.6396 26.1
      vertex 19.1863 37.136 26.1
      vertex 19.55 37.3153 26.1
    endloop
  endfacet
  facet normal 0 0 1
    outer loop
      vertex 18.774 43 26.1
      vertex 19.1863 42.864 26.1
      vertex 18.8023 42.9944 26.1
    endloop
  endfacet
  facet normal 0 0 1
    outer loop
      vertex 20 37.6396 26.1
      vertex 18.774 43 26.1
      vertex 19.1863 37.136 26.1
    endloop
  endfacet
  facet normal 0 0 1
    outer loop
      vertex 19.1863 37.136 26.1
      vertex 18.774 43 26.1
      vertex 18.8023 37.0056 26.1
    endloop
  endfacet
  facet normal 0 0 1
    outer loop
      vertex 18.774 43 26.1
      vertex 18.4046 36.9265 26.1
      vertex 18.8023 37.0056 26.1
    endloop
  endfacet
  facet normal 0 0 1
    outer loop
      vertex 18.774 43 26.1
      vertex 18 36.9 26.1
      vertex 18.4046 36.9265 26.1
    endloop
  endfacet
  facet normal 0 0 1
    outer loop
      vertex 18.774 43 26.1
      vertex 17.5954 36.9265 26.1
      vertex 18 36.9 26.1
    endloop
  endfacet
  facet normal -0 0 1
    outer loop
      vertex 17.226 43 26.1
      vertex 17.5954 36.9265 26.1
      vertex 18.774 43 26.1
    endloop
  endfacet
  facet normal 0 0 1
    outer loop
      vertex 16.8137 42.864 26.1
      vertex 17.226 43 26.1
      vertex 17.1977 42.9944 26.1
    endloop
  endfacet
  facet normal 0 0 1
    outer loop
      vertex 17.226 43 26.1
      vertex 17.1977 37.0056 26.1
      vertex 17.5954 36.9265 26.1
    endloop
  endfacet
  facet normal 0 0 1
    outer loop
      vertex 17.226 43 26.1
      vertex 16.8137 42.864 26.1
      vertex 17.1977 37.0056 26.1
    endloop
  endfacet
  facet normal 0 0 1
    outer loop
      vertex 16.8137 42.864 26.1
      vertex 16.8137 37.136 26.1
      vertex 17.1977 37.0056 26.1
    endloop
  endfacet
  facet normal -0 0 1
    outer loop
      vertex 16.45 42.6847 26.1
      vertex 16.8137 37.136 26.1
      vertex 16.8137 42.864 26.1
    endloop
  endfacet
  facet normal 0 0 1
    outer loop
      vertex 16.45 42.6847 26.1
      vertex 16.45 37.3153 26.1
      vertex 16.8137 37.136 26.1
    endloop
  endfacet
  facet normal -0 0 1
    outer loop
      vertex 16.1128 42.4594 26.1
      vertex 16.45 37.3153 26.1
      vertex 16.45 42.6847 26.1
    endloop
  endfacet
  facet normal 0 0 1
    outer loop
      vertex 16.1128 42.4594 26.1
      vertex 16.1128 37.5406 26.1
      vertex 16.45 37.3153 26.1
    endloop
  endfacet
  facet normal -0 0 1
    outer loop
      vertex 15.808 42.192 26.1
      vertex 16.1128 37.5406 26.1
      vertex 16.1128 42.4594 26.1
    endloop
  endfacet
  facet normal 0 0 1
    outer loop
      vertex 15.808 42.192 26.1
      vertex 15.808 37.808 26.1
      vertex 16.1128 37.5406 26.1
    endloop
  endfacet
  facet normal -0 0 1
    outer loop
      vertex 15.5406 41.8872 26.1
      vertex 15.808 37.808 26.1
      vertex 15.808 42.192 26.1
    endloop
  endfacet
  facet normal 0 0 1
    outer loop
      vertex 15.5406 41.8872 26.1
      vertex 15.5406 38.1128 26.1
      vertex 15.808 37.808 26.1
    endloop
  endfacet
  facet normal -0 0 1
    outer loop
      vertex 15.3153 41.55 26.1
      vertex 15.5406 38.1128 26.1
      vertex 15.5406 41.8872 26.1
    endloop
  endfacet
  facet normal 0 0 1
    outer loop
      vertex 15.3153 41.55 26.1
      vertex 15.3153 38.45 26.1
      vertex 15.5406 38.1128 26.1
    endloop
  endfacet
  facet normal -0 0 1
    outer loop
      vertex 15.136 41.1863 26.1
      vertex 15.3153 38.45 26.1
      vertex 15.3153 41.55 26.1
    endloop
  endfacet
  facet normal 0 0 1
    outer loop
      vertex 15.136 41.1863 26.1
      vertex 15.136 38.8137 26.1
      vertex 15.3153 38.45 26.1
    endloop
  endfacet
  facet normal -0 0 1
    outer loop
      vertex 15.0056 40.8023 26.1
      vertex 15.136 38.8137 26.1
      vertex 15.136 41.1863 26.1
    endloop
  endfacet
  facet normal 0 0 1
    outer loop
      vertex 15.0056 40.8023 26.1
      vertex 15.0056 39.1977 26.1
      vertex 15.136 38.8137 26.1
    endloop
  endfacet
  facet normal -0 0 1
    outer loop
      vertex 14.9265 40.4046 26.1
      vertex 15.0056 39.1977 26.1
      vertex 15.0056 40.8023 26.1
    endloop
  endfacet
  facet normal 0 0 1
    outer loop
      vertex 14.9265 40.4046 26.1
      vertex 14.9265 39.5954 26.1
      vertex 15.0056 39.1977 26.1
    endloop
  endfacet
  facet normal 0 -0 1
    outer loop
      vertex 14.9265 39.5954 26.1
      vertex 14.9265 40.4046 26.1
      vertex 14.9 40 26.1
    endloop
  endfacet
  facet normal 0.555553 0.831481 -0
    outer loop
      vertex 19.8872 42.4594 24
      vertex 19.55 42.6847 26.1
      vertex 19.8872 42.4594 26.1
    endloop
  endfacet
  facet normal 0.555553 0.831481 0
    outer loop
      vertex 19.55 42.6847 26.1
      vertex 19.8872 42.4594 24
      vertex 19.55 42.6847 24
    endloop
  endfacet
  facet normal -0.960781 0.137014 0.241096
    outer loop
      vertex 0.847256 -40 45.9456
      vertex 0.842939 -40.0308 45.9459
      vertex 0.860907 -40 46
    endloop
  endfacet
  facet normal -0.960789 0.137066 0.241035
    outer loop
      vertex 0.860907 -40 46
      vertex 0.863202 -40.0328 46.0278
      vertex 1.26064 -37.198 46
    endloop
  endfacet
  facet normal -0.960781 0.137084 0.241056
    outer loop
      vertex 0.863202 -40.0328 46.0278
      vertex 0.860907 -40 46
      vertex 0.842939 -40.0308 45.9459
    endloop
  endfacet
  facet normal -0.24019 0.0241627 -0.970425
    outer loop
      vertex 17.0222 -41.3411 40.6552
      vertex 18.1902 -40 40.3995
      vertex 17.8441 -42.4685 40.4237
    endloop
  endfacet
  facet normal -0.24025 0.024218 -0.970409
    outer loop
      vertex 18.1902 -40 40.3995
      vertex 17.0222 -41.3411 40.6552
      vertex 17.2103 -40 40.6421
    endloop
  endfacet
  facet normal -0.240242 0.0241225 -0.970413
    outer loop
      vertex 17.8441 -42.4685 40.4237
      vertex 7.62125 -40 43.0159
      vertex 17.0222 -41.3411 40.6552
    endloop
  endfacet
  facet normal -0.240241 0.0241252 -0.970413
    outer loop
      vertex 1.11974 -40.0826 44.6234
      vertex 7.62125 -40 43.0159
      vertex 17.8441 -42.4685 40.4237
    endloop
  endfacet
  facet normal -0.240242 0.0242818 -0.970409
    outer loop
      vertex 7.62125 -40 43.0159
      vertex 1.11974 -40.0826 44.6234
      vertex 1.13132 -40 44.6226
    endloop
  endfacet
  facet normal -0.240277 0.0241835 -0.970403
    outer loop
      vertex 3.71545 -24.4192 44.3709
      vertex 3.02759 -26.4744 44.49
      vertex 3.31966 -24.3911 44.4696
    endloop
  endfacet
  facet normal -0.240229 0.0241666 -0.970415
    outer loop
      vertex 3.02759 -26.4744 44.49
      vertex 3.71545 -24.4192 44.3709
      vertex 2.01216 -36.5683 44.49
    endloop
  endfacet
  facet normal -0.240185 0.0241934 -0.970426
    outer loop
      vertex 20 -27.0912 40.2729
      vertex 19.2402 -25.521 40.5001
      vertex 20 -25.575 40.3107
    endloop
  endfacet
  facet normal -0.240227 0.0241612 -0.970416
    outer loop
      vertex 17.4906 -38 40.6225
      vertex 20 -27.0912 40.2729
      vertex 18.4706 -38 40.3799
    endloop
  endfacet
  facet normal -0.240241 0.0241643 -0.970413
    outer loop
      vertex 20 -27.0912 40.2729
      vertex 17.4906 -38 40.6225
      vertex 19.2402 -25.521 40.5001
    endloop
  endfacet
  facet normal 0.240297 -0.0241732 0.970398
    outer loop
      vertex 1.26064 -37.198 46
      vertex 0.863202 -40.0328 46.0278
      vertex 0.978767 -40 46
    endloop
  endfacet
  facet normal 0.240295 -0.0238136 0.970408
    outer loop
      vertex 0.978767 -40 46
      vertex 1.32278 -40.0984 45.9124
      vertex 1.33657 -40 45.9114
    endloop
  endfacet
  facet normal 0.240248 -0.0239842 0.970415
    outer loop
      vertex 1.32278 -40.0984 45.9124
      vertex 0.978767 -40 46
      vertex 0.863202 -40.0328 46.0278
    endloop
  endfacet
  facet normal 0.240238 -0.0241723 0.970413
    outer loop
      vertex 1.81257 -40 45.7936
      vertex 18.1564 -42.4999 41.6852
      vertex 18.5069 -40 41.6607
    endloop
  endfacet
  facet normal 0.240225 -0.024265 0.970414
    outer loop
      vertex 18.1564 -42.4999 41.6852
      vertex 1.81257 -40 45.7936
      vertex 1.78944 -40.165 45.7952
    endloop
  endfacet
  facet normal 0.240236 -0.0241759 0.970414
    outer loop
      vertex 10.7694 -26.9991 43.9
      vertex 20 -29.3502 41.5563
      vertex 20 -24.5816 41.6751
    endloop
  endfacet
  facet normal 0.240238 -0.0241673 0.970413
    outer loop
      vertex 20 -29.3502 41.5563
      vertex 10.7694 -26.9991 43.9
      vertex 10.1567 -33.0897 43.9
    endloop
  endfacet
  facet normal 0.240234 -0.0241682 0.970414
    outer loop
      vertex 8.79021 -22.9824 44.49
      vertex 10.7694 -26.9991 43.9
      vertex 20 -24.5816 41.6751
    endloop
  endfacet
  facet normal 0.240186 -0.0241935 0.970425
    outer loop
      vertex 10.7694 -26.9991 43.9
      vertex 8.79021 -22.9824 44.49
      vertex 10.4046 -26.9265 43.9921
    endloop
  endfacet
  facet normal 0.240182 -0.0241949 0.970426
    outer loop
      vertex 10.4046 -26.9265 43.9921
      vertex 8.79021 -22.9824 44.49
      vertex 10 -26.9 44.0929
    endloop
  endfacet
  facet normal 0.240435 -0.0241107 0.970366
    outer loop
      vertex 10 -26.9 44.0929
      vertex 8.79021 -22.9824 44.49
      vertex 9.59537 -26.9265 44.1925
    endloop
  endfacet
  facet normal 0.240041 -0.0241984 0.970461
    outer loop
      vertex 9.59537 -26.9265 44.1925
      vertex 8.79021 -22.9824 44.49
      vertex 9.19766 -27.0056 44.2889
    endloop
  endfacet
  facet normal 0.240214 -0.0241788 0.970419
    outer loop
      vertex 8.79021 -22.9824 44.49
      vertex 8.81368 -27.136 44.3807
      vertex 9.19766 -27.0056 44.2889
    endloop
  endfacet
  facet normal 0.240323 -0.0241775 0.970392
    outer loop
      vertex 8.79021 -22.9824 44.49
      vertex 8.45 -27.3153 44.4663
      vertex 8.81368 -27.136 44.3807
    endloop
  endfacet
  facet normal 0.240413 -0.0241845 0.970369
    outer loop
      vertex 8.45 -27.3153 44.4663
      vertex 8.79021 -22.9824 44.49
      vertex 8.34744 -27.3839 44.49
    endloop
  endfacet
  facet normal 0.240238 -0.0241676 0.970413
    outer loop
      vertex 20 -29.3502 41.5563
      vertex 10.1567 -33.0897 43.9
      vertex 18.7873 -38 41.6411
    endloop
  endfacet
  facet normal 0.240017 -0.0240319 0.970471
    outer loop
      vertex 7.27948 -38 44.49
      vertex 10.1567 -33.0897 43.9
      vertex 10 -33.1 43.9385
    endloop
  endfacet
  facet normal 0.240388 -0.0242487 0.970374
    outer loop
      vertex 7.27948 -38 44.49
      vertex 10 -33.1 43.9385
      vertex 9.59537 -33.0735 44.0394
    endloop
  endfacet
  facet normal 0.240178 -0.024145 0.970429
    outer loop
      vertex 7.27948 -38 44.49
      vertex 9.59537 -33.0735 44.0394
      vertex 9.19766 -32.9944 44.1398
    endloop
  endfacet
  facet normal 0.240224 -0.0241634 0.970417
    outer loop
      vertex 7.27948 -38 44.49
      vertex 9.19766 -32.9944 44.1398
      vertex 8.81368 -32.864 44.2381
    endloop
  endfacet
  facet normal 0.24024 -0.0241685 0.970413
    outer loop
      vertex 7.27948 -38 44.49
      vertex 8.81368 -32.864 44.2381
      vertex 8.45 -32.6847 44.3326
    endloop
  endfacet
  facet normal 0.240238 -0.0241681 0.970413
    outer loop
      vertex 10.1567 -33.0897 43.9
      vertex 7.27948 -38 44.49
      vertex 18.7873 -38 41.6411
    endloop
  endfacet
  facet normal 0.240287 -0.0241792 0.970401
    outer loop
      vertex 8.11284 -32.4594 44.4217
      vertex 7.27948 -38 44.49
      vertex 8.45 -32.6847 44.3326
    endloop
  endfacet
  facet normal 0.240154 -0.0241587 0.970434
    outer loop
      vertex 7.27948 -38 44.49
      vertex 8.11284 -32.4594 44.4217
      vertex 7.85922 -32.237 44.49
    endloop
  endfacet
  facet normal 0.960735 -0.137066 -0.24125
    outer loop
      vertex 18.5069 -40 41.6607
      vertex 17.8441 -42.4685 40.4237
      vertex 18.1902 -40 40.3995
    endloop
  endfacet
  facet normal 0.960734 -0.137065 -0.241253
    outer loop
      vertex 17.8441 -42.4685 40.4237
      vertex 18.5069 -40 41.6607
      vertex 18.1564 -42.4999 41.6852
    endloop
  endfacet
  facet normal 0.960736 -0.13706 -0.24125
    outer loop
      vertex 18.4706 -38 40.3799
      vertex 20 -29.3502 41.5563
      vertex 18.7873 -38 41.6411
    endloop
  endfacet
  facet normal 0.960736 -0.13706 -0.241249
    outer loop
      vertex 20 -29.3502 41.5563
      vertex 18.4706 -38 40.3799
      vertex 20 -27.0912 40.2729
    endloop
  endfacet
  facet normal -0.138828 -0.990269 0.00970698
    outer loop
      vertex -16.0646 -37.6599 46
      vertex -13.7267 -37.9782 46.9647
      vertex -15.9861 -37.6599 47.1227
    endloop
  endfacet
  facet normal -0.138817 -0.990271 0.00967835
    outer loop
      vertex -13.7267 -37.9782 46.9647
      vertex -16.0646 -37.6599 46
      vertex -12.4226 -38.1619 46.8736
    endloop
  endfacet
  facet normal -0.138833 -0.990268 0.00974558
    outer loop
      vertex -12.4226 -38.1619 46.8736
      vertex -16.0646 -37.6599 46
      vertex 0.0698415 -39.9219 46
    endloop
  endfacet
  facet normal -0.138813 -0.990271 0.00973807
    outer loop
      vertex -12.4226 -38.1619 46.8736
      vertex -13.1772 -38.0334 49.1843
      vertex -13.7267 -37.9782 46.9647
    endloop
  endfacet
  facet normal -0.138842 -0.990267 0.00972823
    outer loop
      vertex -13.1772 -38.0334 49.1843
      vertex -12.4226 -38.1619 46.8736
      vertex -11.9282 -38.2116 48.8706
    endloop
  endfacet
  facet normal -0.138899 -0.990259 0.00971339
    outer loop
      vertex -14.3393 -37.9165 44.49
      vertex -14.0319 -38 40.3731
      vertex -13.744 -38 44.49
    endloop
  endfacet
  facet normal -0.138866 -0.990264 0.00971598
    outer loop
      vertex -17.5014 -37.5984 31.7168
      vertex -14.0319 -38 40.3731
      vertex -14.3393 -37.9165 44.49
    endloop
  endfacet
  facet normal -0.138858 -0.990265 0.00971271
    outer loop
      vertex -14.0319 -38 40.3731
      vertex -17.5014 -37.5984 31.7168
      vertex -16.2525 -37.7766 31.4032
    endloop
  endfacet
  facet normal -0.13883 -0.990268 0.00972983
    outer loop
      vertex 1.11974 -40.0826 44.6234
      vertex 1.32278 -40.0984 45.9124
      vertex 0.842939 -40.0308 45.9459
    endloop
  endfacet
  facet normal -0.138888 -0.990261 0.00971057
    outer loop
      vertex 1.32278 -40.0984 45.9124
      vertex 1.78944 -40.165 45.7952
      vertex 1.79532 -40.165 45.8793
    endloop
  endfacet
  facet normal -0.138857 -0.990265 0.00971002
    outer loop
      vertex 0.533674 -40 44.6644
      vertex 0.842939 -40.0308 45.9459
      vertex 0.624357 -40 45.9612
    endloop
  endfacet
  facet normal -0.138887 -0.990261 0.00971748
    outer loop
      vertex 0.842939 -40.0308 45.9459
      vertex 0.533674 -40 44.6644
      vertex 1.11974 -40.0826 44.6234
    endloop
  endfacet
  facet normal -0.138881 -0.990261 0.00973796
    outer loop
      vertex 1.32278 -40.0984 45.9124
      vertex 1.11974 -40.0826 44.6234
      vertex 1.78944 -40.165 45.7952
    endloop
  endfacet
  facet normal -0.138833 -0.990268 0.0097104
    outer loop
      vertex 17.8441 -42.4685 40.4237
      vertex 1.78944 -40.165 45.7952
      vertex 1.11974 -40.0826 44.6234
    endloop
  endfacet
  facet normal -0.13883 -0.990269 0.00972035
    outer loop
      vertex 1.78944 -40.165 45.7952
      vertex 17.8441 -42.4685 40.4237
      vertex 18.1564 -42.4999 41.6852
    endloop
  endfacet
  facet normal -0.1388 -0.990268 0.0101583
    outer loop
      vertex 0.863202 -40.0328 46.0278
      vertex 0.842939 -40.0308 45.9459
      vertex 1.32278 -40.0984 45.9124
    endloop
  endfacet
  facet normal 0.138845 0.990266 -0.00972847
    outer loop
      vertex -9.92362 -20.3371 46.6988
      vertex -10.6782 -20.2086 49.0095
      vertex -9.42922 -20.3868 48.6959
    endloop
  endfacet
  facet normal 0.138901 0.990259 -0.00970978
    outer loop
      vertex -10.6782 -20.2086 49.0095
      vertex -9.92362 -20.3371 46.6988
      vertex -11.2276 -20.1533 46.79
    endloop
  endfacet
  facet normal 0.138918 0.990259 -0.00946398
    outer loop
      vertex -8.92906 -20.4833 46
      vertex -11.2276 -20.1533 46.79
      vertex -9.92362 -20.3371 46.6988
    endloop
  endfacet
  facet normal 0.138816 0.990272 -0.0096122
    outer loop
      vertex -8.92906 -20.4833 46
      vertex -9.92362 -20.3371 46.6988
      vertex -8.77566 -20.4988 46.6185
    endloop
  endfacet
  facet normal 0.138829 0.990269 -0.00972824
    outer loop
      vertex -11.2276 -20.1533 46.79
      vertex -8.92906 -20.4833 46
      vertex -13.5534 -19.835 46
    endloop
  endfacet
  facet normal 0.138822 0.99027 -0.00970877
    outer loop
      vertex -11.2276 -20.1533 46.79
      vertex -13.5534 -19.835 46
      vertex -13.4871 -19.835 46.948
    endloop
  endfacet
  facet normal 0.138845 0.990266 -0.00971366
    outer loop
      vertex -13.7535 -19.9518 31.2285
      vertex -11.308 -20.1646 44.49
      vertex -10.4847 -20.2806 44.4324
    endloop
  endfacet
  facet normal 0.138721 0.990284 -0.0096904
    outer loop
      vertex -11.308 -20.1646 44.49
      vertex -13.7535 -19.9518 31.2285
      vertex -11.797 -20.0961 44.49
    endloop
  endfacet
  facet normal 0.138858 0.990265 -0.00971086
    outer loop
      vertex -11.797 -20.0961 44.49
      vertex -13.7535 -19.9518 31.2285
      vertex -15.0024 -19.7736 31.5421
    endloop
  endfacet
  facet normal 0.138861 0.990264 -0.00972029
    outer loop
      vertex 8.79021 -22.9824 44.49
      vertex 6.53397 -22.6663 44.461
      vertex 6.536 -22.6663 44.49
    endloop
  endfacet
  facet normal 0.138868 0.990265 -0.00957345
    outer loop
      vertex 20 -24.5873 41.0855
      vertex 8.79021 -22.9824 44.49
      vertex 20 -24.5816 41.6751
    endloop
  endfacet
  facet normal 0.13886 0.990265 -0.00960092
    outer loop
      vertex 8.79021 -22.9824 44.49
      vertex 20 -24.5873 41.0855
      vertex 6.53397 -22.6663 44.461
    endloop
  endfacet
  facet normal 0.138833 0.990267 -0.00983367
    outer loop
      vertex 0.0698415 -21.745 46
      vertex -5.19058 -21.0075 46
      vertex -7.2258 -20.7171 46.5102
    endloop
  endfacet
  facet normal -0.960733 0.13706 0.241259
    outer loop
      vertex 2.88693 -23.3779 40.48
      vertex 3.4872 -24.4077 43.4554
      vertex 3.62637 -23.4151 43.4457
    endloop
  endfacet
  facet normal -0.960736 0.137059 0.24125
    outer loop
      vertex 3.4872 -24.4077 43.4554
      vertex 2.01216 -36.5683 44.49
      vertex 3.71545 -24.4192 44.3709
    endloop
  endfacet
  facet normal -0.960734 0.137057 0.241259
    outer loop
      vertex 0.836944 -38 40.6233
      vertex 3.4872 -24.4077 43.4554
      vertex 2.88693 -23.3779 40.48
    endloop
  endfacet
  facet normal -0.960736 0.137059 0.241251
    outer loop
      vertex 3.4872 -24.4077 43.4554
      vertex 0.836944 -38 40.6233
      vertex 2.01216 -36.5683 44.49
    endloop
  endfacet
  facet normal -0.960736 0.137054 0.241253
    outer loop
      vertex 2.01216 -36.5683 44.49
      vertex 0.836944 -38 40.6233
      vertex 1.80792 -38 44.49
    endloop
  endfacet
  facet normal -0.24023 0.0241711 -0.970415
    outer loop
      vertex 16.2358 -40 36.7614
      vertex 16.0613 -41.2445 36.7736
      vertex 7.33792 -40 38.9641
    endloop
  endfacet
  facet normal -0.240233 0.0241671 -0.970414
    outer loop
      vertex 5.1501 -23.5386 39.9157
      vertex 18.2826 -25.4002 36.6183
      vertex 16.5162 -38 36.7418
    endloop
  endfacet
  facet normal -0.240101 0.0251124 -0.970423
    outer loop
      vertex 18.2826 -25.4002 36.6183
      vertex 5.1501 -23.5386 39.9157
      vertex 5.15093 -23.5268 39.9158
    endloop
  endfacet
  facet normal -0.240232 0.0241674 -0.970415
    outer loop
      vertex 0.836944 -38 40.6233
      vertex 5.1501 -23.5386 39.9157
      vertex 16.5162 -38 36.7418
    endloop
  endfacet
  facet normal -0.240246 0.0241718 -0.970411
    outer loop
      vertex 5.1501 -23.5386 39.9157
      vertex 0.836944 -38 40.6233
      vertex 2.88693 -23.3779 40.48
    endloop
  endfacet
  facet normal 0.960732 -0.137076 -0.241254
    outer loop
      vertex 17.2103 -40 40.6421
      vertex 16.0613 -41.2445 36.7736
      vertex 16.2358 -40 36.7614
    endloop
  endfacet
  facet normal 0.960731 -0.137107 -0.241243
    outer loop
      vertex 16.0613 -41.2445 36.7736
      vertex 17.2103 -40 40.6421
      vertex 17.0222 -41.3411 40.6552
    endloop
  endfacet
  facet normal 0.960871 -0.13607 -0.241273
    outer loop
      vertex 19.1048 -25.5142 39.957
      vertex 18.2826 -25.4002 36.6183
      vertex 19.109 -25.4833 39.9563
    endloop
  endfacet
  facet normal 0.960738 -0.137065 -0.241237
    outer loop
      vertex 17.4906 -38 40.6225
      vertex 19.1048 -25.5142 39.957
      vertex 19.2402 -25.521 40.5001
    endloop
  endfacet
  facet normal 0.96074 -0.137065 -0.241231
    outer loop
      vertex 16.5162 -38 36.7418
      vertex 19.1048 -25.5142 39.957
      vertex 17.4906 -38 40.6225
    endloop
  endfacet
  facet normal 0.960731 -0.137052 -0.241273
    outer loop
      vertex 19.1048 -25.5142 39.957
      vertex 16.5162 -38 36.7418
      vertex 18.2826 -25.4002 36.6183
    endloop
  endfacet
  facet normal -0.13883 -0.990269 0.00970794
    outer loop
      vertex 7.33792 -40 38.9641
      vertex 17.0222 -41.3411 40.6552
      vertex 7.62125 -40 43.0159
    endloop
  endfacet
  facet normal -0.138832 -0.990268 0.00972389
    outer loop
      vertex 17.0222 -41.3411 40.6552
      vertex 7.33792 -40 38.9641
      vertex 16.0613 -41.2445 36.7736
    endloop
  endfacet
  facet normal 0.138834 0.990268 -0.00971049
    outer loop
      vertex 5.15093 -23.5268 39.9158
      vertex 5.79308 -23.5837 43.2942
      vertex 19.109 -25.4833 39.9563
    endloop
  endfacet
  facet normal 0.138814 0.990271 -0.00970674
    outer loop
      vertex 5.79308 -23.5837 43.2942
      vertex 5.15093 -23.5268 39.9158
      vertex 5.38914 -23.5268 43.3224
    endloop
  endfacet
  facet normal 0.138834 0.990268 -0.00971871
    outer loop
      vertex 5.15093 -23.5268 39.9158
      vertex 19.109 -25.4833 39.9563
      vertex 18.2826 -25.4002 36.6183
    endloop
  endfacet
  facet normal -0.987855 0.139171 0.0690874
    outer loop
      vertex -16.0646 -37.6599 46
      vertex -13.4871 -19.835 46.948
      vertex -13.5534 -19.835 46
    endloop
  endfacet
  facet normal -0.987856 0.139172 0.0690716
    outer loop
      vertex -13.4871 -19.835 46.948
      vertex -16.0646 -37.6599 46
      vertex -15.9861 -37.6599 47.1227
    endloop
  endfacet
  facet normal -0.0697706 0.000119775 -0.997563
    outer loop
      vertex 1.13132 -40 44.6226
      vertex 1.11974 -40.0826 44.6234
      vertex 0.533674 -40 44.6644
    endloop
  endfacet
  facet normal -0.0696765 -0 -0.99757
    outer loop
      vertex 3.02759 -24.3706 44.49
      vertex 3.31966 -24.3911 44.4696
      vertex 3.02759 -26.4744 44.49
    endloop
  endfacet
  facet normal 0.0697562 -2.99117e-06 0.997564
    outer loop
      vertex -13.4871 -19.835 46.948
      vertex -13.7267 -37.9782 46.9647
      vertex -11.2276 -20.1533 46.79
    endloop
  endfacet
  facet normal 0.0697593 -3.03187e-06 0.997564
    outer loop
      vertex -13.7267 -37.9782 46.9647
      vertex -13.4871 -19.835 46.948
      vertex -15.9861 -37.6599 47.1227
    endloop
  endfacet
  facet normal 0.069764 -0.000106305 0.997564
    outer loop
      vertex 1.33657 -40 45.9114
      vertex 1.79532 -40.165 45.8793
      vertex 1.81845 -40 45.8777
    endloop
  endfacet
  facet normal 0.0699232 0.000338525 0.997552
    outer loop
      vertex 1.79532 -40.165 45.8793
      vertex 1.33657 -40 45.9114
      vertex 1.32278 -40.0984 45.9124
    endloop
  endfacet
  facet normal 0.0698161 -6.90925e-05 0.99756
    outer loop
      vertex 0.842939 -40.0308 45.9459
      vertex 0.847256 -40 45.9456
      vertex 0.624357 -40 45.9612
    endloop
  endfacet
  facet normal 0.0697489 5.35317e-06 0.997565
    outer loop
      vertex -8.27142 -37.7369 46.5833
      vertex 0.0698415 -21.745 46
      vertex -6.05007 -21.8926 46.4279
    endloop
  endfacet
  facet normal 0.0697509 -7.76997e-05 0.997564
    outer loop
      vertex -7.2258 -20.7171 46.5102
      vertex -6.05007 -21.8926 46.4279
      vertex 0.0698415 -21.745 46
    endloop
  endfacet
  facet normal 0.0697517 -7.68731e-05 0.997564
    outer loop
      vertex -6.05007 -21.8926 46.4279
      vertex -7.2258 -20.7171 46.5102
      vertex -7.29555 -21.7171 46.515
    endloop
  endfacet
  facet normal 0.0697591 0 0.997564
    outer loop
      vertex 0.0698415 -21.745 46
      vertex -8.27142 -37.7369 46.5833
      vertex 0.0698415 -39.9219 46
    endloop
  endfacet
  facet normal 0.0697518 9.5505e-05 0.997564
    outer loop
      vertex -12.4226 -38.1619 46.8736
      vertex -8.27142 -37.7369 46.5833
      vertex -12.2838 -37.1716 46.8638
    endloop
  endfacet
  facet normal 0.0697609 6.71503e-06 0.997564
    outer loop
      vertex -8.27142 -37.7369 46.5833
      vertex -12.4226 -38.1619 46.8736
      vertex 0.0698415 -39.9219 46
    endloop
  endfacet
  facet normal 0.0697776 -1.45026e-05 0.997563
    outer loop
      vertex -10.0625 -21.3273 46.7085
      vertex -8.77566 -20.4988 46.6185
      vertex -9.92362 -20.3371 46.6988
    endloop
  endfacet
  facet normal 0.0697542 2.20089e-05 0.997564
    outer loop
      vertex -8.77566 -20.4988 46.6185
      vertex -10.0625 -21.3273 46.7085
      vertex -8.84542 -21.4988 46.6234
    endloop
  endfacet
  facet normal 0.98786 -0.13915 -0.069068
    outer loop
      vertex 1.78944 -40.165 45.7952
      vertex 1.81845 -40 45.8777
      vertex 1.79532 -40.165 45.8793
    endloop
  endfacet
  facet normal 0.98786 -0.13915 -0.069068
    outer loop
      vertex 1.81845 -40 45.8777
      vertex 1.78944 -40.165 45.7952
      vertex 1.81257 -40 45.7936
    endloop
  endfacet
  facet normal -0.987856 0.139171 0.0690832
    outer loop
      vertex -15.2291 -36.8088 41.7569
      vertex -12.8058 -20.9645 44.49
      vertex -13.0078 -20.9645 41.6015
    endloop
  endfacet
  facet normal -0.987856 0.139173 0.0690715
    outer loop
      vertex -12.8058 -20.9645 44.49
      vertex -15.2291 -36.8088 41.7569
      vertex -15.038 -36.8088 44.49
    endloop
  endfacet
  facet normal -0.0697525 -1.90183e-06 -0.997564
    outer loop
      vertex -7.46767 -22.6521 41.2141
      vertex 0.721773 -38 40.6415
      vertex -6.77363 -38 41.1656
    endloop
  endfacet
  facet normal -0.0697578 -4.71757e-06 -0.997564
    outer loop
      vertex 0.721773 -38 40.6415
      vertex -7.46767 -22.6521 41.2141
      vertex 2.77289 -23.3699 40.498
    endloop
  endfacet
  facet normal -0.0697412 -1.38821e-06 -0.997565
    outer loop
      vertex -7.46767 -22.6521 41.2141
      vertex -6.77363 -38 41.1656
      vertex -9.56431 -37.6068 41.3607
    endloop
  endfacet
  facet normal -0.0695816 -2.28483e-05 -0.997576
    outer loop
      vertex -14.8807 -36.8578 41.7325
      vertex -13.0078 -20.9645 41.6015
      vertex -12.6594 -21.0136 41.5772
    endloop
  endfacet
  facet normal -0.0698619 1.03424e-05 -0.997557
    outer loop
      vertex -13.0078 -20.9645 41.6015
      vertex -14.8807 -36.8578 41.7325
      vertex -15.2291 -36.8088 41.7569
    endloop
  endfacet
  facet normal 0.987856 -0.139173 -0.069075
    outer loop
      vertex 2.91218 -24.3626 44.49
      vertex 0.990888 -38 44.49
      vertex 2.84299 -24.3626 43.5005
    endloop
  endfacet
  facet normal 0.987856 -0.139173 -0.0690776
    outer loop
      vertex 2.84299 -24.3626 43.5005
      vertex 2.77289 -23.3699 40.498
      vertex 2.98216 -23.3699 43.4907
    endloop
  endfacet
  facet normal 0.987856 -0.139173 -0.069078
    outer loop
      vertex 0.721773 -38 40.6415
      vertex 2.84299 -24.3626 43.5005
      vertex 0.990888 -38 44.49
    endloop
  endfacet
  facet normal 0.987856 -0.139173 -0.0690778
    outer loop
      vertex 2.84299 -24.3626 43.5005
      vertex 0.721773 -38 40.6415
      vertex 2.77289 -23.3699 40.498
    endloop
  endfacet
  facet normal -0.138841 -0.990267 0.00968391
    outer loop
      vertex -8.27142 -37.7369 46.5833
      vertex -12.0296 -37.1972 47.8905
      vertex -12.2838 -37.1716 46.8638
    endloop
  endfacet
  facet normal -0.13881 -0.990271 0.00977238
    outer loop
      vertex -12.0296 -37.1972 47.8905
      vertex -8.27142 -37.7369 46.5833
      vertex -8.18669 -37.7454 46.9255
    endloop
  endfacet
  facet normal -0.138834 -0.990268 0.00969552
    outer loop
      vertex -12.8715 -37.1125 44.49
      vertex -9.56431 -37.6068 41.3607
      vertex -6.54117 -38 44.49
    endloop
  endfacet
  facet normal -0.138825 -0.990269 0.00970455
    outer loop
      vertex -15.8734 -36.8105 32.3639
      vertex -9.56431 -37.6068 41.3607
      vertex -12.8715 -37.1125 44.49
    endloop
  endfacet
  facet normal -0.138827 -0.990269 0.00970594
    outer loop
      vertex -9.56431 -37.6068 41.3607
      vertex -15.8734 -36.8105 32.3639
      vertex -12.0305 -37.3587 31.3989
    endloop
  endfacet
  facet normal -0.138847 -0.990266 0.00970895
    outer loop
      vertex -6.54117 -38 44.49
      vertex -9.56431 -37.6068 41.3607
      vertex -6.77363 -38 41.1656
    endloop
  endfacet
  facet normal -0.1386 -0.990301 0.00969101
    outer loop
      vertex -14.8807 -36.8578 41.7325
      vertex -15.038 -36.8088 44.49
      vertex -15.2291 -36.8088 41.7569
    endloop
  endfacet
  facet normal -0.138773 -0.990277 0.00968071
    outer loop
      vertex -15.038 -36.8088 44.49
      vertex -14.8807 -36.8578 41.7325
      vertex -14.1981 -36.9265 44.49
    endloop
  endfacet
  facet normal 0.138839 0.990268 -0.00969542
    outer loop
      vertex -7.29555 -21.7171 46.515
      vertex -7.3904 -21.6978 47.128
      vertex -5.96535 -21.9011 46.7702
    endloop
  endfacet
  facet normal 0.138592 0.990302 -0.00973477
    outer loop
      vertex -7.3904 -21.6978 47.128
      vertex -7.29555 -21.7171 46.515
      vertex -7.52797 -21.684 46.5733
    endloop
  endfacet
  facet normal 0.138854 0.990265 -0.00977641
    outer loop
      vertex -7.29555 -21.7171 46.515
      vertex -5.96535 -21.9011 46.7702
      vertex -6.05007 -21.8926 46.4279
    endloop
  endfacet
  facet normal 0.138695 0.990288 -0.009701
    outer loop
      vertex -10.7342 -21.2946 40.4401
      vertex -10.6235 -21.2709 44.4421
      vertex -10.4551 -21.2946 44.4304
    endloop
  endfacet
  facet normal 0.138828 0.990269 -0.00970457
    outer loop
      vertex -10.7342 -21.2946 40.4401
      vertex -13.6521 -20.9662 32.2086
      vertex -10.6235 -21.2709 44.4421
    endloop
  endfacet
  facet normal 0.138806 0.990272 -0.00969733
    outer loop
      vertex -12.4925 -21.1316 31.9174
      vertex -10.7342 -21.2946 40.4401
      vertex -10.3849 -21.3438 40.4157
    endloop
  endfacet
  facet normal 0.138812 0.990271 -0.00969871
    outer loop
      vertex -10.7342 -21.2946 40.4401
      vertex -12.4925 -21.1316 31.9174
      vertex -13.6521 -20.9662 32.2086
    endloop
  endfacet
  facet normal 0.13879 0.990274 -0.00975349
    outer loop
      vertex -8.84542 -21.4988 46.6234
      vertex -9.80829 -21.3529 47.7352
      vertex -8.64231 -21.5192 47.4424
    endloop
  endfacet
  facet normal 0.138862 0.990264 -0.0096905
    outer loop
      vertex -9.80829 -21.3529 47.7352
      vertex -8.84542 -21.4988 46.6234
      vertex -10.0625 -21.3273 46.7085
    endloop
  endfacet
  facet normal 0.138809 0.990271 -0.00971596
    outer loop
      vertex -12.6594 -21.0136 41.5772
      vertex -12.8058 -20.9645 44.49
      vertex -11.9383 -21.0861 44.49
    endloop
  endfacet
  facet normal 0.13888 0.990262 -0.00971223
    outer loop
      vertex -12.8058 -20.9645 44.49
      vertex -12.6594 -21.0136 41.5772
      vertex -13.0078 -20.9645 41.6015
    endloop
  endfacet
  facet normal -0.240224 0.0241679 -0.970417
    outer loop
      vertex -16.2525 -37.7766 31.4032
      vertex -15.0024 -19.7736 31.5421
      vertex -13.7535 -19.9518 31.2285
    endloop
  endfacet
  facet normal -0.240224 0.0241679 -0.970417
    outer loop
      vertex -15.0024 -19.7736 31.5421
      vertex -16.2525 -37.7766 31.4032
      vertex -17.5014 -37.5984 31.7168
    endloop
  endfacet
  facet normal 0.960735 -0.137064 -0.24125
    outer loop
      vertex -9.80829 -21.3529 47.7352
      vertex -9.92362 -20.3371 46.6988
      vertex -9.42922 -20.3868 48.6959
    endloop
  endfacet
  facet normal 0.960718 -0.137109 -0.241292
    outer loop
      vertex -9.92362 -20.3371 46.6988
      vertex -9.80829 -21.3529 47.7352
      vertex -10.0625 -21.3273 46.7085
    endloop
  endfacet
  facet normal 0.960734 -0.137056 -0.241257
    outer loop
      vertex -9.42922 -20.3868 48.6959
      vertex -12.0296 -37.1972 47.8905
      vertex -9.80829 -21.3529 47.7352
    endloop
  endfacet
  facet normal 0.960732 -0.137068 -0.241261
    outer loop
      vertex -12.0296 -37.1972 47.8905
      vertex -11.9282 -38.2116 48.8706
      vertex -12.4226 -38.1619 46.8736
    endloop
  endfacet
  facet normal 0.960736 -0.137057 -0.24125
    outer loop
      vertex -11.9282 -38.2116 48.8706
      vertex -12.0296 -37.1972 47.8905
      vertex -9.42922 -20.3868 48.6959
    endloop
  endfacet
  facet normal 0.96073 -0.137043 -0.241284
    outer loop
      vertex -12.2838 -37.1716 46.8638
      vertex -12.0296 -37.1972 47.8905
      vertex -12.4226 -38.1619 46.8736
    endloop
  endfacet
  facet normal 0.960739 -0.13702 -0.241259
    outer loop
      vertex -10.4847 -20.2806 44.4324
      vertex -10.6235 -21.2709 44.4421
      vertex -13.6521 -20.9662 32.2086
    endloop
  endfacet
  facet normal 0.960734 -0.137062 -0.241255
    outer loop
      vertex -13.6521 -20.9662 32.2086
      vertex -13.7535 -19.9518 31.2285
      vertex -10.4847 -20.2806 44.4324
    endloop
  endfacet
  facet normal 0.960727 -0.137055 -0.241286
    outer loop
      vertex -16.2525 -37.7766 31.4032
      vertex -13.6521 -20.9662 32.2086
      vertex -15.8734 -36.8105 32.3639
    endloop
  endfacet
  facet normal 0.960736 -0.137058 -0.241251
    outer loop
      vertex -13.6521 -20.9662 32.2086
      vertex -16.2525 -37.7766 31.4032
      vertex -13.7535 -19.9518 31.2285
    endloop
  endfacet
  facet normal 0.960736 -0.137054 -0.24125
    outer loop
      vertex -14.0319 -38 40.3731
      vertex -15.8734 -36.8105 32.3639
      vertex -12.8715 -37.1125 44.49
    endloop
  endfacet
  facet normal 0.960737 -0.137047 -0.241252
    outer loop
      vertex -14.0319 -38 40.3731
      vertex -12.8715 -37.1125 44.49
      vertex -12.9981 -38 44.49
    endloop
  endfacet
  facet normal 0.960731 -0.137088 -0.241254
    outer loop
      vertex -15.8734 -36.8105 32.3639
      vertex -14.0319 -38 40.3731
      vertex -16.2525 -37.7766 31.4032
    endloop
  endfacet
  facet normal -0.960726 0.137118 0.241254
    outer loop
      vertex -15.0024 -19.7736 31.5421
      vertex -12.6594 -21.0136 41.5772
      vertex -11.797 -20.0961 44.49
    endloop
  endfacet
  facet normal -0.960736 0.137058 0.241249
    outer loop
      vertex -17.5014 -37.5984 31.7168
      vertex -12.6594 -21.0136 41.5772
      vertex -15.0024 -19.7736 31.5421
    endloop
  endfacet
  facet normal -0.960736 0.137056 0.241251
    outer loop
      vertex -12.6594 -21.0136 41.5772
      vertex -17.5014 -37.5984 31.7168
      vertex -14.8807 -36.8578 41.7325
    endloop
  endfacet
  facet normal -0.960735 0.137061 0.24125
    outer loop
      vertex -14.3393 -37.9165 44.49
      vertex -14.8807 -36.8578 41.7325
      vertex -17.5014 -37.5984 31.7168
    endloop
  endfacet
  facet normal -0.960743 0.137027 0.241239
    outer loop
      vertex -14.8807 -36.8578 41.7325
      vertex -14.3393 -37.9165 44.49
      vertex -14.1981 -36.9265 44.49
    endloop
  endfacet
  facet normal -0.960726 0.137122 0.241253
    outer loop
      vertex -11.797 -20.0961 44.49
      vertex -12.6594 -21.0136 41.5772
      vertex -11.9383 -21.0861 44.49
    endloop
  endfacet
  facet normal -0.96074 0.137063 0.24123
    outer loop
      vertex -13.7267 -37.9782 46.9647
      vertex -10.6782 -20.2086 49.0095
      vertex -11.2276 -20.1533 46.79
    endloop
  endfacet
  facet normal -0.960735 0.137059 0.241255
    outer loop
      vertex -10.6782 -20.2086 49.0095
      vertex -13.7267 -37.9782 46.9647
      vertex -13.1772 -38.0334 49.1843
    endloop
  endfacet
  facet normal 0.24021 -0.0241656 0.97042
    outer loop
      vertex -10.6782 -20.2086 49.0095
      vertex -11.9282 -38.2116 48.8706
      vertex -9.42922 -20.3868 48.6959
    endloop
  endfacet
  facet normal 0.240279 -0.0241703 0.970403
    outer loop
      vertex -11.9282 -38.2116 48.8706
      vertex -10.6782 -20.2086 49.0095
      vertex -13.1772 -38.0334 49.1843
    endloop
  endfacet
  facet normal -0.240239 0.0241761 -0.970413
    outer loop
      vertex -9.95114 -22.5274 31.2535
      vertex -11.3945 -23.4275 31.5884
      vertex -11.322 -22.4301 31.5953
    endloop
  endfacet
  facet normal -0.240234 0.0241675 -0.970414
    outer loop
      vertex -12.0305 -37.3587 31.3989
      vertex -11.3945 -23.4275 31.5884
      vertex -9.95114 -22.5274 31.2535
    endloop
  endfacet
  facet normal -0.240269 0.024169 -0.970405
    outer loop
      vertex -12.0305 -37.3587 31.3989
      vertex -12.6529 -23.3382 31.9022
      vertex -11.3945 -23.4275 31.5884
    endloop
  endfacet
  facet normal -0.240235 0.0241708 -0.970414
    outer loop
      vertex -15.8734 -36.8105 32.3639
      vertex -12.6529 -23.3382 31.9022
      vertex -12.0305 -37.3587 31.3989
    endloop
  endfacet
  facet normal -0.24021 0.0241647 -0.97042
    outer loop
      vertex -12.6529 -23.3382 31.9022
      vertex -15.8734 -36.8105 32.3639
      vertex -13.6521 -20.9662 32.2086
    endloop
  endfacet
  facet normal -0.240246 0.0241484 -0.970412
    outer loop
      vertex -12.4925 -21.1316 31.9174
      vertex -12.6529 -23.3382 31.9022
      vertex -13.6521 -20.9662 32.2086
    endloop
  endfacet
  facet normal 0.96075 -0.137062 -0.241191
    outer loop
      vertex -5.96535 -21.9011 46.7702
      vertex -8.27142 -37.7369 46.5833
      vertex -6.05007 -21.8926 46.4279
    endloop
  endfacet
  facet normal 0.960727 -0.137057 -0.241284
    outer loop
      vertex -8.27142 -37.7369 46.5833
      vertex -5.96535 -21.9011 46.7702
      vertex -8.18669 -37.7454 46.9255
    endloop
  endfacet
  facet normal 0.960734 -0.137061 -0.241255
    outer loop
      vertex -7.46767 -22.6521 41.2141
      vertex -12.0305 -37.3587 31.3989
      vertex -9.95114 -22.5274 31.2535
    endloop
  endfacet
  facet normal 0.960734 -0.137059 -0.241257
    outer loop
      vertex -12.0305 -37.3587 31.3989
      vertex -7.46767 -22.6521 41.2141
      vertex -9.56431 -37.6068 41.3607
    endloop
  endfacet
  facet normal 0.240242 -0.024167 0.970412
    outer loop
      vertex -8.64231 -21.5192 47.4424
      vertex -9.80829 -21.3529 47.7352
      vertex -8.78864 -23.532 47.4285
    endloop
  endfacet
  facet normal 0.240204 -0.0241717 0.970421
    outer loop
      vertex -7.53024 -23.6214 47.1147
      vertex -5.96535 -21.9011 46.7702
      vertex -7.3904 -21.6978 47.128
    endloop
  endfacet
  facet normal 0.240195 -0.0241631 0.970424
    outer loop
      vertex -7.53024 -23.6214 47.1147
      vertex -8.18669 -37.7454 46.9255
      vertex -5.96535 -21.9011 46.7702
    endloop
  endfacet
  facet normal 0.240268 -0.0241663 0.970406
    outer loop
      vertex -8.78864 -23.532 47.4285
      vertex -8.18669 -37.7454 46.9255
      vertex -7.53024 -23.6214 47.1147
    endloop
  endfacet
  facet normal 0.240239 -0.0241689 0.970413
    outer loop
      vertex -12.0296 -37.1972 47.8905
      vertex -8.78864 -23.532 47.4285
      vertex -9.80829 -21.3529 47.7352
    endloop
  endfacet
  facet normal 0.240235 -0.024168 0.970414
    outer loop
      vertex -8.78864 -23.532 47.4285
      vertex -12.0296 -37.1972 47.8905
      vertex -8.18669 -37.7454 46.9255
    endloop
  endfacet
  facet normal -0.241486 0.0121161 -0.970329
    outer loop
      vertex 22 -20.0424 39.3047
      vertex 23.743 -9 39.0088
      vertex 22.5738 -25.7604 39.0905
    endloop
  endfacet
  facet normal -0.24147 0.0121178 -0.970333
    outer loop
      vertex 22 -20.0424 39.3047
      vertex 22.5738 -25.7604 39.0905
      vertex 22 -25.7197 39.2338
    endloop
  endfacet
  facet normal -0.241508 0.0121197 -0.970323
    outer loop
      vertex 23.743 -9 39.0088
      vertex 22 -20.0424 39.3047
      vertex 22.7703 -9 39.2509
    endloop
  endfacet
  facet normal -0.241464 0.0120989 -0.970334
    outer loop
      vertex 20 -25.5778 39.7334
      vertex 19.109 -25.4833 39.9563
      vertex 20 -24.5753 39.7459
    endloop
  endfacet
  facet normal -0.241591 0.0108563 -0.970317
    outer loop
      vertex 19.109 -25.4833 39.9563
      vertex 20 -25.5778 39.7334
      vertex 19.1048 -25.5142 39.957
    endloop
  endfacet
  facet normal -0.2415 0.0121363 -0.970325
    outer loop
      vertex 19.109 -25.4833 39.9563
      vertex 6.18906 -23.595 43.1955
      vertex 20 -24.5753 39.7459
    endloop
  endfacet
  facet normal -0.241514 0.0120301 -0.970323
    outer loop
      vertex 6.18906 -23.595 43.1955
      vertex 19.109 -25.4833 39.9563
      vertex 5.79308 -23.5837 43.2942
    endloop
  endfacet
  facet normal -0.241384 0.0121044 -0.970354
    outer loop
      vertex 6.18906 -23.595 43.1955
      vertex 6.81039 -9 43.223
      vertex 7.20716 -9 43.1243
    endloop
  endfacet
  facet normal -0.241512 0.0121098 -0.970322
    outer loop
      vertex 6.81039 -9 43.223
      vertex 6.18906 -23.595 43.1955
      vertex 5.79308 -23.5837 43.2942
    endloop
  endfacet
  facet normal 0.241463 -0.0121096 0.970334
    outer loop
      vertex 22 -25.7132 40.5737
      vertex 24.1403 -7.82004 40.2644
      vertex 22 -7.66813 40.7989
    endloop
  endfacet
  facet normal 0.241554 -0.0121209 0.970312
    outer loop
      vertex 24.1403 -7.82004 40.2644
      vertex 22 -25.7132 40.5737
      vertex 22.8878 -25.7762 40.3519
    endloop
  endfacet
  facet normal 0.241502 -0.0121148 0.970325
    outer loop
      vertex 6.53397 -22.6663 44.461
      vertex 20 -7.52618 41.2985
      vertex 7.65123 -6.64973 44.3829
    endloop
  endfacet
  facet normal 0.241501 -0.012114 0.970325
    outer loop
      vertex 20 -7.52618 41.2985
      vertex 6.53397 -22.6663 44.461
      vertex 20 -24.5873 41.0855
    endloop
  endfacet
  facet normal 0.967924 -0.0687499 -0.241653
    outer loop
      vertex 24.1403 -7.82004 40.2644
      vertex 23.8832 -9 39.5703
      vertex 23.9627 -7.81113 39.5505
    endloop
  endfacet
  facet normal 0.967921 -0.0687 -0.241679
    outer loop
      vertex 23.8832 -9 39.5703
      vertex 22.5738 -25.7604 39.0905
      vertex 23.743 -9 39.0088
    endloop
  endfacet
  facet normal 0.967906 -0.0686926 -0.241743
    outer loop
      vertex 22.8878 -25.7762 40.3519
      vertex 23.8832 -9 39.5703
      vertex 24.1403 -7.82004 40.2644
    endloop
  endfacet
  facet normal 0.967892 -0.0686943 -0.241798
    outer loop
      vertex 23.8832 -9 39.5703
      vertex 22.8878 -25.7762 40.3519
      vertex 22.5738 -25.7604 39.0905
    endloop
  endfacet
  facet normal -0.0695939 -0.997564 0.0048187
    outer loop
      vertex -8.78864 -23.532 47.4285
      vertex -7.42115 -23.6268 47.553
      vertex -8.67942 -23.5375 47.8673
    endloop
  endfacet
  facet normal -0.0696135 -0.997561 0.00503607
    outer loop
      vertex -7.42115 -23.6268 47.553
      vertex -8.78864 -23.532 47.4285
      vertex -7.53024 -23.6214 47.1147
    endloop
  endfacet
  facet normal -0.0695722 -0.997565 0.00488489
    outer loop
      vertex -13.0264 -23.3195 30.4015
      vertex -11.3945 -23.4275 31.5884
      vertex -12.6529 -23.3382 31.9022
    endloop
  endfacet
  facet normal -0.069579 -0.997564 0.00489422
    outer loop
      vertex -11.3945 -23.4275 31.5884
      vertex -13.0264 -23.3195 30.4015
      vertex -11.7682 -23.4088 30.0872
    endloop
  endfacet
  facet normal -0.0695801 -0.997565 0.00483929
    outer loop
      vertex 22 -25.7197 39.2338
      vertex 22.8878 -25.7762 40.3519
      vertex 22 -25.7132 40.5737
    endloop
  endfacet
  facet normal -0.0695546 -0.997567 0.00481892
    outer loop
      vertex 22.8878 -25.7762 40.3519
      vertex 22 -25.7197 39.2338
      vertex 22.5738 -25.7604 39.0905
    endloop
  endfacet
  facet normal -0.0696808 -0.997557 0.00488195
    outer loop
      vertex 19.1048 -25.5142 39.957
      vertex 20 -25.575 40.3107
      vertex 19.2402 -25.521 40.5001
    endloop
  endfacet
  facet normal -0.0696636 -0.997559 0.00483832
    outer loop
      vertex 20 -25.575 40.3107
      vertex 19.1048 -25.5142 39.957
      vertex 20 -25.5778 39.7334
    endloop
  endfacet
  facet normal -0.0691513 -0.997594 0.00483535
    outer loop
      vertex 2.84299 -24.3626 43.5005
      vertex 3.02759 -24.3706 44.49
      vertex 2.91218 -24.3626 44.49
    endloop
  endfacet
  facet normal -0.0696727 -0.997558 0.00493291
    outer loop
      vertex 3.02759 -24.3706 44.49
      vertex 2.84299 -24.3626 43.5005
      vertex 3.31966 -24.3911 44.4696
    endloop
  endfacet
  facet normal -0.0694988 -0.99757 0.00484701
    outer loop
      vertex 3.31966 -24.3911 44.4696
      vertex 2.84299 -24.3626 43.5005
      vertex 3.4872 -24.4077 43.4554
    endloop
  endfacet
  facet normal -0.0696205 -0.997562 0.00482677
    outer loop
      vertex 3.31966 -24.3911 44.4696
      vertex 3.4872 -24.4077 43.4554
      vertex 3.71545 -24.4192 44.3709
    endloop
  endfacet
  facet normal 0.0695816 0.997564 -0.00486732
    outer loop
      vertex -6.53332 -5.65238 46
      vertex -7.42687 -5.58137 47.7797
      vertex -6.16859 -5.67067 47.4655
    endloop
  endfacet
  facet normal 0.0695869 0.997564 -0.00486467
    outer loop
      vertex -7.42687 -5.58137 47.7797
      vertex -6.53332 -5.65238 46
      vertex -7.86982 -5.55915 46
    endloop
  endfacet
  facet normal 0.0695853 0.997564 -0.00486451
    outer loop
      vertex -8.999 -5.48854 44.3285
      vertex -10.3413 -5.39412 44.49
      vertex -8.98771 -5.48854 44.49
    endloop
  endfacet
  facet normal 0.0695859 0.997564 -0.00485964
    outer loop
      vertex -10.3413 -5.39412 44.49
      vertex -8.999 -5.48854 44.3285
      vertex -10.346 -5.39412 44.4227
    endloop
  endfacet
  facet normal 0.0695697 0.997565 -0.00496429
    outer loop
      vertex -6.69102 -5.64874 44.49
      vertex -6.69644 -5.64847 44.4683
      vertex -7.00734 -5.62668 44.49
    endloop
  endfacet
  facet normal 0.069589 0.997564 -0.0048661
    outer loop
      vertex -8.35022 -5.55846 39.271
      vertex -8.54324 -5.52537 43.2942
      vertex -8.0712 -5.55846 43.2612
    endloop
  endfacet
  facet normal 0.0695865 0.997564 -0.00486623
    outer loop
      vertex -8.35022 -5.55846 39.271
      vertex -11.7739 -5.36333 30.3139
      vertex -8.54324 -5.52537 43.2942
    endloop
  endfacet
  facet normal 0.0695671 0.997565 -0.00486191
    outer loop
      vertex -10.5156 -5.45264 29.9996
      vertex -8.35022 -5.55846 39.271
      vertex -8.21052 -5.56825 39.2612
    endloop
  endfacet
  facet normal 0.0695882 0.997564 -0.00486686
    outer loop
      vertex -8.35022 -5.55846 39.271
      vertex -10.5156 -5.45264 29.9996
      vertex -11.7739 -5.36333 30.3139
    endloop
  endfacet
  facet normal 0.0695854 0.997564 -0.0048761
    outer loop
      vertex 24.1403 -7.82004 40.2644
      vertex 22 -7.67184 40.0399
      vertex 22 -7.66813 40.7989
    endloop
  endfacet
  facet normal 0.0695838 0.997564 -0.00486032
    outer loop
      vertex 22 -7.67184 40.0399
      vertex 24.1403 -7.82004 40.2644
      vertex 23.9627 -7.81113 39.5505
    endloop
  endfacet
  facet normal 0.0695797 0.997565 -0.00486479
    outer loop
      vertex 7.65123 -6.64973 44.3829
      vertex 7.32825 -6.62668 44.49
      vertex 7.65711 -6.64973 44.467
    endloop
  endfacet
  facet normal 0.0695866 0.997564 -0.00479318
    outer loop
      vertex 7.32825 -6.62668 44.49
      vertex -1.24248 -6.02908 44.435
      vertex -1.4629 -6.01344 44.49
    endloop
  endfacet
  facet normal 0.0695784 0.997565 -0.0048688
    outer loop
      vertex 8.01633 -6.6798 43.4394
      vertex 7.32825 -6.62668 44.49
      vertex 7.65123 -6.64973 44.3829
    endloop
  endfacet
  facet normal 0.0695871 0.997564 -0.00487113
    outer loop
      vertex 7.32825 -6.62668 44.49
      vertex -1.32779 -6.0248 44.0928
      vertex -1.24248 -6.02908 44.435
    endloop
  endfacet
  facet normal 0.0696959 0.997557 -0.00482307
    outer loop
      vertex 8.01633 -6.6798 43.4394
      vertex 7.65123 -6.64973 44.3829
      vertex 8.03674 -6.68083 43.5213
    endloop
  endfacet
  facet normal 0.0695804 0.997564 -0.00487503
    outer loop
      vertex 7.65123 -6.64973 44.3829
      vertex 8.50089 -6.71377 43.4056
      vertex 8.03674 -6.68083 43.5213
    endloop
  endfacet
  facet normal 0.0695863 0.997564 -0.00486989
    outer loop
      vertex 7.65123 -6.64973 44.3829
      vertex 8.97808 -6.74722 43.3722
      vertex 8.50089 -6.71377 43.4056
    endloop
  endfacet
  facet normal 0.069585 0.997564 -0.00487152
    outer loop
      vertex 20 -7.52618 41.2985
      vertex 8.97808 -6.74722 43.3722
      vertex 7.65123 -6.64973 44.3829
    endloop
  endfacet
  facet normal 0.0695847 0.997564 -0.00487341
    outer loop
      vertex 20 -7.52618 41.2985
      vertex 8.97219 -6.74722 43.2881
      vertex 8.97808 -6.74722 43.3722
    endloop
  endfacet
  facet normal 0.0695853 0.997564 -0.00486969
    outer loop
      vertex 8.97219 -6.74722 43.2881
      vertex 20 -7.52618 41.2985
      vertex 20 -7.52989 40.5385
    endloop
  endfacet
  facet normal 0.0695867 0.997564 -0.00486328
    outer loop
      vertex 7.32825 -6.62668 44.49
      vertex 8.01633 -6.6798 43.4394
      vertex -1.32779 -6.0248 44.0928
    endloop
  endfacet
  facet normal -0.967906 0.0686719 0.241747
    outer loop
      vertex 6.30754 -8 39.2383
      vertex 6.97851 -9 42.2088
      vertex 7.04826 -8 42.204
    endloop
  endfacet
  facet normal -0.967903 0.068698 0.241754
    outer loop
      vertex 5.22306 -23.5466 39.3142
      vertex 6.97851 -9 42.2088
      vertex 6.30754 -8 39.2383
    endloop
  endfacet
  facet normal -0.967903 0.0686981 0.241754
    outer loop
      vertex 6.18906 -23.595 43.1955
      vertex 6.97851 -9 42.2088
      vertex 5.22306 -23.5466 39.3142
    endloop
  endfacet
  facet normal -0.967907 0.0686973 0.241739
    outer loop
      vertex 6.97851 -9 42.2088
      vertex 6.18906 -23.595 43.1955
      vertex 7.20716 -9 43.1243
    endloop
  endfacet
  facet normal -0.241501 0.0121169 -0.970325
    outer loop
      vertex 20 -24.5954 35.6233
      vertex 12.1757 -8 37.7779
      vertex 20 -8.55533 35.8236
    endloop
  endfacet
  facet normal -0.241502 0.0121164 -0.970325
    outer loop
      vertex 5.22306 -23.5466 39.3142
      vertex 12.1757 -8 37.7779
      vertex 20 -24.5954 35.6233
    endloop
  endfacet
  facet normal -0.241478 0.0121051 -0.970331
    outer loop
      vertex 12.1757 -8 37.7779
      vertex 5.22306 -23.5466 39.3142
      vertex 7.90064 -8 38.8418
    endloop
  endfacet
  facet normal -0.241692 0.0120191 -0.970279
    outer loop
      vertex 7.90064 -8 38.8418
      vertex 7.66298 -8 38.901
      vertex 7.66325 -7.67973 38.9049
    endloop
  endfacet
  facet normal -0.241692 0.0121435 -0.970277
    outer loop
      vertex 7.90064 -8 38.8418
      vertex 5.22306 -23.5466 39.3142
      vertex 7.66298 -8 38.901
    endloop
  endfacet
  facet normal -0.241467 0.0121067 -0.970334
    outer loop
      vertex 7.66298 -8 38.901
      vertex 5.22306 -23.5466 39.3142
      vertex 6.30754 -8 39.2383
    endloop
  endfacet
  facet normal -0.241443 0.0122155 -0.970338
    outer loop
      vertex 7.90152 -7.69664 38.8454
      vertex 7.90064 -8 38.8418
      vertex 7.66325 -7.67973 38.9049
    endloop
  endfacet
  facet normal 0.967891 -0.0686966 -0.2418
    outer loop
      vertex 22.7703 -9 39.2509
      vertex 22 -20.0424 39.3047
      vertex 22.5956 -9 38.5516
    endloop
  endfacet
  facet normal 0.967908 -0.0686533 -0.241745
    outer loop
      vertex 22.5956 -9 38.5516
      vertex 22 -8.69359 36.0799
      vertex 22.614 -8.72439 38.547
    endloop
  endfacet
  facet normal 0.967904 -0.0686939 -0.241749
    outer loop
      vertex 22 -8.69359 36.0799
      vertex 22.5956 -9 38.5516
      vertex 22 -20.0424 39.3047
    endloop
  endfacet
  facet normal -0.0695882 -0.997564 0.00487984
    outer loop
      vertex 5.22306 -23.5466 39.3142
      vertex 20 -24.5753 39.7459
      vertex 6.18906 -23.595 43.1955
    endloop
  endfacet
  facet normal -0.0695877 -0.997564 0.00486369
    outer loop
      vertex 20 -24.5753 39.7459
      vertex 5.22306 -23.5466 39.3142
      vertex 20 -24.5954 35.6233
    endloop
  endfacet
  facet normal 0.069591 0.997564 -0.00486561
    outer loop
      vertex 22 -8.68081 38.7001
      vertex 22.614 -8.72439 38.547
      vertex 22 -8.69359 36.0799
    endloop
  endfacet
  facet normal 0.0695871 0.997564 -0.00486536
    outer loop
      vertex 20 -8.53887 39.1987
      vertex 12.1757 -8 37.7779
      vertex 12.4074 -8 41.0918
    endloop
  endfacet
  facet normal 0.069587 0.997564 -0.00486501
    outer loop
      vertex 12.1757 -8 37.7779
      vertex 20 -8.53887 39.1987
      vertex 20 -8.55533 35.8236
    endloop
  endfacet
  facet normal 0.0695862 0.997564 -0.00486383
    outer loop
      vertex 7.66325 -7.67973 38.9049
      vertex 8.29674 -7.70826 42.1167
      vertex 8.69253 -7.73635 42.018
    endloop
  endfacet
  facet normal 0.0696032 0.997563 -0.0048672
    outer loop
      vertex 8.29674 -7.70826 42.1167
      vertex 7.66325 -7.67973 38.9049
      vertex 7.88983 -7.67973 42.1451
    endloop
  endfacet
  facet normal 0.0695828 0.997564 -0.00486269
    outer loop
      vertex 7.66325 -7.67973 38.9049
      vertex 8.69253 -7.73635 42.018
      vertex 7.90152 -7.69664 38.8454
    endloop
  endfacet
  facet normal -0.99514 0.0697554 0.0694972
    outer loop
      vertex -10.3413 -5.39412 44.49
      vertex -10.346 -5.39412 44.4227
      vertex -11.308 -19.1852 44.49
    endloop
  endfacet
  facet normal -0.0693182 -5.58469e-05 -0.997595
    outer loop
      vertex -10.4551 -21.2946 44.4304
      vertex -10.6235 -21.2709 44.4421
      vertex -10.4847 -20.2806 44.4324
    endloop
  endfacet
  facet normal -0.0698289 0 -0.997559
    outer loop
      vertex -9.42043 -6.46144 44.358
      vertex -8.999 -5.48854 44.3285
      vertex -8.999 -6.49098 44.3285
    endloop
  endfacet
  facet normal -0.0697647 -2.79214e-05 -0.997563
    outer loop
      vertex -9.42043 -6.46144 44.358
      vertex -10.346 -5.39412 44.4227
      vertex -8.999 -5.48854 44.3285
    endloop
  endfacet
  facet normal -0.0690985 -4.9404e-05 -0.99761
    outer loop
      vertex -10.4847 -20.2806 44.4324
      vertex -9.42043 -6.46144 44.358
      vertex -10.4551 -21.2946 44.4304
    endloop
  endfacet
  facet normal -0.0697866 3.85183e-06 -0.997562
    outer loop
      vertex -11.308 -19.1852 44.49
      vertex -9.42043 -6.46144 44.358
      vertex -10.4847 -20.2806 44.4324
    endloop
  endfacet
  facet normal -0.0697917 -0 -0.997562
    outer loop
      vertex -11.308 -19.1852 44.49
      vertex -10.4847 -20.2806 44.4324
      vertex -11.308 -20.1646 44.49
    endloop
  endfacet
  facet normal -0.0697368 -3.57764e-06 -0.997565
    outer loop
      vertex -9.42043 -6.46144 44.358
      vertex -11.308 -19.1852 44.49
      vertex -10.346 -5.39412 44.4227
    endloop
  endfacet
  facet normal -0.0696817 2.13392e-05 -0.997569
    outer loop
      vertex 3.4872 -24.4077 43.4554
      vertex 2.98216 -23.3699 43.4907
      vertex 3.62637 -23.4151 43.4457
    endloop
  endfacet
  facet normal -0.0698412 -5.66775e-05 -0.997558
    outer loop
      vertex 2.98216 -23.3699 43.4907
      vertex 3.4872 -24.4077 43.4554
      vertex 2.84299 -24.3626 43.5005
    endloop
  endfacet
  facet normal -0.0699418 8.69867e-06 -0.997551
    outer loop
      vertex 5.79308 -23.5837 43.2942
      vertex 6.40248 -9 43.2516
      vertex 6.81039 -9 43.223
    endloop
  endfacet
  facet normal -0.0696434 -3.8323e-06 -0.997572
    outer loop
      vertex 6.40248 -9 43.2516
      vertex 5.79308 -23.5837 43.2942
      vertex 5.38914 -23.5268 43.3224
    endloop
  endfacet
  facet normal 0.0697682 0 0.997563
    outer loop
      vertex 7.65711 -6.64973 44.467
      vertex 7.32825 -6.62668 44.49
      vertex 7.32825 -11.3642 44.49
    endloop
  endfacet
  facet normal 0.995135 -0.0697555 -0.0695766
    outer loop
      vertex 7.32825 -11.3642 44.49
      vertex 7.65123 -6.64973 44.3829
      vertex 7.65711 -6.64973 44.467
    endloop
  endfacet
  facet normal 0.995129 -0.0697561 -0.069659
    outer loop
      vertex 6.53397 -22.6663 44.461
      vertex 7.32825 -11.3642 44.49
      vertex 6.536 -22.6663 44.49
    endloop
  endfacet
  facet normal 0.995131 -0.0697564 -0.0696258
    outer loop
      vertex 7.32825 -11.3642 44.49
      vertex 6.53397 -22.6663 44.461
      vertex 7.65123 -6.64973 44.3829
    endloop
  endfacet
  facet normal -0.995134 0.0697583 0.0695885
    outer loop
      vertex -10.7342 -21.2946 40.4401
      vertex -9.42043 -6.46144 44.358
      vertex -9.69946 -6.46144 40.3678
    endloop
  endfacet
  facet normal -0.995133 0.0697541 0.0696042
    outer loop
      vertex -9.42043 -6.46144 44.358
      vertex -10.7342 -21.2946 40.4401
      vertex -10.4551 -21.2946 44.4304
    endloop
  endfacet
  facet normal -0.0697624 5.49273e-08 -0.997564
    outer loop
      vertex 5.1093 -23.5386 39.3322
      vertex -4.07236 -8 39.9743
      vertex 6.19321 -8 39.2564
    endloop
  endfacet
  facet normal -0.0697617 4.70049e-07 -0.997564
    outer loop
      vertex -4.07236 -8 39.9743
      vertex 5.1093 -23.5386 39.3322
      vertex -5.10632 -22.8225 40.0466
    endloop
  endfacet
  facet normal -0.0696852 -6.91605e-06 -0.997569
    outer loop
      vertex -10.7342 -21.2946 40.4401
      vertex -9.34851 -6.48604 40.3432
      vertex -10.3849 -21.3438 40.4157
    endloop
  endfacet
  facet normal -0.0699228 1.54308e-05 -0.997552
    outer loop
      vertex -9.34851 -6.48604 40.3432
      vertex -10.7342 -21.2946 40.4401
      vertex -9.69946 -6.46144 40.3678
    endloop
  endfacet
  facet normal 0.995135 -0.0697563 -0.0695776
    outer loop
      vertex 6.40248 -9 43.2516
      vertex 5.38914 -23.5268 43.3224
      vertex 6.33273 -9 42.254
    endloop
  endfacet
  facet normal 0.995134 -0.0697516 -0.0695866
    outer loop
      vertex 6.33273 -9 42.254
      vertex 6.19321 -8 39.2564
      vertex 6.40248 -8 42.2491
    endloop
  endfacet
  facet normal 0.995134 -0.0697569 -0.0695858
    outer loop
      vertex 5.15093 -23.5268 39.9158
      vertex 6.33273 -9 42.254
      vertex 5.38914 -23.5268 43.3224
    endloop
  endfacet
  facet normal 0.995135 -0.0697586 -0.0695756
    outer loop
      vertex 5.1093 -23.5386 39.3322
      vertex 6.33273 -9 42.254
      vertex 5.15093 -23.5268 39.9158
    endloop
  endfacet
  facet normal 0.995159 -0.0694087 -0.0695843
    outer loop
      vertex 5.1093 -23.5386 39.3322
      vertex 5.15093 -23.5268 39.9158
      vertex 5.1501 -23.5386 39.9157
    endloop
  endfacet
  facet normal 0.995134 -0.069756 -0.069588
    outer loop
      vertex 6.33273 -9 42.254
      vertex 5.1093 -23.5386 39.3322
      vertex 6.19321 -8 39.2564
    endloop
  endfacet
  facet normal -0.0696008 -0.997563 0.00482706
    outer loop
      vertex -11.322 -22.4301 31.5953
      vertex -11.4571 -22.4233 31.0526
      vertex -9.95114 -22.5274 31.2535
    endloop
  endfacet
  facet normal -0.0695832 -0.997564 0.00486051
    outer loop
      vertex -5.10632 -22.8225 40.0466
      vertex 2.77289 -23.3699 40.498
      vertex -7.46767 -22.6521 41.2141
    endloop
  endfacet
  facet normal -0.0695853 -0.997564 0.00489729
    outer loop
      vertex 5.1093 -23.5386 39.3322
      vertex 2.77289 -23.3699 40.498
      vertex -5.10632 -22.8225 40.0466
    endloop
  endfacet
  facet normal -0.0695833 -0.997564 0.00486033
    outer loop
      vertex -9.95114 -22.5274 31.2535
      vertex -5.10632 -22.8225 40.0466
      vertex -7.46767 -22.6521 41.2141
    endloop
  endfacet
  facet normal -0.0695818 -0.997564 0.00485947
    outer loop
      vertex -9.95114 -22.5274 31.2535
      vertex -7.58545 -22.6981 30.0856
      vertex -5.10632 -22.8225 40.0466
    endloop
  endfacet
  facet normal -0.0696002 -0.997563 0.004822
    outer loop
      vertex -7.58545 -22.6981 30.0856
      vertex -9.95114 -22.5274 31.2535
      vertex -11.4571 -22.4233 31.0526
    endloop
  endfacet
  facet normal -0.0692178 -0.99759 0.00484018
    outer loop
      vertex 2.88693 -23.3779 40.48
      vertex 2.98216 -23.3699 43.4907
      vertex 2.77289 -23.3699 40.498
    endloop
  endfacet
  facet normal -0.0696532 -0.997559 0.00485387
    outer loop
      vertex 2.98216 -23.3699 43.4907
      vertex 2.88693 -23.3779 40.48
      vertex 3.62637 -23.4151 43.4457
    endloop
  endfacet
  facet normal -0.0690341 -0.997596 0.00600658
    outer loop
      vertex 2.77289 -23.3699 40.498
      vertex 5.1093 -23.5386 39.3322
      vertex 2.88693 -23.3779 40.48
    endloop
  endfacet
  facet normal -0.0696197 -0.997562 0.00486801
    outer loop
      vertex 2.88693 -23.3779 40.48
      vertex 5.1093 -23.5386 39.3322
      vertex 5.1501 -23.5386 39.9157
    endloop
  endfacet
  facet normal 0.0695867 0.997564 -0.00488543
    outer loop
      vertex -4.94561 -6.765 46.1168
      vertex -4.47787 -6.7982 46
      vertex -4.97474 -6.76354 46
    endloop
  endfacet
  facet normal 0.0696012 0.997563 -0.00486891
    outer loop
      vertex -10.0773 -6.48122 30.9083
      vertex -8.2801 -6.56582 39.2661
      vertex -7.99841 -6.58557 39.2464
    endloop
  endfacet
  facet normal 0.0695601 0.997566 -0.00486004
    outer loop
      vertex -8.2801 -6.56582 39.2661
      vertex -10.0773 -6.48122 30.9083
      vertex -10.3437 -6.46232 30.9748
    endloop
  endfacet
  facet normal 0.0696157 0.997562 -0.00485926
    outer loop
      vertex -6.31454 -6.67008 46
      vertex -6.47968 -6.65612 46.5
      vertex -6.20687 -6.67549 46.4319
    endloop
  endfacet
  facet normal 0.0695863 0.997564 -0.00486903
    outer loop
      vertex -6.47968 -6.65612 46.5
      vertex -6.31454 -6.67008 46
      vertex -6.60412 -6.64988 46
    endloop
  endfacet
  facet normal 0.0695833 0.997564 -0.0048663
    outer loop
      vertex -9.06876 -6.49098 43.331
      vertex -9.42043 -6.46144 44.358
      vertex -8.999 -6.49098 44.3285
    endloop
  endfacet
  facet normal 0.0695843 0.997564 -0.00486595
    outer loop
      vertex -9.06876 -6.49098 43.331
      vertex -9.69946 -6.46144 40.3678
      vertex -9.42043 -6.46144 44.358
    endloop
  endfacet
  facet normal 0.0695873 0.997564 -0.00486614
    outer loop
      vertex -9.34851 -6.48604 40.3432
      vertex -9.06876 -6.49098 43.331
      vertex -8.61283 -6.52294 43.2991
    endloop
  endfacet
  facet normal 0.0695836 0.997564 -0.00486581
    outer loop
      vertex -9.06876 -6.49098 43.331
      vertex -9.34851 -6.48604 40.3432
      vertex -9.69946 -6.46144 40.3678
    endloop
  endfacet
  facet normal -0.241509 0.0121136 -0.970323
    outer loop
      vertex -11.7682 -23.4088 30.0872
      vertex -11.7739 -5.36333 30.3139
      vertex -10.5156 -5.45264 29.9996
    endloop
  endfacet
  facet normal -0.241527 0.0121135 -0.970318
    outer loop
      vertex -11.7739 -5.36333 30.3139
      vertex -11.7682 -23.4088 30.0872
      vertex -13.0264 -23.3195 30.4015
    endloop
  endfacet
  facet normal 0.967904 -0.0686982 -0.241747
    outer loop
      vertex -6.47968 -6.65612 46.5
      vertex -6.53332 -5.65238 46
      vertex -6.16859 -5.67067 47.4655
    endloop
  endfacet
  facet normal 0.967904 -0.0686993 -0.241749
    outer loop
      vertex -6.53332 -5.65238 46
      vertex -6.47968 -6.65612 46.5
      vertex -6.60412 -6.64988 46
    endloop
  endfacet
  facet normal 0.967904 -0.0686963 -0.241749
    outer loop
      vertex -7.3904 -21.6978 47.128
      vertex -6.47968 -6.65612 46.5
      vertex -6.16859 -5.67067 47.4655
    endloop
  endfacet
  facet normal 0.967902 -0.0686965 -0.241756
    outer loop
      vertex -6.47968 -6.65612 46.5
      vertex -7.3904 -21.6978 47.128
      vertex -7.52797 -21.684 46.5733
    endloop
  endfacet
  facet normal 0.9679 -0.0686956 -0.241767
    outer loop
      vertex -7.42115 -23.6268 47.553
      vertex -7.3904 -21.6978 47.128
      vertex -6.16859 -5.67067 47.4655
    endloop
  endfacet
  facet normal 0.967904 -0.0686922 -0.241751
    outer loop
      vertex -7.3904 -21.6978 47.128
      vertex -7.42115 -23.6268 47.553
      vertex -7.53024 -23.6214 47.1147
    endloop
  endfacet
  facet normal 0.967902 -0.0686982 -0.241756
    outer loop
      vertex -8.21052 -5.56825 39.2612
      vertex -8.2801 -6.56582 39.2661
      vertex -10.3437 -6.46232 30.9748
    endloop
  endfacet
  facet normal 0.967902 -0.0687117 -0.241755
    outer loop
      vertex -10.3437 -6.46232 30.9748
      vertex -10.5156 -5.45264 29.9996
      vertex -8.21052 -5.56825 39.2612
    endloop
  endfacet
  facet normal 0.967897 -0.0686967 -0.241778
    outer loop
      vertex -11.7682 -23.4088 30.0872
      vertex -10.3437 -6.46232 30.9748
      vertex -11.4571 -22.4233 31.0526
    endloop
  endfacet
  facet normal 0.967905 -0.0686993 -0.241742
    outer loop
      vertex -10.3437 -6.46232 30.9748
      vertex -11.7682 -23.4088 30.0872
      vertex -10.5156 -5.45264 29.9996
    endloop
  endfacet
  facet normal 0.96789 -0.0686822 -0.241808
    outer loop
      vertex -11.3945 -23.4275 31.5884
      vertex -11.4571 -22.4233 31.0526
      vertex -11.322 -22.4301 31.5953
    endloop
  endfacet
  facet normal 0.967893 -0.0686764 -0.241797
    outer loop
      vertex -11.4571 -22.4233 31.0526
      vertex -11.3945 -23.4275 31.5884
      vertex -11.7682 -23.4088 30.0872
    endloop
  endfacet
  facet normal -0.967902 0.0686958 0.241758
    outer loop
      vertex -11.7739 -5.36333 30.3139
      vertex -9.34851 -6.48604 40.3432
      vertex -8.54324 -5.52537 43.2942
    endloop
  endfacet
  facet normal -0.967902 0.0686945 0.241758
    outer loop
      vertex -11.7739 -5.36333 30.3139
      vertex -12.4925 -21.1316 31.9174
      vertex -9.34851 -6.48604 40.3432
    endloop
  endfacet
  facet normal -0.967904 0.0686938 0.24175
    outer loop
      vertex -13.0264 -23.3195 30.4015
      vertex -12.4925 -21.1316 31.9174
      vertex -11.7739 -5.36333 30.3139
    endloop
  endfacet
  facet normal -0.967904 0.0686926 0.241752
    outer loop
      vertex -12.4925 -21.1316 31.9174
      vertex -13.0264 -23.3195 30.4015
      vertex -12.6529 -23.3382 31.9022
    endloop
  endfacet
  facet normal -0.967902 0.0687079 0.241754
    outer loop
      vertex -8.54324 -5.52537 43.2942
      vertex -9.34851 -6.48604 40.3432
      vertex -8.61283 -6.52294 43.2991
    endloop
  endfacet
  facet normal -0.967902 0.0686948 0.241757
    outer loop
      vertex -9.34851 -6.48604 40.3432
      vertex -12.4925 -21.1316 31.9174
      vertex -10.3849 -21.3438 40.4157
    endloop
  endfacet
  facet normal -0.967897 0.0686964 0.241779
    outer loop
      vertex -8.77566 -20.4988 46.6185
      vertex -7.86982 -5.55915 46
      vertex -8.92906 -20.4833 46
    endloop
  endfacet
  facet normal -0.967902 0.0686958 0.241759
    outer loop
      vertex -7.86982 -5.55915 46
      vertex -8.77566 -20.4988 46.6185
      vertex -7.42687 -5.58137 47.7797
    endloop
  endfacet
  facet normal -0.967903 0.0687055 0.241749
    outer loop
      vertex -8.64231 -21.5192 47.4424
      vertex -8.77566 -20.4988 46.6185
      vertex -8.84542 -21.4988 46.6234
    endloop
  endfacet
  facet normal -0.967906 0.0686978 0.24174
    outer loop
      vertex -8.77566 -20.4988 46.6185
      vertex -8.64231 -21.5192 47.4424
      vertex -7.42687 -5.58137 47.7797
    endloop
  endfacet
  facet normal -0.967897 0.0686962 0.241777
    outer loop
      vertex -8.67942 -23.5375 47.8673
      vertex -8.64231 -21.5192 47.4424
      vertex -8.78864 -23.532 47.4285
    endloop
  endfacet
  facet normal -0.967897 0.0686963 0.241777
    outer loop
      vertex -8.64231 -21.5192 47.4424
      vertex -8.67942 -23.5375 47.8673
      vertex -7.42687 -5.58137 47.7797
    endloop
  endfacet
  facet normal 0.24144 -0.0121136 0.97034
    outer loop
      vertex -7.42687 -5.58137 47.7797
      vertex -7.42115 -23.6268 47.553
      vertex -6.16859 -5.67067 47.4655
    endloop
  endfacet
  facet normal 0.241514 -0.0121133 0.970322
    outer loop
      vertex -7.42115 -23.6268 47.553
      vertex -7.42687 -5.58137 47.7797
      vertex -8.67942 -23.5375 47.8673
    endloop
  endfacet
  facet normal -0.241519 0.0121141 -0.970321
    outer loop
      vertex -8.8232 -9 30.5647
      vertex -6.56016 -8 30.0139
      vertex -7.58545 -22.6981 30.0856
    endloop
  endfacet
  facet normal -0.241497 0.0120604 -0.970327
    outer loop
      vertex -6.56016 -8 30.0139
      vertex -8.8232 -9 30.5647
      vertex -8.82027 -8 30.5764
    endloop
  endfacet
  facet normal -0.241493 0.0121167 -0.970327
    outer loop
      vertex -11.4571 -22.4233 31.0526
      vertex -8.8232 -9 30.5647
      vertex -7.58545 -22.6981 30.0856
    endloop
  endfacet
  facet normal -0.241395 0.0121093 -0.970351
    outer loop
      vertex -10.0847 -9 30.8787
      vertex -11.4571 -22.4233 31.0526
      vertex -10.3437 -6.46232 30.9748
    endloop
  endfacet
  facet normal -0.241522 0.0121227 -0.97032
    outer loop
      vertex -8.8232 -9 30.5647
      vertex -11.4571 -22.4233 31.0526
      vertex -10.0847 -9 30.8787
    endloop
  endfacet
  facet normal -0.241366 0.0121125 -0.970359
    outer loop
      vertex -10.0773 -6.48122 30.9083
      vertex -10.0847 -9 30.8787
      vertex -10.3437 -6.46232 30.9748
    endloop
  endfacet
  facet normal 0.967903 -0.068697 -0.241752
    outer loop
      vertex -4.07236 -8 39.9743
      vertex -7.58545 -22.6981 30.0856
      vertex -6.56016 -8 30.0139
    endloop
  endfacet
  facet normal 0.967903 -0.0686964 -0.241753
    outer loop
      vertex -7.58545 -22.6981 30.0856
      vertex -4.07236 -8 39.9743
      vertex -5.10632 -22.8225 40.0466
    endloop
  endfacet
  facet normal 0.241363 -0.0121451 0.970359
    outer loop
      vertex -6.20687 -6.67549 46.4319
      vertex -6.47968 -6.65612 46.5
      vertex -6.21368 -9 46.4045
    endloop
  endfacet
  facet normal 0.241447 -0.0120825 0.970339
    outer loop
      vertex -4.95216 -9 46.0906
      vertex -4.47787 -6.7982 46
      vertex -4.94561 -6.765 46.1168
    endloop
  endfacet
  facet normal 0.241607 -0.0121185 0.970299
    outer loop
      vertex -4.95216 -9 46.0906
      vertex -5.19058 -21.0075 46
      vertex -4.47787 -6.7982 46
    endloop
  endfacet
  facet normal 0.241446 -0.0121026 0.970339
    outer loop
      vertex -7.2258 -20.7171 46.5102
      vertex -4.95216 -9 46.0906
      vertex -6.21368 -9 46.4045
    endloop
  endfacet
  facet normal 0.241577 -0.0121187 0.970306
    outer loop
      vertex -7.52797 -21.684 46.5733
      vertex -6.21368 -9 46.4045
      vertex -6.47968 -6.65612 46.5
    endloop
  endfacet
  facet normal 0.241516 -0.0121169 0.970321
    outer loop
      vertex -4.95216 -9 46.0906
      vertex -7.2258 -20.7171 46.5102
      vertex -5.19058 -21.0075 46
    endloop
  endfacet
  facet normal 0.241328 -0.0120922 0.970368
    outer loop
      vertex -6.21368 -9 46.4045
      vertex -7.52797 -21.684 46.5733
      vertex -7.2258 -20.7171 46.5102
    endloop
  endfacet
  facet normal 0.241649 -0.0121976 0.970287
    outer loop
      vertex -7.2258 -20.7171 46.5102
      vertex -7.52797 -21.684 46.5733
      vertex -7.29555 -21.7171 46.515
    endloop
  endfacet
  facet normal -0.970323 0 0.241811
    outer loop
      vertex 8.01633 -6.6798 43.4394
      vertex 8.03674 5.75075 43.5213
      vertex 8.01633 5.74973 43.4394
    endloop
  endfacet
  facet normal -0.970323 0 0.241811
    outer loop
      vertex 8.03674 5.75075 43.5213
      vertex 8.01633 -6.6798 43.4394
      vertex 8.03674 -6.68083 43.5213
    endloop
  endfacet
  facet normal -0.2419 0 -0.970301
    outer loop
      vertex 25.1876 -9 37.9053
      vertex 24.2173 -8 38.1472
      vertex 25.1876 9 37.9053
    endloop
  endfacet
  facet normal -0.241937 -3.74678e-05 -0.970292
    outer loop
      vertex 22.5956 -9 38.5516
      vertex 24.2173 -8 38.1472
      vertex 25.1876 -9 37.9053
    endloop
  endfacet
  facet normal -0.241934 -4.27008e-05 -0.970293
    outer loop
      vertex 24.2173 -8 38.1472
      vertex 22.5956 -9 38.5516
      vertex 22.614 -8.72439 38.547
    endloop
  endfacet
  facet normal -0.2419 -0 -0.970301
    outer loop
      vertex 24.2173 8 38.1472
      vertex 25.1876 9 37.9053
      vertex 24.2173 -8 38.1472
    endloop
  endfacet
  facet normal -0.241949 -0 -0.970289
    outer loop
      vertex 22 9 38.7001
      vertex 24.2173 8 38.1472
      vertex 22 8 38.7001
    endloop
  endfacet
  facet normal -0.241934 3.47011e-05 -0.970293
    outer loop
      vertex 24.2173 8 38.1472
      vertex 22 9 38.7001
      vertex 25.1876 9 37.9053
    endloop
  endfacet
  facet normal -0.241941 -0 -0.970291
    outer loop
      vertex 22 -8 38.7001
      vertex 22.614 -8.72439 38.547
      vertex 22 -8.68081 38.7001
    endloop
  endfacet
  facet normal -0.241949 -7.231e-06 -0.970289
    outer loop
      vertex 22.614 -8.72439 38.547
      vertex 22 -8 38.7001
      vertex 24.2173 -8 38.1472
    endloop
  endfacet
  facet normal -0.241928 -0 -0.970294
    outer loop
      vertex 20 -8 39.1987
      vertex 20 -8.53887 39.1987
      vertex 12.4074 -8 41.0918
    endloop
  endfacet
  facet normal -0.241965 0 -0.970285
    outer loop
      vertex 8.29674 -7.70826 42.1167
      vertex 8.69253 6.80627 42.018
      vertex 8.69253 -7.73635 42.018
    endloop
  endfacet
  facet normal -0.241965 0 -0.970285
    outer loop
      vertex 8.69253 6.80627 42.018
      vertex 8.29674 -7.70826 42.1167
      vertex 8.29674 6.77818 42.1167
    endloop
  endfacet
  facet normal 0.241913 0 0.970298
    outer loop
      vertex 25.5021 9 39.1667
      vertex 23.9627 -7.81113 39.5505
      vertex 25.5021 -9 39.1667
    endloop
  endfacet
  facet normal 0.241923 -1.04024e-06 0.970295
    outer loop
      vertex 25.5021 9 39.1667
      vertex 23.007 6.81323 39.7888
      vertex 23.9627 -7.81113 39.5505
    endloop
  endfacet
  facet normal 0.241913 1.12843e-05 0.970298
    outer loop
      vertex 23.007 6.81323 39.7888
      vertex 25.5021 9 39.1667
      vertex 22.8609 9 39.8252
    endloop
  endfacet
  facet normal 0.241901 -1.61224e-05 0.970301
    outer loop
      vertex 25.5021 -9 39.1667
      vertex 23.9627 -7.81113 39.5505
      vertex 23.8832 -9 39.5703
    endloop
  endfacet
  facet normal 0.241946 -0 0.97029
    outer loop
      vertex 22 -7.67184 40.0399
      vertex 23.007 6.81323 39.7888
      vertex 22 6.74176 40.0399
    endloop
  endfacet
  facet normal 0.241942 2.77467e-07 0.970291
    outer loop
      vertex 23.007 6.81323 39.7888
      vertex 22 -7.67184 40.0399
      vertex 23.9627 -7.81113 39.5505
    endloop
  endfacet
  facet normal 0.241927 0 0.970295
    outer loop
      vertex 8.97219 5.81714 43.2881
      vertex 20 -7.52989 40.5385
      vertex 20 6.59982 40.5385
    endloop
  endfacet
  facet normal 0.241927 0 0.970295
    outer loop
      vertex 20 -7.52989 40.5385
      vertex 8.97219 5.81714 43.2881
      vertex 8.97219 -6.74722 43.2881
    endloop
  endfacet
  facet normal 0.241872 0 0.970308
    outer loop
      vertex 8.03674 5.75075 43.5213
      vertex 8.50089 -6.71377 43.4056
      vertex 8.50089 5.78369 43.4056
    endloop
  endfacet
  facet normal 0.241872 0 0.970308
    outer loop
      vertex 8.50089 -6.71377 43.4056
      vertex 8.03674 5.75075 43.5213
      vertex 8.03674 -6.68083 43.5213
    endloop
  endfacet
  facet normal 0.970296 0 -0.24192
    outer loop
      vertex 25.5021 -9 39.1667
      vertex 25.1876 9 37.9053
      vertex 25.5021 9 39.1667
    endloop
  endfacet
  facet normal 0.970296 0 -0.24192
    outer loop
      vertex 25.1876 9 37.9053
      vertex 25.5021 -9 39.1667
      vertex 25.1876 -9 37.9053
    endloop
  endfacet
  facet normal 0 -1 0
    outer loop
      vertex -6.21368 -9 46.4045
      vertex -4.88174 -9 46.373
      vertex -6.14312 -9 46.6875
    endloop
  endfacet
  facet normal -0 -1 0
    outer loop
      vertex -4.88174 -9 46.373
      vertex -6.21368 -9 46.4045
      vertex -4.95216 -9 46.0906
    endloop
  endfacet
  facet normal 0 -1 0
    outer loop
      vertex -10.4977 -9 29.2222
      vertex -8.8232 -9 30.5647
      vertex -10.0847 -9 30.8787
    endloop
  endfacet
  facet normal 0 -1 0
    outer loop
      vertex -8.8232 -9 30.5647
      vertex -10.4977 -9 29.2222
      vertex -9.23633 -9 28.9077
    endloop
  endfacet
  facet normal 0 -1 -0
    outer loop
      vertex 22.7703 -9 39.2509
      vertex 22.5956 -9 38.5516
      vertex 23.743 -9 39.0088
    endloop
  endfacet
  facet normal 0 -1 0
    outer loop
      vertex 23.743 -9 39.0088
      vertex 25.5021 -9 39.1667
      vertex 23.8832 -9 39.5703
    endloop
  endfacet
  facet normal 0 -1 0
    outer loop
      vertex 25.1876 -9 37.9053
      vertex 23.743 -9 39.0088
      vertex 22.5956 -9 38.5516
    endloop
  endfacet
  facet normal 0 -1 0
    outer loop
      vertex 23.743 -9 39.0088
      vertex 25.1876 -9 37.9053
      vertex 25.5021 -9 39.1667
    endloop
  endfacet
  facet normal 0 -1 0
    outer loop
      vertex 6.33273 -9 42.254
      vertex 6.81039 -9 43.223
      vertex 6.40248 -9 43.2516
    endloop
  endfacet
  facet normal 0 -1 -0
    outer loop
      vertex 6.81039 -9 43.223
      vertex 6.33273 -9 42.254
      vertex 6.97851 -9 42.2088
    endloop
  endfacet
  facet normal 0 -1 0
    outer loop
      vertex 6.81039 -9 43.223
      vertex 6.97851 -9 42.2088
      vertex 7.20716 -9 43.1243
    endloop
  endfacet
  facet normal 0 1 -0
    outer loop
      vertex -5.35576 9 46
      vertex -6.14312 9 46.6875
      vertex -4.88174 9 46.373
    endloop
  endfacet
  facet normal 0 1 0
    outer loop
      vertex -5.35576 9 46
      vertex -4.88174 9 46.373
      vertex -4.97474 9 46
    endloop
  endfacet
  facet normal 0 1 0
    outer loop
      vertex -6.14312 9 46.6875
      vertex -5.35576 9 46
      vertex -6.25852 9 46.2247
    endloop
  endfacet
  facet normal 0 1 0
    outer loop
      vertex -8.86804 9 30.3848
      vertex -10.4977 9 29.2222
      vertex -10.1296 9 30.6988
    endloop
  endfacet
  facet normal -0 1 0
    outer loop
      vertex -10.4977 9 29.2222
      vertex -8.86804 9 30.3848
      vertex -9.23633 9 28.9077
    endloop
  endfacet
  facet normal 0 1 0
    outer loop
      vertex 25.5021 9 39.1667
      vertex 22.6756 9 39.0834
      vertex 22.8609 9 39.8252
    endloop
  endfacet
  facet normal 0 1 -0
    outer loop
      vertex 25.1876 9 37.9053
      vertex 22.6756 9 39.0834
      vertex 25.5021 9 39.1667
    endloop
  endfacet
  facet normal 0 1 0
    outer loop
      vertex 22.6756 9 39.0834
      vertex 25.1876 9 37.9053
      vertex 22 9 38.7001
    endloop
  endfacet
  facet normal 0 1 0
    outer loop
      vertex 22 9 39.2516
      vertex 22.6756 9 39.0834
      vertex 22 9 38.7001
    endloop
  endfacet
  facet normal 0 1 -0
    outer loop
      vertex 5.91119 9 42.2835
      vertex 5.74307 9 43.2977
      vertex 6.13984 9 43.1989
    endloop
  endfacet
  facet normal -0 1 0
    outer loop
      vertex 5.26541 9 42.3286
      vertex 5.74307 9 43.2977
      vertex 5.91119 9 42.2835
    endloop
  endfacet
  facet normal 0 1 0
    outer loop
      vertex 5.74307 9 43.2977
      vertex 5.26541 9 42.3286
      vertex 5.33516 9 43.3262
    endloop
  endfacet
  facet normal -0.970299 -1.1732e-05 0.24191
    outer loop
      vertex 7.72485 8 38.1368
      vertex 7.85942 6.76446 38.6765
      vertex 7.85579 8 38.662
    endloop
  endfacet
  facet normal -0.970292 0 0.241935
    outer loop
      vertex 7.72485 -8 38.1368
      vertex 7.85942 6.76446 38.6765
      vertex 7.72485 8 38.1368
    endloop
  endfacet
  facet normal -0.970297 7.06921e-07 0.241917
    outer loop
      vertex 7.85942 6.76446 38.6765
      vertex 7.72485 -8 38.1368
      vertex 7.90152 -7.69664 38.8454
    endloop
  endfacet
  facet normal -0.970291 -5.64566e-05 0.24194
    outer loop
      vertex 7.90152 -7.69664 38.8454
      vertex 7.72485 -8 38.1368
      vertex 7.90064 -8 38.8418
    endloop
  endfacet
  facet normal -0.970297 7.05284e-07 0.241917
    outer loop
      vertex 7.90152 -7.69664 38.8454
      vertex 8.69253 6.80627 42.018
      vertex 7.85942 6.76446 38.6765
    endloop
  endfacet
  facet normal -0.970296 0 0.24192
    outer loop
      vertex 8.69253 6.80627 42.018
      vertex 7.90152 -7.69664 38.8454
      vertex 8.69253 -7.73635 42.018
    endloop
  endfacet
  facet normal -0.241951 0 -0.970288
    outer loop
      vertex 22 -8 34.5776
      vertex 23.2496 8 34.266
      vertex 23.2496 -8 34.266
    endloop
  endfacet
  facet normal -0.241951 0 -0.970288
    outer loop
      vertex 23.2496 8 34.266
      vertex 22 -8 34.5776
      vertex 22 8 34.5776
    endloop
  endfacet
  facet normal -0.241919 0 -0.970296
    outer loop
      vertex 7.72485 -8 38.1368
      vertex 20 8 35.0763
      vertex 20 -8 35.0763
    endloop
  endfacet
  facet normal -0.241919 0 -0.970296
    outer loop
      vertex 20 8 35.0763
      vertex 7.72485 -8 38.1368
      vertex 7.72485 8 38.1368
    endloop
  endfacet
  facet normal 0.970295 0 -0.241924
    outer loop
      vertex 24.2173 -8 38.1472
      vertex 23.2496 8 34.266
      vertex 24.2173 8 38.1472
    endloop
  endfacet
  facet normal 0.970295 0 -0.241924
    outer loop
      vertex 23.2496 8 34.266
      vertex 24.2173 -8 38.1472
      vertex 23.2496 -8 34.266
    endloop
  endfacet
  facet normal 0 -1 0
    outer loop
      vertex 22 -8 34.5776
      vertex 24.2173 -8 38.1472
      vertex 22 -8 38.7001
    endloop
  endfacet
  facet normal 0 -1 0
    outer loop
      vertex 24.2173 -8 38.1472
      vertex 22 -8 34.5776
      vertex 23.2496 -8 34.266
    endloop
  endfacet
  facet normal 0 -1 0
    outer loop
      vertex 7.72485 -8 38.1368
      vertex 12.1757 -8 37.7779
      vertex 7.90064 -8 38.8418
    endloop
  endfacet
  facet normal -0 -1 -0
    outer loop
      vertex 12.1757 -8 37.7779
      vertex 7.72485 -8 38.1368
      vertex 20 -8 35.0763
    endloop
  endfacet
  facet normal 0 -1 0
    outer loop
      vertex 12.1757 -8 37.7779
      vertex 20 -8 39.1987
      vertex 12.4074 -8 41.0918
    endloop
  endfacet
  facet normal 0 -1 -0
    outer loop
      vertex 20 -8 39.1987
      vertex 12.1757 -8 37.7779
      vertex 20 -8 35.0763
    endloop
  endfacet
  facet normal 0 1 0
    outer loop
      vertex 24.2173 8 38.1472
      vertex 22 8 34.5776
      vertex 22 8 38.7001
    endloop
  endfacet
  facet normal -0 1 0
    outer loop
      vertex 22 8 34.5776
      vertex 24.2173 8 38.1472
      vertex 23.2496 8 34.266
    endloop
  endfacet
  facet normal 0 1 0
    outer loop
      vertex 20 8 35.6395
      vertex 7.72485 8 38.1368
      vertex 7.85579 8 38.662
    endloop
  endfacet
  facet normal 0 1 0
    outer loop
      vertex 7.72485 8 38.1368
      vertex 20 8 35.6395
      vertex 20 8 35.0763
    endloop
  endfacet
  facet normal -0.997564 -3.8251e-07 0.0697606
    outer loop
      vertex -9.06876 4.55846 43.331
      vertex -8.999 -5.48854 44.3285
      vertex -8.98771 4.55846 44.49
    endloop
  endfacet
  facet normal -0.997563 0 0.0697644
    outer loop
      vertex -9.06876 -6.49098 43.331
      vertex -8.999 -5.48854 44.3285
      vertex -9.06876 4.55846 43.331
    endloop
  endfacet
  facet normal -0.997563 0 0.0697644
    outer loop
      vertex -8.999 -5.48854 44.3285
      vertex -9.06876 -6.49098 43.331
      vertex -8.999 -6.49098 44.3285
    endloop
  endfacet
  facet normal -0.997565 0 0.0697369
    outer loop
      vertex -8.98771 4.55846 44.49
      vertex -8.999 -5.48854 44.3285
      vertex -8.98771 -5.48854 44.49
    endloop
  endfacet
  facet normal -0.0697108 0 -0.997567
    outer loop
      vertex -8.0712 -5.55846 43.2612
      vertex -8.22718 4.61746 43.2721
      vertex -8.0712 5.63083 43.2612
    endloop
  endfacet
  facet normal -0.0697391 -4.37423e-07 -0.997565
    outer loop
      vertex -8.54324 -5.52537 43.2942
      vertex -8.22718 4.61746 43.2721
      vertex -8.0712 -5.55846 43.2612
    endloop
  endfacet
  facet normal -0.0697984 -3.08536e-05 -0.997561
    outer loop
      vertex -9.06876 -6.49098 43.331
      vertex -8.54324 -5.52537 43.2942
      vertex -8.61283 -6.52294 43.2991
    endloop
  endfacet
  facet normal -0.0698548 0 -0.997557
    outer loop
      vertex -8.54324 -5.52537 43.2942
      vertex -9.06876 -6.49098 43.331
      vertex -9.06876 4.55846 43.331
    endloop
  endfacet
  facet normal -0.0698168 1.99293e-06 -0.99756
    outer loop
      vertex -8.54324 -5.52537 43.2942
      vertex -9.06876 4.55846 43.331
      vertex -8.22718 4.61746 43.2721
    endloop
  endfacet
  facet normal -0.0698785 2.59415e-05 -0.997556
    outer loop
      vertex -8.0712 5.63083 43.2612
      vertex -8.22718 4.61746 43.2721
      vertex -8.29676 5.61502 43.277
    endloop
  endfacet
  facet normal -0.0696683 7.10293e-05 -0.99757
    outer loop
      vertex 6.97851 -9 42.2088
      vertex 6.40248 -8 42.2491
      vertex 7.04826 -8 42.204
    endloop
  endfacet
  facet normal -0.0698221 -1.79529e-05 -0.997559
    outer loop
      vertex 6.40248 -8 42.2491
      vertex 6.97851 -9 42.2088
      vertex 6.33273 -9 42.254
    endloop
  endfacet
  facet normal -0.0696249 0 -0.997573
    outer loop
      vertex 7.88983 -7.67973 42.1451
      vertex 8.29674 6.77818 42.1167
      vertex 8.29674 -7.70826 42.1167
    endloop
  endfacet
  facet normal -0.0696249 0 -0.997573
    outer loop
      vertex 8.29674 6.77818 42.1167
      vertex 7.88983 -7.67973 42.1451
      vertex 7.88983 6.74966 42.1451
    endloop
  endfacet
  facet normal -0.0698221 1.79529e-05 -0.997559
    outer loop
      vertex 5.33516 8 42.3238
      vertex 5.91119 9 42.2835
      vertex 5.98094 8 42.2786
    endloop
  endfacet
  facet normal -0.0696683 -7.10293e-05 -0.99757
    outer loop
      vertex 5.91119 9 42.2835
      vertex 5.33516 8 42.3238
      vertex 5.26541 9 42.3286
    endloop
  endfacet
  facet normal 0.0698223 0 0.997559
    outer loop
      vertex 8.50089 5.78369 43.4056
      vertex 8.97808 -6.74722 43.3722
      vertex 8.97808 5.81714 43.3722
    endloop
  endfacet
  facet normal 0.0698223 0 0.997559
    outer loop
      vertex 8.97808 -6.74722 43.3722
      vertex 8.50089 5.78369 43.4056
      vertex 8.50089 -6.71377 43.4056
    endloop
  endfacet
  facet normal 0.069756 0 0.997564
    outer loop
      vertex -1.32779 5.09473 44.0928
      vertex 8.01633 -6.6798 43.4394
      vertex 8.01633 5.74973 43.4394
    endloop
  endfacet
  facet normal 0.069756 0 0.997564
    outer loop
      vertex 8.01633 -6.6798 43.4394
      vertex -1.32779 5.09473 44.0928
      vertex -1.32779 -6.0248 44.0928
    endloop
  endfacet
  facet normal 0.069628 0 0.997573
    outer loop
      vertex -7.00734 4.69661 44.49
      vertex -6.69644 -5.64847 44.4683
      vertex -6.69644 4.7184 44.4683
    endloop
  endfacet
  facet normal 0.069628 0 0.997573
    outer loop
      vertex -6.69644 -5.64847 44.4683
      vertex -7.00734 4.69661 44.49
      vertex -7.00734 -5.62668 44.49
    endloop
  endfacet
  facet normal 0.997556 0 -0.0698645
    outer loop
      vertex 8.97808 -6.74722 43.3722
      vertex 8.97219 5.81714 43.2881
      vertex 8.97808 5.81714 43.3722
    endloop
  endfacet
  facet normal 0.997556 0 -0.0698645
    outer loop
      vertex 8.97219 5.81714 43.2881
      vertex 8.97808 -6.74722 43.3722
      vertex 8.97219 -6.74722 43.2881
    endloop
  endfacet
  facet normal -0.997564 0 0.069756
    outer loop
      vertex -8.35022 -5.55846 39.271
      vertex -8.0712 5.63083 43.2612
      vertex -8.35022 5.63083 39.271
    endloop
  endfacet
  facet normal -0.997564 0 0.069756
    outer loop
      vertex -8.0712 5.63083 43.2612
      vertex -8.35022 -5.55846 39.271
      vertex -8.0712 -5.55846 43.2612
    endloop
  endfacet
  facet normal -0.0697478 0 -0.997565
    outer loop
      vertex -2.62976 -8 38.8709
      vertex 7.6108 8 38.1549
      vertex 7.6108 -8 38.1549
    endloop
  endfacet
  facet normal -0.0697478 0 -0.997565
    outer loop
      vertex 7.6108 8 38.1549
      vertex -2.62976 -8 38.8709
      vertex -2.62976 8 38.8709
    endloop
  endfacet
  facet normal -0.0696059 0 -0.997575
    outer loop
      vertex -7.99841 -6.58557 39.2464
      vertex -8.21052 -5.56825 39.2612
      vertex -7.99841 5.65549 39.2464
    endloop
  endfacet
  facet normal -0.069767 -3.3755e-05 -0.997563
    outer loop
      vertex -8.21052 -5.56825 39.2612
      vertex -7.99841 -6.58557 39.2464
      vertex -8.2801 -6.56582 39.2661
    endloop
  endfacet
  facet normal -0.0699783 -0 -0.997549
    outer loop
      vertex -8.35022 5.63083 39.271
      vertex -8.21052 -5.56825 39.2612
      vertex -8.35022 -5.55846 39.271
    endloop
  endfacet
  facet normal -0.069754 2.81253e-06 -0.997564
    outer loop
      vertex -8.21052 -5.56825 39.2612
      vertex -8.35022 5.63083 39.271
      vertex -7.99841 5.65549 39.2464
    endloop
  endfacet
  facet normal 0.997564 0 -0.0697574
    outer loop
      vertex 7.66325 -7.67973 38.9049
      vertex 7.88983 6.74966 42.1451
      vertex 7.88983 -7.67973 42.1451
    endloop
  endfacet
  facet normal 0.997564 3.28621e-08 -0.0697616
    outer loop
      vertex 7.65092 6.74966 38.7286
      vertex 7.6108 8 38.1549
      vertex 7.64985 8 38.7133
    endloop
  endfacet
  facet normal 0.997564 1.13561e-07 -0.0697579
    outer loop
      vertex 7.88983 6.74966 42.1451
      vertex 7.66325 -7.67973 38.9049
      vertex 7.65092 6.74966 38.7286
    endloop
  endfacet
  facet normal 0.997564 5.18107e-08 -0.069763
    outer loop
      vertex 7.6108 -8 38.1549
      vertex 7.65092 6.74966 38.7286
      vertex 7.66325 -7.67973 38.9049
    endloop
  endfacet
  facet normal 0.997563 8.57905e-06 -0.0697666
    outer loop
      vertex 7.6108 -8 38.1549
      vertex 7.66325 -7.67973 38.9049
      vertex 7.66298 -8 38.901
    endloop
  endfacet
  facet normal 0.997564 0 -0.0697616
    outer loop
      vertex 7.65092 6.74966 38.7286
      vertex 7.6108 -8 38.1549
      vertex 7.6108 8 38.1549
    endloop
  endfacet
  facet normal 0 -1 -0
    outer loop
      vertex -8.82027 -8 30.5764
      vertex -8.99441 -8 29.878
      vertex -6.56016 -8 30.0139
    endloop
  endfacet
  facet normal 0 -1 0
    outer loop
      vertex -2.62976 -8 38.8709
      vertex 6.19321 -8 39.2564
      vertex -4.07236 -8 39.9743
    endloop
  endfacet
  facet normal 0 -1 0
    outer loop
      vertex 7.6108 -8 38.1549
      vertex 6.19321 -8 39.2564
      vertex -2.62976 -8 38.8709
    endloop
  endfacet
  facet normal 0 -1 0
    outer loop
      vertex 6.19321 -8 39.2564
      vertex 7.6108 -8 38.1549
      vertex 6.30754 -8 39.2383
    endloop
  endfacet
  facet normal 0 -1 0
    outer loop
      vertex -6.56016 -8 30.0139
      vertex -2.62976 -8 38.8709
      vertex -4.07236 -8 39.9743
    endloop
  endfacet
  facet normal 0 -1 0
    outer loop
      vertex -6.56016 -8 30.0139
      vertex -5.11323 -8 28.9103
      vertex -2.62976 -8 38.8709
    endloop
  endfacet
  facet normal 0 -1 0
    outer loop
      vertex -5.11323 -8 28.9103
      vertex -6.56016 -8 30.0139
      vertex -8.99441 -8 29.878
    endloop
  endfacet
  facet normal 0 -1 0
    outer loop
      vertex 6.30754 -8 39.2383
      vertex 6.40248 -8 42.2491
      vertex 6.19321 -8 39.2564
    endloop
  endfacet
  facet normal 0 -1 -0
    outer loop
      vertex 6.40248 -8 42.2491
      vertex 6.30754 -8 39.2383
      vertex 7.04826 -8 42.204
    endloop
  endfacet
  facet normal 0 -1 0
    outer loop
      vertex 6.30754 -8 39.2383
      vertex 7.6108 -8 38.1549
      vertex 7.66298 -8 38.901
    endloop
  endfacet
  facet normal 0 1 0
    outer loop
      vertex 5.24022 8 39.313
      vertex 5.33516 8 42.3238
      vertex 5.98094 8 42.2786
    endloop
  endfacet
  facet normal 0 1 0
    outer loop
      vertex 5.33516 8 42.3238
      vertex 5.24022 8 39.313
      vertex 5.12589 8 39.3311
    endloop
  endfacet
  facet normal 0 1 0
    outer loop
      vertex 7.6108 8 38.1549
      vertex 5.12589 8 39.3311
      vertex 5.24022 8 39.313
    endloop
  endfacet
  facet normal 0 1 0
    outer loop
      vertex 5.12589 8 39.3311
      vertex -2.62976 8 38.8709
      vertex -5.13968 8 40.0489
    endloop
  endfacet
  facet normal 0 1 0
    outer loop
      vertex -2.62976 8 38.8709
      vertex -7.62748 8 30.0886
      vertex -5.13968 8 40.0489
    endloop
  endfacet
  facet normal 0 1 0
    outer loop
      vertex -7.62748 8 30.0886
      vertex -5.11323 8 28.9103
      vertex -8.99441 8 29.878
    endloop
  endfacet
  facet normal 0 1 -0
    outer loop
      vertex -5.11323 8 28.9103
      vertex -7.62748 8 30.0886
      vertex -2.62976 8 38.8709
    endloop
  endfacet
  facet normal 0 1 -0
    outer loop
      vertex 7.6108 8 38.1549
      vertex 5.24022 8 39.313
      vertex 7.64985 8 38.7133
    endloop
  endfacet
  facet normal 0 1 0
    outer loop
      vertex 5.12589 8 39.3311
      vertex 7.6108 8 38.1549
      vertex -2.62976 8 38.8709
    endloop
  endfacet
  facet normal 0 1 0
    outer loop
      vertex -8.86511 8 30.3966
      vertex -7.62748 8 30.0886
      vertex -8.99441 8 29.878
    endloop
  endfacet
  facet normal -0.241926 0 -0.970295
    outer loop
      vertex -10.4977 -9 29.2222
      vertex -9.23633 9 28.9077
      vertex -9.23633 -9 28.9077
    endloop
  endfacet
  facet normal -0.241926 0 -0.970295
    outer loop
      vertex -9.23633 9 28.9077
      vertex -10.4977 -9 29.2222
      vertex -10.4977 9 29.2222
    endloop
  endfacet
  facet normal 0.970295 0 -0.241923
    outer loop
      vertex -4.88174 9 46.373
      vertex -4.97474 -6.76354 46
      vertex -4.97474 9 46
    endloop
  endfacet
  facet normal 0.970279 1.62791e-06 -0.241988
    outer loop
      vertex -4.88174 9 46.373
      vertex -4.94561 -6.765 46.1168
      vertex -4.97474 -6.76354 46
    endloop
  endfacet
  facet normal 0.970303 0 -0.241894
    outer loop
      vertex -4.88174 -9 46.373
      vertex -4.94561 -6.765 46.1168
      vertex -4.88174 9 46.373
    endloop
  endfacet
  facet normal 0.970288 -7.2499e-06 -0.241954
    outer loop
      vertex -4.94561 -6.765 46.1168
      vertex -4.88174 -9 46.373
      vertex -4.95216 -9 46.0906
    endloop
  endfacet
  facet normal 0.970293 -1.23287e-05 -0.241934
    outer loop
      vertex -8.82027 -8 30.5764
      vertex -8.8232 -9 30.5647
      vertex -8.99441 -8 29.878
    endloop
  endfacet
  facet normal 0.970296 -1.16787e-05 -0.241919
    outer loop
      vertex -8.99441 8 29.878
      vertex -8.86804 9 30.3848
      vertex -8.86511 8 30.3966
    endloop
  endfacet
  facet normal 0.970295 -7.72176e-06 -0.241927
    outer loop
      vertex -8.86804 9 30.3848
      vertex -8.99441 8 29.878
      vertex -9.23633 9 28.9077
    endloop
  endfacet
  facet normal 0.970296 0 -0.241919
    outer loop
      vertex -8.99441 -8 29.878
      vertex -9.23633 9 28.9077
      vertex -8.99441 8 29.878
    endloop
  endfacet
  facet normal 0.970296 0 -0.241919
    outer loop
      vertex -8.99441 -8 29.878
      vertex -9.23633 -9 28.9077
      vertex -9.23633 9 28.9077
    endloop
  endfacet
  facet normal 0.970297 -8.2039e-07 -0.241918
    outer loop
      vertex -9.23633 -9 28.9077
      vertex -8.99441 -8 29.878
      vertex -8.8232 -9 30.5647
    endloop
  endfacet
  facet normal -0.970305 -2.21759e-05 0.241886
    outer loop
      vertex -10.4977 9 29.2222
      vertex -10.1194 5.54903 30.7394
      vertex -10.1296 9 30.6988
    endloop
  endfacet
  facet normal -0.970293 0 0.241934
    outer loop
      vertex -10.4977 -9 29.2222
      vertex -10.1194 5.54903 30.7394
      vertex -10.4977 9 29.2222
    endloop
  endfacet
  facet normal -0.970295 9.72187e-07 0.241925
    outer loop
      vertex -10.1194 5.54903 30.7394
      vertex -10.4977 -9 29.2222
      vertex -10.0773 -6.48122 30.9083
    endloop
  endfacet
  facet normal -0.970297 7.74404e-06 0.241915
    outer loop
      vertex -10.0773 -6.48122 30.9083
      vertex -10.4977 -9 29.2222
      vertex -10.0847 -9 30.8787
    endloop
  endfacet
  facet normal -0.970297 8.57983e-07 0.241917
    outer loop
      vertex -10.0773 -6.48122 30.9083
      vertex -7.99841 5.65549 39.2464
      vertex -10.1194 5.54903 30.7394
    endloop
  endfacet
  facet normal -0.970297 0 0.241918
    outer loop
      vertex -7.99841 5.65549 39.2464
      vertex -10.0773 -6.48122 30.9083
      vertex -7.99841 -6.58557 39.2464
    endloop
  endfacet
  facet normal -0.97029 3.03087e-06 0.241944
    outer loop
      vertex -6.24898 5.7433 46.263
      vertex -6.14312 9 46.6875
      vertex -6.25852 9 46.2247
    endloop
  endfacet
  facet normal -0.970307 0 0.241876
    outer loop
      vertex -6.31454 -6.67008 46
      vertex -6.24898 5.7433 46.263
      vertex -6.31454 5.74001 46
    endloop
  endfacet
  facet normal -0.970304 -3.34003e-07 0.241891
    outer loop
      vertex -6.20687 -6.67549 46.4319
      vertex -6.24898 5.7433 46.263
      vertex -6.31454 -6.67008 46
    endloop
  endfacet
  facet normal -0.970286 6.76486e-07 0.241961
    outer loop
      vertex -6.24898 5.7433 46.263
      vertex -6.20687 -6.67549 46.4319
      vertex -6.14312 9 46.6875
    endloop
  endfacet
  facet normal -0.970296 -9.01803e-06 0.241922
    outer loop
      vertex -6.14312 -9 46.6875
      vertex -6.20687 -6.67549 46.4319
      vertex -6.21368 -9 46.4045
    endloop
  endfacet
  facet normal -0.970276 0 0.242
    outer loop
      vertex -6.20687 -6.67549 46.4319
      vertex -6.14312 -9 46.6875
      vertex -6.14312 9 46.6875
    endloop
  endfacet
  facet normal -0.970195 0 0.242325
    outer loop
      vertex -6.69644 -5.64847 44.4683
      vertex -6.69102 4.71867 44.49
      vertex -6.69644 4.7184 44.4683
    endloop
  endfacet
  facet normal -0.970195 0 0.242325
    outer loop
      vertex -6.69102 4.71867 44.49
      vertex -6.69644 -5.64847 44.4683
      vertex -6.69102 -5.64874 44.49
    endloop
  endfacet
  facet normal 0.241924 0 0.970295
    outer loop
      vertex -6.14312 9 46.6875
      vertex -4.88174 -9 46.373
      vertex -4.88174 9 46.373
    endloop
  endfacet
  facet normal 0.241924 0 0.970295
    outer loop
      vertex -4.88174 -9 46.373
      vertex -6.14312 9 46.6875
      vertex -6.14312 -9 46.6875
    endloop
  endfacet
  facet normal -0.241925 0 -0.970295
    outer loop
      vertex -8.99441 -8 29.878
      vertex -5.11323 8 28.9103
      vertex -5.11323 -8 28.9103
    endloop
  endfacet
  facet normal -0.241925 0 -0.970295
    outer loop
      vertex -5.11323 8 28.9103
      vertex -8.99441 -8 29.878
      vertex -8.99441 8 29.878
    endloop
  endfacet
  facet normal 0.970295 0 -0.241923
    outer loop
      vertex -2.62976 -8 38.8709
      vertex -5.11323 8 28.9103
      vertex -2.62976 8 38.8709
    endloop
  endfacet
  facet normal 0.970295 0 -0.241923
    outer loop
      vertex -5.11323 8 28.9103
      vertex -2.62976 -8 38.8709
      vertex -5.11323 -8 28.9103
    endloop
  endfacet
  facet normal 0.970302 0 -0.241895
    outer loop
      vertex -1.24248 5.09901 44.435
      vertex -1.32779 -6.0248 44.0928
      vertex -1.32779 5.09473 44.0928
    endloop
  endfacet
  facet normal 0.970302 0 -0.241895
    outer loop
      vertex -1.32779 -6.0248 44.0928
      vertex -1.24248 5.09901 44.435
      vertex -1.24248 -6.02908 44.435
    endloop
  endfacet
  facet normal 0.242101 0 0.970251
    outer loop
      vertex -1.4629 5.08337 44.49
      vertex -1.24248 -6.02908 44.435
      vertex -1.24248 5.09901 44.435
    endloop
  endfacet
  facet normal 0.242101 0 0.970251
    outer loop
      vertex -1.24248 -6.02908 44.435
      vertex -1.4629 5.08337 44.49
      vertex -1.4629 -6.01344 44.49
    endloop
  endfacet
  facet normal -0.241508 -0.0120988 -0.970323
    outer loop
      vertex 20 23.6461 39.5665
      vertex 15.0797 23.4724 40.7933
      vertex 20 24.6486 39.554
    endloop
  endfacet
  facet normal -0.241511 -0.0120154 -0.970324
    outer loop
      vertex 15.0797 23.4724 40.7933
      vertex 20 23.6461 39.5665
      vertex 12.631 23.1231 41.4071
    endloop
  endfacet
  facet normal -0.241491 -0.012172 -0.970327
    outer loop
      vertex 20 24.6486 39.554
      vertex 15.0797 23.4724 40.7933
      vertex 14.9673 24.2914 40.811
    endloop
  endfacet
  facet normal -0.241571 -0.0121216 -0.970307
    outer loop
      vertex 22 18.6858 39.1306
      vertex 22.6756 9 39.0834
      vertex 22 9 39.2516
    endloop
  endfacet
  facet normal -0.241614 -0.0121167 -0.970297
    outer loop
      vertex 5.74307 9 43.2977
      vertex 5.22833 22.067 43.2627
      vertex 6.13984 9 43.1989
    endloop
  endfacet
  facet normal -0.241324 -0.0121054 -0.970369
    outer loop
      vertex 5.22833 22.067 43.2627
      vertex 5.74307 9 43.2977
      vertex 4.83547 22.011 43.3611
    endloop
  endfacet
  facet normal 0.241469 0.012112 0.970333
    outer loop
      vertex 23.1428 6.82004 40.3341
      vertex 22 23.2022 40.414
      vertex 22 6.73893 40.6195
    endloop
  endfacet
  facet normal 0.241505 0.0121149 0.970324
    outer loop
      vertex 20 24.642 40.8938
      vertex 16.4887 22.6503 41.7926
      vertex 20 6.59699 41.1191
    endloop
  endfacet
  facet normal 0.241508 0.0121104 0.970323
    outer loop
      vertex 16.4887 22.6503 41.7926
      vertex 20 24.642 40.8938
      vertex 16.2519 24.376 41.83
    endloop
  endfacet
  facet normal 0.241499 0.0121135 0.970325
    outer loop
      vertex 6.11908 13.3133 44.49
      vertex 20 6.59699 41.1191
      vertex 16.4887 22.6503 41.7926
    endloop
  endfacet
  facet normal 0.241498 0.0121108 0.970326
    outer loop
      vertex 20 6.59699 41.1191
      vertex 6.11908 13.3133 44.49
      vertex 6.65367 5.64973 44.4526
    endloop
  endfacet
  facet normal 0.241499 0.0121129 0.970325
    outer loop
      vertex 6.11908 13.3133 44.49
      vertex 16.4887 22.6503 41.7926
      vertex 5.72776 21.1152 44.49
    endloop
  endfacet
  facet normal 0.967906 0.0686941 -0.241741
    outer loop
      vertex 22 23.2022 40.414
      vertex 22.8609 9 39.8252
      vertex 22 18.6858 39.1306
    endloop
  endfacet
  facet normal 0.967874 0.0686974 -0.241867
    outer loop
      vertex 23.1428 6.82004 40.3341
      vertex 22.8609 9 39.8252
      vertex 22 23.2022 40.414
    endloop
  endfacet
  facet normal 0.967868 0.0686906 -0.241893
    outer loop
      vertex 22.8609 9 39.8252
      vertex 23.1428 6.82004 40.3341
      vertex 23.007 6.81323 39.7888
    endloop
  endfacet
  facet normal 0.967897 0.0686906 -0.241779
    outer loop
      vertex 22 18.6858 39.1306
      vertex 22.8609 9 39.8252
      vertex 22.6756 9 39.0834
    endloop
  endfacet
  facet normal 0.0695874 -0.997564 -0.00486512
    outer loop
      vertex -7.54825 4.65151 46
      vertex -8.42443 4.58137 47.8495
      vertex -8.88474 4.55828 46
    endloop
  endfacet
  facet normal 0.0695817 -0.997564 -0.00486785
    outer loop
      vertex -8.42443 4.58137 47.8495
      vertex -7.54825 4.65151 46
      vertex -7.16616 4.67067 47.5352
    endloop
  endfacet
  facet normal 0.0695843 -0.997564 -0.00485828
    outer loop
      vertex -9.29558 4.53767 44.3493
      vertex -8.98771 4.55846 44.49
      vertex -11.308 4.39661 44.49
    endloop
  endfacet
  facet normal 0.069588 -0.997564 -0.00486636
    outer loop
      vertex -9.29558 4.53767 44.3493
      vertex -9.06876 4.55846 43.331
      vertex -8.98771 4.55846 44.49
    endloop
  endfacet
  facet normal 0.0695883 -0.997564 -0.00486629
    outer loop
      vertex -12.7714 4.36333 30.3836
      vertex -9.06876 4.55846 43.331
      vertex -9.29558 4.53767 44.3493
    endloop
  endfacet
  facet normal 0.0695938 -0.997564 -0.00486787
    outer loop
      vertex -11.5132 4.45264 30.0694
      vertex -9.06876 4.55846 43.331
      vertex -12.7714 4.36333 30.3836
    endloop
  endfacet
  facet normal 0.0695947 -0.997563 -0.00486803
    outer loop
      vertex -9.06876 4.55846 43.331
      vertex -11.5132 4.45264 30.0694
      vertex -8.22718 4.61746 43.2721
    endloop
  endfacet
  facet normal 0.0695697 -0.997565 -0.00496429
    outer loop
      vertex -6.69644 4.7184 44.4683
      vertex -6.69102 4.71867 44.49
      vertex -7.00734 4.69661 44.49
    endloop
  endfacet
  facet normal 0.0695855 -0.997564 -0.00487078
    outer loop
      vertex 22 6.74176 40.0399
      vertex 23.1428 6.82004 40.3341
      vertex 22 6.73893 40.6195
    endloop
  endfacet
  facet normal 0.0695856 -0.997564 -0.00487129
    outer loop
      vertex 23.1428 6.82004 40.3341
      vertex 22 6.74176 40.0399
      vertex 23.007 6.81323 39.7888
    endloop
  endfacet
  facet normal 0.0695564 -0.997566 -0.00491001
    outer loop
      vertex 6.65367 5.64973 44.4526
      vertex 8.01633 5.74973 43.4394
      vertex 8.03674 5.75075 43.5213
    endloop
  endfacet
  facet normal 0.0695859 -0.997564 -0.004796
    outer loop
      vertex -1.24248 5.09901 44.435
      vertex 6.65628 5.64973 44.49
      vertex -1.4629 5.08337 44.49
    endloop
  endfacet
  facet normal 0.0695863 -0.997564 -0.00485616
    outer loop
      vertex 6.65628 5.64973 44.49
      vertex -1.24248 5.09901 44.435
      vertex 6.65367 5.64973 44.4526
    endloop
  endfacet
  facet normal 0.0695863 -0.997564 -0.00487094
    outer loop
      vertex -1.32779 5.09473 44.0928
      vertex 6.65367 5.64973 44.4526
      vertex -1.24248 5.09901 44.435
    endloop
  endfacet
  facet normal 0.0695863 -0.997564 -0.00486968
    outer loop
      vertex 8.01633 5.74973 43.4394
      vertex 6.65367 5.64973 44.4526
      vertex -1.32779 5.09473 44.0928
    endloop
  endfacet
  facet normal 0.0695881 -0.997564 -0.00484411
    outer loop
      vertex 8.97808 5.81714 43.3722
      vertex 8.03674 5.75075 43.5213
      vertex 8.50089 5.78369 43.4056
    endloop
  endfacet
  facet normal 0.0695842 -0.997564 -0.00486861
    outer loop
      vertex 8.03674 5.75075 43.5213
      vertex 8.97808 5.81714 43.3722
      vertex 6.65367 5.64973 44.4526
    endloop
  endfacet
  facet normal 0.069589 -0.997564 -0.00485828
    outer loop
      vertex 8.97808 5.81714 43.3722
      vertex 20 6.59699 41.1191
      vertex 6.65367 5.64973 44.4526
    endloop
  endfacet
  facet normal 0.0695859 -0.997564 -0.00487349
    outer loop
      vertex 8.97219 5.81714 43.2881
      vertex 20 6.59699 41.1191
      vertex 8.97808 5.81714 43.3722
    endloop
  endfacet
  facet normal 0.069588 -0.997564 -0.00486239
    outer loop
      vertex 20 6.59699 41.1191
      vertex 8.97219 5.81714 43.2881
      vertex 20 6.59982 40.5385
    endloop
  endfacet
  facet normal -0.069328 0.997577 0.0058869
    outer loop
      vertex -8.42527 22.6265 47.5965
      vertex -9.67699 22.5375 47.9371
      vertex -8.41872 22.6268 47.6228
    endloop
  endfacet
  facet normal -0.0695986 0.997563 0.00488907
    outer loop
      vertex -9.67699 22.5375 47.9371
      vertex -8.42527 22.6265 47.5965
      vertex -9.7389 22.5344 47.6883
    endloop
  endfacet
  facet normal -0.069599 0.997563 0.00487039
    outer loop
      vertex -12.7657 22.4088 30.1569
      vertex -11.0386 22.4692 42.4663
      vertex -9.72496 22.5613 42.3744
    endloop
  endfacet
  facet normal -0.0695801 0.997564 0.00486773
    outer loop
      vertex -11.0386 22.4692 42.4663
      vertex -12.7657 22.4088 30.1569
      vertex -14.024 22.3195 30.4712
    endloop
  endfacet
  facet normal -0.0695877 0.997564 0.00483913
    outer loop
      vertex 16.2519 24.376 41.83
      vertex 20 24.642 40.8938
      vertex 16.1803 24.3724 41.5425
    endloop
  endfacet
  facet normal -0.0695286 0.997568 0.00483282
    outer loop
      vertex 16.1803 24.3724 41.5425
      vertex 14.9673 24.2914 40.811
      vertex 15.21 24.3036 41.7844
    endloop
  endfacet
  facet normal -0.069575 0.997565 0.00491411
    outer loop
      vertex 20 24.6486 39.554
      vertex 16.1803 24.3724 41.5425
      vertex 20 24.642 40.8938
    endloop
  endfacet
  facet normal -0.0695761 0.997565 0.00491196
    outer loop
      vertex 16.1803 24.3724 41.5425
      vertex 20 24.6486 39.554
      vertex 14.9673 24.2914 40.811
    endloop
  endfacet
  facet normal -0.0695326 0.997568 0.00485961
    outer loop
      vertex -0.788667 23.1779 43.7544
      vertex -1.20783 23.1451 44.49
      vertex -0.605266 23.1871 44.49
    endloop
  endfacet
  facet normal -0.0695278 0.997568 0.00486239
    outer loop
      vertex -1.20783 23.1451 44.49
      vertex -0.788667 23.1779 43.7544
      vertex -1.25698 23.1451 43.7872
    endloop
  endfacet
  facet normal -0.967905 -0.0687075 0.241741
    outer loop
      vertex 4.2255 22.5466 39.3839
      vertex 4.51063 21.9948 40.3687
      vertex 4.46962 22.5588 40.3648
    endloop
  endfacet
  facet normal -0.967905 -0.0686959 0.241747
    outer loop
      vertex 5.24022 8 39.313
      vertex 4.51063 21.9948 40.3687
      vertex 4.2255 22.5466 39.3839
    endloop
  endfacet
  facet normal -0.967903 -0.0686964 0.241754
    outer loop
      vertex 4.51063 21.9948 40.3687
      vertex 5.24022 8 39.313
      vertex 5.91119 9 42.2835
    endloop
  endfacet
  facet normal -0.967903 -0.0686958 0.241754
    outer loop
      vertex 5.91119 9 42.2835
      vertex 5.24022 8 39.313
      vertex 5.98094 8 42.2786
    endloop
  endfacet
  facet normal -0.967904 -0.068697 0.24175
    outer loop
      vertex 5.91119 9 42.2835
      vertex 5.22833 22.067 43.2627
      vertex 4.51063 21.9948 40.3687
    endloop
  endfacet
  facet normal -0.9679 -0.0686979 0.241764
    outer loop
      vertex 5.22833 22.067 43.2627
      vertex 5.91119 9 42.2835
      vertex 6.13984 9 43.1989
    endloop
  endfacet
  facet normal -0.241601 -0.01208 -0.9703
    outer loop
      vertex 7.64985 8 38.7133
      vertex 7.85942 6.76446 38.6765
      vertex 7.65092 6.74966 38.7286
    endloop
  endfacet
  facet normal -0.241499 -0.0121162 -0.970326
    outer loop
      vertex 7.85579 8 38.662
      vertex 20 19.5162 35.4957
      vertex 20 8 35.6395
    endloop
  endfacet
  facet normal -0.241499 -0.0121152 -0.970325
    outer loop
      vertex 4.2255 22.5466 39.3839
      vertex 20 19.5162 35.4957
      vertex 7.85579 8 38.662
    endloop
  endfacet
  facet normal -0.241697 -0.012097 -0.970276
    outer loop
      vertex 7.85942 6.76446 38.6765
      vertex 7.64985 8 38.7133
      vertex 7.85579 8 38.662
    endloop
  endfacet
  facet normal -0.241697 -0.0121671 -0.970275
    outer loop
      vertex 4.2255 22.5466 39.3839
      vertex 7.85579 8 38.662
      vertex 7.64985 8 38.7133
    endloop
  endfacet
  facet normal -0.241492 -0.0121162 -0.970327
    outer loop
      vertex 4.2255 22.5466 39.3839
      vertex 7.64985 8 38.7133
      vertex 5.24022 8 39.313
    endloop
  endfacet
  facet normal -0.241497 -0.0121019 -0.970326
    outer loop
      vertex 20 19.5162 35.4957
      vertex 4.2255 22.5466 39.3839
      vertex 19.7119 23.6457 35.5159
    endloop
  endfacet
  facet normal 0.967893 0.0687091 -0.241789
    outer loop
      vertex 20 23.6602 36.6733
      vertex 20 19.5162 35.4957
      vertex 19.7119 23.6457 35.5159
    endloop
  endfacet
  facet normal 0.0695789 -0.997565 -0.00486554
    outer loop
      vertex 7.65092 6.74966 38.7286
      vertex 8.29674 6.77818 42.1167
      vertex 7.88983 6.74966 42.1451
    endloop
  endfacet
  facet normal 0.0695854 -0.997564 -0.00486678
    outer loop
      vertex 8.29674 6.77818 42.1167
      vertex 7.65092 6.74966 38.7286
      vertex 8.69253 6.80627 42.018
    endloop
  endfacet
  facet normal 0.0695935 -0.997564 -0.00486935
    outer loop
      vertex 8.69253 6.80627 42.018
      vertex 7.65092 6.74966 38.7286
      vertex 7.85942 6.76446 38.6765
    endloop
  endfacet
  facet normal -0.0695847 0.997564 0.00486598
    outer loop
      vertex 20 23.6461 39.5665
      vertex 12.4195 23.1231 38.3826
      vertex 12.631 23.1231 41.4071
    endloop
  endfacet
  facet normal -0.069584 0.997564 0.00486163
    outer loop
      vertex 12.4195 23.1231 38.3826
      vertex 20 23.6461 39.5665
      vertex 20 23.6602 36.6733
    endloop
  endfacet
  facet normal -0.0695849 0.997564 0.00491058
    outer loop
      vertex 12.4195 23.1231 38.3826
      vertex 4.2255 22.5466 39.3839
      vertex 4.46962 22.5588 40.3648
    endloop
  endfacet
  facet normal -0.0695922 0.997564 0.00482533
    outer loop
      vertex 19.7119 23.6457 35.5159
      vertex 12.4195 23.1231 38.3826
      vertex 20 23.6602 36.6733
    endloop
  endfacet
  facet normal -0.0695967 0.997564 0.00481382
    outer loop
      vertex 12.4195 23.1231 38.3826
      vertex 19.7119 23.6457 35.5159
      vertex 4.2255 22.5466 39.3839
    endloop
  endfacet
  facet normal -0.069826 -7.10773e-05 -0.997559
    outer loop
      vertex -9.29558 4.53767 44.3493
      vertex -10.418 5.46144 44.4278
      vertex -9.36517 5.53524 44.3541
    endloop
  endfacet
  facet normal -0.0697473 2.49601e-05 -0.997565
    outer loop
      vertex -11.308 4.39661 44.49
      vertex -10.418 5.46144 44.4278
      vertex -9.29558 4.53767 44.3493
    endloop
  endfacet
  facet normal -0.0697176 0 -0.997567
    outer loop
      vertex -10.418 5.46144 44.4278
      vertex -11.308 4.39661 44.49
      vertex -11.308 18.2202 44.49
    endloop
  endfacet
  facet normal -0.0696984 -9.59728e-07 -0.997568
    outer loop
      vertex 5.33516 9 43.3262
      vertex 4.83547 22.011 43.3611
      vertex 5.74307 9 43.2977
    endloop
  endfacet
  facet normal -0.0698874 -8.25384e-06 -0.997555
    outer loop
      vertex 4.83547 22.011 43.3611
      vertex 5.33516 9 43.3262
      vertex 4.43153 21.9541 43.3894
    endloop
  endfacet
  facet normal -0.0696538 -1.76209e-05 -0.997571
    outer loop
      vertex -1.11781 22.1524 43.7774
      vertex -0.788667 23.1779 43.7544
      vertex -0.649494 22.1853 43.7447
    endloop
  endfacet
  facet normal -0.0698711 5.24669e-05 -0.997556
    outer loop
      vertex -0.788667 23.1779 43.7544
      vertex -1.11781 22.1524 43.7774
      vertex -1.25698 23.1451 43.7872
    endloop
  endfacet
  facet normal 0.995144 0.0697575 -0.0694472
    outer loop
      vertex 6.65628 5.64973 44.49
      vertex 6.65367 5.64973 44.4526
      vertex 6.11908 13.3133 44.49
    endloop
  endfacet
  facet normal -0.995133 -0.0697681 0.0695877
    outer loop
      vertex -11.8104 21.4225 40.5154
      vertex -11.6679 19.7219 40.8482
      vertex -11.7395 21.4225 41.5293
    endloop
  endfacet
  facet normal -0.995134 -0.0697793 0.0695703
    outer loop
      vertex -11.6679 19.7219 40.8482
      vertex -11.308 18.2202 44.49
      vertex -11.4133 19.7219 44.49
    endloop
  endfacet
  facet normal -0.99513 -0.0697575 0.069641
    outer loop
      vertex -10.697 5.46144 40.4375
      vertex -11.6679 19.7219 40.8482
      vertex -11.8104 21.4225 40.5154
    endloop
  endfacet
  facet normal -0.995135 -0.069756 0.06958
    outer loop
      vertex -10.697 5.46144 40.4375
      vertex -11.308 18.2202 44.49
      vertex -11.6679 19.7219 40.8482
    endloop
  endfacet
  facet normal -0.995135 -0.0697558 0.0695794
    outer loop
      vertex -11.308 18.2202 44.49
      vertex -10.697 5.46144 40.4375
      vertex -10.418 5.46144 44.4278
    endloop
  endfacet
  facet normal -0.0696512 3.84982e-06 -0.997571
    outer loop
      vertex -10.697 5.46144 40.4375
      vertex -11.4595 21.4471 40.4908
      vertex -10.3461 5.48604 40.413
    endloop
  endfacet
  facet normal -0.0699331 -9.66512e-06 -0.997552
    outer loop
      vertex -11.4595 21.4471 40.4908
      vertex -10.697 5.46144 40.4375
      vertex -11.8104 21.4225 40.5154
    endloop
  endfacet
  facet normal -0.0697527 -9.0324e-07 -0.997564
    outer loop
      vertex -5.13968 8 40.0489
      vertex 4.11173 22.5386 39.402
      vertex 5.12589 8 39.3311
    endloop
  endfacet
  facet normal -0.069752 -1.37755e-06 -0.997564
    outer loop
      vertex 4.11173 22.5386 39.402
      vertex -5.13968 8 40.0489
      vertex -6.10388 21.8225 40.1163
    endloop
  endfacet
  facet normal 0.995135 0.0697564 -0.0695776
    outer loop
      vertex 5.26541 9 42.3286
      vertex 4.43153 21.9541 43.3894
      vertex 5.33516 9 43.3262
    endloop
  endfacet
  facet normal 0.995133 0.0697688 -0.0695919
    outer loop
      vertex 4.22532 21.9541 40.4403
      vertex 4.11173 22.5386 39.402
      vertex 4.18404 22.5386 40.436
    endloop
  endfacet
  facet normal 0.995134 0.0697568 -0.0695828
    outer loop
      vertex 4.43153 21.9541 43.3894
      vertex 5.26541 9 42.3286
      vertex 4.22532 21.9541 40.4403
    endloop
  endfacet
  facet normal 0.995134 0.0697556 -0.0695902
    outer loop
      vertex 5.12589 8 39.3311
      vertex 4.22532 21.9541 40.4403
      vertex 5.26541 9 42.3286
    endloop
  endfacet
  facet normal 0.995135 0.0697447 -0.0695866
    outer loop
      vertex 5.12589 8 39.3311
      vertex 5.26541 9 42.3286
      vertex 5.33516 8 42.3238
    endloop
  endfacet
  facet normal 0.995133 0.0697563 -0.069599
    outer loop
      vertex 4.22532 21.9541 40.4403
      vertex 5.12589 8 39.3311
      vertex 4.11173 22.5386 39.402
    endloop
  endfacet
  facet normal 0.0695807 -0.997564 -0.00486552
    outer loop
      vertex -8.29676 5.61502 43.277
      vertex -8.35022 5.63083 39.271
      vertex -8.0712 5.63083 43.2612
    endloop
  endfacet
  facet normal 0.0695846 -0.997564 -0.00486557
    outer loop
      vertex -11.3412 5.46232 31.0445
      vertex -8.35022 5.63083 39.271
      vertex -8.29676 5.61502 43.277
    endloop
  endfacet
  facet normal 0.0695815 -0.997564 -0.00486444
    outer loop
      vertex -10.1194 5.54903 30.7394
      vertex -8.35022 5.63083 39.271
      vertex -11.3412 5.46232 31.0445
    endloop
  endfacet
  facet normal 0.0695837 -0.997564 -0.0048649
    outer loop
      vertex -8.35022 5.63083 39.271
      vertex -10.1194 5.54903 30.7394
      vertex -7.99841 5.65549 39.2464
    endloop
  endfacet
  facet normal 0.0695881 -0.997564 -0.00487119
    outer loop
      vertex -6.31454 5.74001 46
      vertex -7.47724 5.65612 46.5698
      vertex -7.61905 5.64901 46
    endloop
  endfacet
  facet normal 0.0695896 -0.997564 -0.00486809
    outer loop
      vertex -7.47724 5.65612 46.5698
      vertex -6.31454 5.74001 46
      vertex -6.24898 5.7433 46.263
    endloop
  endfacet
  facet normal 0.0695949 -0.997563 -0.00486604
    outer loop
      vertex -10.3461 5.48604 40.413
      vertex -10.418 5.46144 44.4278
      vertex -10.697 5.46144 40.4375
    endloop
  endfacet
  facet normal 0.0695854 -0.997564 -0.00486622
    outer loop
      vertex -10.418 5.46144 44.4278
      vertex -10.3461 5.48604 40.413
      vertex -9.36517 5.53524 44.3541
    endloop
  endfacet
  facet normal -0.069738 0.997553 0.00489555
    outer loop
      vertex -1.14327 22.1605 41.7642
      vertex -1.11781 22.1524 43.7774
      vertex -0.649494 22.1853 43.7447
    endloop
  endfacet
  facet normal -0.0700685 0.99753 0.00489963
    outer loop
      vertex -1.11781 22.1524 43.7774
      vertex -1.14327 22.1605 41.7642
      vertex -1.25732 22.1524 41.7823
    endloop
  endfacet
  facet normal -0.0699162 0.997536 0.00586188
    outer loop
      vertex -6.10388 21.8225 40.1163
      vertex -1.25732 22.1524 41.7823
      vertex -1.14327 22.1605 41.7642
    endloop
  endfacet
  facet normal -0.0695877 0.997564 0.00486643
    outer loop
      vertex 4.11173 22.5386 39.402
      vertex -1.14327 22.1605 41.7642
      vertex 4.18404 22.5386 40.436
    endloop
  endfacet
  facet normal -0.0695864 0.997564 0.00489691
    outer loop
      vertex -1.25732 22.1524 41.7823
      vertex -6.10388 21.8225 40.1163
      vertex -9.65537 21.5637 42.3696
    endloop
  endfacet
  facet normal -0.0696032 0.997563 0.00487032
    outer loop
      vertex -6.10388 21.8225 40.1163
      vertex -12.4546 21.4233 31.1224
      vertex -9.65537 21.5637 42.3696
    endloop
  endfacet
  facet normal -0.0695915 0.997564 0.00486202
    outer loop
      vertex -12.4546 21.4233 31.1224
      vertex -6.10388 21.8225 40.1163
      vertex -8.58302 21.6981 30.1554
    endloop
  endfacet
  facet normal -0.0695875 0.997564 0.00486682
    outer loop
      vertex -1.14327 22.1605 41.7642
      vertex 4.11173 22.5386 39.402
      vertex -6.10388 21.8225 40.1163
    endloop
  endfacet
  facet normal -0.0696314 0.997561 0.004904
    outer loop
      vertex -10.969 21.4717 42.4614
      vertex -11.7395 21.4225 41.5293
      vertex -11.4979 21.4346 42.4984
    endloop
  endfacet
  facet normal -0.0695881 0.997564 0.004868
    outer loop
      vertex -11.4595 21.4471 40.4908
      vertex -11.7395 21.4225 41.5293
      vertex -10.969 21.4717 42.4614
    endloop
  endfacet
  facet normal -0.0695935 0.997564 0.00486653
    outer loop
      vertex -11.7395 21.4225 41.5293
      vertex -11.4595 21.4471 40.4908
      vertex -11.8104 21.4225 40.5154
    endloop
  endfacet
  facet normal -0.241454 -0.0121138 -0.970337
    outer loop
      vertex -12.7714 4.36333 30.3836
      vertex -12.7657 22.4088 30.1569
      vertex -11.5132 4.45264 30.0694
    endloop
  endfacet
  facet normal -0.241509 -0.0121136 -0.970323
    outer loop
      vertex -12.7657 22.4088 30.1569
      vertex -12.7714 4.36333 30.3836
      vertex -14.024 22.3195 30.4712
    endloop
  endfacet
  facet normal 0.967882 0.0687008 -0.241834
    outer loop
      vertex -8.41872 22.6268 47.6228
      vertex -8.1817 19.1348 47.5794
      vertex -8.42527 22.6265 47.5965
    endloop
  endfacet
  facet normal 0.9679 0.0686961 -0.241765
    outer loop
      vertex -8.1817 19.1348 47.5794
      vertex -7.47724 5.65612 46.5698
      vertex -8.41582 19.1112 46.6354
    endloop
  endfacet
  facet normal 0.968029 0.0687034 -0.241247
    outer loop
      vertex -7.16616 4.67067 47.5352
      vertex -8.1817 19.1348 47.5794
      vertex -8.41872 22.6268 47.6228
    endloop
  endfacet
  facet normal 0.967901 0.068696 -0.241763
    outer loop
      vertex -7.16616 4.67067 47.5352
      vertex -7.47724 5.65612 46.5698
      vertex -8.1817 19.1348 47.5794
    endloop
  endfacet
  facet normal 0.967902 0.0687045 -0.241755
    outer loop
      vertex -7.54825 4.65151 46
      vertex -7.47724 5.65612 46.5698
      vertex -7.16616 4.67067 47.5352
    endloop
  endfacet
  facet normal 0.967905 0.0686994 -0.241746
    outer loop
      vertex -7.47724 5.65612 46.5698
      vertex -7.54825 4.65151 46
      vertex -7.61905 5.64901 46
    endloop
  endfacet
  facet normal 0.967903 0.0686989 -0.241751
    outer loop
      vertex -8.29676 5.61502 43.277
      vertex -8.22718 4.61746 43.2721
      vertex -11.3412 5.46232 31.0445
    endloop
  endfacet
  facet normal 0.967904 0.0686817 -0.241752
    outer loop
      vertex -12.4546 21.4233 31.1224
      vertex -9.72496 22.5613 42.3744
      vertex -9.65537 21.5637 42.3696
    endloop
  endfacet
  facet normal 0.967903 0.0686982 -0.241753
    outer loop
      vertex -9.72496 22.5613 42.3744
      vertex -12.4546 21.4233 31.1224
      vertex -12.7657 22.4088 30.1569
    endloop
  endfacet
  facet normal 0.967903 0.0686985 -0.241753
    outer loop
      vertex -11.3412 5.46232 31.0445
      vertex -12.7657 22.4088 30.1569
      vertex -12.4546 21.4233 31.1224
    endloop
  endfacet
  facet normal 0.967878 0.0686912 -0.241853
    outer loop
      vertex -11.3412 5.46232 31.0445
      vertex -11.5132 4.45264 30.0694
      vertex -12.7657 22.4088 30.1569
    endloop
  endfacet
  facet normal 0.967909 0.068595 -0.241759
    outer loop
      vertex -11.5132 4.45264 30.0694
      vertex -11.3412 5.46232 31.0445
      vertex -8.22718 4.61746 43.2721
    endloop
  endfacet
  facet normal -0.967904 -0.0686762 0.241754
    outer loop
      vertex -11.4595 21.4471 40.4908
      vertex -11.0386 22.4692 42.4663
      vertex -14.024 22.3195 30.4712
    endloop
  endfacet
  facet normal -0.967896 -0.068722 0.241776
    outer loop
      vertex -11.0386 22.4692 42.4663
      vertex -11.4595 21.4471 40.4908
      vertex -10.969 21.4717 42.4614
    endloop
  endfacet
  facet normal -0.967903 -0.0686967 0.241752
    outer loop
      vertex -14.024 22.3195 30.4712
      vertex -10.3461 5.48604 40.413
      vertex -11.4595 21.4471 40.4908
    endloop
  endfacet
  facet normal -0.9679 -0.0687406 0.241752
    outer loop
      vertex -10.3461 5.48604 40.413
      vertex -12.7714 4.36333 30.3836
      vertex -9.29558 4.53767 44.3493
    endloop
  endfacet
  facet normal -0.967904 -0.0686992 0.241748
    outer loop
      vertex -12.7714 4.36333 30.3836
      vertex -10.3461 5.48604 40.413
      vertex -14.024 22.3195 30.4712
    endloop
  endfacet
  facet normal -0.967901 -0.0686836 0.241766
    outer loop
      vertex -9.36517 5.53524 44.3541
      vertex -10.3461 5.48604 40.413
      vertex -9.29558 4.53767 44.3493
    endloop
  endfacet
  facet normal -0.967906 -0.0687056 0.241738
    outer loop
      vertex -9.97424 19.9088 46
      vertex -9.80658 18.9187 46.3899
      vertex -9.87634 19.9187 46.3948
    endloop
  endfacet
  facet normal -0.967902 -0.0686966 0.241759
    outer loop
      vertex -8.88474 4.55828 46
      vertex -9.80658 18.9187 46.3899
      vertex -9.97424 19.9088 46
    endloop
  endfacet
  facet normal -0.967903 -0.0686965 0.241753
    outer loop
      vertex -9.80658 18.9187 46.3899
      vertex -8.88474 4.55828 46
      vertex -8.42443 4.58137 47.8495
    endloop
  endfacet
  facet normal -0.967915 -0.0686937 0.241706
    outer loop
      vertex -9.4889 18.9506 47.6709
      vertex -9.67699 22.5375 47.9371
      vertex -9.7389 22.5344 47.6883
    endloop
  endfacet
  facet normal -0.967901 -0.068697 0.241761
    outer loop
      vertex -9.4889 18.9506 47.6709
      vertex -8.42443 4.58137 47.8495
      vertex -9.67699 22.5375 47.9371
    endloop
  endfacet
  facet normal -0.967905 -0.0686975 0.241745
    outer loop
      vertex -8.42443 4.58137 47.8495
      vertex -9.4889 18.9506 47.6709
      vertex -9.80658 18.9187 46.3899
    endloop
  endfacet
  facet normal 0.241514 0.0121135 0.970322
    outer loop
      vertex -8.41872 22.6268 47.6228
      vertex -8.42443 4.58137 47.8495
      vertex -7.16616 4.67067 47.5352
    endloop
  endfacet
  facet normal 0.241514 0.0121135 0.970322
    outer loop
      vertex -8.42443 4.58137 47.8495
      vertex -8.41872 22.6268 47.6228
      vertex -9.67699 22.5375 47.9371
    endloop
  endfacet
  facet normal -0.241446 -0.0121295 -0.970338
    outer loop
      vertex -10.1194 5.54903 30.7394
      vertex -11.3412 5.46232 31.0445
      vertex -10.1296 9 30.6988
    endloop
  endfacet
  facet normal -0.241479 -0.0121574 -0.97033
    outer loop
      vertex -8.86804 9 30.3848
      vertex -7.62748 8 30.0886
      vertex -8.86511 8 30.3966
    endloop
  endfacet
  facet normal -0.241443 -0.0121104 -0.970339
    outer loop
      vertex -7.62748 8 30.0886
      vertex -8.86804 9 30.3848
      vertex -8.58302 21.6981 30.1554
    endloop
  endfacet
  facet normal -0.241511 -0.0121086 -0.970322
    outer loop
      vertex -10.1296 9 30.6988
      vertex -8.58302 21.6981 30.1554
      vertex -8.86804 9 30.3848
    endloop
  endfacet
  facet normal -0.241498 -0.0121105 -0.970326
    outer loop
      vertex -12.4546 21.4233 31.1224
      vertex -10.1296 9 30.6988
      vertex -11.3412 5.46232 31.0445
    endloop
  endfacet
  facet normal -0.241498 -0.0121105 -0.970326
    outer loop
      vertex -10.1296 9 30.6988
      vertex -12.4546 21.4233 31.1224
      vertex -8.58302 21.6981 30.1554
    endloop
  endfacet
  facet normal 0.967902 0.0686957 -0.241756
    outer loop
      vertex -5.13968 8 40.0489
      vertex -8.58302 21.6981 30.1554
      vertex -6.10388 21.8225 40.1163
    endloop
  endfacet
  facet normal 0.967903 0.068697 -0.241755
    outer loop
      vertex -8.58302 21.6981 30.1554
      vertex -5.13968 8 40.0489
      vertex -7.62748 8 30.0886
    endloop
  endfacet
  facet normal 0.241444 0.0121103 0.970339
    outer loop
      vertex -6.51951 19.3818 46.16
      vertex -5.35576 9 46
      vertex -5.93135 20.4756 46
    endloop
  endfacet
  facet normal 0.241516 0.0121186 0.970321
    outer loop
      vertex -5.35576 9 46
      vertex -6.51951 19.3818 46.16
      vertex -6.25852 9 46.2247
    endloop
  endfacet
  facet normal 0.241478 0.0120909 0.970331
    outer loop
      vertex -6.51951 19.3818 46.16
      vertex -5.93135 20.4756 46
      vertex -6.58927 20.3818 46.1649
    endloop
  endfacet
  facet normal 0.241527 0.0121189 0.970318
    outer loop
      vertex -8.41582 19.1112 46.6354
      vertex -6.25852 9 46.2247
      vertex -6.51951 19.3818 46.16
    endloop
  endfacet
  facet normal 0.241517 0.0121166 0.970321
    outer loop
      vertex -7.47724 5.65612 46.5698
      vertex -6.25852 9 46.2247
      vertex -8.41582 19.1112 46.6354
    endloop
  endfacet
  facet normal 0.241511 0.0121188 0.970322
    outer loop
      vertex -6.25852 9 46.2247
      vertex -7.47724 5.65612 46.5698
      vertex -6.24898 5.7433 46.263
    endloop
  endfacet
  facet normal -0.960792 -0.137065 0.241023
    outer loop
      vertex -3.07756 38.0308 47.2225
      vertex -0.558284 20.208 47.1296
      vertex -3.0573 38.0328 47.3044
    endloop
  endfacet
  facet normal -0.960715 -0.137056 0.241334
    outer loop
      vertex -0.558284 20.208 47.1296
      vertex -3.07756 38.0308 47.2225
      vertex -0.578547 20.206 47.0478
    endloop
  endfacet
  facet normal -0.240216 -0.0241668 -0.970419
    outer loop
      vertex 13.1017 39.3411 41.9318
      vertex 16.1803 24.3724 41.5425
      vertex 15.21 24.3036 41.7844
    endloop
  endfacet
  facet normal -0.240192 -0.0241616 -0.970425
    outer loop
      vertex 16.1803 24.3724 41.5425
      vertex 13.1017 39.3411 41.9318
      vertex 13.9236 40.4685 41.7003
    endloop
  endfacet
  facet normal -0.240239 -0.0241687 -0.970413
    outer loop
      vertex 2.81423 38.8836 44.49
      vertex 13.1017 39.3411 41.9318
      vertex 2.91441 37.8878 44.49
    endloop
  endfacet
  facet normal -0.240241 -0.0241231 -0.970413
    outer loop
      vertex 13.1017 39.3411 41.9318
      vertex 2.81423 38.8836 44.49
      vertex 13.9236 40.4685 41.7003
    endloop
  endfacet
  facet normal 0.240224 0.0241627 0.970417
    outer loop
      vertex -2.59772 38.0984 47.189
      vertex -0.558284 20.208 47.1296
      vertex -0.0987097 20.2736 47.0142
    endloop
  endfacet
  facet normal 0.240222 0.0241623 0.970417
    outer loop
      vertex -0.558284 20.208 47.1296
      vertex -2.59772 38.0984 47.189
      vertex -3.0573 38.0328 47.3044
    endloop
  endfacet
  facet normal 0.240247 0.0241652 0.970411
    outer loop
      vertex 14.2359 40.4999 42.9618
      vertex 10.6962 38.0155 43.9
      vertex 11.2828 32.1836 43.9
    endloop
  endfacet
  facet normal 0.240129 0.0243428 0.970436
    outer loop
      vertex 14.2359 40.4999 42.9618
      vertex 10.4046 38.0735 43.9707
      vertex 10.6962 38.0155 43.9
    endloop
  endfacet
  facet normal 0.240242 0.0241548 0.970412
    outer loop
      vertex 8.15032 39.6317 44.49
      vertex 10.4046 38.0735 43.9707
      vertex 14.2359 40.4999 42.9618
    endloop
  endfacet
  facet normal 0.240227 0.0241318 0.970417
    outer loop
      vertex 10.4046 38.0735 43.9707
      vertex 8.15032 39.6317 44.49
      vertex 10 38.1 44.0702
    endloop
  endfacet
  facet normal 0.240382 0.0243309 0.970373
    outer loop
      vertex 10 38.1 44.0702
      vertex 8.15032 39.6317 44.49
      vertex 9.59537 38.0735 44.1711
    endloop
  endfacet
  facet normal 0.24018 0.0241324 0.970428
    outer loop
      vertex 9.59537 38.0735 44.1711
      vertex 8.15032 39.6317 44.49
      vertex 9.19766 37.9944 44.2715
    endloop
  endfacet
  facet normal 0.240224 0.0241656 0.970417
    outer loop
      vertex 8.45 37.6847 44.4643
      vertex 8.15032 39.6317 44.49
      vertex 8.35272 37.6197 44.49
    endloop
  endfacet
  facet normal 0.24024 0.0241683 0.970413
    outer loop
      vertex 8.81368 37.864 44.3698
      vertex 8.15032 39.6317 44.49
      vertex 8.45 37.6847 44.4643
    endloop
  endfacet
  facet normal 0.240224 0.0241619 0.970417
    outer loop
      vertex 9.19766 37.9944 44.2715
      vertex 8.15032 39.6317 44.49
      vertex 8.81368 37.864 44.3698
    endloop
  endfacet
  facet normal 0.240236 0.0241696 0.970414
    outer loop
      vertex 11.2828 32.1836 43.9
      vertex 16.7349 22.6751 42.7871
      vertex 14.2359 40.4999 42.9618
    endloop
  endfacet
  facet normal 0.240419 0.0242802 0.970365
    outer loop
      vertex 11.1863 32.136 43.9251
      vertex 16.7349 22.6751 42.7871
      vertex 11.2828 32.1836 43.9
    endloop
  endfacet
  facet normal 0.240215 0.0241541 0.970419
    outer loop
      vertex 10.8023 32.0056 44.0234
      vertex 16.7349 22.6751 42.7871
      vertex 11.1863 32.136 43.9251
    endloop
  endfacet
  facet normal 0.240178 0.0241718 0.970428
    outer loop
      vertex 9.95343 21.7076 44.49
      vertex 10.8023 32.0056 44.0234
      vertex 10.4046 31.9265 44.1238
    endloop
  endfacet
  facet normal 0.240184 0.0241715 0.970426
    outer loop
      vertex 9.95343 21.7076 44.49
      vertex 10.4046 31.9265 44.1238
      vertex 10 31.9 44.2246
    endloop
  endfacet
  facet normal 0.240234 0.0241666 0.970414
    outer loop
      vertex 10.8023 32.0056 44.0234
      vertex 9.95343 21.7076 44.49
      vertex 16.7349 22.6751 42.7871
    endloop
  endfacet
  facet normal 0.240439 0.0241687 0.970363
    outer loop
      vertex 9.59537 31.9265 44.3242
      vertex 9.95343 21.7076 44.49
      vertex 10 31.9 44.2246
    endloop
  endfacet
  facet normal 0.240033 0.0241561 0.970464
    outer loop
      vertex 9.19766 32.0056 44.4206
      vertex 9.95343 21.7076 44.49
      vertex 9.59537 31.9265 44.3242
    endloop
  endfacet
  facet normal 0.240361 0.0241796 0.970382
    outer loop
      vertex 9.95343 21.7076 44.49
      vertex 9.19766 32.0056 44.4206
      vertex 8.90757 32.1041 44.49
    endloop
  endfacet
  facet normal 0.240238 0.0241673 0.970413
    outer loop
      vertex -2.13106 38.165 47.0718
      vertex 3.94022 20.8498 46
      vertex 2.1371 38.7739 46
    endloop
  endfacet
  facet normal 0.240225 0.0241627 0.970416
    outer loop
      vertex 3.94022 20.8498 46
      vertex -2.13106 38.165 47.0718
      vertex 0.367954 20.3401 46.897
    endloop
  endfacet
  facet normal 0.960735 0.137057 -0.241253
    outer loop
      vertex 14.2359 40.4999 42.9618
      vertex 16.2519 24.376 41.83
      vertex 13.9236 40.4685 41.7003
    endloop
  endfacet
  facet normal 0.960733 0.137057 -0.241263
    outer loop
      vertex 16.7349 22.6751 42.7871
      vertex 16.2519 24.376 41.83
      vertex 14.2359 40.4999 42.9618
    endloop
  endfacet
  facet normal 0.960733 0.13706 -0.241259
    outer loop
      vertex 16.2519 24.376 41.83
      vertex 16.7349 22.6751 42.7871
      vertex 16.4887 22.6503 41.7926
    endloop
  endfacet
  facet normal 0.960798 0.137068 -0.240997
    outer loop
      vertex 13.9236 40.4685 41.7003
      vertex 16.2519 24.376 41.83
      vertex 16.1803 24.3724 41.5425
    endloop
  endfacet
  facet normal 0.13885 -0.990266 -0.00966957
    outer loop
      vertex -13.3992 18.3818 49.7728
      vertex -14.5987 18.2086 50.2861
      vertex -14.6622 18.2022 50.0297
    endloop
  endfacet
  facet normal 0.138868 -0.990264 -0.00962761
    outer loop
      vertex -14.5987 18.2086 50.2861
      vertex -13.3992 18.3818 49.7728
      vertex -13.3497 18.3868 49.9725
    endloop
  endfacet
  facet normal 0.138857 -0.990265 -0.00971022
    outer loop
      vertex -17.674 17.9518 32.505
      vertex -16.0336 18.0643 44.49
      vertex -18.9229 17.7736 32.8187
    endloop
  endfacet
  facet normal 0.138843 -0.990267 -0.00970827
    outer loop
      vertex -16.0336 18.0643 44.49
      vertex -17.674 17.9518 32.505
      vertex -14.707 18.2503 44.49
    endloop
  endfacet
  facet normal 0.138825 -0.990268 -0.0098321
    outer loop
      vertex -14.1517 18.2878 48.5976
      vertex -13.8441 18.3371 47.9754
      vertex -13.7122 18.3503 48.5083
    endloop
  endfacet
  facet normal 0.138835 -0.990268 -0.00970728
    outer loop
      vertex -9.80658 18.9187 46.3899
      vertex -13.8441 18.3371 47.9754
      vertex -14.1612 18.3052 46.6944
    endloop
  endfacet
  facet normal 0.138994 -0.990245 -0.00974711
    outer loop
      vertex -14.1517 18.2878 48.5976
      vertex -14.1612 18.3052 46.6944
      vertex -13.8441 18.3371 47.9754
    endloop
  endfacet
  facet normal 0.138985 -0.990247 -0.00974708
    outer loop
      vertex -14.7293 18.2323 46
      vertex -14.1612 18.3052 46.6944
      vertex -14.1517 18.2878 48.5976
    endloop
  endfacet
  facet normal 0.138965 -0.99025 -0.00973033
    outer loop
      vertex -14.1612 18.3052 46.6944
      vertex -14.7293 18.2323 46
      vertex -14.3331 18.2879 46
    endloop
  endfacet
  facet normal 0.138813 -0.99027 -0.00976458
    outer loop
      vertex -13.8441 18.3371 47.9754
      vertex -9.80658 18.9187 46.3899
      vertex -9.4889 18.9506 47.6709
    endloop
  endfacet
  facet normal 0.138839 -0.990267 -0.00969992
    outer loop
      vertex -4.23082 19.7042 46
      vertex -0.578547 20.206 47.0478
      vertex -8.1817 19.1348 47.5794
    endloop
  endfacet
  facet normal 0.138683 -0.990289 -0.00969135
    outer loop
      vertex -0.0987097 20.2736 47.0142
      vertex 0.367954 20.3401 46.897
      vertex 0.373838 20.3401 46.9812
    endloop
  endfacet
  facet normal 0.138787 -0.990277 -0.0095115
    outer loop
      vertex 0.367954 20.3401 46.897
      vertex -0.578547 20.206 47.0478
      vertex -4.23082 19.7042 46
    endloop
  endfacet
  facet normal 0.13888 -0.990262 -0.00968689
    outer loop
      vertex -6.51951 19.3818 46.16
      vertex -8.1817 19.1348 47.5794
      vertex -8.41582 19.1112 46.6354
    endloop
  endfacet
  facet normal 0.138813 -0.99027 -0.00976665
    outer loop
      vertex -8.1817 19.1348 47.5794
      vertex -6.51951 19.3818 46.16
      vertex -4.23082 19.7042 46
    endloop
  endfacet
  facet normal 0.13889 -0.990268 -0.00885628
    outer loop
      vertex -0.578547 20.206 47.0478
      vertex 0.367954 20.3401 46.897
      vertex -0.0987097 20.2736 47.0142
    endloop
  endfacet
  facet normal 0.138838 -0.990267 -0.00978066
    outer loop
      vertex 0.367954 20.3401 46.897
      vertex -4.23082 19.7042 46
      vertex 3.94022 20.8498 46
    endloop
  endfacet
  facet normal 0.138798 -0.990268 -0.0101702
    outer loop
      vertex -0.558284 20.208 47.1296
      vertex -0.578547 20.206 47.0478
      vertex -0.0987097 20.2736 47.0142
    endloop
  endfacet
  facet normal 0.138827 -0.990269 -0.00973431
    outer loop
      vertex 16.4887 22.6503 41.7926
      vertex 9.95343 21.7076 44.49
      vertex 5.72776 21.1152 44.49
    endloop
  endfacet
  facet normal 0.138849 -0.990266 -0.00967924
    outer loop
      vertex 9.95343 21.7076 44.49
      vertex 16.4887 22.6503 41.7926
      vertex 16.7349 22.6751 42.7871
    endloop
  endfacet
  facet normal -0.13877 0.990277 0.00969465
    outer loop
      vertex -20.173 35.7766 32.6798
      vertex -18.5758 35.8848 44.49
      vertex -17.2492 36.0707 44.49
    endloop
  endfacet
  facet normal -0.138859 0.990265 0.00970679
    outer loop
      vertex -18.5758 35.8848 44.49
      vertex -20.173 35.7766 32.6798
      vertex -21.4219 35.5984 32.9934
    endloop
  endfacet
  facet normal -0.138835 0.990268 0.00972167
    outer loop
      vertex 13.9236 40.4685 41.7003
      vertex 8.15032 39.6317 44.49
      vertex 14.2359 40.4999 42.9618
    endloop
  endfacet
  facet normal -0.138832 0.990268 0.00972895
    outer loop
      vertex 8.15032 39.6317 44.49
      vertex 13.9236 40.4685 41.7003
      vertex 2.81423 38.8836 44.49
    endloop
  endfacet
  facet normal -0.1388 0.990268 0.0101534
    outer loop
      vertex -3.0573 38.0328 47.3044
      vertex -2.59772 38.0984 47.189
      vertex -3.07756 38.0308 47.2225
    endloop
  endfacet
  facet normal -0.138832 0.990268 0.0097062
    outer loop
      vertex -4.23082 37.8811 46
      vertex -3.07756 38.0308 47.2225
      vertex -2.59772 38.0984 47.189
    endloop
  endfacet
  facet normal -0.138888 0.990261 0.00971057
    outer loop
      vertex -2.13106 38.165 47.0718
      vertex -2.59772 38.0984 47.189
      vertex -2.12518 38.165 47.1559
    endloop
  endfacet
  facet normal -0.138874 0.990262 0.00976549
    outer loop
      vertex -4.23082 37.8811 46
      vertex -2.59772 38.0984 47.189
      vertex -2.13106 38.165 47.0718
    endloop
  endfacet
  facet normal -0.138829 0.990269 0.00970347
    outer loop
      vertex -3.07756 38.0308 47.2225
      vertex -4.23082 37.8811 46
      vertex -9.59808 37.1122 47.6785
    endloop
  endfacet
  facet normal -0.138838 0.990268 0.00969402
    outer loop
      vertex -4.23082 37.8811 46
      vertex -2.13106 38.165 47.0718
      vertex 2.1371 38.7739 46
    endloop
  endfacet
  facet normal -0.138844 0.990267 0.00965312
    outer loop
      vertex -9.59808 37.1122 47.6785
      vertex -4.23082 37.8811 46
      vertex -9.88343 37.0847 46.3953
    endloop
  endfacet
  facet normal -0.960735 -0.137059 0.241254
    outer loop
      vertex -0.788667 23.1779 43.7544
      vertex -2.59233 37.1158 44.49
      vertex -3.23098 37.0515 41.9102
    endloop
  endfacet
  facet normal -0.960737 -0.137058 0.241247
    outer loop
      vertex -2.59233 37.1158 44.49
      vertex -0.788667 23.1779 43.7544
      vertex -0.605266 23.1871 44.49
    endloop
  endfacet
  facet normal -0.960737 -0.13706 0.241245
    outer loop
      vertex -1.14327 22.1605 41.7642
      vertex -0.788667 23.1779 43.7544
      vertex -3.23098 37.0515 41.9102
    endloop
  endfacet
  facet normal -0.960736 -0.137063 0.241246
    outer loop
      vertex -0.788667 23.1779 43.7544
      vertex -1.14327 22.1605 41.7642
      vertex -0.649494 22.1853 43.7447
    endloop
  endfacet
  facet normal -0.240102 -0.0240964 -0.970449
    outer loop
      vertex 4.18404 22.5386 40.436
      vertex 4.51063 21.9948 40.3687
      vertex 4.22532 21.9541 40.4403
    endloop
  endfacet
  facet normal -0.240231 -0.0241616 -0.970415
    outer loop
      vertex 12.4195 23.1231 38.3826
      vertex 12.1408 39.2445 38.0502
      vertex 14.3621 23.4002 37.8948
    endloop
  endfacet
  facet normal -0.240245 -0.0241617 -0.970412
    outer loop
      vertex 4.46962 22.5588 40.3648
      vertex 12.1408 39.2445 38.0502
      vertex 12.4195 23.1231 38.3826
    endloop
  endfacet
  facet normal -0.240231 -0.0241782 -0.970415
    outer loop
      vertex 4.51063 21.9948 40.3687
      vertex 4.18404 22.5386 40.436
      vertex 4.46962 22.5588 40.3648
    endloop
  endfacet
  facet normal -0.240232 -0.0241673 -0.970415
    outer loop
      vertex -3.23098 37.0515 41.9102
      vertex 4.46962 22.5588 40.3648
      vertex 4.18404 22.5386 40.436
    endloop
  endfacet
  facet normal -0.240228 -0.0241653 -0.970416
    outer loop
      vertex -3.23098 37.0515 41.9102
      vertex 4.18404 22.5386 40.436
      vertex -1.14327 22.1605 41.7642
    endloop
  endfacet
  facet normal -0.240232 -0.0241677 -0.970414
    outer loop
      vertex 4.46962 22.5588 40.3648
      vertex -3.23098 37.0515 41.9102
      vertex 12.1408 39.2445 38.0502
    endloop
  endfacet
  facet normal 0.960733 0.137062 -0.24126
    outer loop
      vertex 14.9673 24.2914 40.811
      vertex 13.1017 39.3411 41.9318
      vertex 15.21 24.3036 41.7844
    endloop
  endfacet
  facet normal 0.960737 0.137062 -0.241244
    outer loop
      vertex 13.1017 39.3411 41.9318
      vertex 14.9673 24.2914 40.811
      vertex 12.1408 39.2445 38.0502
    endloop
  endfacet
  facet normal 0.96073 0.137065 -0.241268
    outer loop
      vertex 14.3621 23.4002 37.8948
      vertex 14.9673 24.2914 40.811
      vertex 15.0797 23.4724 40.7933
    endloop
  endfacet
  facet normal 0.960732 0.137057 -0.241266
    outer loop
      vertex 14.9673 24.2914 40.811
      vertex 14.3621 23.4002 37.8948
      vertex 12.1408 39.2445 38.0502
    endloop
  endfacet
  facet normal 0.138826 -0.990269 -0.00970793
    outer loop
      vertex 12.4195 23.1231 38.3826
      vertex 15.0797 23.4724 40.7933
      vertex 12.631 23.1231 41.4071
    endloop
  endfacet
  facet normal 0.13882 -0.99027 -0.00970145
    outer loop
      vertex 15.0797 23.4724 40.7933
      vertex 12.4195 23.1231 38.3826
      vertex 14.3621 23.4002 37.8948
    endloop
  endfacet
  facet normal 0.138812 -0.990271 -0.00970616
    outer loop
      vertex 4.22532 21.9541 40.4403
      vertex 4.83547 22.011 43.3611
      vertex 4.43153 21.9541 43.3894
    endloop
  endfacet
  facet normal 0.138732 -0.990283 -0.00968929
    outer loop
      vertex 4.83547 22.011 43.3611
      vertex 4.22532 21.9541 40.4403
      vertex 5.22833 22.067 43.2627
    endloop
  endfacet
  facet normal 0.138824 -0.990269 -0.00972234
    outer loop
      vertex 5.22833 22.067 43.2627
      vertex 4.22532 21.9541 40.4403
      vertex 4.51063 21.9948 40.3687
    endloop
  endfacet
  facet normal -0.138828 0.990269 0.00972284
    outer loop
      vertex 12.1408 39.2445 38.0502
      vertex 2.91441 37.8878 44.49
      vertex 13.1017 39.3411 41.9318
    endloop
  endfacet
  facet normal -0.138837 0.990268 0.00970967
    outer loop
      vertex -3.23098 37.0515 41.9102
      vertex 2.91441 37.8878 44.49
      vertex 12.1408 39.2445 38.0502
    endloop
  endfacet
  facet normal -0.138828 0.990269 0.00968601
    outer loop
      vertex 2.91441 37.8878 44.49
      vertex -3.23098 37.0515 41.9102
      vertex -2.59233 37.1158 44.49
    endloop
  endfacet
  facet normal -0.987855 -0.13917 0.069092
    outer loop
      vertex -18.3873 24.8233 48.2931
      vertex -18.9272 28.0274 47.0277
      vertex -18.478 24.8233 46.9963
    endloop
  endfacet
  facet normal -0.987855 -0.13917 0.069092
    outer loop
      vertex -18.9272 28.0274 47.0277
      vertex -18.3873 24.8233 48.2931
      vertex -18.8365 28.0274 48.3245
    endloop
  endfacet
  facet normal -0.069742 2.2868e-05 -0.997565
    outer loop
      vertex -6.58927 20.3818 46.1649
      vertex -4.23082 19.7042 46
      vertex -6.51951 19.3818 46.16
    endloop
  endfacet
  facet normal -0.0697485 0 -0.997565
    outer loop
      vertex -4.23082 19.7042 46
      vertex -6.58927 20.3818 46.1649
      vertex -4.23082 20.714 46
    endloop
  endfacet
  facet normal -0.0697619 0 -0.997564
    outer loop
      vertex -4.23082 36.8713 46
      vertex -9.88343 37.0847 46.3953
      vertex -4.23082 37.8811 46
    endloop
  endfacet
  facet normal -0.0697619 1.20774e-06 -0.997564
    outer loop
      vertex -9.88343 37.0847 46.3953
      vertex -4.23082 36.8713 46
      vertex -10.1437 36.0382 46.4135
    endloop
  endfacet
  facet normal -0.0697536 -1.25311e-05 -0.997564
    outer loop
      vertex -14.3001 19.2954 46.7041
      vertex -9.80658 18.9187 46.3899
      vertex -14.1612 18.3052 46.6944
    endloop
  endfacet
  facet normal -0.0697507 2.22538e-05 -0.997564
    outer loop
      vertex -9.80658 18.9187 46.3899
      vertex -14.3001 19.2954 46.7041
      vertex -9.87634 19.9187 46.3948
    endloop
  endfacet
  facet normal -0.0697544 -5.34654e-06 -0.997564
    outer loop
      vertex -18.478 24.8233 46.9963
      vertex -17.8833 27.7665 46.9547
      vertex -17.434 24.5624 46.9233
    endloop
  endfacet
  facet normal -0.0697607 -4.06126e-06 -0.997564
    outer loop
      vertex -17.8833 27.7665 46.9547
      vertex -18.478 24.8233 46.9963
      vertex -18.9272 28.0274 47.0277
    endloop
  endfacet
  facet normal 0.069666 -1.00449e-05 0.99757
    outer loop
      vertex -2.12518 38.165 47.1559
      vertex -0.0987097 20.2736 47.0142
      vertex 0.373838 20.3401 46.9812
    endloop
  endfacet
  facet normal 0.0698739 1.36171e-05 0.997556
    outer loop
      vertex -0.0987097 20.2736 47.0142
      vertex -2.12518 38.165 47.1559
      vertex -2.59772 38.0984 47.189
    endloop
  endfacet
  facet normal 0.0697578 2.87694e-06 0.997564
    outer loop
      vertex -8.42527 22.6265 47.5965
      vertex -0.578547 20.206 47.0478
      vertex -3.07756 38.0308 47.2225
    endloop
  endfacet
  facet normal 0.0697509 -1.97997e-05 0.997564
    outer loop
      vertex -0.578547 20.206 47.0478
      vertex -8.42527 22.6265 47.5965
      vertex -8.1817 19.1348 47.5794
    endloop
  endfacet
  facet normal 0.0697633 -4.20258e-06 0.997564
    outer loop
      vertex -11.3802 29.9471 47.8031
      vertex -3.07756 38.0308 47.2225
      vertex -9.59808 37.1122 47.6785
    endloop
  endfacet
  facet normal 0.0697557 3.61636e-06 0.997564
    outer loop
      vertex -3.07756 38.0308 47.2225
      vertex -11.3802 29.9471 47.8031
      vertex -8.42527 22.6265 47.5965
    endloop
  endfacet
  facet normal 0.0697136 -1.34557e-05 0.997567
    outer loop
      vertex -8.42527 22.6265 47.5965
      vertex -11.3802 29.9471 47.8031
      vertex -9.7389 22.5344 47.6883
    endloop
  endfacet
  facet normal 0.0697692 -1.09689e-06 0.997563
    outer loop
      vertex -9.7389 22.5344 47.6883
      vertex -11.3802 29.9471 47.8031
      vertex -9.97057 19.8926 47.7045
    endloop
  endfacet
  facet normal 0.0696129 1.26759e-05 0.997574
    outer loop
      vertex -9.97057 19.8926 47.7045
      vertex -9.4889 18.9506 47.6709
      vertex -9.7389 22.5344 47.6883
    endloop
  endfacet
  facet normal 0.0697355 7.57105e-05 0.997566
    outer loop
      vertex -9.97057 19.8926 47.7045
      vertex -13.8441 18.3371 47.9754
      vertex -9.4889 18.9506 47.6709
    endloop
  endfacet
  facet normal 0.0697604 1.34848e-05 0.997564
    outer loop
      vertex -13.8441 18.3371 47.9754
      vertex -9.97057 19.8926 47.7045
      vertex -13.983 19.3273 47.9851
    endloop
  endfacet
  facet normal 0.0697728 5.75898e-06 0.997563
    outer loop
      vertex -16.4488 27.4307 48.1575
      vertex -18.3873 24.8233 48.2931
      vertex -15.9996 24.2265 48.1261
    endloop
  endfacet
  facet normal 0.0697728 5.75913e-06 0.997563
    outer loop
      vertex -18.3873 24.8233 48.2931
      vertex -16.4488 27.4307 48.1575
      vertex -18.8365 28.0274 48.3245
    endloop
  endfacet
  facet normal 0.987857 0.139173 -0.0690677
    outer loop
      vertex 0.373838 20.3401 46.9812
      vertex -2.13106 38.165 47.0718
      vertex -2.12518 38.165 47.1559
    endloop
  endfacet
  facet normal 0.987859 0.139173 -0.0690328
    outer loop
      vertex -2.13106 38.165 47.0718
      vertex 0.373838 20.3401 46.9812
      vertex 0.367954 20.3401 46.897
    endloop
  endfacet
  facet normal -0.987854 -0.139171 0.0691125
    outer loop
      vertex -16.9283 18.9645 42.8781
      vertex -19.0477 34.8088 44.49
      vertex -19.1496 34.8088 43.0335
    endloop
  endfacet
  facet normal -0.987852 -0.139172 0.0691294
    outer loop
      vertex -19.0477 34.8088 44.49
      vertex -16.9283 18.9645 42.8781
      vertex -16.8155 18.9645 44.49
    endloop
  endfacet
  facet normal -0.98786 -0.139172 0.0690167
    outer loop
      vertex -17.4986 24.5624 46
      vertex -17.8833 27.7665 46.9547
      vertex -17.95 27.7665 46
    endloop
  endfacet
  facet normal -0.987849 -0.1392 0.0691163
    outer loop
      vertex -17.8833 27.7665 46.9547
      vertex -17.4986 24.5624 46
      vertex -17.434 24.5624 46.9233
    endloop
  endfacet
  facet normal -0.987776 -0.139187 0.0701771
    outer loop
      vertex -18.7748 33.6208 46
      vertex -18.9369 34.8088 46.0746
      vertex -18.9422 34.8088 46
    endloop
  endfacet
  facet normal -0.0695816 2.28483e-05 -0.997576
    outer loop
      vertex -16.9283 18.9645 42.8781
      vertex -18.8012 34.8578 43.0091
      vertex -16.5799 19.0136 42.8538
    endloop
  endfacet
  facet normal -0.0698619 -1.03424e-05 -0.997557
    outer loop
      vertex -18.8012 34.8578 43.0091
      vertex -16.9283 18.9645 42.8781
      vertex -19.1496 34.8088 43.0335
    endloop
  endfacet
  facet normal -0.0697881 3.08775e-05 -0.997562
    outer loop
      vertex -10.969 21.4717 42.4614
      vertex -11.4979 21.4346 42.4984
      vertex -11.0386 22.4692 42.4663
    endloop
  endfacet
  facet normal -0.0697579 -6.6304e-05 -0.997564
    outer loop
      vertex -9.72496 22.5613 42.3744
      vertex -1.25732 22.1524 41.7823
      vertex -9.65537 21.5637 42.3696
    endloop
  endfacet
  facet normal -0.0697547 -3.28849e-07 -0.997564
    outer loop
      vertex -1.25732 22.1524 41.7823
      vertex -9.72496 22.5613 42.3744
      vertex -3.34391 37.0355 41.9282
    endloop
  endfacet
  facet normal -0.069787 -9.89039e-06 -0.997562
    outer loop
      vertex -13.4848 35.6068 42.6373
      vertex -9.72496 22.5613 42.3744
      vertex -11.0386 22.4692 42.4663
    endloop
  endfacet
  facet normal -0.0697544 -4.53352e-07 -0.997564
    outer loop
      vertex -9.72496 22.5613 42.3744
      vertex -13.4848 35.6068 42.6373
      vertex -3.34391 37.0355 41.9282
    endloop
  endfacet
  facet normal -0.0697234 2.01262e-06 -0.997566
    outer loop
      vertex -13.4848 35.6068 42.6373
      vertex -11.0386 22.4692 42.4663
      vertex -11.4979 21.4346 42.4984
    endloop
  endfacet
  facet normal 0.987855 0.139173 -0.0690852
    outer loop
      vertex -1.25698 23.1451 43.7872
      vertex -3.16477 37.0355 44.49
      vertex -1.20783 23.1451 44.49
    endloop
  endfacet
  facet normal 0.987856 0.139173 -0.0690782
    outer loop
      vertex -3.16477 37.0355 44.49
      vertex -1.25698 23.1451 43.7872
      vertex -3.34391 37.0355 41.9282
    endloop
  endfacet
  facet normal 0.987856 0.139173 -0.0690771
    outer loop
      vertex -1.25732 22.1524 41.7823
      vertex -1.25698 23.1451 43.7872
      vertex -1.11781 22.1524 43.7774
    endloop
  endfacet
  facet normal 0.987856 0.139173 -0.0690773
    outer loop
      vertex -1.25698 23.1451 43.7872
      vertex -1.25732 22.1524 41.7823
      vertex -3.34391 37.0355 41.9282
    endloop
  endfacet
  facet normal 0.13883 -0.99027 -0.00960072
    outer loop
      vertex -13.983 19.3273 47.9851
      vertex -12.846 19.483 48.3668
      vertex -13.8385 19.3419 48.5687
    endloop
  endfacet
  facet normal 0.138842 -0.990268 -0.00963773
    outer loop
      vertex -9.97057 19.8926 47.7045
      vertex -12.846 19.483 48.3668
      vertex -13.983 19.3273 47.9851
    endloop
  endfacet
  facet normal 0.138813 -0.99027 -0.00976608
    outer loop
      vertex -12.846 19.483 48.3668
      vertex -9.97057 19.8926 47.7045
      vertex -9.88585 19.9011 48.0468
    endloop
  endfacet
  facet normal 0.138804 -0.990271 -0.00985306
    outer loop
      vertex -12.7569 19.4915 48.7677
      vertex -12.846 19.483 48.3668
      vertex -9.88585 19.9011 48.0468
    endloop
  endfacet
  facet normal 0.138843 -0.990267 -0.0097066
    outer loop
      vertex -14.8482 19.2403 44.49
      vertex -11.6679 19.7219 40.8482
      vertex -11.4133 19.7219 44.49
    endloop
  endfacet
  facet normal 0.138842 -0.990267 -0.00970753
    outer loop
      vertex -17.5726 18.9662 33.4852
      vertex -11.6679 19.7219 40.8482
      vertex -14.8482 19.2403 44.49
    endloop
  endfacet
  facet normal 0.138848 -0.990266 -0.0097119
    outer loop
      vertex -11.6679 19.7219 40.8482
      vertex -17.5726 18.9662 33.4852
      vertex -13.7296 19.5145 32.5202
    endloop
  endfacet
  facet normal 0.138826 -0.990268 -0.00978457
    outer loop
      vertex -9.97424 19.9088 46
      vertex -14.3001 19.2954 46.7041
      vertex -14.3819 19.2872 46.3734
    endloop
  endfacet
  facet normal 0.138835 -0.990268 -0.00968133
    outer loop
      vertex -9.97424 19.9088 46
      vertex -14.3819 19.2872 46.3734
      vertex -14.465 19.2792 46
    endloop
  endfacet
  facet normal 0.138855 -0.990266 -0.0096006
    outer loop
      vertex -14.3001 19.2954 46.7041
      vertex -9.97424 19.9088 46
      vertex -9.87634 19.9187 46.3948
    endloop
  endfacet
  facet normal 0.13888 -0.990262 -0.00971873
    outer loop
      vertex -16.5799 19.0136 42.8538
      vertex -16.8155 18.9645 44.49
      vertex -16.9283 18.9645 42.8781
    endloop
  endfacet
  facet normal 0.138796 -0.990273 -0.00973115
    outer loop
      vertex -16.8155 18.9645 44.49
      vertex -16.5799 19.0136 42.8538
      vertex -16.1748 19.0543 44.49
    endloop
  endfacet
  facet normal 0.138828 -0.990272 -0.00939918
    outer loop
      vertex -5.93135 20.4756 46
      vertex -4.23082 20.714 46
      vertex -6.58927 20.3818 46.1649
    endloop
  endfacet
  facet normal -0.138834 0.990268 0.00967172
    outer loop
      vertex -3.16477 37.0355 44.49
      vertex -10.5963 35.9947 44.3783
      vertex -10.5714 35.9971 44.49
    endloop
  endfacet
  facet normal -0.138835 0.990268 0.00970836
    outer loop
      vertex -3.34391 37.0355 41.9282
      vertex -10.5963 35.9947 44.3783
      vertex -3.16477 37.0355 44.49
    endloop
  endfacet
  facet normal -0.138835 0.990268 0.00970735
    outer loop
      vertex -10.5963 35.9947 44.3783
      vertex -3.34391 37.0355 41.9282
      vertex -13.4848 35.6068 42.6373
    endloop
  endfacet
  facet normal -0.138826 0.990269 0.00969257
    outer loop
      vertex -13.4848 35.6068 42.6373
      vertex -11.1456 35.9166 44.49
      vertex -10.5963 35.9947 44.3783
    endloop
  endfacet
  facet normal -0.138831 0.990269 0.00969833
    outer loop
      vertex -11.1456 35.9166 44.49
      vertex -13.4848 35.6068 42.6373
      vertex -17.108 35.0807 44.49
    endloop
  endfacet
  facet normal -0.138827 0.990269 0.00970597
    outer loop
      vertex -13.4848 35.6068 42.6373
      vertex -19.7939 34.8105 33.6405
      vertex -17.108 35.0807 44.49
    endloop
  endfacet
  facet normal -0.138827 0.990269 0.00970607
    outer loop
      vertex -19.7939 34.8105 33.6405
      vertex -13.4848 35.6068 42.6373
      vertex -15.951 35.3587 32.6755
    endloop
  endfacet
  facet normal -0.138838 0.990266 0.00981559
    outer loop
      vertex -10.1437 36.0382 46.4135
      vertex -4.23082 36.8713 46
      vertex -10.2357 36.0294 46
    endloop
  endfacet
  facet normal -0.138746 0.990281 0.00967175
    outer loop
      vertex -18.8012 34.8578 43.0091
      vertex -19.0477 34.8088 44.49
      vertex -18.4346 34.8947 44.49
    endloop
  endfacet
  facet normal -0.1386 0.990301 0.00969675
    outer loop
      vertex -19.0477 34.8088 44.49
      vertex -18.8012 34.8578 43.0091
      vertex -19.1496 34.8088 43.0335
    endloop
  endfacet
  facet normal -0.138845 0.990265 0.00986429
    outer loop
      vertex -18.9369 34.8088 46.0746
      vertex -18.5699 34.861 46
      vertex -18.9422 34.8088 46
    endloop
  endfacet
  facet normal -0.240297 -0.0241728 -0.970398
    outer loop
      vertex -18.9229 17.7736 32.8187
      vertex -20.173 35.7766 32.6798
      vertex -17.674 17.9518 32.505
    endloop
  endfacet
  facet normal -0.240224 -0.0241679 -0.970417
    outer loop
      vertex -20.173 35.7766 32.6798
      vertex -18.9229 17.7736 32.8187
      vertex -21.4219 35.5984 32.9934
    endloop
  endfacet
  facet normal 0.960662 0.137045 -0.241552
    outer loop
      vertex -13.3497 18.3868 49.9725
      vertex -13.3992 18.3818 49.7728
      vertex -13.8964 22.2864 50.0107
    endloop
  endfacet
  facet normal 0.960738 0.137027 -0.241258
    outer loop
      vertex -14.8482 19.2403 44.49
      vertex -14.707 18.2503 44.49
      vertex -17.5726 18.9662 33.4852
    endloop
  endfacet
  facet normal 0.96074 0.137027 -0.241253
    outer loop
      vertex -19.7939 34.8105 33.6405
      vertex -17.2492 36.0707 44.49
      vertex -17.108 35.0807 44.49
    endloop
  endfacet
  facet normal 0.96073 0.137084 -0.241258
    outer loop
      vertex -17.2492 36.0707 44.49
      vertex -19.7939 34.8105 33.6405
      vertex -20.173 35.7766 32.6798
    endloop
  endfacet
  facet normal 0.960727 0.137055 -0.241286
    outer loop
      vertex -17.5726 18.9662 33.4852
      vertex -20.173 35.7766 32.6798
      vertex -19.7939 34.8105 33.6405
    endloop
  endfacet
  facet normal 0.960741 0.13706 -0.241229
    outer loop
      vertex -17.5726 18.9662 33.4852
      vertex -17.674 17.9518 32.505
      vertex -20.173 35.7766 32.6798
    endloop
  endfacet
  facet normal 0.960732 0.137083 -0.241252
    outer loop
      vertex -17.674 17.9518 32.505
      vertex -17.5726 18.9662 33.4852
      vertex -14.707 18.2503 44.49
    endloop
  endfacet
  facet normal 0.960775 0.137134 -0.241052
    outer loop
      vertex -14.1612 18.3052 46.6944
      vertex -14.3819 19.2872 46.3734
      vertex -14.3001 19.2954 46.7041
    endloop
  endfacet
  facet normal 0.960736 0.137061 -0.241247
    outer loop
      vertex -14.3331 18.2879 46
      vertex -14.3819 19.2872 46.3734
      vertex -14.1612 18.3052 46.6944
    endloop
  endfacet
  facet normal 0.960703 0.137101 -0.241358
    outer loop
      vertex -14.3819 19.2872 46.3734
      vertex -14.3331 18.2879 46
      vertex -14.4711 19.2549 46
    endloop
  endfacet
  facet normal 0.960721 0.137065 -0.241305
    outer loop
      vertex -13.7122 18.3503 48.5083
      vertex -13.983 19.3273 47.9851
      vertex -13.8385 19.3419 48.5687
    endloop
  endfacet
  facet normal 0.96074 0.13713 -0.241193
    outer loop
      vertex -13.983 19.3273 47.9851
      vertex -13.7122 18.3503 48.5083
      vertex -13.8441 18.3371 47.9754
    endloop
  endfacet
  facet normal 0.960753 0.137039 -0.241192
    outer loop
      vertex -14.4066 25.9249 50.0464
      vertex -14.5068 24.9022 49.0662
      vertex -14.6565 25.9702 49.0767
    endloop
  endfacet
  facet normal 0.960719 0.137125 -0.241279
    outer loop
      vertex -14.5068 24.9022 49.0662
      vertex -14.4066 25.9249 50.0464
      vertex -14.2568 24.8569 50.0359
    endloop
  endfacet
  facet normal -0.96074 -0.137023 0.241254
    outer loop
      vertex -18.8012 34.8578 43.0091
      vertex -18.5758 35.8848 44.49
      vertex -21.4219 35.5984 32.9934
    endloop
  endfacet
  facet normal -0.960743 -0.137013 0.241248
    outer loop
      vertex -18.5758 35.8848 44.49
      vertex -18.8012 34.8578 43.0091
      vertex -18.4346 34.8947 44.49
    endloop
  endfacet
  facet normal -0.960736 -0.137056 0.241251
    outer loop
      vertex -21.4219 35.5984 32.9934
      vertex -16.5799 19.0136 42.8538
      vertex -18.8012 34.8578 43.0091
    endloop
  endfacet
  facet normal -0.960735 -0.137066 0.24125
    outer loop
      vertex -16.5799 19.0136 42.8538
      vertex -18.9229 17.7736 32.8187
      vertex -16.0336 18.0643 44.49
    endloop
  endfacet
  facet normal -0.960736 -0.137058 0.241249
    outer loop
      vertex -18.9229 17.7736 32.8187
      vertex -16.5799 19.0136 42.8538
      vertex -21.4219 35.5984 32.9934
    endloop
  endfacet
  facet normal -0.960735 -0.137026 0.241273
    outer loop
      vertex -16.1748 19.0543 44.49
      vertex -16.5799 19.0136 42.8538
      vertex -16.0336 18.0643 44.49
    endloop
  endfacet
  facet normal -0.96071 -0.137059 0.241351
    outer loop
      vertex -14.6622 18.2022 50.0297
      vertex -14.5987 18.2086 50.2861
      vertex -15.3008 23.2164 50.3352
    endloop
  endfacet
  facet normal -0.960741 -0.137074 0.241221
    outer loop
      vertex -16.4488 27.4307 48.1575
      vertex -16.0119 26.3106 49.2611
      vertex -16.1476 27.3761 49.3261
    endloop
  endfacet
  facet normal -0.960729 -0.137053 0.241282
    outer loop
      vertex -16.0119 26.3106 49.2611
      vertex -15.8762 25.2451 49.1962
      vertex -15.7273 26.259 50.365
    endloop
  endfacet
  facet normal -0.960739 -0.137052 0.241242
    outer loop
      vertex -16.4488 27.4307 48.1575
      vertex -15.8762 25.2451 49.1962
      vertex -16.0119 26.3106 49.2611
    endloop
  endfacet
  facet normal -0.960738 -0.137051 0.241244
    outer loop
      vertex -15.9996 24.2265 48.1261
      vertex -15.8762 25.2451 49.1962
      vertex -16.4488 27.4307 48.1575
    endloop
  endfacet
  facet normal -0.960738 -0.137052 0.241245
    outer loop
      vertex -15.8762 25.2451 49.1962
      vertex -15.9996 24.2265 48.1261
      vertex -15.7405 24.1796 49.1313
    endloop
  endfacet
  facet normal -0.960746 -0.137003 0.241241
    outer loop
      vertex -15.7273 26.259 50.365
      vertex -15.8762 25.2451 49.1962
      vertex -15.5776 25.1909 50.3546
    endloop
  endfacet
  facet normal 0.240206 0.0241693 0.970421
    outer loop
      vertex -13.8964 22.2864 50.0107
      vertex -14.5987 18.2086 50.2861
      vertex -13.3497 18.3868 49.9725
    endloop
  endfacet
  facet normal 0.240226 0.0241654 0.970416
    outer loop
      vertex -14.5987 18.2086 50.2861
      vertex -13.8964 22.2864 50.0107
      vertex -15.3008 23.2164 50.3352
    endloop
  endfacet
  facet normal 0.240262 0.0241591 0.970407
    outer loop
      vertex -14.4066 25.9249 50.0464
      vertex -15.5776 25.1909 50.3546
      vertex -14.2568 24.8569 50.0359
    endloop
  endfacet
  facet normal 0.240226 0.0242201 0.970415
    outer loop
      vertex -15.5776 25.1909 50.3546
      vertex -14.4066 25.9249 50.0464
      vertex -15.7273 26.259 50.365
    endloop
  endfacet
  facet normal -0.240229 -0.024169 -0.970415
    outer loop
      vertex -17.5726 18.9662 33.4852
      vertex -15.951 35.3587 32.6755
      vertex -13.7296 19.5145 32.5202
    endloop
  endfacet
  facet normal -0.240235 -0.0241683 -0.970414
    outer loop
      vertex -15.951 35.3587 32.6755
      vertex -17.5726 18.9662 33.4852
      vertex -19.7939 34.8105 33.6405
    endloop
  endfacet
  facet normal 0.960709 0.137051 -0.241363
    outer loop
      vertex -9.88585 19.9011 48.0468
      vertex -11.3802 29.9471 47.8031
      vertex -11.2984 29.9767 48.1455
    endloop
  endfacet
  facet normal 0.96075 0.137061 -0.241191
    outer loop
      vertex -11.3802 29.9471 47.8031
      vertex -9.88585 19.9011 48.0468
      vertex -9.97057 19.8926 47.7045
    endloop
  endfacet
  facet normal 0.960742 0.137057 -0.241228
    outer loop
      vertex -11.7395 21.4225 41.5293
      vertex -13.4848 35.6068 42.6373
      vertex -11.4979 21.4346 42.4984
    endloop
  endfacet
  facet normal 0.960734 0.137059 -0.241258
    outer loop
      vertex -13.4848 35.6068 42.6373
      vertex -11.7395 21.4225 41.5293
      vertex -15.951 35.3587 32.6755
    endloop
  endfacet
  facet normal 0.960732 0.137073 -0.241255
    outer loop
      vertex -13.7296 19.5145 32.5202
      vertex -11.7395 21.4225 41.5293
      vertex -11.6679 19.7219 40.8482
    endloop
  endfacet
  facet normal 0.960735 0.137062 -0.241253
    outer loop
      vertex -11.7395 21.4225 41.5293
      vertex -13.7296 19.5145 32.5202
      vertex -15.951 35.3587 32.6755
    endloop
  endfacet
  facet normal 0.240237 0.0242039 0.970413
    outer loop
      vertex -11.4291 25.154 48.298
      vertex -14.5068 24.9022 49.0662
      vertex -11.6571 24.1815 48.3787
    endloop
  endfacet
  facet normal 0.240242 0.0241339 0.970413
    outer loop
      vertex -14.5068 24.9022 49.0662
      vertex -11.4291 25.154 48.298
      vertex -14.6565 25.9702 49.0767
    endloop
  endfacet
  facet normal 0.240193 0.0241789 0.970424
    outer loop
      vertex -12.1453 26.3653 48.4451
      vertex -11.3225 25.6086 48.2603
      vertex -11.2984 29.9767 48.1455
    endloop
  endfacet
  facet normal 0.24037 0.0243842 0.970375
    outer loop
      vertex -11.3225 25.6086 48.2603
      vertex -12.1453 26.3653 48.4451
      vertex -12.6628 26.4962 48.57
    endloop
  endfacet
  facet normal 0.240266 0.0241781 0.970406
    outer loop
      vertex -11.3225 25.6086 48.2603
      vertex -9.88585 19.9011 48.0468
      vertex -11.2984 29.9767 48.1455
    endloop
  endfacet
  facet normal 0.240183 0.0241565 0.970427
    outer loop
      vertex -11.4291 25.154 48.298
      vertex -9.88585 19.9011 48.0468
      vertex -11.3225 25.6086 48.2603
    endloop
  endfacet
  facet normal 0.240292 0.0241898 0.970399
    outer loop
      vertex -11.6571 24.1815 48.3787
      vertex -9.88585 19.9011 48.0468
      vertex -11.4291 25.154 48.298
    endloop
  endfacet
  facet normal 0.240219 0.0241579 0.970418
    outer loop
      vertex -9.88585 19.9011 48.0468
      vertex -11.6571 24.1815 48.3787
      vertex -12.7569 19.4915 48.7677
    endloop
  endfacet
  facet normal -0.948811 0.23957 0.205825
    outer loop
      vertex -28.5138 29.4672 51.9737
      vertex -23.9049 46.8888 52.9419
      vertex -24.1698 46.9325 51.6699
    endloop
  endfacet
  facet normal -0.948791 0.239559 0.20593
    outer loop
      vertex -23.9049 46.8888 52.9419
      vertex -28.5138 29.4672 51.9737
      vertex -28.2488 29.4234 53.2456
    endloop
  endfacet
  facet normal -0.203768 0.0337373 -0.978438
    outer loop
      vertex -16.0119 26.3106 49.2611
      vertex -27.3236 30.1979 51.7509
      vertex -16.1476 27.3761 49.3261
    endloop
  endfacet
  facet normal -0.203805 0.0336296 -0.978434
    outer loop
      vertex -27.3236 30.1979 51.7509
      vertex -16.0119 26.3106 49.2611
      vertex -28.5138 29.4672 51.9737
    endloop
  endfacet
  facet normal -0.203847 0.0336827 -0.978423
    outer loop
      vertex -11.3225 25.6086 48.2603
      vertex -8.28144 41.8896 48.1872
      vertex -7.09131 42.6203 47.9644
    endloop
  endfacet
  facet normal -0.203809 0.0336755 -0.978431
    outer loop
      vertex -11.3225 25.6086 48.2603
      vertex -12.1428 26.3649 48.4572
      vertex -8.28144 41.8896 48.1872
    endloop
  endfacet
  facet normal -0.203719 0.0337769 -0.978447
    outer loop
      vertex -12.1428 26.3649 48.4572
      vertex -11.3225 25.6086 48.2603
      vertex -12.6628 26.4962 48.57
    endloop
  endfacet
  facet normal -0.203801 0.0336031 -0.978436
    outer loop
      vertex -23.4623 45.7227 51.4809
      vertex -7.09131 42.6203 47.9644
      vertex -8.28144 41.8896 48.1872
    endloop
  endfacet
  facet normal -0.203786 0.0336796 -0.978436
    outer loop
      vertex -23.4623 45.7227 51.4809
      vertex -24.1698 46.9325 51.6699
      vertex -7.09131 42.6203 47.9644
    endloop
  endfacet
  facet normal -0.203799 0.033672 -0.978434
    outer loop
      vertex -27.3236 30.1979 51.7509
      vertex -24.1698 46.9325 51.6699
      vertex -23.4623 45.7227 51.4809
    endloop
  endfacet
  facet normal -0.203833 0.0336785 -0.978426
    outer loop
      vertex -24.1698 46.9325 51.6699
      vertex -27.3236 30.1979 51.7509
      vertex -28.5138 29.4672 51.9737
    endloop
  endfacet
  facet normal 0.203788 -0.0336727 0.978436
    outer loop
      vertex -23.9049 46.8888 52.9419
      vertex -11.1704 25.1112 49.5401
      vertex -6.82638 42.5766 49.2364
    endloop
  endfacet
  facet normal 0.203789 -0.0336717 0.978436
    outer loop
      vertex -11.1704 25.1112 49.5401
      vertex -23.9049 46.8888 52.9419
      vertex -28.2488 29.4234 53.2456
    endloop
  endfacet
  facet normal 0.948806 -0.23957 -0.205846
    outer loop
      vertex -6.82638 42.5766 49.2364
      vertex -11.3225 25.6086 48.2603
      vertex -7.09131 42.6203 47.9644
    endloop
  endfacet
  facet normal 0.948802 -0.239567 -0.205871
    outer loop
      vertex -11.1704 25.1112 49.5401
      vertex -11.3225 25.6086 48.2603
      vertex -6.82638 42.5766 49.2364
    endloop
  endfacet
  facet normal 0.948804 -0.23956 -0.205868
    outer loop
      vertex -11.3225 25.6086 48.2603
      vertex -11.1704 25.1112 49.5401
      vertex -11.4291 25.154 48.298
    endloop
  endfacet
  facet normal -0.241331 -0.970296 0.0168635
    outer loop
      vertex -28.2488 29.4234 53.2456
      vertex -16.0119 26.3106 49.2611
      vertex -15.7273 26.259 50.365
    endloop
  endfacet
  facet normal -0.24133 -0.970297 0.0168673
    outer loop
      vertex -16.0119 26.3106 49.2611
      vertex -28.2488 29.4234 53.2456
      vertex -28.5138 29.4672 51.9737
    endloop
  endfacet
  facet normal -0.241404 -0.970284 0.0165354
    outer loop
      vertex -15.7273 26.259 50.365
      vertex -11.1704 25.1112 49.5401
      vertex -28.2488 29.4234 53.2456
    endloop
  endfacet
  facet normal -0.241223 -0.970311 0.0175672
    outer loop
      vertex -14.4066 25.9249 50.0464
      vertex -11.1704 25.1112 49.5401
      vertex -15.7273 26.259 50.365
    endloop
  endfacet
  facet normal -0.241318 -0.9703 0.0168616
    outer loop
      vertex -11.4291 25.154 48.298
      vertex -14.4066 25.9249 50.0464
      vertex -14.6565 25.9702 49.0767
    endloop
  endfacet
  facet normal -0.241335 -0.970296 0.0168301
    outer loop
      vertex -14.4066 25.9249 50.0464
      vertex -11.4291 25.154 48.298
      vertex -11.1704 25.1112 49.5401
    endloop
  endfacet
  facet normal 0.241322 0.970298 -0.0169214
    outer loop
      vertex -6.82638 42.5766 49.2364
      vertex -24.1698 46.9325 51.6699
      vertex -23.9049 46.8888 52.9419
    endloop
  endfacet
  facet normal 0.241321 0.970298 -0.016927
    outer loop
      vertex -24.1698 46.9325 51.6699
      vertex -6.82638 42.5766 49.2364
      vertex -7.09131 42.6203 47.9644
    endloop
  endfacet
  facet normal -0.948802 0.239565 0.205875
    outer loop
      vertex -28.1388 30.3326 47.8372
      vertex -23.4623 45.7227 51.4809
      vertex -24.2775 45.8574 47.5672
    endloop
  endfacet
  facet normal -0.948802 0.239565 0.205875
    outer loop
      vertex -23.4623 45.7227 51.4809
      vertex -28.1388 30.3326 47.8372
      vertex -27.3236 30.1979 51.7509
    endloop
  endfacet
  facet normal -0.20379 0.0336696 -0.978435
    outer loop
      vertex -28.1388 30.3326 47.8372
      vertex -18.7748 33.6208 46
      vertex -19.6713 28.1946 46
    endloop
  endfacet
  facet normal -0.203678 0.0336517 -0.978459
    outer loop
      vertex -18.9369 34.8088 46.0746
      vertex -17.0544 44.0336 46
      vertex -18.5699 34.861 46
    endloop
  endfacet
  facet normal -0.203789 0.0336746 -0.978436
    outer loop
      vertex -18.9369 34.8088 46.0746
      vertex -24.2775 45.8574 47.5672
      vertex -17.0544 44.0336 46
    endloop
  endfacet
  facet normal -0.203779 0.0336355 -0.978439
    outer loop
      vertex -18.7748 33.6208 46
      vertex -28.1388 30.3326 47.8372
      vertex -18.9369 34.8088 46.0746
    endloop
  endfacet
  facet normal -0.203796 0.0336712 -0.978434
    outer loop
      vertex -18.9369 34.8088 46.0746
      vertex -28.1388 30.3326 47.8372
      vertex -24.2775 45.8574 47.5672
    endloop
  endfacet
  facet normal -0.203792 0.0336654 -0.978435
    outer loop
      vertex -10.5963 35.9947 44.3783
      vertex -10.0949 42.2763 44.49
      vertex -9.0966 42.0243 44.2734
    endloop
  endfacet
  facet normal -0.203752 0.0336624 -0.978444
    outer loop
      vertex -10.0949 42.2763 44.49
      vertex -10.5963 35.9947 44.3783
      vertex -11.1456 35.9166 44.49
    endloop
  endfacet
  facet normal 0.948707 -0.23954 -0.206338
    outer loop
      vertex -10.5963 35.9947 44.3783
      vertex -9.05148 42.0168 44.49
      vertex -10.5714 35.9971 44.49
    endloop
  endfacet
  facet normal 0.948787 -0.239568 -0.205937
    outer loop
      vertex -9.05148 42.0168 44.49
      vertex -10.5963 35.9947 44.3783
      vertex -9.0966 42.0243 44.2734
    endloop
  endfacet
  facet normal 0.9488 -0.239564 -0.205884
    outer loop
      vertex -8.28144 41.8896 48.1872
      vertex -11.2984 29.9767 48.1455
      vertex -9.59808 37.1122 47.6785
    endloop
  endfacet
  facet normal 0.948849 -0.239578 -0.205641
    outer loop
      vertex -12.1428 26.3649 48.4572
      vertex -11.2984 29.9767 48.1455
      vertex -8.28144 41.8896 48.1872
    endloop
  endfacet
  facet normal 0.949209 -0.239523 -0.204036
    outer loop
      vertex -11.2984 29.9767 48.1455
      vertex -12.1428 26.3649 48.4572
      vertex -12.1453 26.3653 48.4451
    endloop
  endfacet
  facet normal 0.948804 -0.239568 -0.20586
    outer loop
      vertex -9.59808 37.1122 47.6785
      vertex -8.73698 41.9649 46
      vertex -8.28144 41.8896 48.1872
    endloop
  endfacet
  facet normal 0.948805 -0.239566 -0.205855
    outer loop
      vertex -9.88343 37.0847 46.3953
      vertex -8.73698 41.9649 46
      vertex -9.59808 37.1122 47.6785
    endloop
  endfacet
  facet normal 0.948779 -0.239549 -0.205997
    outer loop
      vertex -10.2357 36.0294 46
      vertex -9.88343 37.0847 46.3953
      vertex -10.1437 36.0382 46.4135
    endloop
  endfacet
  facet normal 0.948785 -0.239569 -0.205948
    outer loop
      vertex -9.88343 37.0847 46.3953
      vertex -10.2357 36.0294 46
      vertex -8.73698 41.9649 46
    endloop
  endfacet
  facet normal 0.948784 -0.239565 -0.205956
    outer loop
      vertex -9.59808 37.1122 47.6785
      vertex -11.2984 29.9767 48.1455
      vertex -11.3802 29.9471 47.8031
    endloop
  endfacet
  facet normal -0.24132 -0.970298 0.0169044
    outer loop
      vertex -27.3236 30.1979 51.7509
      vertex -18.8365 28.0274 48.3245
      vertex -16.1476 27.3761 49.3261
    endloop
  endfacet
  facet normal -0.241333 -0.970296 0.0168729
    outer loop
      vertex -28.1388 30.3326 47.8372
      vertex -18.8365 28.0274 48.3245
      vertex -27.3236 30.1979 51.7509
    endloop
  endfacet
  facet normal -0.241333 -0.970296 0.0168772
    outer loop
      vertex -19.6713 28.1946 46
      vertex -18.8365 28.0274 48.3245
      vertex -28.1388 30.3326 47.8372
    endloop
  endfacet
  facet normal -0.241339 -0.970294 0.0168796
    outer loop
      vertex -18.8365 28.0274 48.3245
      vertex -19.6713 28.1946 46
      vertex -18.9272 28.0274 47.0277
    endloop
  endfacet
  facet normal -0.24132 -0.970299 0.0168654
    outer loop
      vertex -17.95 27.7665 46
      vertex -18.9272 28.0274 47.0277
      vertex -19.6713 28.1946 46
    endloop
  endfacet
  facet normal -0.241326 -0.970298 0.0168602
    outer loop
      vertex -18.9272 28.0274 47.0277
      vertex -17.95 27.7665 46
      vertex -17.8833 27.7665 46.9547
    endloop
  endfacet
  facet normal -0.241305 -0.970303 0.01686
    outer loop
      vertex -16.1476 27.3761 49.3261
      vertex -18.8365 28.0274 48.3245
      vertex -16.4488 27.4307 48.1575
    endloop
  endfacet
  facet normal -0.241157 -0.970324 0.0177489
    outer loop
      vertex -12.1453 26.3653 48.4451
      vertex -12.1428 26.3649 48.4572
      vertex -12.6628 26.4962 48.57
    endloop
  endfacet
  facet normal 0.241316 0.970303 -0.0166708
    outer loop
      vertex -9.05148 42.0168 44.49
      vertex -9.0966 42.0243 44.2734
      vertex -10.0949 42.2763 44.49
    endloop
  endfacet
  facet normal 0.241334 0.970295 -0.0168729
    outer loop
      vertex -17.0544 44.0336 46
      vertex -23.4623 45.7227 51.4809
      vertex -8.28144 41.8896 48.1872
    endloop
  endfacet
  facet normal 0.241331 0.970296 -0.0168584
    outer loop
      vertex -17.0544 44.0336 46
      vertex -8.28144 41.8896 48.1872
      vertex -8.73698 41.9649 46
    endloop
  endfacet
  facet normal 0.241334 0.970295 -0.0168733
    outer loop
      vertex -23.4623 45.7227 51.4809
      vertex -17.0544 44.0336 46
      vertex -24.2775 45.8574 47.5672
    endloop
  endfacet
  facet normal -0.948807 0.23957 0.205843
    outer loop
      vertex -33.0991 11.0316 52.2943
      vertex -28.4902 28.4531 53.2625
      vertex -28.7551 28.4969 51.9905
    endloop
  endfacet
  facet normal -0.948807 0.23957 0.205843
    outer loop
      vertex -28.4902 28.4531 53.2625
      vertex -33.0991 11.0316 52.2943
      vertex -32.8342 10.9878 53.5663
    endloop
  endfacet
  facet normal -0.203893 0.033695 -0.978413
    outer loop
      vertex -16.0206 6.71938 48.5888
      vertex -13.7122 18.3503 48.5083
      vertex -12.846 19.483 48.3668
    endloop
  endfacet
  facet normal -0.203791 0.0336747 -0.978435
    outer loop
      vertex -16.7281 7.92924 48.7778
      vertex -13.7122 18.3503 48.5083
      vertex -16.0206 6.71938 48.5888
    endloop
  endfacet
  facet normal -0.203593 0.0336162 -0.978478
    outer loop
      vertex -13.7122 18.3503 48.5083
      vertex -16.7281 7.92924 48.7778
      vertex -14.1517 18.2878 48.5976
    endloop
  endfacet
  facet normal -0.203788 0.0336769 -0.978436
    outer loop
      vertex -16.0206 6.71938 48.5888
      vertex -31.909 11.7623 52.0716
      vertex -16.7281 7.92924 48.7778
    endloop
  endfacet
  facet normal -0.203782 0.0336975 -0.978436
    outer loop
      vertex -31.909 11.7623 52.0716
      vertex -16.0206 6.71938 48.5888
      vertex -33.0991 11.0316 52.2943
    endloop
  endfacet
  facet normal -0.20382 0.0336373 -0.97843
    outer loop
      vertex -12.846 19.483 48.3668
      vertex -13.7122 18.3503 48.5083
      vertex -13.8385 19.3419 48.5687
    endloop
  endfacet
  facet normal -0.203791 0.0336425 -0.978436
    outer loop
      vertex -28.0476 27.2871 51.8015
      vertex -15.8762 25.2451 49.1962
      vertex -15.7405 24.1796 49.1313
    endloop
  endfacet
  facet normal -0.203785 0.0336806 -0.978436
    outer loop
      vertex -28.0476 27.2871 51.8015
      vertex -28.7551 28.4969 51.9905
      vertex -15.8762 25.2451 49.1962
    endloop
  endfacet
  facet normal -0.203804 0.0336684 -0.978433
    outer loop
      vertex -31.909 11.7623 52.0716
      vertex -28.7551 28.4969 51.9905
      vertex -28.0476 27.2871 51.8015
    endloop
  endfacet
  facet normal -0.20376 0.03366 -0.978442
    outer loop
      vertex -28.7551 28.4969 51.9905
      vertex -31.909 11.7623 52.0716
      vertex -33.0991 11.0316 52.2943
    endloop
  endfacet
  facet normal 0.203786 -0.0336648 0.978436
    outer loop
      vertex -11.4117 24.1409 49.557
      vertex -13.8964 22.2864 50.0107
      vertex -13.3992 18.3818 49.7728
    endloop
  endfacet
  facet normal 0.203785 -0.0336632 0.978437
    outer loop
      vertex -11.4117 24.1409 49.557
      vertex -15.3008 23.2164 50.3352
      vertex -13.8964 22.2864 50.0107
    endloop
  endfacet
  facet normal 0.203788 -0.0336738 0.978436
    outer loop
      vertex -28.4902 28.4531 53.2625
      vertex -15.3008 23.2164 50.3352
      vertex -11.4117 24.1409 49.557
    endloop
  endfacet
  facet normal 0.203787 -0.033667 0.978436
    outer loop
      vertex -32.8342 10.9878 53.5663
      vertex -14.6622 18.2022 50.0297
      vertex -28.4902 28.4531 53.2625
    endloop
  endfacet
  facet normal 0.203789 -0.03367 0.978436
    outer loop
      vertex -14.6622 18.2022 50.0297
      vertex -32.8342 10.9878 53.5663
      vertex -15.7557 6.67561 49.8608
    endloop
  endfacet
  facet normal 0.203806 -0.0336716 0.978432
    outer loop
      vertex -13.3992 18.3818 49.7728
      vertex -15.7557 6.67561 49.8608
      vertex -11.4117 24.1409 49.557
    endloop
  endfacet
  facet normal 0.203806 -0.0336716 0.978432
    outer loop
      vertex -14.6622 18.2022 50.0297
      vertex -15.7557 6.67561 49.8608
      vertex -13.3992 18.3818 49.7728
    endloop
  endfacet
  facet normal 0.203794 -0.0336583 0.978435
    outer loop
      vertex -28.4902 28.4531 53.2625
      vertex -14.6622 18.2022 50.0297
      vertex -15.3008 23.2164 50.3352
    endloop
  endfacet
  facet normal 0.948804 -0.239568 -0.205858
    outer loop
      vertex -11.4117 24.1409 49.557
      vertex -12.7569 19.4915 48.7677
      vertex -11.6571 24.1815 48.3787
    endloop
  endfacet
  facet normal 0.948817 -0.239572 -0.205795
    outer loop
      vertex -12.7569 19.4915 48.7677
      vertex -16.0206 6.71938 48.5888
      vertex -12.846 19.483 48.3668
    endloop
  endfacet
  facet normal 0.948805 -0.239569 -0.205852
    outer loop
      vertex -15.7557 6.67561 49.8608
      vertex -12.7569 19.4915 48.7677
      vertex -11.4117 24.1409 49.557
    endloop
  endfacet
  facet normal 0.948809 -0.239569 -0.205838
    outer loop
      vertex -12.7569 19.4915 48.7677
      vertex -15.7557 6.67561 49.8608
      vertex -16.0206 6.71938 48.5888
    endloop
  endfacet
  facet normal -0.241337 -0.970295 0.0168484
    outer loop
      vertex -33.0991 11.0316 52.2943
      vertex -15.7557 6.67561 49.8608
      vertex -32.8342 10.9878 53.5663
    endloop
  endfacet
  facet normal -0.241333 -0.970296 0.0168706
    outer loop
      vertex -15.7557 6.67561 49.8608
      vertex -33.0991 11.0316 52.2943
      vertex -16.0206 6.71938 48.5888
    endloop
  endfacet
  facet normal 0.241346 0.970294 -0.0168128
    outer loop
      vertex -15.8762 25.2451 49.1962
      vertex -28.4902 28.4531 53.2625
      vertex -15.5776 25.1909 50.3546
    endloop
  endfacet
  facet normal 0.241309 0.9703 -0.0169844
    outer loop
      vertex -11.4117 24.1409 49.557
      vertex -15.5776 25.1909 50.3546
      vertex -28.4902 28.4531 53.2625
    endloop
  endfacet
  facet normal 0.241458 0.970276 -0.0161733
    outer loop
      vertex -11.4117 24.1409 49.557
      vertex -14.2568 24.8569 50.0359
      vertex -15.5776 25.1909 50.3546
    endloop
  endfacet
  facet normal 0.241351 0.970292 -0.0168325
    outer loop
      vertex -11.6571 24.1815 48.3787
      vertex -14.2568 24.8569 50.0359
      vertex -11.4117 24.1409 49.557
    endloop
  endfacet
  facet normal 0.241318 0.970299 -0.0168867
    outer loop
      vertex -14.2568 24.8569 50.0359
      vertex -11.6571 24.1815 48.3787
      vertex -14.5068 24.9022 49.0662
    endloop
  endfacet
  facet normal 0.241335 0.970296 -0.016848
    outer loop
      vertex -28.4902 28.4531 53.2625
      vertex -15.8762 25.2451 49.1962
      vertex -28.7551 28.4969 51.9905
    endloop
  endfacet
  facet normal -0.948802 0.239566 0.205869
    outer loop
      vertex -32.7241 11.897 48.1578
      vertex -28.0476 27.2871 51.8015
      vertex -28.8628 27.4217 47.8878
    endloop
  endfacet
  facet normal -0.948806 0.239573 0.205846
    outer loop
      vertex -28.0476 27.2871 51.8015
      vertex -32.7241 11.897 48.1578
      vertex -31.909 11.7623 52.0716
    endloop
  endfacet
  facet normal -0.203787 0.0336696 -0.978436
    outer loop
      vertex -32.7241 11.897 48.1578
      vertex -20.1619 25.2248 46
      vertex -22.7788 9.38587 46
    endloop
  endfacet
  facet normal -0.203786 0.0336691 -0.978436
    outer loop
      vertex -20.1619 25.2248 46
      vertex -32.7241 11.897 48.1578
      vertex -28.8628 27.4217 47.8878
    endloop
  endfacet
  facet normal 0.948805 -0.239565 -0.205857
    outer loop
      vertex -14.1517 18.2878 48.5976
      vertex -17.3066 8.02483 46
      vertex -14.7293 18.2323 46
    endloop
  endfacet
  facet normal 0.948807 -0.23957 -0.205841
    outer loop
      vertex -17.3066 8.02483 46
      vertex -14.1517 18.2878 48.5976
      vertex -16.7281 7.92924 48.7778
    endloop
  endfacet
  facet normal 0.949082 -0.238247 -0.206113
    outer loop
      vertex -14.465 19.2792 46
      vertex -14.3819 19.2872 46.3734
      vertex -14.4711 19.2549 46
    endloop
  endfacet
  facet normal -0.241334 -0.970295 0.0168667
    outer loop
      vertex -22.7788 9.38587 46
      vertex -31.909 11.7623 52.0716
      vertex -32.7241 11.897 48.1578
    endloop
  endfacet
  facet normal -0.241332 -0.970296 0.0168709
    outer loop
      vertex -31.909 11.7623 52.0716
      vertex -22.7788 9.38587 46
      vertex -16.7281 7.92924 48.7778
    endloop
  endfacet
  facet normal -0.241331 -0.970296 0.0168693
    outer loop
      vertex -16.7281 7.92924 48.7778
      vertex -22.7788 9.38587 46
      vertex -17.3066 8.02483 46
    endloop
  endfacet
  facet normal 0.241338 0.970293 -0.0169359
    outer loop
      vertex -15.7405 24.1796 49.1313
      vertex -15.9996 24.2265 48.1261
      vertex -18.3873 24.8233 48.2931
    endloop
  endfacet
  facet normal 0.241329 0.970296 -0.0169044
    outer loop
      vertex -18.3873 24.8233 48.2931
      vertex -28.0476 27.2871 51.8015
      vertex -15.7405 24.1796 49.1313
    endloop
  endfacet
  facet normal 0.241338 0.970294 -0.0168787
    outer loop
      vertex -20.1619 25.2248 46
      vertex -28.0476 27.2871 51.8015
      vertex -18.3873 24.8233 48.2931
    endloop
  endfacet
  facet normal 0.241339 0.970294 -0.0168796
    outer loop
      vertex -20.1619 25.2248 46
      vertex -18.3873 24.8233 48.2931
      vertex -18.478 24.8233 46.9963
    endloop
  endfacet
  facet normal 0.241302 0.970303 -0.0168831
    outer loop
      vertex -17.4986 24.5624 46
      vertex -18.478 24.8233 46.9963
      vertex -17.434 24.5624 46.9233
    endloop
  endfacet
  facet normal 0.241327 0.970298 -0.0168577
    outer loop
      vertex -20.1619 25.2248 46
      vertex -18.478 24.8233 46.9963
      vertex -17.4986 24.5624 46
    endloop
  endfacet
  facet normal 0.241326 0.970297 -0.0168962
    outer loop
      vertex -28.0476 27.2871 51.8015
      vertex -20.1619 25.2248 46
      vertex -28.8628 27.4217 47.8878
    endloop
  endfacet
  facet normal -0.984961 0.137058 -0.105201
    outer loop
      vertex -38.5664 46.1145 55.8761
      vertex -41.1991 28.3211 57.3436
      vertex -38.7001 46.1459 57.1688
    endloop
  endfacet
  facet normal -0.984961 0.137058 -0.105201
    outer loop
      vertex -41.1991 28.3211 57.3436
      vertex -38.5664 46.1145 55.8761
      vertex -41.0654 28.2897 56.0509
    endloop
  endfacet
  facet normal 0.102757 -0.024158 -0.994413
    outer loop
      vertex -23.3361 25.8226 57.9444
      vertex -21.9609 42.7943 57.6742
      vertex -20.8371 43.6475 57.7696
    endloop
  endfacet
  facet normal 0.10283 -0.0241638 -0.994405
    outer loop
      vertex -23.3361 25.8226 57.9444
      vertex -24.1823 26.95 57.8295
      vertex -21.9609 42.7943 57.6742
    endloop
  endfacet
  facet normal 0.102849 -0.0241498 -0.994404
    outer loop
      vertex -23.3361 25.8226 57.9444
      vertex -39.9416 29.1429 56.1463
      vertex -24.1823 26.95 57.8295
    endloop
  endfacet
  facet normal 0.102828 -0.0242524 -0.994403
    outer loop
      vertex -39.9416 29.1429 56.1463
      vertex -23.3361 25.8226 57.9444
      vertex -41.0654 28.2897 56.0509
    endloop
  endfacet
  facet normal 0.102833 -0.0242586 -0.994403
    outer loop
      vertex -37.7203 44.9872 55.991
      vertex -20.8371 43.6475 57.7696
      vertex -21.9609 42.7943 57.6742
    endloop
  endfacet
  facet normal 0.10284 -0.0241675 -0.994404
    outer loop
      vertex -37.7203 44.9872 55.991
      vertex -38.5664 46.1145 55.8761
      vertex -20.8371 43.6475 57.7696
    endloop
  endfacet
  facet normal 0.102843 -0.024165 -0.994404
    outer loop
      vertex -39.9416 29.1429 56.1463
      vertex -38.5664 46.1145 55.8761
      vertex -37.7203 44.9872 55.991
    endloop
  endfacet
  facet normal 0.102757 -0.0241581 -0.994413
    outer loop
      vertex -38.5664 46.1145 55.8761
      vertex -39.9416 29.1429 56.1463
      vertex -41.0654 28.2897 56.0509
    endloop
  endfacet
  facet normal -0.102846 0.0241649 0.994404
    outer loop
      vertex -38.7001 46.1459 57.1688
      vertex -23.4698 25.8541 59.2371
      vertex -20.9708 43.6789 59.0624
    endloop
  endfacet
  facet normal -0.10284 0.0241696 0.994404
    outer loop
      vertex -23.4698 25.8541 59.2371
      vertex -38.7001 46.1459 57.1688
      vertex -41.1991 28.3211 57.3436
    endloop
  endfacet
  facet normal 0.984962 -0.137059 0.105193
    outer loop
      vertex -23.4698 25.8541 59.2371
      vertex -20.8371 43.6475 57.7696
      vertex -20.9708 43.6789 59.0624
    endloop
  endfacet
  facet normal 0.98496 -0.137057 0.105211
    outer loop
      vertex -20.8371 43.6475 57.7696
      vertex -23.4698 25.8541 59.2371
      vertex -23.3361 25.8226 57.9444
    endloop
  endfacet
  facet normal -0.138837 -0.990267 0.00977091
    outer loop
      vertex -41.1991 28.3211 57.3436
      vertex -23.3361 25.8226 57.9444
      vertex -23.4698 25.8541 59.2371
    endloop
  endfacet
  facet normal -0.138835 -0.990268 0.00969458
    outer loop
      vertex -23.3361 25.8226 57.9444
      vertex -41.1991 28.3211 57.3436
      vertex -41.0654 28.2897 56.0509
    endloop
  endfacet
  facet normal 0.13883 0.990269 -0.00969441
    outer loop
      vertex -20.8371 43.6475 57.7696
      vertex -38.7001 46.1459 57.1688
      vertex -20.9708 43.6789 59.0624
    endloop
  endfacet
  facet normal 0.13883 0.990269 -0.00969516
    outer loop
      vertex -38.7001 46.1459 57.1688
      vertex -20.8371 43.6475 57.7696
      vertex -38.5664 46.1145 55.8761
    endloop
  endfacet
  facet normal -0.984961 0.137056 -0.105206
    outer loop
      vertex -37.3089 44.8905 52.0134
      vertex -39.9416 29.1429 56.1463
      vertex -37.7203 44.9872 55.991
    endloop
  endfacet
  facet normal -0.984962 0.137063 -0.105181
    outer loop
      vertex -39.9416 29.1429 56.1463
      vertex -37.3089 44.8905 52.0134
      vertex -39.5303 29.0462 52.1687
    endloop
  endfacet
  facet normal 0.102839 -0.0241712 -0.994404
    outer loop
      vertex -23.7709 26.8533 53.8519
      vertex -37.3089 44.8905 52.0134
      vertex -21.5495 42.6976 53.6965
    endloop
  endfacet
  facet normal 0.102846 -0.0241659 -0.994404
    outer loop
      vertex -37.3089 44.8905 52.0134
      vertex -23.7709 26.8533 53.8519
      vertex -39.5303 29.0462 52.1687
    endloop
  endfacet
  facet normal 0.98496 -0.137062 0.105203
    outer loop
      vertex -24.1823 26.95 57.8295
      vertex -21.5495 42.6976 53.6965
      vertex -21.9609 42.7943 57.6742
    endloop
  endfacet
  facet normal 0.98496 -0.137061 0.105206
    outer loop
      vertex -21.5495 42.6976 53.6965
      vertex -24.1823 26.95 57.8295
      vertex -23.7709 26.8533 53.8519
    endloop
  endfacet
  facet normal -0.138833 -0.990268 0.00971516
    outer loop
      vertex -39.9416 29.1429 56.1463
      vertex -23.7709 26.8533 53.8519
      vertex -24.1823 26.95 57.8295
    endloop
  endfacet
  facet normal -0.138833 -0.990268 0.0097187
    outer loop
      vertex -23.7709 26.8533 53.8519
      vertex -39.9416 29.1429 56.1463
      vertex -39.5303 29.0462 52.1687
    endloop
  endfacet
  facet normal 0.138832 0.990268 -0.00971501
    outer loop
      vertex -21.5495 42.6976 53.6965
      vertex -37.7203 44.9872 55.991
      vertex -21.9609 42.7943 57.6742
    endloop
  endfacet
  facet normal 0.138832 0.990268 -0.00971526
    outer loop
      vertex -37.7203 44.9872 55.991
      vertex -21.5495 42.6976 53.6965
      vertex -37.3089 44.8905 52.0134
    endloop
  endfacet
endsolid OpenSCAD_Model
